姓名,姓氏,字辈,性别,排序,出生日期,逝世日期,是否离世,籍贯,职业,父亲,母亲,配偶,是否入赘,是否招夫养子,生平简介,突出事迹
孔子,孔,言,男,1,-551-01-01,-479-01-01,是,鲁国陬邑,儒家圣人,,,,,,名丘，字仲尼。春秋时期伟大的思想家、教育家，儒家学派创始人。,万世师表，至圣先师
孔鲤,孔,公,男,2,-530-01-01,-480-01-01,是,鲁国陬邑,士,,,,,,孔子之子，字伯鱼。,孔子之子
孔伷,孔,彦,男,3,-490-01-01,-450-01-01,是,鲁国陬邑,儒学大师,,,,,,孔子之孙，字子思。战国时期著名思想家，著《中庸》。,亚圣，传承孔学
孔穿,孔,承,男,4,-400-01-01,-320-01-01,是,鲁国陬邑,士,,,,,,孔子第四代孙，博学多才。,学识渊博
孔谦,孔,宏,男,5,-370-01-01,-300-01-01,是,鲁国陬邑,士,,,,,,孔穿之子。,传承家学
孔鲋,孔,闻,男,6,-260-01-01,-210-01-01,是,鲁国曲阜,儒,,,,,,孔子第六代孙，秦朝儒者。,传承儒学
孔腾,孔,贞,男,7,-200-01-01,-150-01-01,是,鲁国曲阜,官员,,,,,,孔子第七代孙，汉朝官员。,汉朝官员
孔忠,孔,尚,男,8,-150-01-01,-90-01-01,是,鲁国曲阜,士,,,,,,孔子第八代孙。,传承家学
孔武,孔,衍,男,9,-125-01-01,-55-01-01,是,鲁国曲阜,官员,,,,,,孔子第九代孙。,西汉官员
孔安,孔,兴,男,10,-85-01-01,5-01-01,是,鲁国曲阜,儒,,,,,,孔子第十代孙。,传承儒学
孔衍,孔,毓,男,11,1-01-01,62-01-01,是,鲁国曲阜,学者,,,,,,孔子第十一代孙。,东汉学者
孔融,孔,继,男,13,153-01-01,208-01-01,是,鲁国曲阜,名士/官员,,,,,,字文举。孔子第十三代孙，东汉名士，建安七子之一。,建安七子之一，让梨之孔融
孔广丌,孔,广,男,14,187-01-01,264-01-01,是,兖州,县丞,,,,,,孔广丌，孔子第14代孙。,
孔广不,孔,广,男,14,182-01-01,248-01-01,是,东平,主簿,,,,,,孔广不，孔子第14代孙。,
高姑,孔,广,女,14,182-01-01,253-01-01,是,寿张,训导,,,,,,高姑，孔子第14代孙。,
林氏,孔,广,女,14,181-01-01,262-01-01,是,范县,教谕,,,,,,林氏，孔子第14代孙。,
孔广丐,孔,广,男,14,184-01-01,259-01-01,是,濮州,商人,,,,,,孔广丐，孔子第14代孙。,
郭姑,孔,广,女,14,181-01-01,264-01-01,是,开州,官员,,,,,,郭姑，孔子第14代孙。,
孔广丒,孔,广,男,14,183-01-01,257-01-01,是,长垣,学者,,,,,,孔广丒，孔子第14代孙。,
张娘,孔,广,女,14,187-01-01,255-01-01,是,东明,大夫,,,,,,张娘，孔子第14代孙。,
孔昭且,孔,昭,男,15,212-01-01,292-01-01,是,荷泽,士,,,,,,孔昭且，孔子第15代孙。,
李娘,孔,昭,女,15,216-01-01,279-01-01,是,曹州,农,,,,,,李娘，孔子第15代孙。,
孔昭世,孔,昭,男,15,212-01-01,296-01-01,是,定陶,商,,,,,,孔昭世，孔子第15代孙。,
孔昭丗,孔,昭,男,15,214-01-01,283-01-01,是,单县,儒,,,,,,孔昭丗，孔子第15代孙。,
孔昭丘,孔,昭,男,15,210-01-01,281-01-01,是,成武,工部侍郎,,,,,,孔昭丘，孔子第15代孙。,
赵姑,孔,昭,女,15,211-01-01,277-01-01,是,巨野,礼部尚书,,,,,,赵姑，孔子第15代孙。,
孔昭业,孔,昭,男,15,216-01-01,290-01-01,是,郓城,知州,,,,,,孔昭业，孔子第15代孙。,
周娘,孔,昭,女,15,211-01-01,292-01-01,是,鄄城,知县,,,,,,周娘，孔子第15代孙。,
孔宪东,孔,宪,男,16,238-01-01,314-01-01,是,曲阜,举人,,,,,,孔宪东，孔子第16代孙。,
徐娘,孔,宪,女,16,244-01-01,311-01-01,是,滋阳,进士,,,,,,徐娘，孔子第16代孙。,
孔宪丞,孔,宪,男,16,240-01-01,306-01-01,是,济宁,太学生,,,,,,孔宪丞，孔子第16代孙。,
胡氏,孔,宪,女,16,241-01-01,306-01-01,是,邹县,县丞,,,,,,胡氏，孔子第16代孙。,
朱娘,孔,宪,女,16,239-01-01,317-01-01,是,滕县,主簿,,,,,,朱娘，孔子第16代孙。,
高姑,孔,宪,女,16,243-01-01,320-01-01,是,峄县,训导,,,,,,高姑，孔子第16代孙。,
孔宪丢,孔,宪,男,16,240-01-01,316-01-01,是,金乡,教谕,,,,,,孔宪丢，孔子第16代孙。,
孔宪丣,孔,宪,男,16,242-01-01,321-01-01,是,鱼台,商人,,,,,,孔宪丣，孔子第16代孙。,
孔庆两,孔,庆,男,17,268-01-01,349-01-01,是,嘉祥,官员,,,,,,孔庆两，孔子第17代孙。,
孔庆严,孔,庆,男,17,272-01-01,339-01-01,是,汶上,学者,,,,,,孔庆严，孔子第17代孙。,
孔庆並,孔,庆,男,17,266-01-01,333-01-01,是,泗水,大夫,,,,,,孔庆並，孔子第17代孙。,
孔庆丧,孔,庆,男,17,265-01-01,339-01-01,是,宁阳,士,,,,,,孔庆丧，孔子第17代孙。,
李娘,孔,庆,女,17,270-01-01,339-01-01,是,兖州,农,,,,,,李娘，孔子第17代孙。,
孔庆丩,孔,庆,男,17,270-01-01,330-01-01,是,东平,商,,,,,,孔庆丩，孔子第17代孙。,
陈氏,孔,庆,女,17,265-01-01,329-01-01,是,寿张,儒,,,,,,陈氏，孔子第17代孙。,
孔庆丫,孔,庆,男,17,267-01-01,345-01-01,是,范县,工部侍郎,,,,,,孔庆丫，孔子第17代孙。,
孔繁丬,孔,繁,男,18,300-01-01,364-01-01,是,濮州,礼部尚书,,,,,,孔繁丬，孔子第18代孙。,
黄娘,孔,繁,女,18,295-01-01,355-01-01,是,开州,知州,,,,,,黄娘，孔子第18代孙。,
孔繁丮,孔,繁,男,18,295-01-01,378-01-01,是,长垣,知县,,,,,,孔繁丮，孔子第18代孙。,
孔繁丯,孔,繁,男,18,295-01-01,362-01-01,是,东明,举人,,,,,,孔繁丯，孔子第18代孙。,
徐娘,孔,繁,女,18,296-01-01,380-01-01,是,荷泽,进士,,,,,,徐娘，孔子第18代孙。,
孔繁丱,孔,繁,男,18,294-01-01,356-01-01,是,曹州,太学生,,,,,,孔繁丱，孔子第18代孙。,
胡氏,孔,繁,女,18,299-01-01,359-01-01,是,定陶,县丞,,,,,,胡氏，孔子第18代孙。,
孔繁丳,孔,繁,男,18,299-01-01,379-01-01,是,单县,主簿,,,,,,孔繁丳，孔子第18代孙。,
孔祥临,孔,祥,男,19,327-01-01,403-01-01,是,成武,训导,,,,,,孔祥临，孔子第19代孙。,
孔祥丵,孔,祥,男,19,323-01-01,388-01-01,是,巨野,教谕,,,,,,孔祥丵，孔子第19代孙。,
孔祥丶,孔,祥,男,19,323-01-01,390-01-01,是,郓城,商人,,,,,,孔祥丶，孔子第19代孙。,
孔祥丷,孔,祥,男,19,326-01-01,399-01-01,是,鄄城,官员,,,,,,孔祥丷，孔子第19代孙。,
孔祥丸,孔,祥,男,19,323-01-01,402-01-01,是,曲阜,学者,,,,,,孔祥丸，孔子第19代孙。,
孔祥丹,孔,祥,男,19,328-01-01,408-01-01,是,滋阳,大夫,,,,,,孔祥丹，孔子第19代孙。,
孔祥为,孔,祥,男,19,328-01-01,402-01-01,是,济宁,士,,,,,,孔祥为，孔子第19代孙。,
李娘,孔,祥,女,19,323-01-01,398-01-01,是,邹县,农,,,,,,李娘，孔子第19代孙。,
孔令丼,孔,令,男,20,353-01-01,437-01-01,是,滕县,商,,,,,,孔令丼，孔子第20代孙。,
陈娘,孔,令,女,20,355-01-01,436-01-01,是,峄县,儒,,,,,,陈娘，孔子第20代孙。,
孔令举,孔,令,男,20,353-01-01,426-01-01,是,金乡,工部侍郎,,,,,,孔令举，孔子第20代孙。,
孔令丿,孔,令,男,20,356-01-01,432-01-01,是,鱼台,礼部尚书,,,,,,孔令丿，孔子第20代孙。,
黄娘,孔,令,女,20,349-01-01,421-01-01,是,嘉祥,知州,,,,,,黄娘，孔子第20代孙。,
周姑,孔,令,女,20,350-01-01,428-01-01,是,汶上,知县,,,,,,周姑，孔子第20代孙。,
吴氏,孔,令,女,20,350-01-01,411-01-01,是,泗水,举人,,,,,,吴氏，孔子第20代孙。,
徐娘,孔,令,女,20,355-01-01,417-01-01,是,宁阳,进士,,,,,,徐娘，孔子第20代孙。,
孔令乄,孔,令,男,20,350-01-01,424-01-01,是,兖州,太学生,,,,,,孔令乄，孔子第20代孙。,
胡氏,孔,令,女,20,349-01-01,423-01-01,是,东平,县丞,,,,,,胡氏，孔子第20代孙。,
孔令乆,孔,令,男,20,356-01-01,426-01-01,是,寿张,主簿,,,,,,孔令乆，孔子第20代孙。,
孔令乇,孔,令,男,20,351-01-01,429-01-01,是,范县,训导,,,,,,孔令乇，孔子第20代孙。,
林氏,孔,令,女,20,349-01-01,432-01-01,是,濮州,教谕,,,,,,林氏，孔子第20代孙。,
孔令义,孔,令,男,20,356-01-01,425-01-01,是,开州,商人,,,,,,孔令义，孔子第20代孙。,
孔令乊,孔,令,男,20,349-01-01,418-01-01,是,长垣,官员,,,,,,孔令乊，孔子第20代孙。,
孔令之,孔,令,男,20,351-01-01,435-01-01,是,东明,学者,,,,,,孔令之，孔子第20代孙。,
孔令乌,孔,令,男,20,354-01-01,428-01-01,是,荷泽,大夫,,,,,,孔令乌，孔子第20代孙。,
孔令乍,孔,令,男,20,355-01-01,431-01-01,是,曹州,士,,,,,,孔令乍，孔子第20代孙。,
李氏,孔,令,女,20,356-01-01,434-01-01,是,定陶,农,,,,,,李氏，孔子第20代孙。,
孔令乏,孔,令,男,20,350-01-01,423-01-01,是,单县,商,,,,,,孔令乏，孔子第20代孙。,
孔令乐,孔,令,男,20,353-01-01,421-01-01,是,成武,儒,,,,,,孔令乐，孔子第20代孙。,
孔令乑,孔,令,男,20,354-01-01,428-01-01,是,巨野,工部侍郎,,,,,,孔令乑，孔子第20代孙。,
孔令乒,孔,令,男,20,350-01-01,411-01-01,是,郓城,礼部尚书,,,,,,孔令乒，孔子第20代孙。,
孔令乓,孔,令,男,20,349-01-01,413-01-01,是,鄄城,知州,,,,,,孔令乓，孔子第20代孙。,
孔令乔,孔,令,男,20,354-01-01,425-01-01,是,曲阜,知县,,,,,,孔令乔，孔子第20代孙。,
吴娘,孔,令,女,20,356-01-01,422-01-01,是,滋阳,举人,,,,,,吴娘，孔子第20代孙。,
孔令乖,孔,令,男,20,349-01-01,421-01-01,是,济宁,进士,,,,,,孔令乖，孔子第20代孙。,
孔令乗,孔,令,男,20,354-01-01,421-01-01,是,邹县,太学生,,,,,,孔令乗，孔子第20代孙。,
孔令乘,孔,令,男,20,350-01-01,418-01-01,是,滕县,县丞,,,,,,孔令乘，孔子第20代孙。,
孔令乙,孔,令,男,20,351-01-01,433-01-01,是,峄县,主簿,,,,,,孔令乙，孔子第20代孙。,
孔德乚,孔,德,男,21,377-01-01,445-01-01,是,金乡,训导,,,,,,孔德乚，孔子第21代孙。,
孔德乛,孔,德,男,21,379-01-01,443-01-01,是,鱼台,教谕,,,,,,孔德乛，孔子第21代孙。,
何姑,孔,德,女,21,384-01-01,452-01-01,是,嘉祥,商人,,,,,,何姑，孔子第21代孙。,
郭氏,孔,德,女,21,381-01-01,457-01-01,是,汶上,官员,,,,,,郭氏，孔子第21代孙。,
孔德乞,孔,德,男,21,380-01-01,446-01-01,是,泗水,学者,,,,,,孔德乞，孔子第21代孙。,
张姑,孔,德,女,21,380-01-01,459-01-01,是,宁阳,大夫,,,,,,张姑，孔子第21代孙。,
王氏,孔,德,女,21,382-01-01,465-01-01,是,兖州,士,,,,,,王氏，孔子第21代孙。,
孔德乡,孔,德,男,21,384-01-01,445-01-01,是,东平,农,,,,,,孔德乡，孔子第21代孙。,
刘姑,孔,德,女,21,378-01-01,458-01-01,是,寿张,商,,,,,,刘姑，孔子第21代孙。,
孔德乣,孔,德,男,21,382-01-01,459-01-01,是,范县,儒,,,,,,孔德乣，孔子第21代孙。,
杨娘,孔,德,女,21,384-01-01,444-01-01,是,濮州,工部侍郎,,,,,,杨娘，孔子第21代孙。,
孔德乥,孔,德,男,21,379-01-01,451-01-01,是,开州,礼部尚书,,,,,,孔德乥，孔子第21代孙。,
孔德书,孔,德,男,21,381-01-01,462-01-01,是,长垣,知州,,,,,,孔德书，孔子第21代孙。,
孔德乧,孔,德,男,21,378-01-01,439-01-01,是,东明,知县,,,,,,孔德乧，孔子第21代孙。,
吴姑,孔,德,女,21,384-01-01,450-01-01,是,荷泽,举人,,,,,,吴姑，孔子第21代孙。,
孔德乩,孔,德,男,21,380-01-01,452-01-01,是,曹州,进士,,,,,,孔德乩，孔子第21代孙。,
孔德乪,孔,德,男,21,381-01-01,458-01-01,是,定陶,太学生,,,,,,孔德乪，孔子第21代孙。,
孔德乫,孔,德,男,21,383-01-01,455-01-01,是,单县,县丞,,,,,,孔德乫，孔子第21代孙。,
孔德乬,孔,德,男,21,378-01-01,457-01-01,是,成武,主簿,,,,,,孔德乬，孔子第21代孙。,
孔德乭,孔,德,男,21,384-01-01,453-01-01,是,巨野,训导,,,,,,孔德乭，孔子第21代孙。,
孔德乮,孔,德,男,21,379-01-01,453-01-01,是,郓城,教谕,,,,,,孔德乮，孔子第21代孙。,
何氏,孔,德,女,21,382-01-01,449-01-01,是,鄄城,商人,,,,,,何氏，孔子第21代孙。,
孔德买,孔,德,男,21,383-01-01,447-01-01,是,曲阜,官员,,,,,,孔德买，孔子第21代孙。,
马姑,孔,德,女,21,378-01-01,447-01-01,是,滋阳,学者,,,,,,马姑，孔子第21代孙。,
孔德乲,孔,德,男,21,377-01-01,461-01-01,是,济宁,大夫,,,,,,孔德乲，孔子第21代孙。,
孔德乳,孔,德,男,21,379-01-01,457-01-01,是,邹县,士,,,,,,孔德乳，孔子第21代孙。,
孔德乴,孔,德,男,21,383-01-01,452-01-01,是,滕县,农,,,,,,孔德乴，孔子第21代孙。,
孔德乵,孔,德,男,21,379-01-01,460-01-01,是,峄县,商,,,,,,孔德乵，孔子第21代孙。,
陈娘,孔,德,女,21,381-01-01,447-01-01,是,金乡,儒,,,,,,陈娘，孔子第21代孙。,
孔德乷,孔,德,男,21,381-01-01,461-01-01,是,鱼台,工部侍郎,,,,,,孔德乷，孔子第21代孙。,
孔维乸,孔,维,男,22,410-01-01,472-01-01,是,嘉祥,礼部尚书,,,,,,孔维乸，孔子第22代孙。,
黄娘,孔,维,女,22,408-01-01,477-01-01,是,汶上,知州,,,,,,黄娘，孔子第22代孙。,
周姑,孔,维,女,22,412-01-01,489-01-01,是,泗水,知县,,,,,,周姑，孔子第22代孙。,
孔维乻,孔,维,男,22,407-01-01,481-01-01,是,宁阳,举人,,,,,,孔维乻，孔子第22代孙。,
徐娘,孔,维,女,22,411-01-01,486-01-01,是,兖州,进士,,,,,,徐娘，孔子第22代孙。,
孔维乽,孔,维,男,22,412-01-01,493-01-01,是,东平,太学生,,,,,,孔维乽，孔子第22代孙。,
孔维乾,孔,维,男,22,405-01-01,465-01-01,是,寿张,县丞,,,,,,孔维乾，孔子第22代孙。,
孔维乿,孔,维,男,22,412-01-01,488-01-01,是,范县,主簿,,,,,,孔维乿，孔子第22代孙。,
孔维亀,孔,维,男,22,408-01-01,486-01-01,是,濮州,训导,,,,,,孔维亀，孔子第22代孙。,
林氏,孔,维,女,22,408-01-01,485-01-01,是,开州,教谕,,,,,,林氏，孔子第22代孙。,
孔维亂,孔,维,男,22,405-01-01,470-01-01,是,长垣,商人,,,,,,孔维亂，孔子第22代孙。,
孔维亃,孔,维,男,22,406-01-01,484-01-01,是,东明,官员,,,,,,孔维亃，孔子第22代孙。,
马氏,孔,维,女,22,412-01-01,494-01-01,是,荷泽,学者,,,,,,马氏，孔子第22代孙。,
张娘,孔,维,女,22,406-01-01,467-01-01,是,曹州,大夫,,,,,,张娘，孔子第22代孙。,
孔维了,孔,维,男,22,405-01-01,484-01-01,是,定陶,士,,,,,,孔维了，孔子第22代孙。,
李氏,孔,维,女,22,411-01-01,491-01-01,是,单县,农,,,,,,李氏，孔子第22代孙。,
孔维予,孔,维,男,22,410-01-01,479-01-01,是,成武,商,,,,,,孔维予，孔子第22代孙。,
陈姑,孔,维,女,22,408-01-01,468-01-01,是,巨野,儒,,,,,,陈姑，孔子第22代孙。,
杨氏,孔,维,女,22,408-01-01,468-01-01,是,郓城,工部侍郎,,,,,,杨氏，孔子第22代孙。,
孔维事,孔,维,男,22,409-01-01,477-01-01,是,鄄城,礼部尚书,,,,,,孔维事，孔子第22代孙。,
孔维二,孔,维,男,22,408-01-01,489-01-01,是,曲阜,知州,,,,,,孔维二，孔子第22代孙。,
孔维亍,孔,维,男,22,410-01-01,487-01-01,是,滋阳,知县,,,,,,孔维亍，孔子第22代孙。,
吴娘,孔,维,女,22,408-01-01,470-01-01,是,济宁,举人,,,,,,吴娘，孔子第22代孙。,
孔维亏,孔,维,男,22,410-01-01,471-01-01,是,邹县,进士,,,,,,孔维亏，孔子第22代孙。,
孔维亐,孔,维,男,22,407-01-01,472-01-01,是,滕县,太学生,,,,,,孔维亐，孔子第22代孙。,
孔维云,孔,维,男,22,411-01-01,489-01-01,是,峄县,县丞,,,,,,孔维云，孔子第22代孙。,
朱姑,孔,维,女,22,409-01-01,487-01-01,是,金乡,主簿,,,,,,朱姑，孔子第22代孙。,
高氏,孔,维,女,22,407-01-01,469-01-01,是,鱼台,训导,,,,,,高氏，孔子第22代孙。,
林娘,孔,维,女,22,407-01-01,471-01-01,是,嘉祥,教谕,,,,,,林娘，孔子第22代孙。,
孔维井,孔,维,男,22,406-01-01,472-01-01,是,汶上,商人,,,,,,孔维井，孔子第22代孙。,
孔垂亖,孔,垂,男,23,438-01-01,502-01-01,是,泗水,官员,,,,,,孔垂亖，孔子第23代孙。,
孔垂亗,孔,垂,男,23,437-01-01,502-01-01,是,宁阳,学者,,,,,,孔垂亗，孔子第23代孙。,
孔垂亘,孔,垂,男,23,436-01-01,517-01-01,是,兖州,大夫,,,,,,孔垂亘，孔子第23代孙。,
孔垂亙,孔,垂,男,23,438-01-01,498-01-01,是,东平,士,,,,,,孔垂亙，孔子第23代孙。,
孔垂亚,孔,垂,男,23,436-01-01,514-01-01,是,寿张,农,,,,,,孔垂亚，孔子第23代孙。,
孔垂些,孔,垂,男,23,437-01-01,519-01-01,是,范县,商,,,,,,孔垂些，孔子第23代孙。,
孔垂亜,孔,垂,男,23,434-01-01,508-01-01,是,濮州,儒,,,,,,孔垂亜，孔子第23代孙。,
杨娘,孔,垂,女,23,433-01-01,494-01-01,是,开州,工部侍郎,,,,,,杨娘，孔子第23代孙。,
赵姑,孔,垂,女,23,433-01-01,505-01-01,是,长垣,礼部尚书,,,,,,赵姑，孔子第23代孙。,
孔垂亟,孔,垂,男,23,438-01-01,501-01-01,是,东明,知州,,,,,,孔垂亟，孔子第23代孙。,
周娘,孔,垂,女,23,437-01-01,507-01-01,是,荷泽,知县,,,,,,周娘，孔子第23代孙。,
吴姑,孔,垂,女,23,434-01-01,505-01-01,是,曹州,举人,,,,,,吴姑，孔子第23代孙。,
徐氏,孔,垂,女,23,436-01-01,513-01-01,是,定陶,进士,,,,,,徐氏，孔子第23代孙。,
孙娘,孔,垂,女,23,438-01-01,509-01-01,是,单县,太学生,,,,,,孙娘，孔子第23代孙。,
孔垂交,孔,垂,男,23,436-01-01,516-01-01,是,成武,县丞,,,,,,孔垂交，孔子第23代孙。,
孔垂亥,孔,垂,男,23,435-01-01,514-01-01,是,巨野,主簿,,,,,,孔垂亥，孔子第23代孙。,
孔垂亦,孔,垂,男,23,435-01-01,512-01-01,是,郓城,训导,,,,,,孔垂亦，孔子第23代孙。,
林姑,孔,垂,女,23,436-01-01,505-01-01,是,鄄城,教谕,,,,,,林姑，孔子第23代孙。,
孔垂亨,孔,垂,男,23,439-01-01,508-01-01,是,曲阜,商人,,,,,,孔垂亨，孔子第23代孙。,
孔垂亩,孔,垂,男,23,439-01-01,511-01-01,是,滋阳,官员,,,,,,孔垂亩，孔子第23代孙。,
孔垂亪,孔,垂,男,23,440-01-01,510-01-01,是,济宁,学者,,,,,,孔垂亪，孔子第23代孙。,
孔垂享,孔,垂,男,23,433-01-01,500-01-01,是,邹县,大夫,,,,,,孔垂享，孔子第23代孙。,
孔垂京,孔,垂,男,23,435-01-01,495-01-01,是,滕县,士,,,,,,孔垂京，孔子第23代孙。,
孔垂亭,孔,垂,男,23,433-01-01,504-01-01,是,峄县,农,,,,,,孔垂亭，孔子第23代孙。,
孔垂亮,孔,垂,男,23,435-01-01,512-01-01,是,金乡,商,,,,,,孔垂亮，孔子第23代孙。,
陈娘,孔,垂,女,23,435-01-01,499-01-01,是,鱼台,儒,,,,,,陈娘，孔子第23代孙。,
孔垂亰,孔,垂,男,23,434-01-01,499-01-01,是,嘉祥,工部侍郎,,,,,,孔垂亰，孔子第23代孙。,
孔垂亱,孔,垂,男,23,434-01-01,509-01-01,是,汶上,礼部尚书,,,,,,孔垂亱，孔子第23代孙。,
孔垂亲,孔,垂,男,23,439-01-01,515-01-01,是,泗水,知州,,,,,,孔垂亲，孔子第23代孙。,
孔垂亳,孔,垂,男,23,437-01-01,515-01-01,是,宁阳,知县,,,,,,孔垂亳，孔子第23代孙。,
孔佑亴,孔,佑,男,24,468-01-01,540-01-01,是,兖州,举人,,,,,,孔佑亴，孔子第24代孙。,
孔佑亵,孔,佑,男,24,465-01-01,536-01-01,是,东平,进士,,,,,,孔佑亵，孔子第24代孙。,
孙姑,孔,佑,女,24,461-01-01,539-01-01,是,寿张,太学生,,,,,,孙姑，孔子第24代孙。,
孔佑亷,孔,佑,男,24,463-01-01,542-01-01,是,范县,县丞,,,,,,孔佑亷，孔子第24代孙。,
孔佑亸,孔,佑,男,24,462-01-01,545-01-01,是,濮州,主簿,,,,,,孔佑亸，孔子第24代孙。,
高姑,孔,佑,女,24,463-01-01,538-01-01,是,开州,训导,,,,,,高姑，孔子第24代孙。,
孔佑人,孔,佑,男,24,465-01-01,531-01-01,是,长垣,教谕,,,,,,孔佑人，孔子第24代孙。,
孔佑亻,孔,佑,男,24,464-01-01,543-01-01,是,东明,商人,,,,,,孔佑亻，孔子第24代孙。,
郭姑,孔,佑,女,24,462-01-01,530-01-01,是,荷泽,官员,,,,,,郭姑，孔子第24代孙。,
马氏,孔,佑,女,24,462-01-01,527-01-01,是,曹州,学者,,,,,,马氏，孔子第24代孙。,
孔佑亾,孔,佑,男,24,461-01-01,532-01-01,是,定陶,大夫,,,,,,孔佑亾，孔子第24代孙。,
孔佑亿,孔,佑,男,24,461-01-01,540-01-01,是,单县,士,,,,,,孔佑亿，孔子第24代孙。,
孔佑什,孔,佑,男,24,462-01-01,527-01-01,是,成武,农,,,,,,孔佑什，孔子第24代孙。,
刘娘,孔,佑,女,24,462-01-01,540-01-01,是,巨野,商,,,,,,刘娘，孔子第24代孙。,
孔佑仂,孔,佑,男,24,463-01-01,533-01-01,是,郓城,儒,,,,,,孔佑仂，孔子第24代孙。,
杨氏,孔,佑,女,24,462-01-01,537-01-01,是,鄄城,工部侍郎,,,,,,杨氏，孔子第24代孙。,
孔佑仄,孔,佑,男,24,463-01-01,526-01-01,是,曲阜,礼部尚书,,,,,,孔佑仄，孔子第24代孙。,
孔佑仅,孔,佑,男,24,461-01-01,545-01-01,是,滋阳,知州,,,,,,孔佑仅，孔子第24代孙。,
孔佑仆,孔,佑,男,24,463-01-01,545-01-01,是,济宁,知县,,,,,,孔佑仆，孔子第24代孙。,
吴娘,孔,佑,女,24,467-01-01,539-01-01,是,邹县,举人,,,,,,吴娘，孔子第24代孙。,
徐姑,孔,佑,女,24,461-01-01,540-01-01,是,滕县,进士,,,,,,徐姑，孔子第24代孙。,
孙氏,孔,佑,女,24,463-01-01,538-01-01,是,峄县,太学生,,,,,,孙氏，孔子第24代孙。,
孔佑今,孔,佑,男,24,462-01-01,544-01-01,是,金乡,县丞,,,,,,孔佑今，孔子第24代孙。,
孔佑介,孔,佑,男,24,468-01-01,545-01-01,是,鱼台,主簿,,,,,,孔佑介，孔子第24代孙。,
孔佑仌,孔,佑,男,24,467-01-01,527-01-01,是,嘉祥,训导,,,,,,孔佑仌，孔子第24代孙。,
孔佑仍,孔,佑,男,24,464-01-01,541-01-01,是,汶上,教谕,,,,,,孔佑仍，孔子第24代孙。,
孔佑从,孔,佑,男,24,462-01-01,544-01-01,是,泗水,商人,,,,,,孔佑从，孔子第24代孙。,
郭氏,孔,佑,女,24,466-01-01,548-01-01,是,宁阳,官员,,,,,,郭氏，孔子第24代孙。,
孔佑仐,孔,佑,男,24,465-01-01,546-01-01,是,兖州,学者,,,,,,孔佑仐，孔子第24代孙。,
孔佑仑,孔,佑,男,24,465-01-01,532-01-01,是,东平,大夫,,,,,,孔佑仑，孔子第24代孙。,
孔钦仒,孔,钦,男,25,490-01-01,572-01-01,是,寿张,士,,,,,,孔钦仒，孔子第25代孙。,
孔钦仓,孔,钦,男,25,495-01-01,562-01-01,是,范县,农,,,,,,孔钦仓，孔子第25代孙。,
孔钦仔,孔,钦,男,25,496-01-01,575-01-01,是,濮州,商,,,,,,孔钦仔，孔子第25代孙。,
孔钦仕,孔,钦,男,25,494-01-01,562-01-01,是,开州,儒,,,,,,孔钦仕，孔子第25代孙。,
孔钦他,孔,钦,男,25,491-01-01,574-01-01,是,长垣,工部侍郎,,,,,,孔钦他，孔子第25代孙。,
赵姑,孔,钦,女,25,491-01-01,565-01-01,是,东明,礼部尚书,,,,,,赵姑，孔子第25代孙。,
孔钦付,孔,钦,男,25,489-01-01,570-01-01,是,荷泽,知州,,,,,,孔钦付，孔子第25代孙。,
孔钦仙,孔,钦,男,25,495-01-01,565-01-01,是,曹州,知县,,,,,,孔钦仙，孔子第25代孙。,
吴姑,孔,钦,女,25,492-01-01,570-01-01,是,定陶,举人,,,,,,吴姑，孔子第25代孙。,
孔钦仛,孔,钦,男,25,495-01-01,564-01-01,是,单县,进士,,,,,,孔钦仛，孔子第25代孙。,
孔钦仜,孔,钦,男,25,492-01-01,574-01-01,是,成武,太学生,,,,,,孔钦仜，孔子第25代孙。,
胡姑,孔,钦,女,25,496-01-01,563-01-01,是,巨野,县丞,,,,,,胡姑，孔子第25代孙。,
孔钦仞,孔,钦,男,25,493-01-01,555-01-01,是,郓城,主簿,,,,,,孔钦仞，孔子第25代孙。,
高娘,孔,钦,女,25,494-01-01,554-01-01,是,鄄城,训导,,,,,,高娘，孔子第25代孙。,
孔钦仠,孔,钦,男,25,490-01-01,556-01-01,是,曲阜,教谕,,,,,,孔钦仠，孔子第25代孙。,
孔钦仡,孔,钦,男,25,491-01-01,566-01-01,是,滋阳,商人,,,,,,孔钦仡，孔子第25代孙。,
孔钦仢,孔,钦,男,25,495-01-01,563-01-01,是,济宁,官员,,,,,,孔钦仢，孔子第25代孙。,
孔钦代,孔,钦,男,25,489-01-01,550-01-01,是,邹县,学者,,,,,,孔钦代，孔子第25代孙。,
孔钦令,孔,钦,男,25,496-01-01,576-01-01,是,滕县,大夫,,,,,,孔钦令，孔子第25代孙。,
孔钦以,孔,钦,男,25,496-01-01,570-01-01,是,峄县,士,,,,,,孔钦以，孔子第25代孙。,
孔钦仦,孔,钦,男,25,492-01-01,575-01-01,是,金乡,农,,,,,,孔钦仦，孔子第25代孙。,
孔钦仧,孔,钦,男,25,493-01-01,559-01-01,是,鱼台,商,,,,,,孔钦仧，孔子第25代孙。,
陈娘,孔,钦,女,25,491-01-01,565-01-01,是,嘉祥,儒,,,,,,陈娘，孔子第25代孙。,
孔钦仩,孔,钦,男,25,496-01-01,568-01-01,是,汶上,工部侍郎,,,,,,孔钦仩，孔子第25代孙。,
孔钦仪,孔,钦,男,25,496-01-01,566-01-01,是,泗水,礼部尚书,,,,,,孔钦仪，孔子第25代孙。,
黄娘,孔,钦,女,25,491-01-01,571-01-01,是,宁阳,知州,,,,,,黄娘，孔子第25代孙。,
周姑,孔,钦,女,25,493-01-01,567-01-01,是,兖州,知县,,,,,,周姑，孔子第25代孙。,
孔钦仭,孔,钦,男,25,493-01-01,566-01-01,是,东平,举人,,,,,,孔钦仭，孔子第25代孙。,
徐娘,孔,钦,女,25,490-01-01,561-01-01,是,寿张,进士,,,,,,徐娘，孔子第25代孙。,
孔钦仯,孔,钦,男,25,492-01-01,556-01-01,是,范县,太学生,,,,,,孔钦仯，孔子第25代孙。,
孔绍仰,孔,绍,男,26,519-01-01,582-01-01,是,濮州,县丞,,,,,,孔绍仰，孔子第26代孙。,
孔绍仱,孔,绍,男,26,519-01-01,590-01-01,是,开州,主簿,,,,,,孔绍仱，孔子第26代孙。,
高姑,孔,绍,女,26,517-01-01,593-01-01,是,长垣,训导,,,,,,高姑，孔子第26代孙。,
林氏,孔,绍,女,26,523-01-01,606-01-01,是,东明,教谕,,,,,,林氏，孔子第26代孙。,
孔绍仴,孔,绍,男,26,522-01-01,584-01-01,是,荷泽,商人,,,,,,孔绍仴，孔子第26代孙。,
郭姑,孔,绍,女,26,523-01-01,583-01-01,是,曹州,官员,,,,,,郭姑，孔子第26代孙。,
孔绍件,孔,绍,男,26,521-01-01,599-01-01,是,定陶,学者,,,,,,孔绍件，孔子第26代孙。,
孔绍价,孔,绍,男,26,517-01-01,589-01-01,是,单县,大夫,,,,,,孔绍价，孔子第26代孙。,
王姑,孔,绍,女,26,523-01-01,594-01-01,是,成武,士,,,,,,王姑，孔子第26代孙。,
孔绍仹,孔,绍,男,26,521-01-01,586-01-01,是,巨野,农,,,,,,孔绍仹，孔子第26代孙。,
刘娘,孔,绍,女,26,517-01-01,601-01-01,是,郓城,商,,,,,,刘娘，孔子第26代孙。,
孔绍任,孔,绍,男,26,517-01-01,581-01-01,是,鄄城,儒,,,,,,孔绍任，孔子第26代孙。,
孔绍仼,孔,绍,男,26,522-01-01,585-01-01,是,曲阜,工部侍郎,,,,,,孔绍仼，孔子第26代孙。,
赵娘,孔,绍,女,26,524-01-01,593-01-01,是,滋阳,礼部尚书,,,,,,赵娘，孔子第26代孙。,
黄姑,孔,绍,女,26,521-01-01,585-01-01,是,济宁,知州,,,,,,黄姑，孔子第26代孙。,
孔绍仿,孔,绍,男,26,524-01-01,605-01-01,是,邹县,知县,,,,,,孔绍仿，孔子第26代孙。,
孔绍伀,孔,绍,男,26,517-01-01,598-01-01,是,滕县,举人,,,,,,孔绍伀，孔子第26代孙。,
徐姑,孔,绍,女,26,520-01-01,596-01-01,是,峄县,进士,,,,,,徐姑，孔子第26代孙。,
孙氏,孔,绍,女,26,524-01-01,590-01-01,是,金乡,太学生,,,,,,孙氏，孔子第26代孙。,
胡娘,孔,绍,女,26,522-01-01,602-01-01,是,鱼台,县丞,,,,,,胡娘，孔子第26代孙。,
朱姑,孔,绍,女,26,518-01-01,601-01-01,是,嘉祥,主簿,,,,,,朱姑，孔子第26代孙。,
孔绍伅,孔,绍,男,26,521-01-01,604-01-01,是,汶上,训导,,,,,,孔绍伅，孔子第26代孙。,
孔绍伆,孔,绍,男,26,521-01-01,588-01-01,是,泗水,教谕,,,,,,孔绍伆，孔子第26代孙。,
何姑,孔,绍,女,26,521-01-01,598-01-01,是,宁阳,商人,,,,,,何姑，孔子第26代孙。,
郭氏,孔,绍,女,26,517-01-01,586-01-01,是,兖州,官员,,,,,,郭氏，孔子第26代孙。,
马娘,孔,绍,女,26,519-01-01,583-01-01,是,东平,学者,,,,,,马娘，孔子第26代孙。,
孔绍伊,孔,绍,男,26,524-01-01,601-01-01,是,寿张,大夫,,,,,,孔绍伊，孔子第26代孙。,
王氏,孔,绍,女,26,521-01-01,591-01-01,是,范县,士,,,,,,王氏，孔子第26代孙。,
孔绍伌,孔,绍,男,26,523-01-01,605-01-01,是,濮州,农,,,,,,孔绍伌，孔子第26代孙。,
孔绍伍,孔,绍,男,26,520-01-01,588-01-01,是,开州,商,,,,,,孔绍伍，孔子第26代孙。,
孔念伎,孔,念,男,27,547-01-01,615-01-01,是,长垣,儒,,,,,,孔念伎，孔子第27代孙。,
孔念伏,孔,念,男,27,550-01-01,622-01-01,是,东明,工部侍郎,,,,,,孔念伏，孔子第27代孙。,
孔念伐,孔,念,男,27,549-01-01,633-01-01,是,荷泽,礼部尚书,,,,,,孔念伐，孔子第27代孙。,
孔念休,孔,念,男,27,546-01-01,621-01-01,是,曹州,知州,,,,,,孔念休，孔子第27代孙。,
孔念伒,孔,念,男,27,552-01-01,625-01-01,是,定陶,知县,,,,,,孔念伒，孔子第27代孙。,
吴姑,孔,念,女,27,549-01-01,619-01-01,是,单县,举人,,,,,,吴姑，孔子第27代孙。,
徐氏,孔,念,女,27,552-01-01,614-01-01,是,成武,进士,,,,,,徐氏，孔子第27代孙。,
孙娘,孔,念,女,27,551-01-01,611-01-01,是,巨野,太学生,,,,,,孙娘，孔子第27代孙。,
孔念伖,孔,念,男,27,546-01-01,608-01-01,是,郓城,县丞,,,,,,孔念伖，孔子第27代孙。,
朱氏,孔,念,女,27,550-01-01,612-01-01,是,鄄城,主簿,,,,,,朱氏，孔子第27代孙。,
孔念优,孔,念,男,27,552-01-01,636-01-01,是,曲阜,训导,,,,,,孔念优，孔子第27代孙。,
孔念伙,孔,念,男,27,545-01-01,613-01-01,是,滋阳,教谕,,,,,,孔念伙，孔子第27代孙。,
孔念会,孔,念,男,27,552-01-01,613-01-01,是,济宁,商人,,,,,,孔念会，孔子第27代孙。,
孔念伛,孔,念,男,27,552-01-01,622-01-01,是,邹县,官员,,,,,,孔念伛，孔子第27代孙。,
马姑,孔,念,女,27,552-01-01,614-01-01,是,滕县,学者,,,,,,马姑，孔子第27代孙。,
孔念伝,孔,念,男,27,547-01-01,630-01-01,是,峄县,大夫,,,,,,孔念伝，孔子第27代孙。,
孔念伞,孔,念,男,27,547-01-01,622-01-01,是,金乡,士,,,,,,孔念伞，孔子第27代孙。,
孔念伟,孔,念,男,27,552-01-01,619-01-01,是,鱼台,农,,,,,,孔念伟，孔子第27代孙。,
孔念传,孔,念,男,27,551-01-01,624-01-01,是,嘉祥,商,,,,,,孔念传，孔子第27代孙。,
孔念伡,孔,念,男,27,547-01-01,615-01-01,是,汶上,儒,,,,,,孔念伡，孔子第27代孙。,
孔念伢,孔,念,男,27,551-01-01,624-01-01,是,泗水,工部侍郎,,,,,,孔念伢，孔子第27代孙。,
赵氏,孔,念,女,27,551-01-01,626-01-01,是,宁阳,礼部尚书,,,,,,赵氏，孔子第27代孙。,
黄娘,孔,念,女,27,545-01-01,625-01-01,是,兖州,知州,,,,,,黄娘，孔子第27代孙。,
孔念伥,孔,念,男,27,552-01-01,621-01-01,是,东平,知县,,,,,,孔念伥，孔子第27代孙。,
孔念伦,孔,念,男,27,546-01-01,606-01-01,是,寿张,举人,,,,,,孔念伦，孔子第27代孙。,
孔念伧,孔,念,男,27,545-01-01,612-01-01,是,范县,进士,,,,,,孔念伧，孔子第27代孙。,
孔念伨,孔,念,男,27,550-01-01,615-01-01,是,濮州,太学生,,,,,,孔念伨，孔子第27代孙。,
胡氏,孔,念,女,27,548-01-01,628-01-01,是,开州,县丞,,,,,,胡氏，孔子第27代孙。,
朱娘,孔,念,女,27,548-01-01,618-01-01,是,长垣,主簿,,,,,,朱娘，孔子第27代孙。,
孔念伫,孔,念,男,27,545-01-01,625-01-01,是,东明,训导,,,,,,孔念伫，孔子第27代孙。,
孔显伬,孔,显,男,28,579-01-01,657-01-01,是,荷泽,教谕,,,,,,孔显伬，孔子第28代孙。,
何娘,孔,显,女,28,573-01-01,646-01-01,是,曹州,商人,,,,,,何娘，孔子第28代孙。,
孔显伮,孔,显,男,28,576-01-01,638-01-01,是,定陶,官员,,,,,,孔显伮，孔子第28代孙。,
孔显伯,孔,显,男,28,579-01-01,648-01-01,是,单县,学者,,,,,,孔显伯，孔子第28代孙。,
孔显估,孔,显,男,28,576-01-01,659-01-01,是,成武,大夫,,,,,,孔显估，孔子第28代孙。,
孔显伱,孔,显,男,28,573-01-01,643-01-01,是,巨野,士,,,,,,孔显伱，孔子第28代孙。,
孔显伲,孔,显,男,28,579-01-01,654-01-01,是,郓城,农,,,,,,孔显伲，孔子第28代孙。,
刘娘,孔,显,女,28,574-01-01,643-01-01,是,鄄城,商,,,,,,刘娘，孔子第28代孙。,
孔显伴,孔,显,男,28,579-01-01,662-01-01,是,曲阜,儒,,,,,,孔显伴，孔子第28代孙。,
孔显伵,孔,显,男,28,578-01-01,638-01-01,是,滋阳,工部侍郎,,,,,,孔显伵，孔子第28代孙。,
孔显伶,孔,显,男,28,578-01-01,652-01-01,是,济宁,礼部尚书,,,,,,孔显伶，孔子第28代孙。,
孔显伷,孔,显,男,28,578-01-01,649-01-01,是,邹县,知州,,,,,,孔显伷，孔子第28代孙。,
孔显伸,孔,显,男,28,578-01-01,655-01-01,是,滕县,知县,,,,,,孔显伸，孔子第28代孙。,
吴娘,孔,显,女,28,579-01-01,661-01-01,是,峄县,举人,,,,,,吴娘，孔子第28代孙。,
徐姑,孔,显,女,28,579-01-01,650-01-01,是,金乡,进士,,,,,,徐姑，孔子第28代孙。,
孔显伻,孔,显,男,28,580-01-01,650-01-01,是,鱼台,太学生,,,,,,孔显伻，孔子第28代孙。,
孔显似,孔,显,男,28,573-01-01,653-01-01,是,嘉祥,县丞,,,,,,孔显似，孔子第28代孙。,
孔显伽,孔,显,男,28,580-01-01,655-01-01,是,汶上,主簿,,,,,,孔显伽，孔子第28代孙。,
孔显伾,孔,显,男,28,574-01-01,641-01-01,是,泗水,训导,,,,,,孔显伾，孔子第28代孙。,
孔显伿,孔,显,男,28,575-01-01,646-01-01,是,宁阳,教谕,,,,,,孔显伿，孔子第28代孙。,
何姑,孔,显,女,28,577-01-01,643-01-01,是,兖州,商人,,,,,,何姑，孔子第28代孙。,
孔显佁,孔,显,男,28,576-01-01,660-01-01,是,东平,官员,,,,,,孔显佁，孔子第28代孙。,
马娘,孔,显,女,28,575-01-01,656-01-01,是,寿张,学者,,,,,,马娘，孔子第28代孙。,
张姑,孔,显,女,28,578-01-01,644-01-01,是,范县,大夫,,,,,,张姑，孔子第28代孙。,
王氏,孔,显,女,28,573-01-01,653-01-01,是,濮州,士,,,,,,王氏，孔子第28代孙。,
孔显佅,孔,显,男,28,580-01-01,648-01-01,是,开州,农,,,,,,孔显佅，孔子第28代孙。,
刘姑,孔,显,女,28,575-01-01,648-01-01,是,长垣,商,,,,,,刘姑，孔子第28代孙。,
孔显佇,孔,显,男,28,575-01-01,648-01-01,是,东明,儒,,,,,,孔显佇，孔子第28代孙。,
杨娘,孔,显,女,28,574-01-01,639-01-01,是,荷泽,工部侍郎,,,,,,杨娘，孔子第28代孙。,
孔显佉,孔,显,男,28,578-01-01,639-01-01,是,曹州,礼部尚书,,,,,,孔显佉，孔子第28代孙。,
孔扬佊,孔,扬,男,29,608-01-01,684-01-01,是,定陶,知州,,,,,,孔扬佊，孔子第29代孙。,
周娘,孔,扬,女,29,602-01-01,674-01-01,是,单县,知县,,,,,,周娘，孔子第29代孙。,
孔扬佌,孔,扬,男,29,604-01-01,679-01-01,是,成武,举人,,,,,,孔扬佌，孔子第29代孙。,
孔扬位,孔,扬,男,29,602-01-01,668-01-01,是,巨野,进士,,,,,,孔扬位，孔子第29代孙。,
孔扬低,孔,扬,男,29,603-01-01,675-01-01,是,郓城,太学生,,,,,,孔扬低，孔子第29代孙。,
胡姑,孔,扬,女,29,601-01-01,668-01-01,是,鄄城,县丞,,,,,,胡姑，孔子第29代孙。,
孔扬佐,孔,扬,男,29,605-01-01,672-01-01,是,曲阜,主簿,,,,,,孔扬佐，孔子第29代孙。,
孔扬佑,孔,扬,男,29,603-01-01,669-01-01,是,滋阳,训导,,,,,,孔扬佑，孔子第29代孙。,
孔扬佒,孔,扬,男,29,605-01-01,681-01-01,是,济宁,教谕,,,,,,孔扬佒，孔子第29代孙。,
何氏,孔,扬,女,29,605-01-01,671-01-01,是,邹县,商人,,,,,,何氏，孔子第29代孙。,
孔扬佔,孔,扬,男,29,603-01-01,673-01-01,是,滕县,官员,,,,,,孔扬佔，孔子第29代孙。,
孔扬何,孔,扬,男,29,603-01-01,679-01-01,是,峄县,学者,,,,,,孔扬何，孔子第29代孙。,
张氏,孔,扬,女,29,603-01-01,687-01-01,是,金乡,大夫,,,,,,张氏，孔子第29代孙。,
孔扬佗,孔,扬,男,29,601-01-01,672-01-01,是,鱼台,士,,,,,,孔扬佗，孔子第29代孙。,
李姑,孔,扬,女,29,608-01-01,677-01-01,是,嘉祥,农,,,,,,李姑，孔子第29代孙。,
孔扬余,孔,扬,男,29,605-01-01,669-01-01,是,汶上,商,,,,,,孔扬余，孔子第29代孙。,
孔扬佚,孔,扬,男,29,604-01-01,676-01-01,是,泗水,儒,,,,,,孔扬佚，孔子第29代孙。,
孔扬佛,孔,扬,男,29,602-01-01,674-01-01,是,宁阳,工部侍郎,,,,,,孔扬佛，孔子第29代孙。,
赵氏,孔,扬,女,29,604-01-01,675-01-01,是,兖州,礼部尚书,,,,,,赵氏，孔子第29代孙。,
黄娘,孔,扬,女,29,605-01-01,674-01-01,是,东平,知州,,,,,,黄娘，孔子第29代孙。,
周姑,孔,扬,女,29,602-01-01,668-01-01,是,寿张,知县,,,,,,周姑，孔子第29代孙。,
孔扬佟,孔,扬,男,29,605-01-01,669-01-01,是,范县,举人,,,,,,孔扬佟，孔子第29代孙。,
孔扬你,孔,扬,男,29,603-01-01,680-01-01,是,濮州,进士,,,,,,孔扬你，孔子第29代孙。,
孔扬佡,孔,扬,男,29,608-01-01,677-01-01,是,开州,太学生,,,,,,孔扬佡，孔子第29代孙。,
胡氏,孔,扬,女,29,601-01-01,668-01-01,是,长垣,县丞,,,,,,胡氏，孔子第29代孙。,
孔扬佣,孔,扬,男,29,603-01-01,665-01-01,是,东明,主簿,,,,,,孔扬佣，孔子第29代孙。,
孔扬佤,孔,扬,男,29,608-01-01,673-01-01,是,荷泽,训导,,,,,,孔扬佤，孔子第29代孙。,
孔扬佥,孔,扬,男,29,607-01-01,674-01-01,是,曹州,教谕,,,,,,孔扬佥，孔子第29代孙。,
孔扬佦,孔,扬,男,29,608-01-01,686-01-01,是,定陶,商人,,,,,,孔扬佦，孔子第29代孙。,
孔扬佧,孔,扬,男,29,604-01-01,676-01-01,是,单县,官员,,,,,,孔扬佧，孔子第29代孙。,
孔建佨,孔,建,男,30,633-01-01,713-01-01,是,成武,学者,,,,,,孔建佨，孔子第30代孙。,
张娘,孔,建,女,30,636-01-01,697-01-01,是,巨野,大夫,,,,,,张娘，孔子第30代孙。,
孔建佪,孔,建,男,30,629-01-01,711-01-01,是,郓城,士,,,,,,孔建佪，孔子第30代孙。,
孔建佫,孔,建,男,30,636-01-01,701-01-01,是,鄄城,农,,,,,,孔建佫，孔子第30代孙。,
刘娘,孔,建,女,30,633-01-01,701-01-01,是,曲阜,商,,,,,,刘娘，孔子第30代孙。,
陈姑,孔,建,女,30,633-01-01,701-01-01,是,滋阳,儒,,,,,,陈姑，孔子第30代孙。,
杨氏,孔,建,女,30,636-01-01,705-01-01,是,济宁,工部侍郎,,,,,,杨氏，孔子第30代孙。,
赵娘,孔,建,女,30,630-01-01,690-01-01,是,邹县,礼部尚书,,,,,,赵娘，孔子第30代孙。,
孔建佰,孔,建,男,30,632-01-01,715-01-01,是,滕县,知州,,,,,,孔建佰，孔子第30代孙。,
孔建佱,孔,建,男,30,633-01-01,704-01-01,是,峄县,知县,,,,,,孔建佱，孔子第30代孙。,
孔建佲,孔,建,男,30,629-01-01,701-01-01,是,金乡,举人,,,,,,孔建佲，孔子第30代孙。,
孔建佳,孔,建,男,30,631-01-01,712-01-01,是,鱼台,进士,,,,,,孔建佳，孔子第30代孙。,
孔建佴,孔,建,男,30,635-01-01,703-01-01,是,嘉祥,太学生,,,,,,孔建佴，孔子第30代孙。,
孔建併,孔,建,男,30,629-01-01,702-01-01,是,汶上,县丞,,,,,,孔建併，孔子第30代孙。,
朱姑,孔,建,女,30,633-01-01,696-01-01,是,泗水,主簿,,,,,,朱姑，孔子第30代孙。,
孔建佷,孔,建,男,30,635-01-01,698-01-01,是,宁阳,训导,,,,,,孔建佷，孔子第30代孙。,
孔建佸,孔,建,男,30,633-01-01,695-01-01,是,兖州,教谕,,,,,,孔建佸，孔子第30代孙。,
孔建佹,孔,建,男,30,631-01-01,693-01-01,是,东平,商人,,,,,,孔建佹，孔子第30代孙。,
郭氏,孔,建,女,30,636-01-01,705-01-01,是,寿张,官员,,,,,,郭氏，孔子第30代孙。,
孔建佻,孔,建,男,30,631-01-01,703-01-01,是,范县,学者,,,,,,孔建佻，孔子第30代孙。,
孔建佼,孔,建,男,30,632-01-01,716-01-01,是,濮州,大夫,,,,,,孔建佼，孔子第30代孙。,
孔建佽,孔,建,男,30,636-01-01,713-01-01,是,开州,士,,,,,,孔建佽，孔子第30代孙。,
孔建佾,孔,建,男,30,633-01-01,696-01-01,是,长垣,农,,,,,,孔建佾，孔子第30代孙。,
孔建使,孔,建,男,30,634-01-01,712-01-01,是,东明,商,,,,,,孔建使，孔子第30代孙。,
陈氏,孔,建,女,30,632-01-01,708-01-01,是,荷泽,儒,,,,,,陈氏，孔子第30代孙。,
孔建侁,孔,建,男,30,633-01-01,702-01-01,是,曹州,工部侍郎,,,,,,孔建侁，孔子第30代孙。,
孔建侂,孔,建,男,30,632-01-01,716-01-01,是,定陶,礼部尚书,,,,,,孔建侂，孔子第30代孙。,
孔建侃,孔,建,男,30,631-01-01,703-01-01,是,单县,知州,,,,,,孔建侃，孔子第30代孙。,
周娘,孔,建,女,30,632-01-01,711-01-01,是,成武,知县,,,,,,周娘，孔子第30代孙。,
孔建侅,孔,建,男,30,634-01-01,705-01-01,是,巨野,举人,,,,,,孔建侅，孔子第30代孙。,
孔建來,孔,建,男,30,634-01-01,705-01-01,是,郓城,进士,,,,,,孔建來，孔子第30代孙。,
孔建侇,孔,建,男,30,631-01-01,713-01-01,是,鄄城,太学生,,,,,,孔建侇，孔子第30代孙。,
孔建侈,孔,建,男,30,629-01-01,693-01-01,是,曲阜,县丞,,,,,,孔建侈，孔子第30代孙。,
孔建侉,孔,建,男,30,629-01-01,711-01-01,是,滋阳,主簿,,,,,,孔建侉，孔子第30代孙。,
孔建侊,孔,建,男,30,630-01-01,703-01-01,是,济宁,训导,,,,,,孔建侊，孔子第30代孙。,
孔建例,孔,建,男,30,631-01-01,709-01-01,是,邹县,教谕,,,,,,孔建例，孔子第30代孙。,
何氏,孔,建,女,30,635-01-01,699-01-01,是,滕县,商人,,,,,,何氏，孔子第30代孙。,
孔建侍,孔,建,男,30,631-01-01,694-01-01,是,峄县,官员,,,,,,孔建侍，孔子第30代孙。,
孔建侎,孔,建,男,30,636-01-01,704-01-01,是,金乡,学者,,,,,,孔建侎，孔子第30代孙。,
孔建侏,孔,建,男,30,636-01-01,720-01-01,是,鱼台,大夫,,,,,,孔建侏，孔子第30代孙。,
王娘,孔,建,女,30,636-01-01,715-01-01,是,嘉祥,士,,,,,,王娘，孔子第30代孙。,
孔建侑,孔,建,男,30,629-01-01,710-01-01,是,汶上,农,,,,,,孔建侑，孔子第30代孙。,
孔建侒,孔,建,男,30,633-01-01,708-01-01,是,泗水,商,,,,,,孔建侒，孔子第30代孙。,
孔建侓,孔,建,男,30,630-01-01,713-01-01,是,宁阳,儒,,,,,,孔建侓，孔子第30代孙。,
杨姑,孔,建,女,30,630-01-01,699-01-01,是,兖州,工部侍郎,,,,,,杨姑，孔子第30代孙。,
孔建侕,孔,建,男,30,632-01-01,706-01-01,是,东平,礼部尚书,,,,,,孔建侕，孔子第30代孙。,
黄娘,孔,建,女,30,629-01-01,701-01-01,是,寿张,知州,,,,,,黄娘，孔子第30代孙。,
周姑,孔,建,女,30,630-01-01,690-01-01,是,范县,知县,,,,,,周姑，孔子第30代孙。,
孔建侘,孔,建,男,30,630-01-01,702-01-01,是,濮州,举人,,,,,,孔建侘，孔子第30代孙。,
孔建侙,孔,建,男,30,630-01-01,698-01-01,是,开州,进士,,,,,,孔建侙，孔子第30代孙。,
孔建侚,孔,建,男,30,634-01-01,698-01-01,是,长垣,太学生,,,,,,孔建侚，孔子第30代孙。,
孔建供,孔,建,男,30,630-01-01,694-01-01,是,东明,县丞,,,,,,孔建供，孔子第30代孙。,
朱娘,孔,建,女,30,632-01-01,704-01-01,是,荷泽,主簿,,,,,,朱娘，孔子第30代孙。,
孔建依,孔,建,男,30,635-01-01,718-01-01,是,曹州,训导,,,,,,孔建依，孔子第30代孙。,
林氏,孔,建,女,30,632-01-01,709-01-01,是,定陶,教谕,,,,,,林氏，孔子第30代孙。,
孔建侟,孔,建,男,30,636-01-01,712-01-01,是,单县,商人,,,,,,孔建侟，孔子第30代孙。,
孔建侠,孔,建,男,30,634-01-01,698-01-01,是,成武,官员,,,,,,孔建侠，孔子第30代孙。,
孔建価,孔,建,男,30,629-01-01,709-01-01,是,巨野,学者,,,,,,孔建価，孔子第30代孙。,
孔建侢,孔,建,男,30,633-01-01,700-01-01,是,郓城,大夫,,,,,,孔建侢，孔子第30代孙。,
孔建侣,孔,建,男,30,631-01-01,705-01-01,是,鄄城,士,,,,,,孔建侣，孔子第30代孙。,
李氏,孔,建,女,30,631-01-01,704-01-01,是,曲阜,农,,,,,,李氏，孔子第30代孙。,
刘娘,孔,建,女,30,635-01-01,713-01-01,是,滋阳,商,,,,,,刘娘，孔子第30代孙。,
陈姑,孔,建,女,30,634-01-01,709-01-01,是,济宁,儒,,,,,,陈姑，孔子第30代孙。,
孔建侧,孔,建,男,30,631-01-01,706-01-01,是,邹县,工部侍郎,,,,,,孔建侧，孔子第30代孙。,
赵娘,孔,建,女,30,634-01-01,717-01-01,是,滕县,礼部尚书,,,,,,赵娘，孔子第30代孙。,
黄姑,孔,建,女,30,633-01-01,699-01-01,是,峄县,知州,,,,,,黄姑，孔子第30代孙。,
周氏,孔,建,女,30,630-01-01,699-01-01,是,金乡,知县,,,,,,周氏，孔子第30代孙。,
孔建侫,孔,建,男,30,629-01-01,695-01-01,是,鱼台,举人,,,,,,孔建侫，孔子第30代孙。,
孔建侬,孔,建,男,30,631-01-01,705-01-01,是,嘉祥,进士,,,,,,孔建侬，孔子第30代孙。,
孔建侭,孔,建,男,30,631-01-01,713-01-01,是,汶上,太学生,,,,,,孔建侭，孔子第30代孙。,
胡娘,孔,建,女,30,633-01-01,709-01-01,是,泗水,县丞,,,,,,胡娘，孔子第30代孙。,
孔建侯,孔,建,男,30,629-01-01,709-01-01,是,宁阳,主簿,,,,,,孔建侯，孔子第30代孙。,
高氏,孔,建,女,30,634-01-01,707-01-01,是,兖州,训导,,,,,,高氏，孔子第30代孙。,
林娘,孔,建,女,30,632-01-01,710-01-01,是,东平,教谕,,,,,,林娘，孔子第30代孙。,
孔建侲,孔,建,男,30,635-01-01,710-01-01,是,寿张,商人,,,,,,孔建侲，孔子第30代孙。,
孔建侳,孔,建,男,30,630-01-01,695-01-01,是,范县,官员,,,,,,孔建侳，孔子第30代孙。,
孔建侴,孔,建,男,30,636-01-01,702-01-01,是,濮州,学者,,,,,,孔建侴，孔子第30代孙。,
孔建侵,孔,建,男,30,634-01-01,699-01-01,是,开州,大夫,,,,,,孔建侵，孔子第30代孙。,
王氏,孔,建,女,30,632-01-01,714-01-01,是,长垣,士,,,,,,王氏，孔子第30代孙。,
孔建侷,孔,建,男,30,636-01-01,714-01-01,是,东明,农,,,,,,孔建侷，孔子第30代孙。,
孔道侸,孔,道,男,31,663-01-01,745-01-01,是,荷泽,商,,,,,,孔道侸，孔子第31代孙。,
孔道侹,孔,道,男,31,659-01-01,740-01-01,是,曹州,儒,,,,,,孔道侹，孔子第31代孙。,
孔道侺,孔,道,男,31,664-01-01,733-01-01,是,定陶,工部侍郎,,,,,,孔道侺，孔子第31代孙。,
孔道侻,孔,道,男,31,658-01-01,734-01-01,是,单县,礼部尚书,,,,,,孔道侻，孔子第31代孙。,
孔道侼,孔,道,男,31,658-01-01,735-01-01,是,成武,知州,,,,,,孔道侼，孔子第31代孙。,
孔道侽,孔,道,男,31,660-01-01,733-01-01,是,巨野,知县,,,,,,孔道侽，孔子第31代孙。,
孔道侾,孔,道,男,31,664-01-01,746-01-01,是,郓城,举人,,,,,,孔道侾，孔子第31代孙。,
孔道便,孔,道,男,31,659-01-01,732-01-01,是,鄄城,进士,,,,,,孔道便，孔子第31代孙。,
孔道俀,孔,道,男,31,662-01-01,731-01-01,是,曲阜,太学生,,,,,,孔道俀，孔子第31代孙。,
孔道俁,孔,道,男,31,658-01-01,731-01-01,是,滋阳,县丞,,,,,,孔道俁，孔子第31代孙。,
孔道係,孔,道,男,31,660-01-01,735-01-01,是,济宁,主簿,,,,,,孔道係，孔子第31代孙。,
高姑,孔,道,女,31,658-01-01,724-01-01,是,邹县,训导,,,,,,高姑，孔子第31代孙。,
林氏,孔,道,女,31,659-01-01,731-01-01,是,滕县,教谕,,,,,,林氏，孔子第31代孙。,
孔道俅,孔,道,男,31,662-01-01,730-01-01,是,峄县,商人,,,,,,孔道俅，孔子第31代孙。,
孔道俆,孔,道,男,31,658-01-01,732-01-01,是,金乡,官员,,,,,,孔道俆，孔子第31代孙。,
孔道俇,孔,道,男,31,661-01-01,744-01-01,是,鱼台,学者,,,,,,孔道俇，孔子第31代孙。,
孔道俈,孔,道,男,31,657-01-01,740-01-01,是,嘉祥,大夫,,,,,,孔道俈，孔子第31代孙。,
孔道俉,孔,道,男,31,662-01-01,735-01-01,是,汶上,士,,,,,,孔道俉，孔子第31代孙。,
李氏,孔,道,女,31,663-01-01,724-01-01,是,泗水,农,,,,,,李氏，孔子第31代孙。,
孔道俋,孔,道,男,31,661-01-01,721-01-01,是,宁阳,商,,,,,,孔道俋，孔子第31代孙。,
陈姑,孔,道,女,31,660-01-01,736-01-01,是,兖州,儒,,,,,,陈姑，孔子第31代孙。,
杨氏,孔,道,女,31,657-01-01,725-01-01,是,东平,工部侍郎,,,,,,杨氏，孔子第31代孙。,
孔道俎,孔,道,男,31,661-01-01,730-01-01,是,寿张,礼部尚书,,,,,,孔道俎，孔子第31代孙。,
黄姑,孔,道,女,31,660-01-01,724-01-01,是,范县,知州,,,,,,黄姑，孔子第31代孙。,
孔道俐,孔,道,男,31,663-01-01,733-01-01,是,濮州,知县,,,,,,孔道俐，孔子第31代孙。,
吴娘,孔,道,女,31,663-01-01,725-01-01,是,开州,举人,,,,,,吴娘，孔子第31代孙。,
孔道俒,孔,道,男,31,662-01-01,738-01-01,是,长垣,进士,,,,,,孔道俒，孔子第31代孙。,
孔道俓,孔,道,男,31,659-01-01,721-01-01,是,东明,太学生,,,,,,孔道俓，孔子第31代孙。,
孔道俔,孔,道,男,31,657-01-01,734-01-01,是,荷泽,县丞,,,,,,孔道俔，孔子第31代孙。,
孔道俕,孔,道,男,31,664-01-01,739-01-01,是,曹州,主簿,,,,,,孔道俕，孔子第31代孙。,
孔道俖,孔,道,男,31,664-01-01,743-01-01,是,定陶,训导,,,,,,孔道俖，孔子第31代孙。,
孔道俗,孔,道,男,31,657-01-01,729-01-01,是,单县,教谕,,,,,,孔道俗，孔子第31代孙。,
孔道俘,孔,道,男,31,660-01-01,723-01-01,是,成武,商人,,,,,,孔道俘，孔子第31代孙。,
孔道俙,孔,道,男,31,660-01-01,743-01-01,是,巨野,官员,,,,,,孔道俙，孔子第31代孙。,
孔道俚,孔,道,男,31,660-01-01,742-01-01,是,郓城,学者,,,,,,孔道俚，孔子第31代孙。,
孔道俛,孔,道,男,31,659-01-01,738-01-01,是,鄄城,大夫,,,,,,孔道俛，孔子第31代孙。,
孔道俜,孔,道,男,31,658-01-01,737-01-01,是,曲阜,士,,,,,,孔道俜，孔子第31代孙。,
李娘,孔,道,女,31,661-01-01,723-01-01,是,滋阳,农,,,,,,李娘，孔子第31代孙。,
刘姑,孔,道,女,31,661-01-01,731-01-01,是,济宁,商,,,,,,刘姑，孔子第31代孙。,
陈氏,孔,道,女,31,661-01-01,741-01-01,是,邹县,儒,,,,,,陈氏，孔子第31代孙。,
孔道俠,孔,道,男,31,661-01-01,731-01-01,是,滕县,工部侍郎,,,,,,孔道俠，孔子第31代孙。,
孔道信,孔,道,男,31,661-01-01,726-01-01,是,峄县,礼部尚书,,,,,,孔道信，孔子第31代孙。,
孔道俢,孔,道,男,31,661-01-01,721-01-01,是,金乡,知州,,,,,,孔道俢，孔子第31代孙。,
周娘,孔,道,女,31,659-01-01,737-01-01,是,鱼台,知县,,,,,,周娘，孔子第31代孙。,
孔道俤,孔,道,男,31,658-01-01,728-01-01,是,嘉祥,举人,,,,,,孔道俤，孔子第31代孙。,
徐氏,孔,道,女,31,663-01-01,745-01-01,是,汶上,进士,,,,,,徐氏，孔子第31代孙。,
孔道俦,孔,道,男,31,662-01-01,725-01-01,是,泗水,太学生,,,,,,孔道俦，孔子第31代孙。,
胡姑,孔,道,女,31,663-01-01,739-01-01,是,宁阳,县丞,,,,,,胡姑，孔子第31代孙。,
孔道俨,孔,道,男,31,662-01-01,741-01-01,是,兖州,主簿,,,,,,孔道俨，孔子第31代孙。,
孔道俩,孔,道,男,31,660-01-01,730-01-01,是,东平,训导,,,,,,孔道俩，孔子第31代孙。,
孔道俪,孔,道,男,31,658-01-01,720-01-01,是,寿张,教谕,,,,,,孔道俪，孔子第31代孙。,
何氏,孔,道,女,31,662-01-01,730-01-01,是,范县,商人,,,,,,何氏，孔子第31代孙。,
孔道俬,孔,道,男,31,662-01-01,722-01-01,是,濮州,官员,,,,,,孔道俬，孔子第31代孙。,
孔道俭,孔,道,男,31,660-01-01,726-01-01,是,开州,学者,,,,,,孔道俭，孔子第31代孙。,
孔道修,孔,道,男,31,659-01-01,735-01-01,是,长垣,大夫,,,,,,孔道修，孔子第31代孙。,
孔道俯,孔,道,男,31,663-01-01,727-01-01,是,东明,士,,,,,,孔道俯，孔子第31代孙。,
孔道俰,孔,道,男,31,663-01-01,730-01-01,是,荷泽,农,,,,,,孔道俰，孔子第31代孙。,
刘氏,孔,道,女,31,657-01-01,717-01-01,是,曹州,商,,,,,,刘氏，孔子第31代孙。,
孔道俲,孔,道,男,31,662-01-01,735-01-01,是,定陶,儒,,,,,,孔道俲，孔子第31代孙。,
孔道俳,孔,道,男,31,664-01-01,729-01-01,是,单县,工部侍郎,,,,,,孔道俳，孔子第31代孙。,
孔道俴,孔,道,男,31,662-01-01,738-01-01,是,成武,礼部尚书,,,,,,孔道俴，孔子第31代孙。,
孔道俵,孔,道,男,31,657-01-01,725-01-01,是,巨野,知州,,,,,,孔道俵，孔子第31代孙。,
孔道俶,孔,道,男,31,664-01-01,724-01-01,是,郓城,知县,,,,,,孔道俶，孔子第31代孙。,
孔道俷,孔,道,男,31,660-01-01,738-01-01,是,鄄城,举人,,,,,,孔道俷，孔子第31代孙。,
孔道俸,孔,道,男,31,663-01-01,745-01-01,是,曲阜,进士,,,,,,孔道俸，孔子第31代孙。,
孔道俹,孔,道,男,31,661-01-01,730-01-01,是,滋阳,太学生,,,,,,孔道俹，孔子第31代孙。,
孔道俺,孔,道,男,31,659-01-01,729-01-01,是,济宁,县丞,,,,,,孔道俺，孔子第31代孙。,
朱娘,孔,道,女,31,663-01-01,740-01-01,是,邹县,主簿,,,,,,朱娘，孔子第31代孙。,
孔道俼,孔,道,男,31,660-01-01,729-01-01,是,滕县,训导,,,,,,孔道俼，孔子第31代孙。,
孔道俽,孔,道,男,31,662-01-01,741-01-01,是,峄县,教谕,,,,,,孔道俽，孔子第31代孙。,
孔道俾,孔,道,男,31,659-01-01,723-01-01,是,金乡,商人,,,,,,孔道俾，孔子第31代孙。,
郭姑,孔,道,女,31,659-01-01,734-01-01,是,鱼台,官员,,,,,,郭姑，孔子第31代孙。,
孔道倀,孔,道,男,31,658-01-01,726-01-01,是,嘉祥,学者,,,,,,孔道倀，孔子第31代孙。,
孔道倁,孔,道,男,31,663-01-01,729-01-01,是,汶上,大夫,,,,,,孔道倁，孔子第31代孙。,
王姑,孔,道,女,31,659-01-01,735-01-01,是,泗水,士,,,,,,王姑，孔子第31代孙。,
李氏,孔,道,女,31,659-01-01,724-01-01,是,宁阳,农,,,,,,李氏，孔子第31代孙。,
刘娘,孔,道,女,31,658-01-01,727-01-01,是,兖州,商,,,,,,刘娘，孔子第31代孙。,
陈姑,孔,道,女,31,664-01-01,737-01-01,是,东平,儒,,,,,,陈姑，孔子第31代孙。,
杨氏,孔,道,女,31,662-01-01,723-01-01,是,寿张,工部侍郎,,,,,,杨氏，孔子第31代孙。,
孔道倇,孔,道,男,31,662-01-01,734-01-01,是,范县,礼部尚书,,,,,,孔道倇，孔子第31代孙。,
孔敦倈,孔,敦,男,32,685-01-01,755-01-01,是,濮州,知州,,,,,,孔敦倈，孔子第32代孙。,
周娘,孔,敦,女,32,685-01-01,752-01-01,是,开州,知县,,,,,,周娘，孔子第32代孙。,
吴姑,孔,敦,女,32,686-01-01,747-01-01,是,长垣,举人,,,,,,吴姑，孔子第32代孙。,
孔敦個,孔,敦,男,32,687-01-01,758-01-01,是,东明,进士,,,,,,孔敦個，孔子第32代孙。,
孔敦倌,孔,敦,男,32,689-01-01,757-01-01,是,荷泽,太学生,,,,,,孔敦倌，孔子第32代孙。,
胡姑,孔,敦,女,32,691-01-01,768-01-01,是,曹州,县丞,,,,,,胡姑，孔子第32代孙。,
孔敦倎,孔,敦,男,32,690-01-01,774-01-01,是,定陶,主簿,,,,,,孔敦倎，孔子第32代孙。,
孔敦倏,孔,敦,男,32,686-01-01,759-01-01,是,单县,训导,,,,,,孔敦倏，孔子第32代孙。,
林姑,孔,敦,女,32,689-01-01,759-01-01,是,成武,教谕,,,,,,林姑，孔子第32代孙。,
何氏,孔,敦,女,32,692-01-01,763-01-01,是,巨野,商人,,,,,,何氏，孔子第32代孙。,
郭娘,孔,敦,女,32,688-01-01,763-01-01,是,郓城,官员,,,,,,郭娘，孔子第32代孙。,
孔敦倓,孔,敦,男,32,690-01-01,770-01-01,是,鄄城,学者,,,,,,孔敦倓，孔子第32代孙。,
孔敦倔,孔,敦,男,32,691-01-01,765-01-01,是,曲阜,大夫,,,,,,孔敦倔，孔子第32代孙。,
王娘,孔,敦,女,32,689-01-01,771-01-01,是,滋阳,士,,,,,,王娘，孔子第32代孙。,
孔敦倖,孔,敦,男,32,688-01-01,770-01-01,是,济宁,农,,,,,,孔敦倖，孔子第32代孙。,
刘氏,孔,敦,女,32,687-01-01,748-01-01,是,邹县,商,,,,,,刘氏，孔子第32代孙。,
陈娘,孔,敦,女,32,691-01-01,761-01-01,是,滕县,儒,,,,,,陈娘，孔子第32代孙。,
孔敦候,孔,敦,男,32,689-01-01,752-01-01,是,峄县,工部侍郎,,,,,,孔敦候，孔子第32代孙。,
孔敦倚,孔,敦,男,32,692-01-01,773-01-01,是,金乡,礼部尚书,,,,,,孔敦倚，孔子第32代孙。,
孔敦倛,孔,敦,男,32,692-01-01,771-01-01,是,鱼台,知州,,,,,,孔敦倛，孔子第32代孙。,
周姑,孔,敦,女,32,685-01-01,764-01-01,是,嘉祥,知县,,,,,,周姑，孔子第32代孙。,
孔敦倝,孔,敦,男,32,686-01-01,750-01-01,是,汶上,举人,,,,,,孔敦倝，孔子第32代孙。,
孔敦倞,孔,敦,男,32,691-01-01,751-01-01,是,泗水,进士,,,,,,孔敦倞，孔子第32代孙。,
孔敦借,孔,敦,男,32,691-01-01,766-01-01,是,宁阳,太学生,,,,,,孔敦借，孔子第32代孙。,
胡氏,孔,敦,女,32,689-01-01,762-01-01,是,兖州,县丞,,,,,,胡氏，孔子第32代孙。,
孔敦倡,孔,敦,男,32,690-01-01,758-01-01,是,东平,主簿,,,,,,孔敦倡，孔子第32代孙。,
高姑,孔,敦,女,32,686-01-01,755-01-01,是,寿张,训导,,,,,,高姑，孔子第32代孙。,
孔敦倣,孔,敦,男,32,687-01-01,750-01-01,是,范县,教谕,,,,,,孔敦倣，孔子第32代孙。,
何娘,孔,敦,女,32,685-01-01,761-01-01,是,濮州,商人,,,,,,何娘，孔子第32代孙。,
郭姑,孔,敦,女,32,685-01-01,761-01-01,是,开州,官员,,,,,,郭姑，孔子第32代孙。,
孔敦倦,孔,敦,男,32,687-01-01,771-01-01,是,长垣,学者,,,,,,孔敦倦，孔子第32代孙。,
孔敦倧,孔,敦,男,32,690-01-01,756-01-01,是,东明,大夫,,,,,,孔敦倧，孔子第32代孙。,
孔敦倨,孔,敦,男,32,690-01-01,774-01-01,是,荷泽,士,,,,,,孔敦倨，孔子第32代孙。,
孔敦倩,孔,敦,男,32,688-01-01,760-01-01,是,曹州,农,,,,,,孔敦倩，孔子第32代孙。,
孔敦倪,孔,敦,男,32,685-01-01,761-01-01,是,定陶,商,,,,,,孔敦倪，孔子第32代孙。,
孔敦倫,孔,敦,男,32,691-01-01,763-01-01,是,单县,儒,,,,,,孔敦倫，孔子第32代孙。,
杨氏,孔,敦,女,32,692-01-01,754-01-01,是,成武,工部侍郎,,,,,,杨氏，孔子第32代孙。,
赵娘,孔,敦,女,32,692-01-01,759-01-01,是,巨野,礼部尚书,,,,,,赵娘，孔子第32代孙。,
黄姑,孔,敦,女,32,692-01-01,763-01-01,是,郓城,知州,,,,,,黄姑，孔子第32代孙。,
周氏,孔,敦,女,32,686-01-01,749-01-01,是,鄄城,知县,,,,,,周氏，孔子第32代孙。,
孔敦倰,孔,敦,男,32,688-01-01,765-01-01,是,曲阜,举人,,,,,,孔敦倰，孔子第32代孙。,
徐姑,孔,敦,女,32,691-01-01,754-01-01,是,滋阳,进士,,,,,,徐姑，孔子第32代孙。,
孔敦倲,孔,敦,男,32,685-01-01,761-01-01,是,济宁,太学生,,,,,,孔敦倲，孔子第32代孙。,
胡娘,孔,敦,女,32,686-01-01,762-01-01,是,邹县,县丞,,,,,,胡娘，孔子第32代孙。,
孔敦倴,孔,敦,男,32,692-01-01,761-01-01,是,滕县,主簿,,,,,,孔敦倴，孔子第32代孙。,
孔敦倵,孔,敦,男,32,686-01-01,754-01-01,是,峄县,训导,,,,,,孔敦倵，孔子第32代孙。,
孔敦倶,孔,敦,男,32,690-01-01,763-01-01,是,金乡,教谕,,,,,,孔敦倶，孔子第32代孙。,
何姑,孔,敦,女,32,685-01-01,767-01-01,是,鱼台,商人,,,,,,何姑，孔子第32代孙。,
郭氏,孔,敦,女,32,686-01-01,752-01-01,是,嘉祥,官员,,,,,,郭氏，孔子第32代孙。,
孔敦倹,孔,敦,男,32,687-01-01,755-01-01,是,汶上,学者,,,,,,孔敦倹，孔子第32代孙。,
孔敦债,孔,敦,男,32,687-01-01,771-01-01,是,泗水,大夫,,,,,,孔敦债，孔子第32代孙。,
孔敦倻,孔,敦,男,32,690-01-01,764-01-01,是,宁阳,士,,,,,,孔敦倻，孔子第32代孙。,
孔敦值,孔,敦,男,32,687-01-01,757-01-01,是,兖州,农,,,,,,孔敦值，孔子第32代孙。,
孔敦倽,孔,敦,男,32,689-01-01,767-01-01,是,东平,商,,,,,,孔敦倽，孔子第32代孙。,
孔敦倾,孔,敦,男,32,690-01-01,772-01-01,是,寿张,儒,,,,,,孔敦倾，孔子第32代孙。,
孔敦倿,孔,敦,男,32,690-01-01,774-01-01,是,范县,工部侍郎,,,,,,孔敦倿，孔子第32代孙。,
赵姑,孔,敦,女,32,688-01-01,762-01-01,是,濮州,礼部尚书,,,,,,赵姑，孔子第32代孙。,
孔敦偁,孔,敦,男,32,686-01-01,760-01-01,是,开州,知州,,,,,,孔敦偁，孔子第32代孙。,
孔敦偂,孔,敦,男,32,687-01-01,747-01-01,是,长垣,知县,,,,,,孔敦偂，孔子第32代孙。,
孔敦偃,孔,敦,男,32,686-01-01,764-01-01,是,东明,举人,,,,,,孔敦偃，孔子第32代孙。,
孔敦偄,孔,敦,男,32,688-01-01,755-01-01,是,荷泽,进士,,,,,,孔敦偄，孔子第32代孙。,
孔敦偅,孔,敦,男,32,687-01-01,764-01-01,是,曹州,太学生,,,,,,孔敦偅，孔子第32代孙。,
孔敦偆,孔,敦,男,32,689-01-01,772-01-01,是,定陶,县丞,,,,,,孔敦偆，孔子第32代孙。,
孔敦假,孔,敦,男,32,690-01-01,759-01-01,是,单县,主簿,,,,,,孔敦假，孔子第32代孙。,
高娘,孔,敦,女,32,686-01-01,763-01-01,是,成武,训导,,,,,,高娘，孔子第32代孙。,
孔敦偉,孔,敦,男,32,685-01-01,768-01-01,是,巨野,教谕,,,,,,孔敦偉，孔子第32代孙。,
何氏,孔,敦,女,32,692-01-01,773-01-01,是,郓城,商人,,,,,,何氏，孔子第32代孙。,
孔敦偋,孔,敦,男,32,685-01-01,765-01-01,是,鄄城,官员,,,,,,孔敦偋，孔子第32代孙。,
孔敦偌,孔,敦,男,32,686-01-01,758-01-01,是,曲阜,学者,,,,,,孔敦偌，孔子第32代孙。,
孔敦偍,孔,敦,男,32,692-01-01,766-01-01,是,滋阳,大夫,,,,,,孔敦偍，孔子第32代孙。,
王娘,孔,敦,女,32,686-01-01,765-01-01,是,济宁,士,,,,,,王娘，孔子第32代孙。,
孔敦偏,孔,敦,男,32,686-01-01,768-01-01,是,邹县,农,,,,,,孔敦偏，孔子第32代孙。,
刘氏,孔,敦,女,32,686-01-01,770-01-01,是,滕县,商,,,,,,刘氏，孔子第32代孙。,
孔敦偑,孔,敦,男,32,688-01-01,765-01-01,是,峄县,儒,,,,,,孔敦偑，孔子第32代孙。,
孔敦偒,孔,敦,男,32,685-01-01,754-01-01,是,金乡,工部侍郎,,,,,,孔敦偒，孔子第32代孙。,
孔敦偓,孔,敦,男,32,691-01-01,760-01-01,是,鱼台,礼部尚书,,,,,,孔敦偓，孔子第32代孙。,
黄娘,孔,敦,女,32,685-01-01,752-01-01,是,嘉祥,知州,,,,,,黄娘，孔子第32代孙。,
孔敦偕,孔,敦,男,32,689-01-01,760-01-01,是,汶上,知县,,,,,,孔敦偕，孔子第32代孙。,
孔敦偖,孔,敦,男,32,691-01-01,768-01-01,是,泗水,举人,,,,,,孔敦偖，孔子第32代孙。,
徐娘,孔,敦,女,32,687-01-01,753-01-01,是,宁阳,进士,,,,,,徐娘，孔子第32代孙。,
孔安偘,孔,安,男,33,717-01-01,785-01-01,是,兖州,太学生,,,,,,孔安偘，孔子第33代孙。,
胡娘,孔,安,女,33,716-01-01,796-01-01,是,东平,县丞,,,,,,胡娘，孔子第33代孙。,
孔安做,孔,安,男,33,714-01-01,778-01-01,是,寿张,主簿,,,,,,孔安做，孔子第33代孙。,
高氏,孔,安,女,33,716-01-01,796-01-01,是,范县,训导,,,,,,高氏，孔子第33代孙。,
孔安停,孔,安,男,33,713-01-01,779-01-01,是,濮州,教谕,,,,,,孔安停，孔子第33代孙。,
何姑,孔,安,女,33,713-01-01,790-01-01,是,开州,商人,,,,,,何姑，孔子第33代孙。,
孔安偞,孔,安,男,33,716-01-01,782-01-01,是,长垣,官员,,,,,,孔安偞，孔子第33代孙。,
马娘,孔,安,女,33,716-01-01,782-01-01,是,东明,学者,,,,,,马娘，孔子第33代孙。,
孔安偠,孔,安,男,33,717-01-01,792-01-01,是,荷泽,大夫,,,,,,孔安偠，孔子第33代孙。,
孔安偡,孔,安,男,33,719-01-01,780-01-01,是,曹州,士,,,,,,孔安偡，孔子第33代孙。,
孔安偢,孔,安,男,33,716-01-01,779-01-01,是,定陶,农,,,,,,孔安偢，孔子第33代孙。,
孔安偣,孔,安,男,33,719-01-01,780-01-01,是,单县,商,,,,,,孔安偣，孔子第33代孙。,
孔安偤,孔,安,男,33,719-01-01,791-01-01,是,成武,儒,,,,,,孔安偤，孔子第33代孙。,
杨娘,孔,安,女,33,717-01-01,782-01-01,是,巨野,工部侍郎,,,,,,杨娘，孔子第33代孙。,
赵姑,孔,安,女,33,716-01-01,787-01-01,是,郓城,礼部尚书,,,,,,赵姑，孔子第33代孙。,
黄氏,孔,安,女,33,714-01-01,777-01-01,是,鄄城,知州,,,,,,黄氏，孔子第33代孙。,
孔安偨,孔,安,男,33,719-01-01,782-01-01,是,曲阜,知县,,,,,,孔安偨，孔子第33代孙。,
吴姑,孔,安,女,33,720-01-01,784-01-01,是,滋阳,举人,,,,,,吴姑，孔子第33代孙。,
孔安偪,孔,安,男,33,715-01-01,783-01-01,是,济宁,进士,,,,,,孔安偪，孔子第33代孙。,
孔安偫,孔,安,男,33,713-01-01,779-01-01,是,邹县,太学生,,,,,,孔安偫，孔子第33代孙。,
孔安偬,孔,安,男,33,715-01-01,778-01-01,是,滕县,县丞,,,,,,孔安偬，孔子第33代孙。,
朱氏,孔,安,女,33,719-01-01,791-01-01,是,峄县,主簿,,,,,,朱氏，孔子第33代孙。,
孔安偮,孔,安,男,33,716-01-01,782-01-01,是,金乡,训导,,,,,,孔安偮，孔子第33代孙。,
孔安偯,孔,安,男,33,716-01-01,781-01-01,是,鱼台,教谕,,,,,,孔安偯，孔子第33代孙。,
何氏,孔,安,女,33,718-01-01,802-01-01,是,嘉祥,商人,,,,,,何氏，孔子第33代孙。,
孔安偱,孔,安,男,33,713-01-01,795-01-01,是,汶上,官员,,,,,,孔安偱，孔子第33代孙。,
马姑,孔,安,女,33,718-01-01,779-01-01,是,泗水,学者,,,,,,马姑，孔子第33代孙。,
孔安偳,孔,安,男,33,714-01-01,774-01-01,是,宁阳,大夫,,,,,,孔安偳，孔子第33代孙。,
孔安側,孔,安,男,33,716-01-01,795-01-01,是,兖州,士,,,,,,孔安側，孔子第33代孙。,
孔安偵,孔,安,男,33,715-01-01,780-01-01,是,东平,农,,,,,,孔安偵，孔子第33代孙。,
刘氏,孔,安,女,33,713-01-01,797-01-01,是,寿张,商,,,,,,刘氏，孔子第33代孙。,
孔安偷,孔,安,男,33,719-01-01,801-01-01,是,范县,儒,,,,,,孔安偷，孔子第33代孙。,
孔安偸,孔,安,男,33,713-01-01,777-01-01,是,濮州,工部侍郎,,,,,,孔安偸，孔子第33代孙。,
孔安偹,孔,安,男,33,718-01-01,799-01-01,是,开州,礼部尚书,,,,,,孔安偹，孔子第33代孙。,
孔安偺,孔,安,男,33,718-01-01,789-01-01,是,长垣,知州,,,,,,孔安偺，孔子第33代孙。,
孔安偻,孔,安,男,33,713-01-01,797-01-01,是,东明,知县,,,,,,孔安偻，孔子第33代孙。,
吴氏,孔,安,女,33,719-01-01,803-01-01,是,荷泽,举人,,,,,,吴氏，孔子第33代孙。,
孔安偽,孔,安,男,33,717-01-01,789-01-01,是,曹州,进士,,,,,,孔安偽，孔子第33代孙。,
孔安偾,孔,安,男,33,717-01-01,784-01-01,是,定陶,太学生,,,,,,孔安偾，孔子第33代孙。,
孔安偿,孔,安,男,33,713-01-01,782-01-01,是,单县,县丞,,,,,,孔安偿，孔子第33代孙。,
孔安傀,孔,安,男,33,719-01-01,785-01-01,是,成武,主簿,,,,,,孔安傀，孔子第33代孙。,
高姑,孔,安,女,33,718-01-01,784-01-01,是,巨野,训导,,,,,,高姑，孔子第33代孙。,
孔安傂,孔,安,男,33,718-01-01,781-01-01,是,郓城,教谕,,,,,,孔安傂，孔子第33代孙。,
孔安傃,孔,安,男,33,718-01-01,794-01-01,是,鄄城,商人,,,,,,孔安傃，孔子第33代孙。,
孔安傄,孔,安,男,33,717-01-01,800-01-01,是,曲阜,官员,,,,,,孔安傄，孔子第33代孙。,
马氏,孔,安,女,33,719-01-01,785-01-01,是,滋阳,学者,,,,,,马氏，孔子第33代孙。,
张娘,孔,安,女,33,719-01-01,792-01-01,是,济宁,大夫,,,,,,张娘，孔子第33代孙。,
孔安傇,孔,安,男,33,714-01-01,792-01-01,是,邹县,士,,,,,,孔安傇，孔子第33代孙。,
李氏,孔,安,女,33,715-01-01,797-01-01,是,滕县,农,,,,,,李氏，孔子第33代孙。,
孔安傉,孔,安,男,33,719-01-01,799-01-01,是,峄县,商,,,,,,孔安傉，孔子第33代孙。,
陈姑,孔,安,女,33,718-01-01,779-01-01,是,金乡,儒,,,,,,陈姑，孔子第33代孙。,
杨氏,孔,安,女,33,714-01-01,782-01-01,是,鱼台,工部侍郎,,,,,,杨氏，孔子第33代孙。,
赵娘,孔,安,女,33,714-01-01,793-01-01,是,嘉祥,礼部尚书,,,,,,赵娘，孔子第33代孙。,
黄姑,孔,安,女,33,713-01-01,793-01-01,是,汶上,知州,,,,,,黄姑，孔子第33代孙。,
周氏,孔,安,女,33,714-01-01,798-01-01,是,泗水,知县,,,,,,周氏，孔子第33代孙。,
孔安傏,孔,安,男,33,714-01-01,788-01-01,是,宁阳,举人,,,,,,孔安傏，孔子第33代孙。,
孔安傐,孔,安,男,33,715-01-01,798-01-01,是,兖州,进士,,,,,,孔安傐，孔子第33代孙。,
孙氏,孔,安,女,33,717-01-01,788-01-01,是,东平,太学生,,,,,,孙氏，孔子第33代孙。,
孔安傒,孔,安,男,33,713-01-01,785-01-01,是,寿张,县丞,,,,,,孔安傒，孔子第33代孙。,
朱姑,孔,安,女,33,717-01-01,787-01-01,是,范县,主簿,,,,,,朱姑，孔子第33代孙。,
孔安傔,孔,安,男,33,717-01-01,801-01-01,是,濮州,训导,,,,,,孔安傔，孔子第33代孙。,
孔安傕,孔,安,男,33,716-01-01,797-01-01,是,开州,教谕,,,,,,孔安傕，孔子第33代孙。,
何姑,孔,安,女,33,713-01-01,795-01-01,是,长垣,商人,,,,,,何姑，孔子第33代孙。,
郭氏,孔,安,女,33,717-01-01,781-01-01,是,东明,官员,,,,,,郭氏，孔子第33代孙。,
孔安傘,孔,安,男,33,716-01-01,791-01-01,是,荷泽,学者,,,,,,孔安傘，孔子第33代孙。,
孔安備,孔,安,男,33,718-01-01,792-01-01,是,曹州,大夫,,,,,,孔安備，孔子第33代孙。,
孔安傚,孔,安,男,33,714-01-01,782-01-01,是,定陶,士,,,,,,孔安傚，孔子第33代孙。,
李娘,孔,安,女,33,713-01-01,795-01-01,是,单县,农,,,,,,李娘，孔子第33代孙。,
孔安傜,孔,安,男,33,713-01-01,796-01-01,是,成武,商,,,,,,孔安傜，孔子第33代孙。,
孔安傝,孔,安,男,33,719-01-01,792-01-01,是,巨野,儒,,,,,,孔安傝，孔子第33代孙。,
孔安傞,孔,安,男,33,717-01-01,784-01-01,是,郓城,工部侍郎,,,,,,孔安傞，孔子第33代孙。,
孔安傟,孔,安,男,33,713-01-01,788-01-01,是,鄄城,礼部尚书,,,,,,孔安傟，孔子第33代孙。,
孔安傠,孔,安,男,33,713-01-01,780-01-01,是,曲阜,知州,,,,,,孔安傠，孔子第33代孙。,
周娘,孔,安,女,33,716-01-01,789-01-01,是,滋阳,知县,,,,,,周娘，孔子第33代孙。,
孔安傢,孔,安,男,33,715-01-01,789-01-01,是,济宁,举人,,,,,,孔安傢，孔子第33代孙。,
孔安傣,孔,安,男,33,715-01-01,779-01-01,是,邹县,进士,,,,,,孔安傣，孔子第33代孙。,
孙娘,孔,安,女,33,713-01-01,787-01-01,是,滕县,太学生,,,,,,孙娘，孔子第33代孙。,
胡姑,孔,安,女,33,713-01-01,791-01-01,是,峄县,县丞,,,,,,胡姑，孔子第33代孙。,
朱氏,孔,安,女,33,714-01-01,792-01-01,是,金乡,主簿,,,,,,朱氏，孔子第33代孙。,
孔安傧,孔,安,男,33,720-01-01,790-01-01,是,鱼台,训导,,,,,,孔安傧，孔子第33代孙。,
孔定储,孔,定,男,34,746-01-01,815-01-01,是,嘉祥,教谕,,,,,,孔定储，孔子第34代孙。,
孔定傩,孔,定,男,34,747-01-01,813-01-01,是,汶上,商人,,,,,,孔定傩，孔子第34代孙。,
孔定傪,孔,定,男,34,748-01-01,818-01-01,是,泗水,官员,,,,,,孔定傪，孔子第34代孙。,
马氏,孔,定,女,34,744-01-01,826-01-01,是,宁阳,学者,,,,,,马氏，孔子第34代孙。,
孔定催,孔,定,男,34,744-01-01,810-01-01,是,兖州,大夫,,,,,,孔定催，孔子第34代孙。,
王姑,孔,定,女,34,741-01-01,812-01-01,是,东平,士,,,,,,王姑，孔子第34代孙。,
孔定傮,孔,定,男,34,742-01-01,807-01-01,是,寿张,农,,,,,,孔定傮，孔子第34代孙。,
刘娘,孔,定,女,34,744-01-01,805-01-01,是,范县,商,,,,,,刘娘，孔子第34代孙。,
陈姑,孔,定,女,34,748-01-01,819-01-01,是,濮州,儒,,,,,,陈姑，孔子第34代孙。,
孔定傱,孔,定,男,34,746-01-01,822-01-01,是,开州,工部侍郎,,,,,,孔定傱，孔子第34代孙。,
孔定傲,孔,定,男,34,743-01-01,809-01-01,是,长垣,礼部尚书,,,,,,孔定傲，孔子第34代孙。,
孔定傳,孔,定,男,34,747-01-01,810-01-01,是,东明,知州,,,,,,孔定傳，孔子第34代孙。,
孔定傴,孔,定,男,34,745-01-01,822-01-01,是,荷泽,知县,,,,,,孔定傴，孔子第34代孙。,
吴娘,孔,定,女,34,742-01-01,812-01-01,是,曹州,举人,,,,,,吴娘，孔子第34代孙。,
孔定傶,孔,定,男,34,742-01-01,821-01-01,是,定陶,进士,,,,,,孔定傶，孔子第34代孙。,
孔定傷,孔,定,男,34,748-01-01,830-01-01,是,单县,太学生,,,,,,孔定傷，孔子第34代孙。,
孔定傸,孔,定,男,34,748-01-01,815-01-01,是,成武,县丞,,,,,,孔定傸，孔子第34代孙。,
朱姑,孔,定,女,34,741-01-01,814-01-01,是,巨野,主簿,,,,,,朱姑，孔子第34代孙。,
高氏,孔,定,女,34,746-01-01,816-01-01,是,郓城,训导,,,,,,高氏，孔子第34代孙。,
林娘,孔,定,女,34,747-01-01,820-01-01,是,鄄城,教谕,,,,,,林娘，孔子第34代孙。,
孔定傼,孔,定,男,34,741-01-01,812-01-01,是,曲阜,商人,,,,,,孔定傼，孔子第34代孙。,
郭氏,孔,定,女,34,745-01-01,813-01-01,是,滋阳,官员,,,,,,郭氏，孔子第34代孙。,
马娘,孔,定,女,34,743-01-01,820-01-01,是,济宁,学者,,,,,,马娘，孔子第34代孙。,
孔定傿,孔,定,男,34,744-01-01,823-01-01,是,邹县,大夫,,,,,,孔定傿，孔子第34代孙。,
孔定僀,孔,定,男,34,745-01-01,823-01-01,是,滕县,士,,,,,,孔定僀，孔子第34代孙。,
孔定僁,孔,定,男,34,743-01-01,823-01-01,是,峄县,农,,,,,,孔定僁，孔子第34代孙。,
刘姑,孔,定,女,34,748-01-01,830-01-01,是,金乡,商,,,,,,刘姑，孔子第34代孙。,
陈氏,孔,定,女,34,745-01-01,809-01-01,是,鱼台,儒,,,,,,陈氏，孔子第34代孙。,
孔定僄,孔,定,男,34,743-01-01,825-01-01,是,嘉祥,工部侍郎,,,,,,孔定僄，孔子第34代孙。,
赵姑,孔,定,女,34,742-01-01,822-01-01,是,汶上,礼部尚书,,,,,,赵姑，孔子第34代孙。,
孔定僆,孔,定,男,34,741-01-01,825-01-01,是,泗水,知州,,,,,,孔定僆，孔子第34代孙。,
孔定僇,孔,定,男,34,742-01-01,825-01-01,是,宁阳,知县,,,,,,孔定僇，孔子第34代孙。,
孔定僈,孔,定,男,34,743-01-01,808-01-01,是,兖州,举人,,,,,,孔定僈，孔子第34代孙。,
徐氏,孔,定,女,34,741-01-01,807-01-01,是,东平,进士,,,,,,徐氏，孔子第34代孙。,
孔定僊,孔,定,男,34,744-01-01,810-01-01,是,寿张,太学生,,,,,,孔定僊，孔子第34代孙。,
孔定僋,孔,定,男,34,743-01-01,805-01-01,是,范县,县丞,,,,,,孔定僋，孔子第34代孙。,
孔定僌,孔,定,男,34,747-01-01,811-01-01,是,濮州,主簿,,,,,,孔定僌，孔子第34代孙。,
孔定働,孔,定,男,34,744-01-01,817-01-01,是,开州,训导,,,,,,孔定働，孔子第34代孙。,
孔定僎,孔,定,男,34,742-01-01,804-01-01,是,长垣,教谕,,,,,,孔定僎，孔子第34代孙。,
孔定像,孔,定,男,34,748-01-01,813-01-01,是,东明,商人,,,,,,孔定像，孔子第34代孙。,
郭娘,孔,定,女,34,745-01-01,814-01-01,是,荷泽,官员,,,,,,郭娘，孔子第34代孙。,
孔定僑,孔,定,男,34,743-01-01,824-01-01,是,曹州,学者,,,,,,孔定僑，孔子第34代孙。,
孔定僒,孔,定,男,34,742-01-01,808-01-01,是,定陶,大夫,,,,,,孔定僒，孔子第34代孙。,
王娘,孔,定,女,34,741-01-01,802-01-01,是,单县,士,,,,,,王娘，孔子第34代孙。,
孔定僔,孔,定,男,34,748-01-01,818-01-01,是,成武,农,,,,,,孔定僔，孔子第34代孙。,
孔定僕,孔,定,男,34,743-01-01,816-01-01,是,巨野,商,,,,,,孔定僕，孔子第34代孙。,
孔定僖,孔,定,男,34,746-01-01,807-01-01,是,郓城,儒,,,,,,孔定僖，孔子第34代孙。,
杨姑,孔,定,女,34,746-01-01,815-01-01,是,鄄城,工部侍郎,,,,,,杨姑，孔子第34代孙。,
赵氏,孔,定,女,34,743-01-01,826-01-01,是,曲阜,礼部尚书,,,,,,赵氏，孔子第34代孙。,
孔定僙,孔,定,男,34,748-01-01,832-01-01,是,滋阳,知州,,,,,,孔定僙，孔子第34代孙。,
孔定僚,孔,定,男,34,746-01-01,827-01-01,是,济宁,知县,,,,,,孔定僚，孔子第34代孙。,
吴氏,孔,定,女,34,742-01-01,807-01-01,是,邹县,举人,,,,,,吴氏，孔子第34代孙。,
徐娘,孔,定,女,34,747-01-01,815-01-01,是,滕县,进士,,,,,,徐娘，孔子第34代孙。,
孙姑,孔,定,女,34,747-01-01,816-01-01,是,峄县,太学生,,,,,,孙姑，孔子第34代孙。,
胡氏,孔,定,女,34,743-01-01,810-01-01,是,金乡,县丞,,,,,,胡氏，孔子第34代孙。,
朱娘,孔,定,女,34,742-01-01,810-01-01,是,鱼台,主簿,,,,,,朱娘，孔子第34代孙。,
高姑,孔,定,女,34,741-01-01,808-01-01,是,嘉祥,训导,,,,,,高姑，孔子第34代孙。,
孔定僡,孔,定,男,34,746-01-01,806-01-01,是,汶上,教谕,,,,,,孔定僡，孔子第34代孙。,
孔定僢,孔,定,男,34,743-01-01,825-01-01,是,泗水,商人,,,,,,孔定僢，孔子第34代孙。,
孔定僣,孔,定,男,34,743-01-01,811-01-01,是,宁阳,官员,,,,,,孔定僣，孔子第34代孙。,
马氏,孔,定,女,34,747-01-01,810-01-01,是,兖州,学者,,,,,,马氏，孔子第34代孙。,
孔定僥,孔,定,男,34,748-01-01,813-01-01,是,东平,大夫,,,,,,孔定僥，孔子第34代孙。,
王姑,孔,定,女,34,744-01-01,809-01-01,是,寿张,士,,,,,,王姑，孔子第34代孙。,
李氏,孔,定,女,34,748-01-01,815-01-01,是,范县,农,,,,,,李氏，孔子第34代孙。,
孔定僨,孔,定,男,34,745-01-01,807-01-01,是,濮州,商,,,,,,孔定僨，孔子第34代孙。,
孔定僩,孔,定,男,34,748-01-01,826-01-01,是,开州,儒,,,,,,孔定僩，孔子第34代孙。,
孔定僪,孔,定,男,34,745-01-01,818-01-01,是,长垣,工部侍郎,,,,,,孔定僪，孔子第34代孙。,
孔定僫,孔,定,男,34,742-01-01,805-01-01,是,东明,礼部尚书,,,,,,孔定僫，孔子第34代孙。,
孔定僬,孔,定,男,34,744-01-01,807-01-01,是,荷泽,知州,,,,,,孔定僬，孔子第34代孙。,
周氏,孔,定,女,34,745-01-01,805-01-01,是,曹州,知县,,,,,,周氏，孔子第34代孙。,
吴娘,孔,定,女,34,746-01-01,827-01-01,是,定陶,举人,,,,,,吴娘，孔子第34代孙。,
徐姑,孔,定,女,34,744-01-01,814-01-01,是,单县,进士,,,,,,徐姑，孔子第34代孙。,
孔定僰,孔,定,男,34,741-01-01,810-01-01,是,成武,太学生,,,,,,孔定僰，孔子第34代孙。,
孔定僱,孔,定,男,34,744-01-01,818-01-01,是,巨野,县丞,,,,,,孔定僱，孔子第34代孙。,
孔定僲,孔,定,男,34,743-01-01,826-01-01,是,郓城,主簿,,,,,,孔定僲，孔子第34代孙。,
孔定僳,孔,定,男,34,743-01-01,823-01-01,是,鄄城,训导,,,,,,孔定僳，孔子第34代孙。,
林娘,孔,定,女,34,748-01-01,830-01-01,是,曲阜,教谕,,,,,,林娘，孔子第34代孙。,
孔定僵,孔,定,男,34,748-01-01,818-01-01,是,滋阳,商人,,,,,,孔定僵，孔子第34代孙。,
孔定僶,孔,定,男,34,744-01-01,819-01-01,是,济宁,官员,,,,,,孔定僶，孔子第34代孙。,
马娘,孔,定,女,34,745-01-01,829-01-01,是,邹县,学者,,,,,,马娘，孔子第34代孙。,
孔泰僸,孔,泰,男,35,771-01-01,839-01-01,是,滕县,大夫,,,,,,孔泰僸，孔子第35代孙。,
孔泰價,孔,泰,男,35,774-01-01,850-01-01,是,峄县,士,,,,,,孔泰價，孔子第35代孙。,
李姑,孔,泰,女,35,773-01-01,855-01-01,是,金乡,农,,,,,,李姑，孔子第35代孙。,
刘氏,孔,泰,女,35,770-01-01,851-01-01,是,鱼台,商,,,,,,刘氏，孔子第35代孙。,
陈娘,孔,泰,女,35,769-01-01,839-01-01,是,嘉祥,儒,,,,,,陈娘，孔子第35代孙。,
杨姑,孔,泰,女,35,770-01-01,846-01-01,是,汶上,工部侍郎,,,,,,杨姑，孔子第35代孙。,
赵氏,孔,泰,女,35,774-01-01,846-01-01,是,泗水,礼部尚书,,,,,,赵氏，孔子第35代孙。,
孔泰僿,孔,泰,男,35,772-01-01,840-01-01,是,宁阳,知州,,,,,,孔泰僿，孔子第35代孙。,
孔泰儀,孔,泰,男,35,775-01-01,852-01-01,是,兖州,知县,,,,,,孔泰儀，孔子第35代孙。,
吴氏,孔,泰,女,35,771-01-01,834-01-01,是,东平,举人,,,,,,吴氏，孔子第35代孙。,
孔泰儂,孔,泰,男,35,772-01-01,844-01-01,是,寿张,进士,,,,,,孔泰儂，孔子第35代孙。,
孔泰儃,孔,泰,男,35,776-01-01,849-01-01,是,范县,太学生,,,,,,孔泰儃，孔子第35代孙。,
胡氏,孔,泰,女,35,773-01-01,848-01-01,是,濮州,县丞,,,,,,胡氏，孔子第35代孙。,
孔泰儅,孔,泰,男,35,775-01-01,848-01-01,是,开州,主簿,,,,,,孔泰儅，孔子第35代孙。,
高姑,孔,泰,女,35,771-01-01,845-01-01,是,长垣,训导,,,,,,高姑，孔子第35代孙。,
孔泰儇,孔,泰,男,35,775-01-01,837-01-01,是,东明,教谕,,,,,,孔泰儇，孔子第35代孙。,
孔泰儈,孔,泰,男,35,773-01-01,856-01-01,是,荷泽,商人,,,,,,孔泰儈，孔子第35代孙。,
孔泰儉,孔,泰,男,35,774-01-01,834-01-01,是,曹州,官员,,,,,,孔泰儉，孔子第35代孙。,
孔泰儊,孔,泰,男,35,776-01-01,857-01-01,是,定陶,学者,,,,,,孔泰儊，孔子第35代孙。,
孔泰儋,孔,泰,男,35,772-01-01,855-01-01,是,单县,大夫,,,,,,孔泰儋，孔子第35代孙。,
孔泰儌,孔,泰,男,35,776-01-01,836-01-01,是,成武,士,,,,,,孔泰儌，孔子第35代孙。,
孔泰儍,孔,泰,男,35,769-01-01,839-01-01,是,巨野,农,,,,,,孔泰儍，孔子第35代孙。,
孔泰儎,孔,泰,男,35,771-01-01,844-01-01,是,郓城,商,,,,,,孔泰儎，孔子第35代孙。,
孔泰儏,孔,泰,男,35,770-01-01,851-01-01,是,鄄城,儒,,,,,,孔泰儏，孔子第35代孙。,
杨氏,孔,泰,女,35,770-01-01,842-01-01,是,曲阜,工部侍郎,,,,,,杨氏，孔子第35代孙。,
孔泰儑,孔,泰,男,35,772-01-01,833-01-01,是,滋阳,礼部尚书,,,,,,孔泰儑，孔子第35代孙。,
孔泰儒,孔,泰,男,35,770-01-01,843-01-01,是,济宁,知州,,,,,,孔泰儒，孔子第35代孙。,
孔泰儓,孔,泰,男,35,776-01-01,850-01-01,是,邹县,知县,,,,,,孔泰儓，孔子第35代孙。,
孔泰儔,孔,泰,男,35,776-01-01,838-01-01,是,滕县,举人,,,,,,孔泰儔，孔子第35代孙。,
徐姑,孔,泰,女,35,770-01-01,842-01-01,是,峄县,进士,,,,,,徐姑，孔子第35代孙。,
孔泰儖,孔,泰,男,35,776-01-01,844-01-01,是,金乡,太学生,,,,,,孔泰儖，孔子第35代孙。,
孔泰儗,孔,泰,男,35,771-01-01,841-01-01,是,鱼台,县丞,,,,,,孔泰儗，孔子第35代孙。,
孔泰儘,孔,泰,男,35,773-01-01,850-01-01,是,嘉祥,主簿,,,,,,孔泰儘，孔子第35代孙。,
孔泰儙,孔,泰,男,35,769-01-01,834-01-01,是,汶上,训导,,,,,,孔泰儙，孔子第35代孙。,
孔泰儚,孔,泰,男,35,774-01-01,855-01-01,是,泗水,教谕,,,,,,孔泰儚，孔子第35代孙。,
孔泰儛,孔,泰,男,35,772-01-01,844-01-01,是,宁阳,商人,,,,,,孔泰儛，孔子第35代孙。,
郭氏,孔,泰,女,35,769-01-01,849-01-01,是,兖州,官员,,,,,,郭氏，孔子第35代孙。,
马娘,孔,泰,女,35,769-01-01,845-01-01,是,东平,学者,,,,,,马娘，孔子第35代孙。,
孔泰儞,孔,泰,男,35,776-01-01,858-01-01,是,寿张,大夫,,,,,,孔泰儞，孔子第35代孙。,
孔泰償,孔,泰,男,35,772-01-01,835-01-01,是,范县,士,,,,,,孔泰償，孔子第35代孙。,
李娘,孔,泰,女,35,776-01-01,856-01-01,是,濮州,农,,,,,,李娘，孔子第35代孙。,
刘姑,孔,泰,女,35,769-01-01,844-01-01,是,开州,商,,,,,,刘姑，孔子第35代孙。,
陈氏,孔,泰,女,35,770-01-01,851-01-01,是,长垣,儒,,,,,,陈氏，孔子第35代孙。,
孔泰儣,孔,泰,男,35,773-01-01,849-01-01,是,东明,工部侍郎,,,,,,孔泰儣，孔子第35代孙。,
孔泰儤,孔,泰,男,35,776-01-01,851-01-01,是,荷泽,礼部尚书,,,,,,孔泰儤，孔子第35代孙。,
孔泰儥,孔,泰,男,35,773-01-01,838-01-01,是,曹州,知州,,,,,,孔泰儥，孔子第35代孙。,
周娘,孔,泰,女,35,775-01-01,838-01-01,是,定陶,知县,,,,,,周娘，孔子第35代孙。,
吴姑,孔,泰,女,35,776-01-01,836-01-01,是,单县,举人,,,,,,吴姑，孔子第35代孙。,
徐氏,孔,泰,女,35,770-01-01,837-01-01,是,成武,进士,,,,,,徐氏，孔子第35代孙。,
孙娘,孔,泰,女,35,771-01-01,845-01-01,是,巨野,太学生,,,,,,孙娘，孔子第35代孙。,
孔泰優,孔,泰,男,35,771-01-01,844-01-01,是,郓城,县丞,,,,,,孔泰優，孔子第35代孙。,
朱氏,孔,泰,女,35,771-01-01,855-01-01,是,鄄城,主簿,,,,,,朱氏，孔子第35代孙。,
高娘,孔,泰,女,35,772-01-01,855-01-01,是,曲阜,训导,,,,,,高娘，孔子第35代孙。,
林姑,孔,泰,女,35,773-01-01,850-01-01,是,滋阳,教谕,,,,,,林姑，孔子第35代孙。,
孔泰儮,孔,泰,男,35,776-01-01,855-01-01,是,济宁,商人,,,,,,孔泰儮，孔子第35代孙。,
孔泰儯,孔,泰,男,35,772-01-01,835-01-01,是,邹县,官员,,,,,,孔泰儯，孔子第35代孙。,
孔泰儰,孔,泰,男,35,772-01-01,835-01-01,是,滕县,学者,,,,,,孔泰儰，孔子第35代孙。,
孔泰儱,孔,泰,男,35,774-01-01,845-01-01,是,峄县,大夫,,,,,,孔泰儱，孔子第35代孙。,
孔泰儲,孔,泰,男,35,772-01-01,842-01-01,是,金乡,士,,,,,,孔泰儲，孔子第35代孙。,
孔泰儳,孔,泰,男,35,776-01-01,836-01-01,是,鱼台,农,,,,,,孔泰儳，孔子第35代孙。,
孔泰儴,孔,泰,男,35,773-01-01,843-01-01,是,嘉祥,商,,,,,,孔泰儴，孔子第35代孙。,
孔泰儵,孔,泰,男,35,776-01-01,849-01-01,是,汶上,儒,,,,,,孔泰儵，孔子第35代孙。,
杨姑,孔,泰,女,35,771-01-01,842-01-01,是,泗水,工部侍郎,,,,,,杨姑，孔子第35代孙。,
孔泰儷,孔,泰,男,35,769-01-01,845-01-01,是,宁阳,礼部尚书,,,,,,孔泰儷，孔子第35代孙。,
孔泰儸,孔,泰,男,35,771-01-01,835-01-01,是,兖州,知州,,,,,,孔泰儸，孔子第35代孙。,
周姑,孔,泰,女,35,772-01-01,856-01-01,是,东平,知县,,,,,,周姑，孔子第35代孙。,
孔泰儺,孔,泰,男,35,770-01-01,832-01-01,是,寿张,举人,,,,,,孔泰儺，孔子第35代孙。,
孔泰儻,孔,泰,男,35,776-01-01,839-01-01,是,范县,进士,,,,,,孔泰儻，孔子第35代孙。,
孙姑,孔,泰,女,35,775-01-01,848-01-01,是,濮州,太学生,,,,,,孙姑，孔子第35代孙。,
孔泰儽,孔,泰,男,35,775-01-01,843-01-01,是,开州,县丞,,,,,,孔泰儽，孔子第35代孙。,
朱娘,孔,泰,女,35,771-01-01,839-01-01,是,长垣,主簿,,,,,,朱娘，孔子第35代孙。,
高姑,孔,泰,女,35,773-01-01,850-01-01,是,东明,训导,,,,,,高姑，孔子第35代孙。,
林氏,孔,泰,女,35,771-01-01,842-01-01,是,荷泽,教谕,,,,,,林氏，孔子第35代孙。,
孔泰允,孔,泰,男,35,773-01-01,856-01-01,是,曹州,商人,,,,,,孔泰允，孔子第35代孙。,
孔泰兂,孔,泰,男,35,774-01-01,850-01-01,是,定陶,官员,,,,,,孔泰兂，孔子第35代孙。,
孔泰元,孔,泰,男,35,773-01-01,842-01-01,是,单县,学者,,,,,,孔泰元，孔子第35代孙。,
孔泰兄,孔,泰,男,35,772-01-01,833-01-01,是,成武,大夫,,,,,,孔泰兄，孔子第35代孙。,
孔泰充,孔,泰,男,35,773-01-01,856-01-01,是,巨野,士,,,,,,孔泰充，孔子第35代孙。,
孔泰兆,孔,泰,男,35,773-01-01,845-01-01,是,郓城,农,,,,,,孔泰兆，孔子第35代孙。,
孔泰兇,孔,泰,男,35,773-01-01,850-01-01,是,鄄城,商,,,,,,孔泰兇，孔子第35代孙。,
孔振先,孔,振,男,36,800-01-01,873-01-01,是,曲阜,儒,,,,,,孔振先，孔子第36代孙。,
杨娘,孔,振,女,36,803-01-01,887-01-01,是,滋阳,工部侍郎,,,,,,杨娘，孔子第36代孙。,
赵姑,孔,振,女,36,800-01-01,881-01-01,是,济宁,礼部尚书,,,,,,赵姑，孔子第36代孙。,
黄氏,孔,振,女,36,804-01-01,866-01-01,是,邹县,知州,,,,,,黄氏，孔子第36代孙。,
孔振兌,孔,振,男,36,801-01-01,863-01-01,是,滕县,知县,,,,,,孔振兌，孔子第36代孙。,
孔振免,孔,振,男,36,800-01-01,882-01-01,是,峄县,举人,,,,,,孔振免，孔子第36代孙。,
孔振兎,孔,振,男,36,797-01-01,866-01-01,是,金乡,进士,,,,,,孔振兎，孔子第36代孙。,
孔振兏,孔,振,男,36,803-01-01,886-01-01,是,鱼台,太学生,,,,,,孔振兏，孔子第36代孙。,
胡姑,孔,振,女,36,802-01-01,884-01-01,是,嘉祥,县丞,,,,,,胡姑，孔子第36代孙。,
朱氏,孔,振,女,36,803-01-01,885-01-01,是,汶上,主簿,,,,,,朱氏，孔子第36代孙。,
孔振兒,孔,振,男,36,798-01-01,873-01-01,是,泗水,训导,,,,,,孔振兒，孔子第36代孙。,
林姑,孔,振,女,36,799-01-01,862-01-01,是,宁阳,教谕,,,,,,林姑，孔子第36代孙。,
何氏,孔,振,女,36,800-01-01,866-01-01,是,兖州,商人,,,,,,何氏，孔子第36代孙。,
郭娘,孔,振,女,36,804-01-01,867-01-01,是,东平,官员,,,,,,郭娘，孔子第36代孙。,
孔振兖,孔,振,男,36,798-01-01,865-01-01,是,寿张,学者,,,,,,孔振兖，孔子第36代孙。,
孔振兗,孔,振,男,36,803-01-01,874-01-01,是,范县,大夫,,,,,,孔振兗，孔子第36代孙。,
王娘,孔,振,女,36,800-01-01,868-01-01,是,濮州,士,,,,,,王娘，孔子第36代孙。,
孔振兙,孔,振,男,36,797-01-01,859-01-01,是,开州,农,,,,,,孔振兙，孔子第36代孙。,
孔振党,孔,振,男,36,799-01-01,861-01-01,是,长垣,商,,,,,,孔振党，孔子第36代孙。,
陈娘,孔,振,女,36,799-01-01,866-01-01,是,东明,儒,,,,,,陈娘，孔子第36代孙。,
孔振兜,孔,振,男,36,801-01-01,868-01-01,是,荷泽,工部侍郎,,,,,,孔振兜，孔子第36代孙。,
赵氏,孔,振,女,36,803-01-01,870-01-01,是,曹州,礼部尚书,,,,,,赵氏，孔子第36代孙。,
黄娘,孔,振,女,36,798-01-01,872-01-01,是,定陶,知州,,,,,,黄娘，孔子第36代孙。,
孔振兟,孔,振,男,36,802-01-01,885-01-01,是,单县,知县,,,,,,孔振兟，孔子第36代孙。,
孔振兠,孔,振,男,36,802-01-01,874-01-01,是,成武,举人,,,,,,孔振兠，孔子第36代孙。,
孔振兡,孔,振,男,36,798-01-01,882-01-01,是,巨野,进士,,,,,,孔振兡，孔子第36代孙。,
孔振兢,孔,振,男,36,798-01-01,877-01-01,是,郓城,太学生,,,,,,孔振兢，孔子第36代孙。,
孔振兣,孔,振,男,36,801-01-01,863-01-01,是,鄄城,县丞,,,,,,孔振兣，孔子第36代孙。,
朱娘,孔,振,女,36,801-01-01,862-01-01,是,曲阜,主簿,,,,,,朱娘，孔子第36代孙。,
高姑,孔,振,女,36,797-01-01,878-01-01,是,滋阳,训导,,,,,,高姑，孔子第36代孙。,
孔振兦,孔,振,男,36,797-01-01,868-01-01,是,济宁,教谕,,,,,,孔振兦，孔子第36代孙。,
何娘,孔,振,女,36,799-01-01,864-01-01,是,邹县,商人,,,,,,何娘，孔子第36代孙。,
孔振全,孔,振,男,36,801-01-01,871-01-01,是,滕县,官员,,,,,,孔振全，孔子第36代孙。,
孔振兩,孔,振,男,36,803-01-01,882-01-01,是,峄县,学者,,,,,,孔振兩，孔子第36代孙。,
张娘,孔,振,女,36,803-01-01,871-01-01,是,金乡,大夫,,,,,,张娘，孔子第36代孙。,
王姑,孔,振,女,36,800-01-01,860-01-01,是,鱼台,士,,,,,,王姑，孔子第36代孙。,
孔振公,孔,振,男,36,801-01-01,882-01-01,是,嘉祥,农,,,,,,孔振公，孔子第36代孙。,
刘娘,孔,振,女,36,801-01-01,863-01-01,是,汶上,商,,,,,,刘娘，孔子第36代孙。,
孔振兮,孔,振,男,36,798-01-01,869-01-01,是,泗水,儒,,,,,,孔振兮，孔子第36代孙。,
孔振兯,孔,振,男,36,802-01-01,862-01-01,是,宁阳,工部侍郎,,,,,,孔振兯，孔子第36代孙。,
赵娘,孔,振,女,36,799-01-01,879-01-01,是,兖州,礼部尚书,,,,,,赵娘，孔子第36代孙。,
孔振共,孔,振,男,36,803-01-01,875-01-01,是,东平,知州,,,,,,孔振共，孔子第36代孙。,
孔振兲,孔,振,男,36,803-01-01,867-01-01,是,寿张,知县,,,,,,孔振兲，孔子第36代孙。,
吴娘,孔,振,女,36,800-01-01,877-01-01,是,范县,举人,,,,,,吴娘，孔子第36代孙。,
孔振兴,孔,振,男,36,802-01-01,871-01-01,是,濮州,进士,,,,,,孔振兴，孔子第36代孙。,
孙氏,孔,振,女,36,797-01-01,875-01-01,是,开州,太学生,,,,,,孙氏，孔子第36代孙。,
孔振其,孔,振,男,36,800-01-01,862-01-01,是,长垣,县丞,,,,,,孔振其，孔子第36代孙。,
孔振具,孔,振,男,36,798-01-01,874-01-01,是,东明,主簿,,,,,,孔振具，孔子第36代孙。,
高氏,孔,振,女,36,801-01-01,877-01-01,是,荷泽,训导,,,,,,高氏，孔子第36代孙。,
孔振兹,孔,振,男,36,797-01-01,858-01-01,是,曹州,教谕,,,,,,孔振兹，孔子第36代孙。,
孔振兺,孔,振,男,36,800-01-01,880-01-01,是,定陶,商人,,,,,,孔振兺，孔子第36代孙。,
孔振养,孔,振,男,36,804-01-01,885-01-01,是,单县,官员,,,,,,孔振养，孔子第36代孙。,
孔振兼,孔,振,男,36,803-01-01,882-01-01,是,成武,学者,,,,,,孔振兼，孔子第36代孙。,
孔振兽,孔,振,男,36,800-01-01,863-01-01,是,巨野,大夫,,,,,,孔振兽，孔子第36代孙。,
孔振兾,孔,振,男,36,797-01-01,861-01-01,是,郓城,士,,,,,,孔振兾，孔子第36代孙。,
李娘,孔,振,女,36,798-01-01,879-01-01,是,鄄城,农,,,,,,李娘，孔子第36代孙。,
孔振冀,孔,振,男,36,802-01-01,872-01-01,是,曲阜,商,,,,,,孔振冀，孔子第36代孙。,
孔振冁,孔,振,男,36,801-01-01,862-01-01,是,滋阳,儒,,,,,,孔振冁，孔子第36代孙。,
杨娘,孔,振,女,36,803-01-01,878-01-01,是,济宁,工部侍郎,,,,,,杨娘，孔子第36代孙。,
赵姑,孔,振,女,36,801-01-01,881-01-01,是,邹县,礼部尚书,,,,,,赵姑，孔子第36代孙。,
黄氏,孔,振,女,36,798-01-01,858-01-01,是,滕县,知州,,,,,,黄氏，孔子第36代孙。,
孔振内,孔,振,男,36,797-01-01,876-01-01,是,峄县,知县,,,,,,孔振内，孔子第36代孙。,
孔振円,孔,振,男,36,803-01-01,870-01-01,是,金乡,举人,,,,,,孔振円，孔子第36代孙。,
孔振冇,孔,振,男,36,802-01-01,877-01-01,是,鱼台,进士,,,,,,孔振冇，孔子第36代孙。,
孔振冈,孔,振,男,36,798-01-01,879-01-01,是,嘉祥,太学生,,,,,,孔振冈，孔子第36代孙。,
孔振冉,孔,振,男,36,801-01-01,863-01-01,是,汶上,县丞,,,,,,孔振冉，孔子第36代孙。,
孔振冊,孔,振,男,36,797-01-01,880-01-01,是,泗水,主簿,,,,,,孔振冊，孔子第36代孙。,
高娘,孔,振,女,36,804-01-01,871-01-01,是,宁阳,训导,,,,,,高娘，孔子第36代孙。,
孔振册,孔,振,男,36,799-01-01,869-01-01,是,兖州,教谕,,,,,,孔振册，孔子第36代孙。,
孔振再,孔,振,男,36,797-01-01,867-01-01,是,东平,商人,,,,,,孔振再，孔子第36代孙。,
孔振冎,孔,振,男,36,800-01-01,865-01-01,是,寿张,官员,,,,,,孔振冎，孔子第36代孙。,
孔振冏,孔,振,男,36,800-01-01,872-01-01,是,范县,学者,,,,,,孔振冏，孔子第36代孙。,
孔振冐,孔,振,男,36,798-01-01,862-01-01,是,濮州,大夫,,,,,,孔振冐，孔子第36代孙。,
孔振冑,孔,振,男,36,797-01-01,864-01-01,是,开州,士,,,,,,孔振冑，孔子第36代孙。,
李姑,孔,振,女,36,798-01-01,863-01-01,是,长垣,农,,,,,,李姑，孔子第36代孙。,
孔振冓,孔,振,男,36,800-01-01,877-01-01,是,东明,商,,,,,,孔振冓，孔子第36代孙。,
陈娘,孔,振,女,36,799-01-01,859-01-01,是,荷泽,儒,,,,,,陈娘，孔子第36代孙。,
孔振冕,孔,振,男,36,801-01-01,880-01-01,是,曹州,工部侍郎,,,,,,孔振冕，孔子第36代孙。,
孔振冖,孔,振,男,36,799-01-01,860-01-01,是,定陶,礼部尚书,,,,,,孔振冖，孔子第36代孙。,
黄娘,孔,振,女,36,804-01-01,882-01-01,是,单县,知州,,,,,,黄娘，孔子第36代孙。,
孔家冘,孔,家,男,37,828-01-01,898-01-01,是,成武,知县,,,,,,孔家冘，孔子第37代孙。,
孔家写,孔,家,男,37,831-01-01,914-01-01,是,巨野,举人,,,,,,孔家写，孔子第37代孙。,
孔家冚,孔,家,男,37,828-01-01,897-01-01,是,郓城,进士,,,,,,孔家冚，孔子第37代孙。,
孔家军,孔,家,男,37,829-01-01,903-01-01,是,鄄城,太学生,,,,,,孔家军，孔子第37代孙。,
胡娘,孔,家,女,37,832-01-01,916-01-01,是,曲阜,县丞,,,,,,胡娘，孔子第37代孙。,
孔家冝,孔,家,男,37,831-01-01,903-01-01,是,滋阳,主簿,,,,,,孔家冝，孔子第37代孙。,
高氏,孔,家,女,37,825-01-01,893-01-01,是,济宁,训导,,,,,,高氏，孔子第37代孙。,
孔家冟,孔,家,男,37,829-01-01,896-01-01,是,邹县,教谕,,,,,,孔家冟，孔子第37代孙。,
孔家冠,孔,家,男,37,825-01-01,907-01-01,是,滕县,商人,,,,,,孔家冠，孔子第37代孙。,
孔家冡,孔,家,男,37,829-01-01,891-01-01,是,峄县,官员,,,,,,孔家冡，孔子第37代孙。,
孔家冢,孔,家,男,37,832-01-01,900-01-01,是,金乡,学者,,,,,,孔家冢，孔子第37代孙。,
张姑,孔,家,女,37,825-01-01,904-01-01,是,鱼台,大夫,,,,,,张姑，孔子第37代孙。,
孔家冤,孔,家,男,37,831-01-01,902-01-01,是,嘉祥,士,,,,,,孔家冤，孔子第37代孙。,
孔家冥,孔,家,男,37,826-01-01,901-01-01,是,汶上,农,,,,,,孔家冥，孔子第37代孙。,
孔家冦,孔,家,男,37,827-01-01,908-01-01,是,泗水,商,,,,,,孔家冦，孔子第37代孙。,
孔家冧,孔,家,男,37,831-01-01,895-01-01,是,宁阳,儒,,,,,,孔家冧，孔子第37代孙。,
孔家冨,孔,家,男,37,827-01-01,902-01-01,是,兖州,工部侍郎,,,,,,孔家冨，孔子第37代孙。,
赵姑,孔,家,女,37,832-01-01,906-01-01,是,东平,礼部尚书,,,,,,赵姑，孔子第37代孙。,
孔家冪,孔,家,男,37,829-01-01,896-01-01,是,寿张,知州,,,,,,孔家冪，孔子第37代孙。,
孔家冫,孔,家,男,37,831-01-01,901-01-01,是,范县,知县,,,,,,孔家冫，孔子第37代孙。,
孔家冬,孔,家,男,37,827-01-01,904-01-01,是,濮州,举人,,,,,,孔家冬，孔子第37代孙。,
孔家冭,孔,家,男,37,832-01-01,913-01-01,是,开州,进士,,,,,,孔家冭，孔子第37代孙。,
孔家冮,孔,家,男,37,830-01-01,914-01-01,是,长垣,太学生,,,,,,孔家冮，孔子第37代孙。,
孔家冯,孔,家,男,37,829-01-01,894-01-01,是,东明,县丞,,,,,,孔家冯，孔子第37代孙。,
孔家冰,孔,家,男,37,829-01-01,892-01-01,是,荷泽,主簿,,,,,,孔家冰，孔子第37代孙。,
孔家冱,孔,家,男,37,831-01-01,915-01-01,是,曹州,训导,,,,,,孔家冱，孔子第37代孙。,
孔家冲,孔,家,男,37,831-01-01,905-01-01,是,定陶,教谕,,,,,,孔家冲，孔子第37代孙。,
何氏,孔,家,女,37,829-01-01,902-01-01,是,单县,商人,,,,,,何氏，孔子第37代孙。,
孔家冴,孔,家,男,37,830-01-01,905-01-01,是,成武,官员,,,,,,孔家冴，孔子第37代孙。,
孔家况,孔,家,男,37,829-01-01,906-01-01,是,巨野,学者,,,,,,孔家况，孔子第37代孙。,
张氏,孔,家,女,37,826-01-01,891-01-01,是,郓城,大夫,,,,,,张氏，孔子第37代孙。,
孔家冷,孔,家,男,37,825-01-01,899-01-01,是,鄄城,士,,,,,,孔家冷，孔子第37代孙。,
孔家冸,孔,家,男,37,830-01-01,890-01-01,是,曲阜,农,,,,,,孔家冸，孔子第37代孙。,
刘氏,孔,家,女,37,829-01-01,906-01-01,是,滋阳,商,,,,,,刘氏，孔子第37代孙。,
孔家冺,孔,家,男,37,825-01-01,888-01-01,是,济宁,儒,,,,,,孔家冺，孔子第37代孙。,
杨姑,孔,家,女,37,831-01-01,900-01-01,是,邹县,工部侍郎,,,,,,杨姑，孔子第37代孙。,
孔家冼,孔,家,男,37,825-01-01,895-01-01,是,滕县,礼部尚书,,,,,,孔家冼，孔子第37代孙。,
孔家冽,孔,家,男,37,825-01-01,894-01-01,是,峄县,知州,,,,,,孔家冽，孔子第37代孙。,
孔家冾,孔,家,男,37,830-01-01,891-01-01,是,金乡,知县,,,,,,孔家冾，孔子第37代孙。,
孔家冿,孔,家,男,37,825-01-01,892-01-01,是,鱼台,举人,,,,,,孔家冿，孔子第37代孙。,
孔家净,孔,家,男,37,828-01-01,899-01-01,是,嘉祥,进士,,,,,,孔家净，孔子第37代孙。,
孔家凁,孔,家,男,37,829-01-01,892-01-01,是,汶上,太学生,,,,,,孔家凁，孔子第37代孙。,
胡氏,孔,家,女,37,831-01-01,895-01-01,是,泗水,县丞,,,,,,胡氏，孔子第37代孙。,
孔家凃,孔,家,男,37,827-01-01,896-01-01,是,宁阳,主簿,,,,,,孔家凃，孔子第37代孙。,
孔家凄,孔,家,男,37,827-01-01,896-01-01,是,兖州,训导,,,,,,孔家凄，孔子第37代孙。,
孔家凅,孔,家,男,37,831-01-01,893-01-01,是,东平,教谕,,,,,,孔家凅，孔子第37代孙。,
孔家准,孔,家,男,37,825-01-01,901-01-01,是,寿张,商人,,,,,,孔家准，孔子第37代孙。,
孔家凇,孔,家,男,37,829-01-01,900-01-01,是,范县,官员,,,,,,孔家凇，孔子第37代孙。,
孔家凈,孔,家,男,37,826-01-01,906-01-01,是,濮州,学者,,,,,,孔家凈，孔子第37代孙。,
张娘,孔,家,女,37,825-01-01,895-01-01,是,开州,大夫,,,,,,张娘，孔子第37代孙。,
孔家凊,孔,家,男,37,829-01-01,893-01-01,是,长垣,士,,,,,,孔家凊，孔子第37代孙。,
李氏,孔,家,女,37,832-01-01,894-01-01,是,东明,农,,,,,,李氏，孔子第37代孙。,
孔家凌,孔,家,男,37,825-01-01,891-01-01,是,荷泽,商,,,,,,孔家凌，孔子第37代孙。,
陈姑,孔,家,女,37,830-01-01,891-01-01,是,曹州,儒,,,,,,陈姑，孔子第37代孙。,
孔家凎,孔,家,男,37,832-01-01,901-01-01,是,定陶,工部侍郎,,,,,,孔家凎，孔子第37代孙。,
孔家减,孔,家,男,37,828-01-01,895-01-01,是,单县,礼部尚书,,,,,,孔家减，孔子第37代孙。,
黄姑,孔,家,女,37,831-01-01,909-01-01,是,成武,知州,,,,,,黄姑，孔子第37代孙。,
孔家凑,孔,家,男,37,832-01-01,896-01-01,是,巨野,知县,,,,,,孔家凑，孔子第37代孙。,
吴娘,孔,家,女,37,829-01-01,891-01-01,是,郓城,举人,,,,,,吴娘，孔子第37代孙。,
孔家凓,孔,家,男,37,828-01-01,907-01-01,是,鄄城,进士,,,,,,孔家凓，孔子第37代孙。,
孔家凔,孔,家,男,37,829-01-01,907-01-01,是,曲阜,太学生,,,,,,孔家凔，孔子第37代孙。,
胡娘,孔,家,女,37,830-01-01,908-01-01,是,滋阳,县丞,,,,,,胡娘，孔子第37代孙。,
朱姑,孔,家,女,37,828-01-01,897-01-01,是,济宁,主簿,,,,,,朱姑，孔子第37代孙。,
孔家凗,孔,家,男,37,826-01-01,887-01-01,是,邹县,训导,,,,,,孔家凗，孔子第37代孙。,
孔家凘,孔,家,男,37,827-01-01,887-01-01,是,滕县,教谕,,,,,,孔家凘，孔子第37代孙。,
孔家凙,孔,家,男,37,826-01-01,893-01-01,是,峄县,商人,,,,,,孔家凙，孔子第37代孙。,
孔家凚,孔,家,男,37,826-01-01,891-01-01,是,金乡,官员,,,,,,孔家凚，孔子第37代孙。,
孔家凛,孔,家,男,37,825-01-01,906-01-01,是,鱼台,学者,,,,,,孔家凛，孔子第37代孙。,
孔家凜,孔,家,男,37,830-01-01,909-01-01,是,嘉祥,大夫,,,,,,孔家凜，孔子第37代孙。,
王氏,孔,家,女,37,827-01-01,900-01-01,是,汶上,士,,,,,,王氏，孔子第37代孙。,
孔家凞,孔,家,男,37,830-01-01,909-01-01,是,泗水,农,,,,,,孔家凞，孔子第37代孙。,
刘姑,孔,家,女,37,827-01-01,904-01-01,是,宁阳,商,,,,,,刘姑，孔子第37代孙。,
孔家几,孔,家,男,37,832-01-01,893-01-01,是,兖州,儒,,,,,,孔家几，孔子第37代孙。,
杨娘,孔,家,女,37,830-01-01,914-01-01,是,东平,工部侍郎,,,,,,杨娘，孔子第37代孙。,
孔家凢,孔,家,男,37,830-01-01,899-01-01,是,寿张,礼部尚书,,,,,,孔家凢，孔子第37代孙。,
孔家凣,孔,家,男,37,827-01-01,893-01-01,是,范县,知州,,,,,,孔家凣，孔子第37代孙。,
孔家凤,孔,家,男,37,830-01-01,894-01-01,是,濮州,知县,,,,,,孔家凤，孔子第37代孙。,
孔家凥,孔,家,男,37,827-01-01,899-01-01,是,开州,举人,,,,,,孔家凥，孔子第37代孙。,
孔家処,孔,家,男,37,826-01-01,891-01-01,是,长垣,进士,,,,,,孔家処，孔子第37代孙。,
孙娘,孔,家,女,37,831-01-01,898-01-01,是,东明,太学生,,,,,,孙娘，孔子第37代孙。,
孔长一,孔,长,男,38,854-01-01,917-01-01,是,荷泽,县丞,,,,,,孔长一，孔子第38代孙。,
孔长丁,孔,长,男,38,859-01-01,930-01-01,是,曹州,主簿,,,,,,孔长丁，孔子第38代孙。,
高姑,孔,长,女,38,856-01-01,929-01-01,是,定陶,训导,,,,,,高姑，孔子第38代孙。,
孔长七,孔,长,男,38,855-01-01,926-01-01,是,单县,教谕,,,,,,孔长七，孔子第38代孙。,
孔长丄,孔,长,男,38,859-01-01,936-01-01,是,成武,商人,,,,,,孔长丄，孔子第38代孙。,
郭姑,孔,长,女,38,855-01-01,927-01-01,是,巨野,官员,,,,,,郭姑，孔子第38代孙。,
马氏,孔,长,女,38,855-01-01,932-01-01,是,郓城,学者,,,,,,马氏，孔子第38代孙。,
张娘,孔,长,女,38,856-01-01,920-01-01,是,鄄城,大夫,,,,,,张娘，孔子第38代孙。,
孔长丈,孔,长,男,38,858-01-01,941-01-01,是,曲阜,士,,,,,,孔长丈，孔子第38代孙。,
李氏,孔,长,女,38,858-01-01,939-01-01,是,滋阳,农,,,,,,李氏，孔子第38代孙。,
孔长上,孔,长,男,38,858-01-01,919-01-01,是,济宁,商,,,,,,孔长上，孔子第38代孙。,
陈姑,孔,长,女,38,853-01-01,922-01-01,是,邹县,儒,,,,,,陈姑，孔子第38代孙。,
杨氏,孔,长,女,38,857-01-01,936-01-01,是,滕县,工部侍郎,,,,,,杨氏，孔子第38代孙。,
赵娘,孔,长,女,38,855-01-01,922-01-01,是,峄县,礼部尚书,,,,,,赵娘，孔子第38代孙。,
孔长与,孔,长,男,38,860-01-01,921-01-01,是,金乡,知州,,,,,,孔长与，孔子第38代孙。,
孔长丏,孔,长,男,38,856-01-01,927-01-01,是,鱼台,知县,,,,,,孔长丏，孔子第38代孙。,
孔长丐,孔,长,男,38,857-01-01,932-01-01,是,嘉祥,举人,,,,,,孔长丐，孔子第38代孙。,
徐姑,孔,长,女,38,854-01-01,938-01-01,是,汶上,进士,,,,,,徐姑，孔子第38代孙。,
孔长丒,孔,长,男,38,853-01-01,916-01-01,是,泗水,太学生,,,,,,孔长丒，孔子第38代孙。,
孔长专,孔,长,男,38,855-01-01,922-01-01,是,宁阳,县丞,,,,,,孔长专，孔子第38代孙。,
朱姑,孔,长,女,38,856-01-01,935-01-01,是,兖州,主簿,,,,,,朱姑，孔子第38代孙。,
孔长丕,孔,长,男,38,857-01-01,921-01-01,是,东平,训导,,,,,,孔长丕，孔子第38代孙。,
孔长世,孔,长,男,38,857-01-01,931-01-01,是,寿张,教谕,,,,,,孔长世，孔子第38代孙。,
孔长丗,孔,长,男,38,857-01-01,937-01-01,是,范县,商人,,,,,,孔长丗，孔子第38代孙。,
孔长丘,孔,长,男,38,860-01-01,924-01-01,是,濮州,官员,,,,,,孔长丘，孔子第38代孙。,
孔长丙,孔,长,男,38,855-01-01,932-01-01,是,开州,学者,,,,,,孔长丙，孔子第38代孙。,
张姑,孔,长,女,38,856-01-01,933-01-01,是,长垣,大夫,,,,,,张姑，孔子第38代孙。,
王氏,孔,长,女,38,854-01-01,928-01-01,是,东明,士,,,,,,王氏，孔子第38代孙。,
孔长东,孔,长,男,38,855-01-01,938-01-01,是,荷泽,农,,,,,,孔长东，孔子第38代孙。,
刘姑,孔,长,女,38,860-01-01,934-01-01,是,曹州,商,,,,,,刘姑，孔子第38代孙。,
陈氏,孔,长,女,38,855-01-01,937-01-01,是,定陶,儒,,,,,,陈氏，孔子第38代孙。,
孔长丟,孔,长,男,38,855-01-01,936-01-01,是,单县,工部侍郎,,,,,,孔长丟，孔子第38代孙。,
孔长丠,孔,长,男,38,856-01-01,940-01-01,是,成武,礼部尚书,,,,,,孔长丠，孔子第38代孙。,
孔长両,孔,长,男,38,860-01-01,927-01-01,是,巨野,知州,,,,,,孔长両，孔子第38代孙。,
孔长丢,孔,长,男,38,853-01-01,937-01-01,是,郓城,知县,,,,,,孔长丢，孔子第38代孙。,
吴姑,孔,长,女,38,857-01-01,927-01-01,是,鄄城,举人,,,,,,吴姑，孔子第38代孙。,
孔长两,孔,长,男,38,859-01-01,925-01-01,是,曲阜,进士,,,,,,孔长两，孔子第38代孙。,
孔长严,孔,长,男,38,854-01-01,937-01-01,是,滋阳,太学生,,,,,,孔长严，孔子第38代孙。,
孔长並,孔,长,男,38,856-01-01,939-01-01,是,济宁,县丞,,,,,,孔长並，孔子第38代孙。,
朱氏,孔,长,女,38,855-01-01,928-01-01,是,邹县,主簿,,,,,,朱氏，孔子第38代孙。,
孔长丨,孔,长,男,38,855-01-01,923-01-01,是,滕县,训导,,,,,,孔长丨，孔子第38代孙。,
孔长丩,孔,长,男,38,854-01-01,938-01-01,是,峄县,教谕,,,,,,孔长丩，孔子第38代孙。,
孔长个,孔,长,男,38,858-01-01,930-01-01,是,金乡,商人,,,,,,孔长个，孔子第38代孙。,
孔长丫,孔,长,男,38,857-01-01,931-01-01,是,鱼台,官员,,,,,,孔长丫，孔子第38代孙。,
马姑,孔,长,女,38,854-01-01,922-01-01,是,嘉祥,学者,,,,,,马姑，孔子第38代孙。,
孔长中,孔,长,男,38,859-01-01,929-01-01,是,汶上,大夫,,,,,,孔长中，孔子第38代孙。,
王娘,孔,长,女,38,853-01-01,919-01-01,是,泗水,士,,,,,,王娘，孔子第38代孙。,
李姑,孔,长,女,38,856-01-01,929-01-01,是,宁阳,农,,,,,,李姑，孔子第38代孙。,
刘氏,孔,长,女,38,857-01-01,930-01-01,是,兖州,商,,,,,,刘氏，孔子第38代孙。,
陈娘,孔,长,女,38,857-01-01,923-01-01,是,东平,儒,,,,,,陈娘，孔子第38代孙。,
孔长串,孔,长,男,38,854-01-01,916-01-01,是,寿张,工部侍郎,,,,,,孔长串，孔子第38代孙。,
赵氏,孔,长,女,38,860-01-01,924-01-01,是,范县,礼部尚书,,,,,,赵氏，孔子第38代孙。,
孔长临,孔,长,男,38,854-01-01,937-01-01,是,濮州,知州,,,,,,孔长临，孔子第38代孙。,
周姑,孔,长,女,38,855-01-01,918-01-01,是,开州,知县,,,,,,周姑，孔子第38代孙。,
孔长丶,孔,长,男,38,856-01-01,933-01-01,是,长垣,举人,,,,,,孔长丶，孔子第38代孙。,
孔长丷,孔,长,男,38,855-01-01,927-01-01,是,东明,进士,,,,,,孔长丷，孔子第38代孙。,
孔长丸,孔,长,男,38,859-01-01,928-01-01,是,荷泽,太学生,,,,,,孔长丸，孔子第38代孙。,
胡氏,孔,长,女,38,855-01-01,939-01-01,是,曹州,县丞,,,,,,胡氏，孔子第38代孙。,
孔长为,孔,长,男,38,858-01-01,920-01-01,是,定陶,主簿,,,,,,孔长为，孔子第38代孙。,
孔长主,孔,长,男,38,858-01-01,938-01-01,是,单县,训导,,,,,,孔长主，孔子第38代孙。,
林氏,孔,长,女,38,854-01-01,925-01-01,是,成武,教谕,,,,,,林氏，孔子第38代孙。,
何娘,孔,长,女,38,859-01-01,942-01-01,是,巨野,商人,,,,,,何娘，孔子第38代孙。,
郭姑,孔,长,女,38,854-01-01,914-01-01,是,郓城,官员,,,,,,郭姑，孔子第38代孙。,
孔长丿,孔,长,男,38,853-01-01,922-01-01,是,鄄城,学者,,,,,,孔长丿，孔子第38代孙。,
孔长乀,孔,长,男,38,858-01-01,921-01-01,是,曲阜,大夫,,,,,,孔长乀，孔子第38代孙。,
孔长乁,孔,长,男,38,859-01-01,919-01-01,是,滋阳,士,,,,,,孔长乁，孔子第38代孙。,
孔长乂,孔,长,男,38,860-01-01,929-01-01,是,济宁,农,,,,,,孔长乂，孔子第38代孙。,
孔长乃,孔,长,男,38,857-01-01,931-01-01,是,邹县,商,,,,,,孔长乃，孔子第38代孙。,
孔长乄,孔,长,男,38,860-01-01,939-01-01,是,滕县,儒,,,,,,孔长乄，孔子第38代孙。,
杨氏,孔,长,女,38,855-01-01,916-01-01,是,峄县,工部侍郎,,,,,,杨氏，孔子第38代孙。,
孔长乆,孔,长,男,38,858-01-01,938-01-01,是,金乡,礼部尚书,,,,,,孔长乆，孔子第38代孙。,
黄姑,孔,长,女,38,860-01-01,928-01-01,是,鱼台,知州,,,,,,黄姑，孔子第38代孙。,
孔长么,孔,长,男,38,860-01-01,942-01-01,是,嘉祥,知县,,,,,,孔长么，孔子第38代孙。,
孔长义,孔,长,男,38,855-01-01,927-01-01,是,汶上,举人,,,,,,孔长义，孔子第38代孙。,
孔长乊,孔,长,男,38,856-01-01,927-01-01,是,泗水,进士,,,,,,孔长乊，孔子第38代孙。,
孔长之,孔,长,男,38,858-01-01,935-01-01,是,宁阳,太学生,,,,,,孔长之，孔子第38代孙。,
孔长乌,孔,长,男,38,853-01-01,932-01-01,是,兖州,县丞,,,,,,孔长乌，孔子第38代孙。,
孔长乍,孔,长,男,38,853-01-01,936-01-01,是,东平,主簿,,,,,,孔长乍，孔子第38代孙。,
孔长乎,孔,长,男,38,855-01-01,920-01-01,是,寿张,训导,,,,,,孔长乎，孔子第38代孙。,
孔长乏,孔,长,男,38,854-01-01,928-01-01,是,范县,教谕,,,,,,孔长乏，孔子第38代孙。,
孔仁乐,孔,仁,男,39,885-01-01,948-01-01,是,濮州,商人,,,,,,孔仁乐，孔子第39代孙。,
孔仁乑,孔,仁,男,39,882-01-01,945-01-01,是,开州,官员,,,,,,孔仁乑，孔子第39代孙。,
孔仁乒,孔,仁,男,39,887-01-01,957-01-01,是,长垣,学者,,,,,,孔仁乒，孔子第39代孙。,
孔仁乓,孔,仁,男,39,884-01-01,968-01-01,是,东明,大夫,,,,,,孔仁乓，孔子第39代孙。,
王娘,孔,仁,女,39,885-01-01,966-01-01,是,荷泽,士,,,,,,王娘，孔子第39代孙。,
孔仁乕,孔,仁,男,39,886-01-01,963-01-01,是,曹州,农,,,,,,孔仁乕，孔子第39代孙。,
刘氏,孔,仁,女,39,884-01-01,947-01-01,是,定陶,商,,,,,,刘氏，孔子第39代孙。,
孔仁乗,孔,仁,男,39,887-01-01,970-01-01,是,单县,儒,,,,,,孔仁乗，孔子第39代孙。,
杨姑,孔,仁,女,39,885-01-01,952-01-01,是,成武,工部侍郎,,,,,,杨姑，孔子第39代孙。,
赵氏,孔,仁,女,39,881-01-01,942-01-01,是,巨野,礼部尚书,,,,,,赵氏，孔子第39代孙。,
孔仁乚,孔,仁,男,39,885-01-01,960-01-01,是,郓城,知州,,,,,,孔仁乚，孔子第39代孙。,
孔仁乛,孔,仁,男,39,885-01-01,963-01-01,是,鄄城,知县,,,,,,孔仁乛，孔子第39代孙。,
孔仁乜,孔,仁,男,39,884-01-01,948-01-01,是,曲阜,举人,,,,,,孔仁乜，孔子第39代孙。,
孔仁九,孔,仁,男,39,885-01-01,947-01-01,是,滋阳,进士,,,,,,孔仁九，孔子第39代孙。,
孙姑,孔,仁,女,39,888-01-01,965-01-01,是,济宁,太学生,,,,,,孙姑，孔子第39代孙。,
胡氏,孔,仁,女,39,886-01-01,947-01-01,是,邹县,县丞,,,,,,胡氏，孔子第39代孙。,
孔仁习,孔,仁,男,39,888-01-01,950-01-01,是,滕县,主簿,,,,,,孔仁习，孔子第39代孙。,
孔仁乡,孔,仁,男,39,888-01-01,960-01-01,是,峄县,训导,,,,,,孔仁乡，孔子第39代孙。,
孔仁乢,孔,仁,男,39,882-01-01,958-01-01,是,金乡,教谕,,,,,,孔仁乢，孔子第39代孙。,
孔仁乣,孔,仁,男,39,881-01-01,942-01-01,是,鱼台,商人,,,,,,孔仁乣，孔子第39代孙。,
孔仁乤,孔,仁,男,39,885-01-01,960-01-01,是,嘉祥,官员,,,,,,孔仁乤，孔子第39代孙。,
马氏,孔,仁,女,39,886-01-01,965-01-01,是,汶上,学者,,,,,,马氏，孔子第39代孙。,
孔仁书,孔,仁,男,39,885-01-01,953-01-01,是,泗水,大夫,,,,,,孔仁书，孔子第39代孙。,
孔仁乧,孔,仁,男,39,888-01-01,955-01-01,是,宁阳,士,,,,,,孔仁乧，孔子第39代孙。,
李氏,孔,仁,女,39,888-01-01,954-01-01,是,兖州,农,,,,,,李氏，孔子第39代孙。,
孔仁乩,孔,仁,男,39,887-01-01,954-01-01,是,东平,商,,,,,,孔仁乩，孔子第39代孙。,
孔仁乪,孔,仁,男,39,885-01-01,949-01-01,是,寿张,儒,,,,,,孔仁乪，孔子第39代孙。,
杨氏,孔,仁,女,39,886-01-01,952-01-01,是,范县,工部侍郎,,,,,,杨氏，孔子第39代孙。,
孔仁乬,孔,仁,男,39,882-01-01,962-01-01,是,濮州,礼部尚书,,,,,,孔仁乬，孔子第39代孙。,
孔仁乭,孔,仁,男,39,886-01-01,961-01-01,是,开州,知州,,,,,,孔仁乭，孔子第39代孙。,
周氏,孔,仁,女,39,884-01-01,948-01-01,是,长垣,知县,,,,,,周氏，孔子第39代孙。,
孔仁乯,孔,仁,男,39,886-01-01,948-01-01,是,东明,举人,,,,,,孔仁乯，孔子第39代孙。,
孔仁买,孔,仁,男,39,886-01-01,967-01-01,是,荷泽,进士,,,,,,孔仁买，孔子第39代孙。,
孔仁乱,孔,仁,男,39,887-01-01,949-01-01,是,曹州,太学生,,,,,,孔仁乱，孔子第39代孙。,
胡娘,孔,仁,女,39,883-01-01,947-01-01,是,定陶,县丞,,,,,,胡娘，孔子第39代孙。,
孔仁乳,孔,仁,男,39,886-01-01,950-01-01,是,单县,主簿,,,,,,孔仁乳，孔子第39代孙。,
孔仁乴,孔,仁,男,39,881-01-01,963-01-01,是,成武,训导,,,,,,孔仁乴，孔子第39代孙。,
孔仁乵,孔,仁,男,39,888-01-01,966-01-01,是,巨野,教谕,,,,,,孔仁乵，孔子第39代孙。,
何姑,孔,仁,女,39,884-01-01,952-01-01,是,郓城,商人,,,,,,何姑，孔子第39代孙。,
郭氏,孔,仁,女,39,884-01-01,956-01-01,是,鄄城,官员,,,,,,郭氏，孔子第39代孙。,
马娘,孔,仁,女,39,881-01-01,958-01-01,是,曲阜,学者,,,,,,马娘，孔子第39代孙。,
孔仁乹,孔,仁,男,39,882-01-01,955-01-01,是,滋阳,大夫,,,,,,孔仁乹，孔子第39代孙。,
孔仁乺,孔,仁,男,39,886-01-01,967-01-01,是,济宁,士,,,,,,孔仁乺，孔子第39代孙。,
孔仁乻,孔,仁,男,39,885-01-01,954-01-01,是,邹县,农,,,,,,孔仁乻，孔子第39代孙。,
刘姑,孔,仁,女,39,883-01-01,947-01-01,是,滕县,商,,,,,,刘姑，孔子第39代孙。,
孔仁乽,孔,仁,男,39,887-01-01,953-01-01,是,峄县,儒,,,,,,孔仁乽，孔子第39代孙。,
孔仁乾,孔,仁,男,39,882-01-01,952-01-01,是,金乡,工部侍郎,,,,,,孔仁乾，孔子第39代孙。,
孔仁乿,孔,仁,男,39,882-01-01,951-01-01,是,鱼台,礼部尚书,,,,,,孔仁乿，孔子第39代孙。,
孔仁亀,孔,仁,男,39,883-01-01,953-01-01,是,嘉祥,知州,,,,,,孔仁亀，孔子第39代孙。,
孔仁亁,孔,仁,男,39,882-01-01,944-01-01,是,汶上,知县,,,,,,孔仁亁，孔子第39代孙。,
孔仁亂,孔,仁,男,39,886-01-01,967-01-01,是,泗水,举人,,,,,,孔仁亂，孔子第39代孙。,
徐氏,孔,仁,女,39,882-01-01,949-01-01,是,宁阳,进士,,,,,,徐氏，孔子第39代孙。,
孔仁亄,孔,仁,男,39,886-01-01,963-01-01,是,兖州,太学生,,,,,,孔仁亄，孔子第39代孙。,
孔仁亅,孔,仁,男,39,881-01-01,954-01-01,是,东平,县丞,,,,,,孔仁亅，孔子第39代孙。,
孔仁了,孔,仁,男,39,883-01-01,943-01-01,是,寿张,主簿,,,,,,孔仁了，孔子第39代孙。,
高娘,孔,仁,女,39,883-01-01,953-01-01,是,范县,训导,,,,,,高娘，孔子第39代孙。,
孔仁予,孔,仁,男,39,887-01-01,960-01-01,是,濮州,教谕,,,,,,孔仁予，孔子第39代孙。,
孔仁争,孔,仁,男,39,887-01-01,955-01-01,是,开州,商人,,,,,,孔仁争，孔子第39代孙。,
孔仁亊,孔,仁,男,39,888-01-01,951-01-01,是,长垣,官员,,,,,,孔仁亊，孔子第39代孙。,
孔仁事,孔,仁,男,39,884-01-01,947-01-01,是,东明,学者,,,,,,孔仁事，孔子第39代孙。,
孔仁二,孔,仁,男,39,885-01-01,958-01-01,是,荷泽,大夫,,,,,,孔仁二，孔子第39代孙。,
孔仁亍,孔,仁,男,39,881-01-01,949-01-01,是,曹州,士,,,,,,孔仁亍，孔子第39代孙。,
孔仁于,孔,仁,男,39,881-01-01,959-01-01,是,定陶,农,,,,,,孔仁于，孔子第39代孙。,
孔仁亏,孔,仁,男,39,886-01-01,949-01-01,是,单县,商,,,,,,孔仁亏，孔子第39代孙。,
孔仁亐,孔,仁,男,39,888-01-01,968-01-01,是,成武,儒,,,,,,孔仁亐，孔子第39代孙。,
孔仁云,孔,仁,男,39,888-01-01,957-01-01,是,巨野,工部侍郎,,,,,,孔仁云，孔子第39代孙。,
孔仁互,孔,仁,男,39,887-01-01,971-01-01,是,郓城,礼部尚书,,,,,,孔仁互，孔子第39代孙。,
孔仁亓,孔,仁,男,39,885-01-01,953-01-01,是,鄄城,知州,,,,,,孔仁亓，孔子第39代孙。,
周姑,孔,仁,女,39,885-01-01,947-01-01,是,曲阜,知县,,,,,,周姑，孔子第39代孙。,
吴氏,孔,仁,女,39,886-01-01,949-01-01,是,滋阳,举人,,,,,,吴氏，孔子第39代孙。,
徐娘,孔,仁,女,39,881-01-01,950-01-01,是,济宁,进士,,,,,,徐娘，孔子第39代孙。,
孙姑,孔,仁,女,39,881-01-01,941-01-01,是,邹县,太学生,,,,,,孙姑，孔子第39代孙。,
胡氏,孔,仁,女,39,886-01-01,952-01-01,是,滕县,县丞,,,,,,胡氏，孔子第39代孙。,
孔仁亙,孔,仁,男,39,884-01-01,964-01-01,是,峄县,主簿,,,,,,孔仁亙，孔子第39代孙。,
孔仁亚,孔,仁,男,39,883-01-01,943-01-01,是,金乡,训导,,,,,,孔仁亚，孔子第39代孙。,
林氏,孔,仁,女,39,885-01-01,953-01-01,是,鱼台,教谕,,,,,,林氏，孔子第39代孙。,
孔仁亜,孔,仁,男,39,887-01-01,949-01-01,是,嘉祥,商人,,,,,,孔仁亜，孔子第39代孙。,
孔仁亝,孔,仁,男,39,884-01-01,965-01-01,是,汶上,官员,,,,,,孔仁亝，孔子第39代孙。,
孔仁亞,孔,仁,男,39,885-01-01,946-01-01,是,泗水,学者,,,,,,孔仁亞，孔子第39代孙。,
孔仁亟,孔,仁,男,39,886-01-01,946-01-01,是,宁阳,大夫,,,,,,孔仁亟，孔子第39代孙。,
孔和亠,孔,和,男,40,910-01-01,989-01-01,是,兖州,士,,,,,,孔和亠，孔子第40代孙。,
孔和亡,孔,和,男,40,911-01-01,989-01-01,是,东平,农,,,,,,孔和亡，孔子第40代孙。,
孔和亢,孔,和,男,40,911-01-01,981-01-01,是,寿张,商,,,,,,孔和亢，孔子第40代孙。,
孔和亣,孔,和,男,40,912-01-01,972-01-01,是,范县,儒,,,,,,孔和亣，孔子第40代孙。,
杨娘,孔,和,女,40,909-01-01,978-01-01,是,濮州,工部侍郎,,,,,,杨娘，孔子第40代孙。,
赵姑,孔,和,女,40,914-01-01,998-01-01,是,开州,礼部尚书,,,,,,赵姑，孔子第40代孙。,
黄氏,孔,和,女,40,915-01-01,998-01-01,是,长垣,知州,,,,,,黄氏，孔子第40代孙。,
周娘,孔,和,女,40,915-01-01,978-01-01,是,东明,知县,,,,,,周娘，孔子第40代孙。,
吴姑,孔,和,女,40,910-01-01,982-01-01,是,荷泽,举人,,,,,,吴姑，孔子第40代孙。,
徐氏,孔,和,女,40,910-01-01,992-01-01,是,曹州,进士,,,,,,徐氏，孔子第40代孙。,
孔和亪,孔,和,男,40,912-01-01,977-01-01,是,定陶,太学生,,,,,,孔和亪，孔子第40代孙。,
孔和享,孔,和,男,40,910-01-01,974-01-01,是,单县,县丞,,,,,,孔和享，孔子第40代孙。,
孔和京,孔,和,男,40,912-01-01,989-01-01,是,成武,主簿,,,,,,孔和京，孔子第40代孙。,
高娘,孔,和,女,40,910-01-01,984-01-01,是,巨野,训导,,,,,,高娘，孔子第40代孙。,
孔和亮,孔,和,男,40,910-01-01,975-01-01,是,郓城,教谕,,,,,,孔和亮，孔子第40代孙。,
孔和亯,孔,和,男,40,913-01-01,975-01-01,是,鄄城,商人,,,,,,孔和亯，孔子第40代孙。,
孔和亰,孔,和,男,40,916-01-01,982-01-01,是,曲阜,官员,,,,,,孔和亰，孔子第40代孙。,
马姑,孔,和,女,40,915-01-01,987-01-01,是,滋阳,学者,,,,,,马姑，孔子第40代孙。,
孔和亲,孔,和,男,40,916-01-01,997-01-01,是,济宁,大夫,,,,,,孔和亲，孔子第40代孙。,
孔和亳,孔,和,男,40,916-01-01,999-01-01,是,邹县,士,,,,,,孔和亳，孔子第40代孙。,
孔和亴,孔,和,男,40,911-01-01,976-01-01,是,滕县,农,,,,,,孔和亴，孔子第40代孙。,
孔和亵,孔,和,男,40,912-01-01,984-01-01,是,峄县,商,,,,,,孔和亵，孔子第40代孙。,
孔和亶,孔,和,男,40,910-01-01,970-01-01,是,金乡,儒,,,,,,孔和亶，孔子第40代孙。,
孔和亷,孔,和,男,40,916-01-01,994-01-01,是,鱼台,工部侍郎,,,,,,孔和亷，孔子第40代孙。,
赵氏,孔,和,女,40,910-01-01,982-01-01,是,嘉祥,礼部尚书,,,,,,赵氏，孔子第40代孙。,
孔和亹,孔,和,男,40,913-01-01,973-01-01,是,汶上,知州,,,,,,孔和亹，孔子第40代孙。,
孔和人,孔,和,男,40,912-01-01,982-01-01,是,泗水,知县,,,,,,孔和人，孔子第40代孙。,
孔和亻,孔,和,男,40,914-01-01,991-01-01,是,宁阳,举人,,,,,,孔和亻，孔子第40代孙。,
孔和亼,孔,和,男,40,914-01-01,986-01-01,是,兖州,进士,,,,,,孔和亼，孔子第40代孙。,
孙姑,孔,和,女,40,914-01-01,988-01-01,是,东平,太学生,,,,,,孙姑，孔子第40代孙。,
孔和亾,孔,和,男,40,915-01-01,997-01-01,是,寿张,县丞,,,,,,孔和亾，孔子第40代孙。,
孔和亿,孔,和,男,40,913-01-01,995-01-01,是,范县,主簿,,,,,,孔和亿，孔子第40代孙。,
孔和什,孔,和,男,40,911-01-01,987-01-01,是,濮州,训导,,,,,,孔和什，孔子第40代孙。,
林氏,孔,和,女,40,912-01-01,991-01-01,是,开州,教谕,,,,,,林氏，孔子第40代孙。,
何娘,孔,和,女,40,909-01-01,979-01-01,是,长垣,商人,,,,,,何娘，孔子第40代孙。,
孔和仃,孔,和,男,40,912-01-01,979-01-01,是,东明,官员,,,,,,孔和仃，孔子第40代孙。,
马氏,孔,和,女,40,913-01-01,985-01-01,是,荷泽,学者,,,,,,马氏，孔子第40代孙。,
张娘,孔,和,女,40,911-01-01,976-01-01,是,曹州,大夫,,,,,,张娘，孔子第40代孙。,
孔和仆,孔,和,男,40,909-01-01,978-01-01,是,定陶,士,,,,,,孔和仆，孔子第40代孙。,
孔和仇,孔,和,男,40,914-01-01,983-01-01,是,单县,农,,,,,,孔和仇，孔子第40代孙。,
孔和仈,孔,和,男,40,909-01-01,983-01-01,是,成武,商,,,,,,孔和仈，孔子第40代孙。,
孔和仉,孔,和,男,40,912-01-01,972-01-01,是,巨野,儒,,,,,,孔和仉，孔子第40代孙。,
杨氏,孔,和,女,40,915-01-01,983-01-01,是,郓城,工部侍郎,,,,,,杨氏，孔子第40代孙。,
孔和介,孔,和,男,40,909-01-01,972-01-01,是,鄄城,礼部尚书,,,,,,孔和介，孔子第40代孙。,
孔和仌,孔,和,男,40,914-01-01,984-01-01,是,曲阜,知州,,,,,,孔和仌，孔子第40代孙。,
孔和仍,孔,和,男,40,911-01-01,992-01-01,是,滋阳,知县,,,,,,孔和仍，孔子第40代孙。,
孔和从,孔,和,男,40,914-01-01,985-01-01,是,济宁,举人,,,,,,孔和从，孔子第40代孙。,
徐姑,孔,和,女,40,912-01-01,995-01-01,是,邹县,进士,,,,,,徐姑，孔子第40代孙。,
孔和仐,孔,和,男,40,911-01-01,980-01-01,是,滕县,太学生,,,,,,孔和仐，孔子第40代孙。,
孔和仑,孔,和,男,40,911-01-01,975-01-01,是,峄县,县丞,,,,,,孔和仑，孔子第40代孙。,
朱姑,孔,和,女,40,913-01-01,992-01-01,是,金乡,主簿,,,,,,朱姑，孔子第40代孙。,
高氏,孔,和,女,40,914-01-01,982-01-01,是,鱼台,训导,,,,,,高氏，孔子第40代孙。,
孔和仔,孔,和,男,40,909-01-01,980-01-01,是,嘉祥,教谕,,,,,,孔和仔，孔子第40代孙。,
何姑,孔,和,女,40,912-01-01,972-01-01,是,汶上,商人,,,,,,何姑，孔子第40代孙。,
孔和他,孔,和,男,40,911-01-01,984-01-01,是,泗水,官员,,,,,,孔和他，孔子第40代孙。,
孔和仗,孔,和,男,40,912-01-01,987-01-01,是,宁阳,学者,,,,,,孔和仗，孔子第40代孙。,
张姑,孔,和,女,40,914-01-01,977-01-01,是,兖州,大夫,,,,,,张姑，孔子第40代孙。,
孔和仙,孔,和,男,40,912-01-01,985-01-01,是,东平,士,,,,,,孔和仙，孔子第40代孙。,
孔和仚,孔,和,男,40,914-01-01,997-01-01,是,寿张,农,,,,,,孔和仚，孔子第40代孙。,
孔和仛,孔,和,男,40,914-01-01,987-01-01,是,范县,商,,,,,,孔和仛，孔子第40代孙。,
孔和仜,孔,和,男,40,916-01-01,1000-01-01,是,濮州,儒,,,,,,孔和仜，孔子第40代孙。,
杨娘,孔,和,女,40,910-01-01,980-01-01,是,开州,工部侍郎,,,,,,杨娘，孔子第40代孙。,
赵姑,孔,和,女,40,912-01-01,988-01-01,是,长垣,礼部尚书,,,,,,赵姑，孔子第40代孙。,
孔和仟,孔,和,男,40,911-01-01,989-01-01,是,东明,知州,,,,,,孔和仟，孔子第40代孙。,
周娘,孔,和,女,40,916-01-01,988-01-01,是,荷泽,知县,,,,,,周娘，孔子第40代孙。,
吴姑,孔,和,女,40,911-01-01,975-01-01,是,曹州,举人,,,,,,吴姑，孔子第40代孙。,
孔和仢,孔,和,男,40,913-01-01,975-01-01,是,定陶,进士,,,,,,孔和仢，孔子第40代孙。,
孔和代,孔,和,男,40,911-01-01,979-01-01,是,单县,太学生,,,,,,孔和代，孔子第40代孙。,
孔和令,孔,和,男,40,911-01-01,980-01-01,是,成武,县丞,,,,,,孔和令，孔子第40代孙。,
朱氏,孔,和,女,40,913-01-01,982-01-01,是,巨野,主簿,,,,,,朱氏，孔子第40代孙。,
高娘,孔,和,女,40,914-01-01,998-01-01,是,郓城,训导,,,,,,高娘，孔子第40代孙。,
林姑,孔,和,女,40,915-01-01,993-01-01,是,鄄城,教谕,,,,,,林姑，孔子第40代孙。,
孔和仨,孔,和,男,40,909-01-01,981-01-01,是,曲阜,商人,,,,,,孔和仨，孔子第40代孙。,
郭娘,孔,和,女,40,912-01-01,985-01-01,是,滋阳,官员,,,,,,郭娘，孔子第40代孙。,
孔和仪,孔,和,男,40,916-01-01,996-01-01,是,济宁,学者,,,,,,孔和仪，孔子第40代孙。,
孔和仫,孔,和,男,40,915-01-01,975-01-01,是,邹县,大夫,,,,,,孔和仫，孔子第40代孙。,
孔和们,孔,和,男,40,914-01-01,983-01-01,是,滕县,士,,,,,,孔和们，孔子第40代孙。,
孔和仭,孔,和,男,40,913-01-01,990-01-01,是,峄县,农,,,,,,孔和仭，孔子第40代孙。,
孔和仮,孔,和,男,40,911-01-01,977-01-01,是,金乡,商,,,,,,孔和仮，孔子第40代孙。,
孔和仯,孔,和,男,40,909-01-01,978-01-01,是,鱼台,儒,,,,,,孔和仯，孔子第40代孙。,
孔和仰,孔,和,男,40,913-01-01,996-01-01,是,嘉祥,工部侍郎,,,,,,孔和仰，孔子第40代孙。,
孔和仱,孔,和,男,40,916-01-01,981-01-01,是,汶上,礼部尚书,,,,,,孔和仱，孔子第40代孙。,
孔和仲,孔,和,男,40,910-01-01,993-01-01,是,泗水,知州,,,,,,孔和仲，孔子第40代孙。,
孔和仳,孔,和,男,40,909-01-01,987-01-01,是,宁阳,知县,,,,,,孔和仳，孔子第40代孙。,
吴氏,孔,和,女,40,912-01-01,985-01-01,是,兖州,举人,,,,,,吴氏，孔子第40代孙。,
徐娘,孔,和,女,40,913-01-01,993-01-01,是,东平,进士,,,,,,徐娘，孔子第40代孙。,
孙姑,孔,和,女,40,911-01-01,984-01-01,是,寿张,太学生,,,,,,孙姑，孔子第40代孙。,
孔和价,孔,和,男,40,910-01-01,989-01-01,是,范县,县丞,,,,,,孔和价，孔子第40代孙。,
朱娘,孔,和,女,40,909-01-01,970-01-01,是,濮州,主簿,,,,,,朱娘，孔子第40代孙。,
孔和仹,孔,和,男,40,913-01-01,991-01-01,是,开州,训导,,,,,,孔和仹，孔子第40代孙。,
孔和仺,孔,和,男,40,915-01-01,982-01-01,是,长垣,教谕,,,,,,孔和仺，孔子第40代孙。,
孔和任,孔,和,男,40,912-01-01,974-01-01,是,东明,商人,,,,,,孔和任，孔子第40代孙。,
郭姑,孔,和,女,40,911-01-01,972-01-01,是,荷泽,官员,,,,,,郭姑，孔子第40代孙。,
孔和份,孔,和,男,40,916-01-01,997-01-01,是,曹州,学者,,,,,,孔和份，孔子第40代孙。,
孔和仾,孔,和,男,40,911-01-01,975-01-01,是,定陶,大夫,,,,,,孔和仾，孔子第40代孙。,
孔和仿,孔,和,男,40,915-01-01,975-01-01,是,单县,士,,,,,,孔和仿，孔子第40代孙。,
孔和伀,孔,和,男,40,912-01-01,993-01-01,是,成武,农,,,,,,孔和伀，孔子第40代孙。,
孔和企,孔,和,男,40,909-01-01,973-01-01,是,巨野,商,,,,,,孔和企，孔子第40代孙。,
孔和伂,孔,和,男,40,913-01-01,993-01-01,是,郓城,儒,,,,,,孔和伂，孔子第40代孙。,
孔和伃,孔,和,男,40,913-01-01,991-01-01,是,鄄城,工部侍郎,,,,,,孔和伃，孔子第40代孙。,
赵娘,孔,和,女,40,915-01-01,989-01-01,是,曲阜,礼部尚书,,,,,,赵娘，孔子第40代孙。,
孔和伅,孔,和,男,40,911-01-01,979-01-01,是,滋阳,知州,,,,,,孔和伅，孔子第40代孙。,
孔和伆,孔,和,男,40,916-01-01,976-01-01,是,济宁,知县,,,,,,孔和伆，孔子第40代孙。,
孔和伇,孔,和,男,40,915-01-01,995-01-01,是,邹县,举人,,,,,,孔和伇，孔子第40代孙。,
孔和伈,孔,和,男,40,915-01-01,997-01-01,是,滕县,进士,,,,,,孔和伈，孔子第40代孙。,
孔和伉,孔,和,男,40,909-01-01,988-01-01,是,峄县,太学生,,,,,,孔和伉，孔子第40代孙。,
孔和伊,孔,和,男,40,912-01-01,975-01-01,是,金乡,县丞,,,,,,孔和伊，孔子第40代孙。,
孔和伋,孔,和,男,40,914-01-01,977-01-01,是,鱼台,主簿,,,,,,孔和伋，孔子第40代孙。,
孔和伌,孔,和,男,40,914-01-01,995-01-01,是,嘉祥,训导,,,,,,孔和伌，孔子第40代孙。,
孔和伍,孔,和,男,40,909-01-01,984-01-01,是,汶上,教谕,,,,,,孔和伍，孔子第40代孙。,
何姑,孔,和,女,40,911-01-01,978-01-01,是,泗水,商人,,,,,,何姑，孔子第40代孙。,
郭氏,孔,和,女,40,915-01-01,992-01-01,是,宁阳,官员,,,,,,郭氏，孔子第40代孙。,
马娘,孔,和,女,40,913-01-01,980-01-01,是,兖州,学者,,,,,,马娘，孔子第40代孙。,
张姑,孔,和,女,40,915-01-01,993-01-01,是,东平,大夫,,,,,,张姑，孔子第40代孙。,
孔和伒,孔,和,男,40,912-01-01,992-01-01,是,寿张,士,,,,,,孔和伒，孔子第40代孙。,
孔和伓,孔,和,男,40,916-01-01,999-01-01,是,范县,农,,,,,,孔和伓，孔子第40代孙。,
孔和伔,孔,和,男,40,914-01-01,976-01-01,是,濮州,商,,,,,,孔和伔，孔子第40代孙。,
陈氏,孔,和,女,40,909-01-01,985-01-01,是,开州,儒,,,,,,陈氏，孔子第40代孙。,
孔和伖,孔,和,男,40,912-01-01,973-01-01,是,长垣,工部侍郎,,,,,,孔和伖，孔子第40代孙。,
孔和众,孔,和,男,40,914-01-01,993-01-01,是,东明,礼部尚书,,,,,,孔和众，孔子第40代孙。,
孔和优,孔,和,男,40,909-01-01,973-01-01,是,荷泽,知州,,,,,,孔和优，孔子第40代孙。,
孔和伙,孔,和,男,40,915-01-01,976-01-01,是,曹州,知县,,,,,,孔和伙，孔子第40代孙。,
吴姑,孔,和,女,40,910-01-01,994-01-01,是,定陶,举人,,,,,,吴姑，孔子第40代孙。,
孔和伛,孔,和,男,40,915-01-01,998-01-01,是,单县,进士,,,,,,孔和伛，孔子第40代孙。,
孔和伜,孔,和,男,40,915-01-01,985-01-01,是,成武,太学生,,,,,,孔和伜，孔子第40代孙。,
孔和伝,孔,和,男,40,911-01-01,973-01-01,是,巨野,县丞,,,,,,孔和伝，孔子第40代孙。,
孔和伞,孔,和,男,40,915-01-01,997-01-01,是,郓城,主簿,,,,,,孔和伞，孔子第40代孙。,
高娘,孔,和,女,40,909-01-01,986-01-01,是,鄄城,训导,,,,,,高娘，孔子第40代孙。,
孔和传,孔,和,男,40,909-01-01,982-01-01,是,曲阜,教谕,,,,,,孔和传，孔子第40代孙。,
孔和伡,孔,和,男,40,911-01-01,990-01-01,是,滋阳,商人,,,,,,孔和伡，孔子第40代孙。,
孔和伢,孔,和,男,40,915-01-01,980-01-01,是,济宁,官员,,,,,,孔和伢，孔子第40代孙。,
孔和伣,孔,和,男,40,914-01-01,997-01-01,是,邹县,学者,,,,,,孔和伣，孔子第40代孙。,
孔和伤,孔,和,男,40,912-01-01,990-01-01,是,滕县,大夫,,,,,,孔和伤，孔子第40代孙。,
孔和伥,孔,和,男,40,912-01-01,994-01-01,是,峄县,士,,,,,,孔和伥，孔子第40代孙。,
孔和伦,孔,和,男,40,913-01-01,990-01-01,是,金乡,农,,,,,,孔和伦，孔子第40代孙。,
孔和伧,孔,和,男,40,913-01-01,974-01-01,是,鱼台,商,,,,,,孔和伧，孔子第40代孙。,
陈娘,孔,和,女,40,913-01-01,982-01-01,是,嘉祥,儒,,,,,,陈娘，孔子第40代孙。,
杨姑,孔,和,女,40,911-01-01,992-01-01,是,汶上,工部侍郎,,,,,,杨姑，孔子第40代孙。,
孔和伪,孔,和,男,40,913-01-01,981-01-01,是,泗水,礼部尚书,,,,,,孔和伪，孔子第40代孙。,
孔和伫,孔,和,男,40,910-01-01,971-01-01,是,宁阳,知州,,,,,,孔和伫，孔子第40代孙。,
孔和伬,孔,和,男,40,915-01-01,994-01-01,是,兖州,知县,,,,,,孔和伬，孔子第40代孙。,
孔和伭,孔,和,男,40,909-01-01,982-01-01,是,东平,举人,,,,,,孔和伭，孔子第40代孙。,
徐娘,孔,和,女,40,916-01-01,1000-01-01,是,寿张,进士,,,,,,徐娘，孔子第40代孙。,
孔和伯,孔,和,男,40,909-01-01,977-01-01,是,范县,太学生,,,,,,孔和伯，孔子第40代孙。,
胡氏,孔,和,女,40,915-01-01,986-01-01,是,濮州,县丞,,,,,,胡氏，孔子第40代孙。,
朱娘,孔,和,女,40,912-01-01,975-01-01,是,开州,主簿,,,,,,朱娘，孔子第40代孙。,
高姑,孔,和,女,40,916-01-01,999-01-01,是,长垣,训导,,,,,,高姑，孔子第40代孙。,
孔和伳,孔,和,男,40,915-01-01,979-01-01,是,东明,教谕,,,,,,孔和伳，孔子第40代孙。,
何娘,孔,和,女,40,914-01-01,995-01-01,是,荷泽,商人,,,,,,何娘，孔子第40代孙。,
孔和伵,孔,和,男,40,910-01-01,981-01-01,是,曹州,官员,,,,,,孔和伵，孔子第40代孙。,
孔和伶,孔,和,男,40,915-01-01,996-01-01,是,定陶,学者,,,,,,孔和伶，孔子第40代孙。,
孔和伷,孔,和,男,40,912-01-01,981-01-01,是,单县,大夫,,,,,,孔和伷，孔子第40代孙。,
孔和伸,孔,和,男,40,912-01-01,974-01-01,是,成武,士,,,,,,孔和伸，孔子第40代孙。,
孔和伹,孔,和,男,40,911-01-01,989-01-01,是,巨野,农,,,,,,孔和伹，孔子第40代孙。,
孔和伺,孔,和,男,40,914-01-01,997-01-01,是,郓城,商,,,,,,孔和伺，孔子第40代孙。,
陈姑,孔,和,女,40,910-01-01,977-01-01,是,鄄城,儒,,,,,,陈姑，孔子第40代孙。,
孔和似,孔,和,男,40,914-01-01,995-01-01,是,曲阜,工部侍郎,,,,,,孔和似，孔子第40代孙。,
孔和伽,孔,和,男,40,916-01-01,978-01-01,是,滋阳,礼部尚书,,,,,,孔和伽，孔子第40代孙。,
孔和伾,孔,和,男,40,916-01-01,981-01-01,是,济宁,知州,,,,,,孔和伾，孔子第40代孙。,
孔和伿,孔,和,男,40,916-01-01,993-01-01,是,邹县,知县,,,,,,孔和伿，孔子第40代孙。,
孔和佀,孔,和,男,40,909-01-01,981-01-01,是,滕县,举人,,,,,,孔和佀，孔子第40代孙。,
孔和佁,孔,和,男,40,910-01-01,979-01-01,是,峄县,进士,,,,,,孔和佁，孔子第40代孙。,
孔和佂,孔,和,男,40,914-01-01,986-01-01,是,金乡,太学生,,,,,,孔和佂，孔子第40代孙。,
孔和佃,孔,和,男,40,909-01-01,981-01-01,是,鱼台,县丞,,,,,,孔和佃，孔子第40代孙。,
朱姑,孔,和,女,40,909-01-01,980-01-01,是,嘉祥,主簿,,,,,,朱姑，孔子第40代孙。,
高氏,孔,和,女,40,911-01-01,982-01-01,是,汶上,训导,,,,,,高氏，孔子第40代孙。,
孔和但,孔,和,男,40,914-01-01,975-01-01,是,泗水,教谕,,,,,,孔和但，孔子第40代孙。,
何姑,孔,和,女,40,913-01-01,993-01-01,是,宁阳,商人,,,,,,何姑，孔子第40代孙。,
郭氏,孔,和,女,40,913-01-01,982-01-01,是,兖州,官员,,,,,,郭氏，孔子第40代孙。,
孔和佉,孔,和,男,40,909-01-01,981-01-01,是,东平,学者,,,,,,孔和佉，孔子第40代孙。,
孔和佊,孔,和,男,40,914-01-01,989-01-01,是,寿张,大夫,,,,,,孔和佊，孔子第40代孙。,
王氏,孔,和,女,40,916-01-01,979-01-01,是,范县,士,,,,,,王氏，孔子第40代孙。,
孔和佌,孔,和,男,40,913-01-01,981-01-01,是,濮州,农,,,,,,孔和佌，孔子第40代孙。,
孔和位,孔,和,男,40,912-01-01,977-01-01,是,开州,商,,,,,,孔和位，孔子第40代孙。,
陈氏,孔,和,女,40,913-01-01,975-01-01,是,长垣,儒,,,,,,陈氏，孔子第40代孙。,
孔和住,孔,和,男,40,913-01-01,995-01-01,是,东明,工部侍郎,,,,,,孔和住，孔子第40代孙。,
赵姑,孔,和,女,40,913-01-01,984-01-01,是,荷泽,礼部尚书,,,,,,赵姑，孔子第40代孙。,
黄氏,孔,和,女,40,909-01-01,970-01-01,是,曹州,知州,,,,,,黄氏，孔子第40代孙。,
孔和佒,孔,和,男,40,914-01-01,976-01-01,是,定陶,知县,,,,,,孔和佒，孔子第40代孙。,
吴姑,孔,和,女,40,916-01-01,977-01-01,是,单县,举人,,,,,,吴姑，孔子第40代孙。,
徐氏,孔,和,女,40,915-01-01,993-01-01,是,成武,进士,,,,,,徐氏，孔子第40代孙。,
孔和何,孔,和,男,40,914-01-01,976-01-01,是,巨野,太学生,,,,,,孔和何，孔子第40代孙。,
孔和佖,孔,和,男,40,912-01-01,983-01-01,是,郓城,县丞,,,,,,孔和佖，孔子第40代孙。,
孔和佗,孔,和,男,40,912-01-01,985-01-01,是,鄄城,主簿,,,,,,孔和佗，孔子第40代孙。,
高娘,孔,和,女,40,914-01-01,997-01-01,是,曲阜,训导,,,,,,高娘，孔子第40代孙。,
孔和余,孔,和,男,40,913-01-01,975-01-01,是,滋阳,教谕,,,,,,孔和余，孔子第40代孙。,
何氏,孔,和,女,40,911-01-01,984-01-01,是,济宁,商人,,,,,,何氏，孔子第40代孙。,
孔和佛,孔,和,男,40,912-01-01,986-01-01,是,邹县,官员,,,,,,孔和佛，孔子第40代孙。,
马姑,孔,和,女,40,914-01-01,983-01-01,是,滕县,学者,,,,,,马姑，孔子第40代孙。,
孔和佝,孔,和,男,40,910-01-01,992-01-01,是,峄县,大夫,,,,,,孔和佝，孔子第40代孙。,
孔和佞,孔,和,男,40,911-01-01,971-01-01,是,金乡,士,,,,,,孔和佞，孔子第40代孙。,
孔和佟,孔,和,男,40,914-01-01,983-01-01,是,鱼台,农,,,,,,孔和佟，孔子第40代孙。,
孔和你,孔,和,男,40,909-01-01,976-01-01,是,嘉祥,商,,,,,,孔和你，孔子第40代孙。,
孔和佡,孔,和,男,40,914-01-01,987-01-01,是,汶上,儒,,,,,,孔和佡，孔子第40代孙。,
孔和佢,孔,和,男,40,909-01-01,991-01-01,是,泗水,工部侍郎,,,,,,孔和佢，孔子第40代孙。,
孔和佣,孔,和,男,40,916-01-01,988-01-01,是,宁阳,礼部尚书,,,,,,孔和佣，孔子第40代孙。,
黄娘,孔,和,女,40,914-01-01,991-01-01,是,兖州,知州,,,,,,黄娘，孔子第40代孙。,
孔和佥,孔,和,男,40,914-01-01,977-01-01,是,东平,知县,,,,,,孔和佥，孔子第40代孙。,
孔和佦,孔,和,男,40,913-01-01,974-01-01,是,寿张,举人,,,,,,孔和佦，孔子第40代孙。,
徐娘,孔,和,女,40,912-01-01,996-01-01,是,范县,进士,,,,,,徐娘，孔子第40代孙。,
孔礼佨,孔,礼,男,41,941-01-01,1009-01-01,是,濮州,太学生,,,,,,孔礼佨，孔子第41代孙。,
孔礼佩,孔,礼,男,41,940-01-01,1006-01-01,是,开州,县丞,,,,,,孔礼佩，孔子第41代孙。,
朱姑,孔,礼,女,41,943-01-01,1024-01-01,是,长垣,主簿,,,,,,朱姑，孔子第41代孙。,
孔礼佫,孔,礼,男,41,937-01-01,1020-01-01,是,东明,训导,,,,,,孔礼佫，孔子第41代孙。,
林娘,孔,礼,女,41,937-01-01,1009-01-01,是,荷泽,教谕,,,,,,林娘，孔子第41代孙。,
孔礼佭,孔,礼,男,41,937-01-01,1017-01-01,是,曹州,商人,,,,,,孔礼佭，孔子第41代孙。,
郭氏,孔,礼,女,41,939-01-01,1015-01-01,是,定陶,官员,,,,,,郭氏，孔子第41代孙。,
孔礼佯,孔,礼,男,41,939-01-01,1017-01-01,是,单县,学者,,,,,,孔礼佯，孔子第41代孙。,
孔礼佰,孔,礼,男,41,943-01-01,1003-01-01,是,成武,大夫,,,,,,孔礼佰，孔子第41代孙。,
孔礼佱,孔,礼,男,41,940-01-01,1004-01-01,是,巨野,士,,,,,,孔礼佱，孔子第41代孙。,
李娘,孔,礼,女,41,938-01-01,1012-01-01,是,郓城,农,,,,,,李娘，孔子第41代孙。,
孔礼佳,孔,礼,男,41,940-01-01,1012-01-01,是,鄄城,商,,,,,,孔礼佳，孔子第41代孙。,
孔礼佴,孔,礼,男,41,943-01-01,1003-01-01,是,曲阜,儒,,,,,,孔礼佴，孔子第41代孙。,
杨娘,孔,礼,女,41,937-01-01,1012-01-01,是,滋阳,工部侍郎,,,,,,杨娘，孔子第41代孙。,
孔礼佶,孔,礼,男,41,943-01-01,1024-01-01,是,济宁,礼部尚书,,,,,,孔礼佶，孔子第41代孙。,
孔礼佷,孔,礼,男,41,940-01-01,1011-01-01,是,邹县,知州,,,,,,孔礼佷，孔子第41代孙。,
周娘,孔,礼,女,41,938-01-01,1005-01-01,是,滕县,知县,,,,,,周娘，孔子第41代孙。,
孔礼佹,孔,礼,男,41,944-01-01,1018-01-01,是,峄县,举人,,,,,,孔礼佹，孔子第41代孙。,
徐氏,孔,礼,女,41,940-01-01,1022-01-01,是,金乡,进士,,,,,,徐氏，孔子第41代孙。,
孙娘,孔,礼,女,41,942-01-01,1010-01-01,是,鱼台,太学生,,,,,,孙娘，孔子第41代孙。,
孔礼佼,孔,礼,男,41,940-01-01,1009-01-01,是,嘉祥,县丞,,,,,,孔礼佼，孔子第41代孙。,
朱氏,孔,礼,女,41,940-01-01,1022-01-01,是,汶上,主簿,,,,,,朱氏，孔子第41代孙。,
高娘,孔,礼,女,41,938-01-01,1001-01-01,是,泗水,训导,,,,,,高娘，孔子第41代孙。,
孔礼使,孔,礼,男,41,937-01-01,1018-01-01,是,宁阳,教谕,,,,,,孔礼使，孔子第41代孙。,
何氏,孔,礼,女,41,939-01-01,1004-01-01,是,兖州,商人,,,,,,何氏，孔子第41代孙。,
孔礼侁,孔,礼,男,41,939-01-01,1008-01-01,是,东平,官员,,,,,,孔礼侁，孔子第41代孙。,
马姑,孔,礼,女,41,940-01-01,1000-01-01,是,寿张,学者,,,,,,马姑，孔子第41代孙。,
孔礼侃,孔,礼,男,41,941-01-01,1012-01-01,是,范县,大夫,,,,,,孔礼侃，孔子第41代孙。,
孔礼侄,孔,礼,男,41,944-01-01,1024-01-01,是,濮州,士,,,,,,孔礼侄，孔子第41代孙。,
孔礼侅,孔,礼,男,41,938-01-01,1015-01-01,是,开州,农,,,,,,孔礼侅，孔子第41代孙。,
孔礼來,孔,礼,男,41,942-01-01,1024-01-01,是,长垣,商,,,,,,孔礼來，孔子第41代孙。,
孔礼侇,孔,礼,男,41,942-01-01,1006-01-01,是,东明,儒,,,,,,孔礼侇，孔子第41代孙。,
孔礼侈,孔,礼,男,41,937-01-01,1008-01-01,是,荷泽,工部侍郎,,,,,,孔礼侈，孔子第41代孙。,
孔礼侉,孔,礼,男,41,940-01-01,1021-01-01,是,曹州,礼部尚书,,,,,,孔礼侉，孔子第41代孙。,
孔礼侊,孔,礼,男,41,939-01-01,1021-01-01,是,定陶,知州,,,,,,孔礼侊，孔子第41代孙。,
周姑,孔,礼,女,41,937-01-01,1011-01-01,是,单县,知县,,,,,,周姑，孔子第41代孙。,
孔礼侌,孔,礼,男,41,938-01-01,1012-01-01,是,成武,举人,,,,,,孔礼侌，孔子第41代孙。,
孔礼侍,孔,礼,男,41,941-01-01,1023-01-01,是,巨野,进士,,,,,,孔礼侍，孔子第41代孙。,
孔礼侎,孔,礼,男,41,939-01-01,1011-01-01,是,郓城,太学生,,,,,,孔礼侎，孔子第41代孙。,
孔礼侏,孔,礼,男,41,938-01-01,1022-01-01,是,鄄城,县丞,,,,,,孔礼侏，孔子第41代孙。,
朱娘,孔,礼,女,41,940-01-01,1000-01-01,是,曲阜,主簿,,,,,,朱娘，孔子第41代孙。,
孔礼侑,孔,礼,男,41,942-01-01,1016-01-01,是,滋阳,训导,,,,,,孔礼侑，孔子第41代孙。,
孔礼侒,孔,礼,男,41,937-01-01,1021-01-01,是,济宁,教谕,,,,,,孔礼侒，孔子第41代孙。,
孔礼侓,孔,礼,男,41,937-01-01,1013-01-01,是,邹县,商人,,,,,,孔礼侓，孔子第41代孙。,
孔礼侔,孔,礼,男,41,943-01-01,1010-01-01,是,滕县,官员,,,,,,孔礼侔，孔子第41代孙。,
孔礼侕,孔,礼,男,41,939-01-01,1003-01-01,是,峄县,学者,,,,,,孔礼侕，孔子第41代孙。,
张娘,孔,礼,女,41,943-01-01,1008-01-01,是,金乡,大夫,,,,,,张娘，孔子第41代孙。,
孔礼侗,孔,礼,男,41,938-01-01,1004-01-01,是,鱼台,士,,,,,,孔礼侗，孔子第41代孙。,
李氏,孔,礼,女,41,944-01-01,1014-01-01,是,嘉祥,农,,,,,,李氏，孔子第41代孙。,
孔礼侙,孔,礼,男,41,944-01-01,1005-01-01,是,汶上,商,,,,,,孔礼侙，孔子第41代孙。,
孔礼侚,孔,礼,男,41,942-01-01,1007-01-01,是,泗水,儒,,,,,,孔礼侚，孔子第41代孙。,
孔礼供,孔,礼,男,41,937-01-01,1000-01-01,是,宁阳,工部侍郎,,,,,,孔礼供，孔子第41代孙。,
赵娘,孔,礼,女,41,942-01-01,1003-01-01,是,兖州,礼部尚书,,,,,,赵娘，孔子第41代孙。,
孔礼依,孔,礼,男,41,938-01-01,1008-01-01,是,东平,知州,,,,,,孔礼依，孔子第41代孙。,
周氏,孔,礼,女,41,937-01-01,1010-01-01,是,寿张,知县,,,,,,周氏，孔子第41代孙。,
吴娘,孔,礼,女,41,943-01-01,1005-01-01,是,范县,举人,,,,,,吴娘，孔子第41代孙。,
孔礼侠,孔,礼,男,41,941-01-01,1022-01-01,是,濮州,进士,,,,,,孔礼侠，孔子第41代孙。,
孔礼価,孔,礼,男,41,937-01-01,1009-01-01,是,开州,太学生,,,,,,孔礼価，孔子第41代孙。,
孔礼侢,孔,礼,男,41,943-01-01,1012-01-01,是,长垣,县丞,,,,,,孔礼侢，孔子第41代孙。,
孔礼侣,孔,礼,男,41,943-01-01,1005-01-01,是,东明,主簿,,,,,,孔礼侣，孔子第41代孙。,
孔礼侤,孔,礼,男,41,944-01-01,1004-01-01,是,荷泽,训导,,,,,,孔礼侤，孔子第41代孙。,
孔礼侥,孔,礼,男,41,943-01-01,1027-01-01,是,曹州,教谕,,,,,,孔礼侥，孔子第41代孙。,
孔礼侦,孔,礼,男,41,943-01-01,1014-01-01,是,定陶,商人,,,,,,孔礼侦，孔子第41代孙。,
郭氏,孔,礼,女,41,943-01-01,1010-01-01,是,单县,官员,,,,,,郭氏，孔子第41代孙。,
孔礼侨,孔,礼,男,41,939-01-01,999-01-01,是,成武,学者,,,,,,孔礼侨，孔子第41代孙。,
张姑,孔,礼,女,41,941-01-01,1005-01-01,是,巨野,大夫,,,,,,张姑，孔子第41代孙。,
王氏,孔,礼,女,41,939-01-01,1018-01-01,是,郓城,士,,,,,,王氏，孔子第41代孙。,
孔礼侫,孔,礼,男,41,940-01-01,1013-01-01,是,鄄城,农,,,,,,孔礼侫，孔子第41代孙。,
孔礼侬,孔,礼,男,41,940-01-01,1006-01-01,是,曲阜,商,,,,,,孔礼侬，孔子第41代孙。,
陈氏,孔,礼,女,41,940-01-01,1003-01-01,是,滋阳,儒,,,,,,陈氏，孔子第41代孙。,
孔礼侮,孔,礼,男,41,937-01-01,1017-01-01,是,济宁,工部侍郎,,,,,,孔礼侮，孔子第41代孙。,
孔礼侯,孔,礼,男,41,943-01-01,1006-01-01,是,邹县,礼部尚书,,,,,,孔礼侯，孔子第41代孙。,
孔礼侰,孔,礼,男,41,944-01-01,1014-01-01,是,滕县,知州,,,,,,孔礼侰，孔子第41代孙。,
周娘,孔,礼,女,41,938-01-01,1010-01-01,是,峄县,知县,,,,,,周娘，孔子第41代孙。,
孔礼侲,孔,礼,男,41,942-01-01,1010-01-01,是,金乡,举人,,,,,,孔礼侲，孔子第41代孙。,
孔礼侳,孔,礼,男,41,943-01-01,1019-01-01,是,鱼台,进士,,,,,,孔礼侳，孔子第41代孙。,
孔礼侴,孔,礼,男,41,940-01-01,1023-01-01,是,嘉祥,太学生,,,,,,孔礼侴，孔子第41代孙。,
孔礼侵,孔,礼,男,41,937-01-01,1012-01-01,是,汶上,县丞,,,,,,孔礼侵，孔子第41代孙。,
孔礼侶,孔,礼,男,41,939-01-01,1010-01-01,是,泗水,主簿,,,,,,孔礼侶，孔子第41代孙。,
高娘,孔,礼,女,41,938-01-01,1006-01-01,是,宁阳,训导,,,,,,高娘，孔子第41代孙。,
林姑,孔,礼,女,41,940-01-01,1020-01-01,是,兖州,教谕,,,,,,林姑，孔子第41代孙。,
何氏,孔,礼,女,41,941-01-01,1020-01-01,是,东平,商人,,,,,,何氏，孔子第41代孙。,
郭娘,孔,礼,女,41,937-01-01,1017-01-01,是,寿张,官员,,,,,,郭娘，孔子第41代孙。,
孔礼侻,孔,礼,男,41,944-01-01,1011-01-01,是,范县,学者,,,,,,孔礼侻，孔子第41代孙。,
孔礼侼,孔,礼,男,41,941-01-01,1012-01-01,是,濮州,大夫,,,,,,孔礼侼，孔子第41代孙。,
孔礼侽,孔,礼,男,41,943-01-01,1003-01-01,是,开州,士,,,,,,孔礼侽，孔子第41代孙。,
孔礼侾,孔,礼,男,41,943-01-01,1010-01-01,是,长垣,农,,,,,,孔礼侾，孔子第41代孙。,
孔礼便,孔,礼,男,41,942-01-01,1021-01-01,是,东明,商,,,,,,孔礼便，孔子第41代孙。,
陈娘,孔,礼,女,41,942-01-01,1004-01-01,是,荷泽,儒,,,,,,陈娘，孔子第41代孙。,
杨姑,孔,礼,女,41,942-01-01,1009-01-01,是,曹州,工部侍郎,,,,,,杨姑，孔子第41代孙。,
赵氏,孔,礼,女,41,941-01-01,1017-01-01,是,定陶,礼部尚书,,,,,,赵氏，孔子第41代孙。,
黄娘,孔,礼,女,41,939-01-01,1012-01-01,是,单县,知州,,,,,,黄娘，孔子第41代孙。,
周姑,孔,礼,女,41,942-01-01,1010-01-01,是,成武,知县,,,,,,周姑，孔子第41代孙。,
孔礼俅,孔,礼,男,41,940-01-01,1004-01-01,是,巨野,举人,,,,,,孔礼俅，孔子第41代孙。,
孔礼俆,孔,礼,男,41,942-01-01,1008-01-01,是,郓城,进士,,,,,,孔礼俆，孔子第41代孙。,
孔礼俇,孔,礼,男,41,943-01-01,1015-01-01,是,鄄城,太学生,,,,,,孔礼俇，孔子第41代孙。,
胡氏,孔,礼,女,41,941-01-01,1013-01-01,是,曲阜,县丞,,,,,,胡氏，孔子第41代孙。,
孔礼俉,孔,礼,男,41,942-01-01,1005-01-01,是,滋阳,主簿,,,,,,孔礼俉，孔子第41代孙。,
孔礼俊,孔,礼,男,41,938-01-01,1012-01-01,是,济宁,训导,,,,,,孔礼俊，孔子第41代孙。,
孔礼俋,孔,礼,男,41,943-01-01,1016-01-01,是,邹县,教谕,,,,,,孔礼俋，孔子第41代孙。,
何娘,孔,礼,女,41,943-01-01,1021-01-01,是,滕县,商人,,,,,,何娘，孔子第41代孙。,
孔礼俍,孔,礼,男,41,940-01-01,1023-01-01,是,峄县,官员,,,,,,孔礼俍，孔子第41代孙。,
马氏,孔,礼,女,41,941-01-01,1022-01-01,是,金乡,学者,,,,,,马氏，孔子第41代孙。,
张娘,孔,礼,女,41,943-01-01,1024-01-01,是,鱼台,大夫,,,,,,张娘，孔子第41代孙。,
孔礼俐,孔,礼,男,41,944-01-01,1022-01-01,是,嘉祥,士,,,,,,孔礼俐，孔子第41代孙。,
李氏,孔,礼,女,41,937-01-01,1014-01-01,是,汶上,农,,,,,,李氏，孔子第41代孙。,
孔礼俒,孔,礼,男,41,944-01-01,1017-01-01,是,泗水,商,,,,,,孔礼俒，孔子第41代孙。,
孔礼俓,孔,礼,男,41,938-01-01,1022-01-01,是,宁阳,儒,,,,,,孔礼俓，孔子第41代孙。,
孔礼俔,孔,礼,男,41,941-01-01,1023-01-01,是,兖州,工部侍郎,,,,,,孔礼俔，孔子第41代孙。,
孔礼俕,孔,礼,男,41,943-01-01,1026-01-01,是,东平,礼部尚书,,,,,,孔礼俕，孔子第41代孙。,
孔礼俖,孔,礼,男,41,939-01-01,1022-01-01,是,寿张,知州,,,,,,孔礼俖，孔子第41代孙。,
周氏,孔,礼,女,41,941-01-01,1018-01-01,是,范县,知县,,,,,,周氏，孔子第41代孙。,
吴娘,孔,礼,女,41,937-01-01,1005-01-01,是,濮州,举人,,,,,,吴娘，孔子第41代孙。,
徐姑,孔,礼,女,41,941-01-01,1012-01-01,是,开州,进士,,,,,,徐姑，孔子第41代孙。,
孔礼俚,孔,礼,男,41,944-01-01,1027-01-01,是,长垣,太学生,,,,,,孔礼俚，孔子第41代孙。,
胡娘,孔,礼,女,41,944-01-01,1013-01-01,是,东明,县丞,,,,,,胡娘，孔子第41代孙。,
朱姑,孔,礼,女,41,944-01-01,1012-01-01,是,荷泽,主簿,,,,,,朱姑，孔子第41代孙。,
孔礼保,孔,礼,男,41,939-01-01,1015-01-01,是,曹州,训导,,,,,,孔礼保，孔子第41代孙。,
孔礼俞,孔,礼,男,41,938-01-01,1015-01-01,是,定陶,教谕,,,,,,孔礼俞，孔子第41代孙。,
孔礼俟,孔,礼,男,41,940-01-01,1003-01-01,是,单县,商人,,,,,,孔礼俟，孔子第41代孙。,
孔礼俠,孔,礼,男,41,939-01-01,1015-01-01,是,成武,官员,,,,,,孔礼俠，孔子第41代孙。,
孔礼信,孔,礼,男,41,944-01-01,1009-01-01,是,巨野,学者,,,,,,孔礼信，孔子第41代孙。,
孔礼俢,孔,礼,男,41,940-01-01,1020-01-01,是,郓城,大夫,,,,,,孔礼俢，孔子第41代孙。,
王氏,孔,礼,女,41,941-01-01,1021-01-01,是,鄄城,士,,,,,,王氏，孔子第41代孙。,
孔礼俤,孔,礼,男,41,937-01-01,1011-01-01,是,曲阜,农,,,,,,孔礼俤，孔子第41代孙。,
孔礼俥,孔,礼,男,41,941-01-01,1010-01-01,是,滋阳,商,,,,,,孔礼俥，孔子第41代孙。,
陈氏,孔,礼,女,41,943-01-01,1004-01-01,是,济宁,儒,,,,,,陈氏，孔子第41代孙。,
孔礼俧,孔,礼,男,41,937-01-01,1012-01-01,是,邹县,工部侍郎,,,,,,孔礼俧，孔子第41代孙。,
赵姑,孔,礼,女,41,943-01-01,1003-01-01,是,滕县,礼部尚书,,,,,,赵姑，孔子第41代孙。,
孔礼俩,孔,礼,男,41,938-01-01,1012-01-01,是,峄县,知州,,,,,,孔礼俩，孔子第41代孙。,
孔礼俪,孔,礼,男,41,941-01-01,1010-01-01,是,金乡,知县,,,,,,孔礼俪，孔子第41代孙。,
吴姑,孔,礼,女,41,937-01-01,1005-01-01,是,鱼台,举人,,,,,,吴姑，孔子第41代孙。,
孔礼俬,孔,礼,男,41,937-01-01,999-01-01,是,嘉祥,进士,,,,,,孔礼俬，孔子第41代孙。,
孔礼俭,孔,礼,男,41,944-01-01,1027-01-01,是,汶上,太学生,,,,,,孔礼俭，孔子第41代孙。,
孔礼修,孔,礼,男,41,940-01-01,1011-01-01,是,泗水,县丞,,,,,,孔礼修，孔子第41代孙。,
孔礼俯,孔,礼,男,41,942-01-01,1004-01-01,是,宁阳,主簿,,,,,,孔礼俯，孔子第41代孙。,
孔礼俰,孔,礼,男,41,937-01-01,1012-01-01,是,兖州,训导,,,,,,孔礼俰，孔子第41代孙。,
林姑,孔,礼,女,41,937-01-01,1010-01-01,是,东平,教谕,,,,,,林姑，孔子第41代孙。,
孔礼俲,孔,礼,男,41,943-01-01,1022-01-01,是,寿张,商人,,,,,,孔礼俲，孔子第41代孙。,
孔礼俳,孔,礼,男,41,937-01-01,999-01-01,是,范县,官员,,,,,,孔礼俳，孔子第41代孙。,
孔礼俴,孔,礼,男,41,939-01-01,1000-01-01,是,濮州,学者,,,,,,孔礼俴，孔子第41代孙。,
张氏,孔,礼,女,41,940-01-01,1020-01-01,是,开州,大夫,,,,,,张氏，孔子第41代孙。,
孔礼俶,孔,礼,男,41,943-01-01,1013-01-01,是,长垣,士,,,,,,孔礼俶，孔子第41代孙。,
孔礼俷,孔,礼,男,41,942-01-01,1012-01-01,是,东明,农,,,,,,孔礼俷，孔子第41代孙。,
孔礼俸,孔,礼,男,41,942-01-01,1024-01-01,是,荷泽,商,,,,,,孔礼俸，孔子第41代孙。,
孔礼俹,孔,礼,男,41,943-01-01,1013-01-01,是,曹州,儒,,,,,,孔礼俹，孔子第41代孙。,
孔礼俺,孔,礼,男,41,943-01-01,1005-01-01,是,定陶,工部侍郎,,,,,,孔礼俺，孔子第41代孙。,
赵氏,孔,礼,女,41,941-01-01,1017-01-01,是,单县,礼部尚书,,,,,,赵氏，孔子第41代孙。,
孔礼俼,孔,礼,男,41,943-01-01,1019-01-01,是,成武,知州,,,,,,孔礼俼，孔子第41代孙。,
周姑,孔,礼,女,41,938-01-01,1020-01-01,是,巨野,知县,,,,,,周姑，孔子第41代孙。,
吴氏,孔,礼,女,41,942-01-01,1008-01-01,是,郓城,举人,,,,,,吴氏，孔子第41代孙。,
孔礼俿,孔,礼,男,41,943-01-01,1014-01-01,是,鄄城,进士,,,,,,孔礼俿，孔子第41代孙。,
孔礼倀,孔,礼,男,41,940-01-01,1008-01-01,是,曲阜,太学生,,,,,,孔礼倀，孔子第41代孙。,
孔礼倁,孔,礼,男,41,944-01-01,1025-01-01,是,滋阳,县丞,,,,,,孔礼倁，孔子第41代孙。,
孔礼倂,孔,礼,男,41,943-01-01,1024-01-01,是,济宁,主簿,,,,,,孔礼倂，孔子第41代孙。,
孔礼倃,孔,礼,男,41,941-01-01,1017-01-01,是,邹县,训导,,,,,,孔礼倃，孔子第41代孙。,
孔礼倄,孔,礼,男,41,940-01-01,1022-01-01,是,滕县,教谕,,,,,,孔礼倄，孔子第41代孙。,
何娘,孔,礼,女,41,941-01-01,1019-01-01,是,峄县,商人,,,,,,何娘，孔子第41代孙。,
郭姑,孔,礼,女,41,942-01-01,1013-01-01,是,金乡,官员,,,,,,郭姑，孔子第41代孙。,
孔礼倇,孔,礼,男,41,943-01-01,1023-01-01,是,鱼台,学者,,,,,,孔礼倇，孔子第41代孙。,
张娘,孔,礼,女,41,943-01-01,1018-01-01,是,嘉祥,大夫,,,,,,张娘，孔子第41代孙。,
孔礼倉,孔,礼,男,41,944-01-01,1007-01-01,是,汶上,士,,,,,,孔礼倉，孔子第41代孙。,
李氏,孔,礼,女,41,944-01-01,1015-01-01,是,泗水,农,,,,,,李氏，孔子第41代孙。,
孔礼個,孔,礼,男,41,937-01-01,1009-01-01,是,宁阳,商,,,,,,孔礼個，孔子第41代孙。,
孔礼倌,孔,礼,男,41,939-01-01,1008-01-01,是,兖州,儒,,,,,,孔礼倌，孔子第41代孙。,
孔礼倍,孔,礼,男,41,938-01-01,1003-01-01,是,东平,工部侍郎,,,,,,孔礼倍，孔子第41代孙。,
赵娘,孔,礼,女,41,938-01-01,1010-01-01,是,寿张,礼部尚书,,,,,,赵娘，孔子第41代孙。,
孔礼倏,孔,礼,男,41,940-01-01,1015-01-01,是,范县,知州,,,,,,孔礼倏，孔子第41代孙。,
孔礼倐,孔,礼,男,41,944-01-01,1017-01-01,是,濮州,知县,,,,,,孔礼倐，孔子第41代孙。,
孔礼們,孔,礼,男,41,938-01-01,1000-01-01,是,开州,举人,,,,,,孔礼們，孔子第41代孙。,
徐姑,孔,礼,女,41,938-01-01,1016-01-01,是,长垣,进士,,,,,,徐姑，孔子第41代孙。,
孔礼倓,孔,礼,男,41,942-01-01,1010-01-01,是,东明,太学生,,,,,,孔礼倓，孔子第41代孙。,
孔礼倔,孔,礼,男,41,939-01-01,1014-01-01,是,荷泽,县丞,,,,,,孔礼倔，孔子第41代孙。,
孔礼倕,孔,礼,男,41,939-01-01,1002-01-01,是,曹州,主簿,,,,,,孔礼倕，孔子第41代孙。,
孔礼倖,孔,礼,男,41,943-01-01,1023-01-01,是,定陶,训导,,,,,,孔礼倖，孔子第41代孙。,
孔礼倗,孔,礼,男,41,938-01-01,1001-01-01,是,单县,教谕,,,,,,孔礼倗，孔子第41代孙。,
何姑,孔,礼,女,41,944-01-01,1024-01-01,是,成武,商人,,,,,,何姑，孔子第41代孙。,
孔礼候,孔,礼,男,41,942-01-01,1010-01-01,是,巨野,官员,,,,,,孔礼候，孔子第41代孙。,
孔礼倚,孔,礼,男,41,944-01-01,1016-01-01,是,郓城,学者,,,,,,孔礼倚，孔子第41代孙。,
孔礼倛,孔,礼,男,41,943-01-01,1027-01-01,是,鄄城,大夫,,,,,,孔礼倛，孔子第41代孙。,
孔礼倜,孔,礼,男,41,938-01-01,1011-01-01,是,曲阜,士,,,,,,孔礼倜，孔子第41代孙。,
李娘,孔,礼,女,41,940-01-01,1008-01-01,是,滋阳,农,,,,,,李娘，孔子第41代孙。,
孔礼倞,孔,礼,男,41,943-01-01,1016-01-01,是,济宁,商,,,,,,孔礼倞，孔子第41代孙。,
孔礼借,孔,礼,男,41,943-01-01,1015-01-01,是,邹县,儒,,,,,,孔礼借，孔子第41代孙。,
杨娘,孔,礼,女,41,942-01-01,1020-01-01,是,滕县,工部侍郎,,,,,,杨娘，孔子第41代孙。,
赵姑,孔,礼,女,41,938-01-01,1006-01-01,是,峄县,礼部尚书,,,,,,赵姑，孔子第41代孙。,
黄氏,孔,礼,女,41,938-01-01,1018-01-01,是,金乡,知州,,,,,,黄氏，孔子第41代孙。,
孔礼倣,孔,礼,男,41,938-01-01,1011-01-01,是,鱼台,知县,,,,,,孔礼倣，孔子第41代孙。,
吴姑,孔,礼,女,41,943-01-01,1014-01-01,是,嘉祥,举人,,,,,,吴姑，孔子第41代孙。,
孔礼倥,孔,礼,男,41,941-01-01,1001-01-01,是,汶上,进士,,,,,,孔礼倥，孔子第41代孙。,
孔礼倦,孔,礼,男,41,943-01-01,1026-01-01,是,泗水,太学生,,,,,,孔礼倦，孔子第41代孙。,
胡姑,孔,礼,女,41,944-01-01,1022-01-01,是,宁阳,县丞,,,,,,胡姑，孔子第41代孙。,
孔礼倨,孔,礼,男,41,940-01-01,1003-01-01,是,兖州,主簿,,,,,,孔礼倨，孔子第41代孙。,
高娘,孔,礼,女,41,943-01-01,1024-01-01,是,东平,训导,,,,,,高娘，孔子第41代孙。,
孔礼倪,孔,礼,男,41,943-01-01,1010-01-01,是,寿张,教谕,,,,,,孔礼倪，孔子第41代孙。,
何氏,孔,礼,女,41,937-01-01,1006-01-01,是,范县,商人,,,,,,何氏，孔子第41代孙。,
孔礼倬,孔,礼,男,41,944-01-01,1014-01-01,是,濮州,官员,,,,,,孔礼倬，孔子第41代孙。,
孔礼倭,孔,礼,男,41,940-01-01,1001-01-01,是,开州,学者,,,,,,孔礼倭，孔子第41代孙。,
孔礼倮,孔,礼,男,41,941-01-01,1002-01-01,是,长垣,大夫,,,,,,孔礼倮，孔子第41代孙。,
孔礼倯,孔,礼,男,41,939-01-01,1008-01-01,是,东明,士,,,,,,孔礼倯，孔子第41代孙。,
孔永倰,孔,永,男,42,969-01-01,1048-01-01,是,荷泽,农,,,,,,孔永倰，孔子第42代孙。,
孔永倱,孔,永,男,42,972-01-01,1042-01-01,是,曹州,商,,,,,,孔永倱，孔子第42代孙。,
陈姑,孔,永,女,42,970-01-01,1038-01-01,是,定陶,儒,,,,,,陈姑，孔子第42代孙。,
杨氏,孔,永,女,42,967-01-01,1029-01-01,是,单县,工部侍郎,,,,,,杨氏，孔子第42代孙。,
孔永倴,孔,永,男,42,970-01-01,1045-01-01,是,成武,礼部尚书,,,,,,孔永倴，孔子第42代孙。,
黄姑,孔,永,女,42,972-01-01,1048-01-01,是,巨野,知州,,,,,,黄姑，孔子第42代孙。,
孔永倶,孔,永,男,42,972-01-01,1046-01-01,是,郓城,知县,,,,,,孔永倶，孔子第42代孙。,
孔永倷,孔,永,男,42,967-01-01,1031-01-01,是,鄄城,举人,,,,,,孔永倷，孔子第42代孙。,
孔永倸,孔,永,男,42,970-01-01,1036-01-01,是,曲阜,进士,,,,,,孔永倸，孔子第42代孙。,
孙氏,孔,永,女,42,967-01-01,1031-01-01,是,滋阳,太学生,,,,,,孙氏，孔子第42代孙。,
孔永债,孔,永,男,42,971-01-01,1043-01-01,是,济宁,县丞,,,,,,孔永债，孔子第42代孙。,
孔永倻,孔,永,男,42,971-01-01,1045-01-01,是,邹县,主簿,,,,,,孔永倻，孔子第42代孙。,
孔永值,孔,永,男,42,970-01-01,1032-01-01,是,滕县,训导,,,,,,孔永值，孔子第42代孙。,
孔永倽,孔,永,男,42,967-01-01,1036-01-01,是,峄县,教谕,,,,,,孔永倽，孔子第42代孙。,
何姑,孔,永,女,42,967-01-01,1043-01-01,是,金乡,商人,,,,,,何姑，孔子第42代孙。,
孔永倿,孔,永,男,42,966-01-01,1026-01-01,是,鱼台,官员,,,,,,孔永倿，孔子第42代孙。,
孔永偀,孔,永,男,42,966-01-01,1040-01-01,是,嘉祥,学者,,,,,,孔永偀，孔子第42代孙。,
张姑,孔,永,女,42,966-01-01,1035-01-01,是,汶上,大夫,,,,,,张姑，孔子第42代孙。,
孔永偂,孔,永,男,42,965-01-01,1049-01-01,是,泗水,士,,,,,,孔永偂，孔子第42代孙。,
李娘,孔,永,女,42,967-01-01,1048-01-01,是,宁阳,农,,,,,,李娘，孔子第42代孙。,
孔永偄,孔,永,男,42,965-01-01,1032-01-01,是,兖州,商,,,,,,孔永偄，孔子第42代孙。,
陈氏,孔,永,女,42,971-01-01,1042-01-01,是,东平,儒,,,,,,陈氏，孔子第42代孙。,
孔永偆,孔,永,男,42,970-01-01,1038-01-01,是,寿张,工部侍郎,,,,,,孔永偆，孔子第42代孙。,
孔永假,孔,永,男,42,971-01-01,1046-01-01,是,范县,礼部尚书,,,,,,孔永假，孔子第42代孙。,
孔永偈,孔,永,男,42,968-01-01,1049-01-01,是,濮州,知州,,,,,,孔永偈，孔子第42代孙。,
孔永偉,孔,永,男,42,965-01-01,1048-01-01,是,开州,知县,,,,,,孔永偉，孔子第42代孙。,
孔永偊,孔,永,男,42,966-01-01,1029-01-01,是,长垣,举人,,,,,,孔永偊，孔子第42代孙。,
孔永偋,孔,永,男,42,968-01-01,1048-01-01,是,东明,进士,,,,,,孔永偋，孔子第42代孙。,
孔永偌,孔,永,男,42,970-01-01,1037-01-01,是,荷泽,太学生,,,,,,孔永偌，孔子第42代孙。,
胡姑,孔,永,女,42,970-01-01,1038-01-01,是,曹州,县丞,,,,,,胡姑，孔子第42代孙。,
朱氏,孔,永,女,42,968-01-01,1035-01-01,是,定陶,主簿,,,,,,朱氏，孔子第42代孙。,
孔永偏,孔,永,男,42,967-01-01,1040-01-01,是,单县,训导,,,,,,孔永偏，孔子第42代孙。,
孔永偐,孔,永,男,42,966-01-01,1044-01-01,是,成武,教谕,,,,,,孔永偐，孔子第42代孙。,
孔永偑,孔,永,男,42,969-01-01,1032-01-01,是,巨野,商人,,,,,,孔永偑，孔子第42代孙。,
孔永偒,孔,永,男,42,969-01-01,1053-01-01,是,郓城,官员,,,,,,孔永偒，孔子第42代孙。,
马姑,孔,永,女,42,966-01-01,1035-01-01,是,鄄城,学者,,,,,,马姑，孔子第42代孙。,
张氏,孔,永,女,42,969-01-01,1041-01-01,是,曲阜,大夫,,,,,,张氏，孔子第42代孙。,
孔永偕,孔,永,男,42,968-01-01,1034-01-01,是,滋阳,士,,,,,,孔永偕，孔子第42代孙。,
李姑,孔,永,女,42,965-01-01,1044-01-01,是,济宁,农,,,,,,李姑，孔子第42代孙。,
刘氏,孔,永,女,42,968-01-01,1036-01-01,是,邹县,商,,,,,,刘氏，孔子第42代孙。,
陈娘,孔,永,女,42,965-01-01,1041-01-01,是,滕县,儒,,,,,,陈娘，孔子第42代孙。,
孔永偙,孔,永,男,42,969-01-01,1036-01-01,是,峄县,工部侍郎,,,,,,孔永偙，孔子第42代孙。,
赵氏,孔,永,女,42,972-01-01,1051-01-01,是,金乡,礼部尚书,,,,,,赵氏，孔子第42代孙。,
孔永偛,孔,永,男,42,966-01-01,1038-01-01,是,鱼台,知州,,,,,,孔永偛，孔子第42代孙。,
孔永停,孔,永,男,42,970-01-01,1052-01-01,是,嘉祥,知县,,,,,,孔永停，孔子第42代孙。,
吴氏,孔,永,女,42,968-01-01,1038-01-01,是,汶上,举人,,,,,,吴氏，孔子第42代孙。,
孔永偞,孔,永,男,42,972-01-01,1037-01-01,是,泗水,进士,,,,,,孔永偞，孔子第42代孙。,
孔永偟,孔,永,男,42,971-01-01,1034-01-01,是,宁阳,太学生,,,,,,孔永偟，孔子第42代孙。,
胡氏,孔,永,女,42,971-01-01,1034-01-01,是,兖州,县丞,,,,,,胡氏，孔子第42代孙。,
孔永偡,孔,永,男,42,968-01-01,1045-01-01,是,东平,主簿,,,,,,孔永偡，孔子第42代孙。,
孔永偢,孔,永,男,42,971-01-01,1044-01-01,是,寿张,训导,,,,,,孔永偢，孔子第42代孙。,
孔永偣,孔,永,男,42,966-01-01,1038-01-01,是,范县,教谕,,,,,,孔永偣，孔子第42代孙。,
孔永偤,孔,永,男,42,965-01-01,1042-01-01,是,濮州,商人,,,,,,孔永偤，孔子第42代孙。,
郭姑,孔,永,女,42,968-01-01,1032-01-01,是,开州,官员,,,,,,郭姑，孔子第42代孙。,
孔永偦,孔,永,男,42,967-01-01,1039-01-01,是,长垣,学者,,,,,,孔永偦，孔子第42代孙。,
张娘,孔,永,女,42,970-01-01,1041-01-01,是,东明,大夫,,,,,,张娘，孔子第42代孙。,
王姑,孔,永,女,42,967-01-01,1048-01-01,是,荷泽,士,,,,,,王姑，孔子第42代孙。,
孔永偩,孔,永,男,42,965-01-01,1045-01-01,是,曹州,农,,,,,,孔永偩，孔子第42代孙。,
孔永偪,孔,永,男,42,966-01-01,1029-01-01,是,定陶,商,,,,,,孔永偪，孔子第42代孙。,
孔永偫,孔,永,男,42,966-01-01,1026-01-01,是,单县,儒,,,,,,孔永偫，孔子第42代孙。,
杨氏,孔,永,女,42,965-01-01,1047-01-01,是,成武,工部侍郎,,,,,,杨氏，孔子第42代孙。,
孔永偭,孔,永,男,42,965-01-01,1043-01-01,是,巨野,礼部尚书,,,,,,孔永偭，孔子第42代孙。,
孔永偮,孔,永,男,42,971-01-01,1047-01-01,是,郓城,知州,,,,,,孔永偮，孔子第42代孙。,
孔永偯,孔,永,男,42,972-01-01,1055-01-01,是,鄄城,知县,,,,,,孔永偯，孔子第42代孙。,
吴娘,孔,永,女,42,971-01-01,1048-01-01,是,曲阜,举人,,,,,,吴娘，孔子第42代孙。,
徐姑,孔,永,女,42,968-01-01,1049-01-01,是,滋阳,进士,,,,,,徐姑，孔子第42代孙。,
孔永偲,孔,永,男,42,969-01-01,1042-01-01,是,济宁,太学生,,,,,,孔永偲，孔子第42代孙。,
孔永偳,孔,永,男,42,967-01-01,1041-01-01,是,邹县,县丞,,,,,,孔永偳，孔子第42代孙。,
朱姑,孔,永,女,42,965-01-01,1032-01-01,是,滕县,主簿,,,,,,朱姑，孔子第42代孙。,
孔永偵,孔,永,男,42,971-01-01,1039-01-01,是,峄县,训导,,,,,,孔永偵，孔子第42代孙。,
林娘,孔,永,女,42,969-01-01,1035-01-01,是,金乡,教谕,,,,,,林娘，孔子第42代孙。,
孔永偷,孔,永,男,42,967-01-01,1034-01-01,是,鱼台,商人,,,,,,孔永偷，孔子第42代孙。,
郭氏,孔,永,女,42,966-01-01,1039-01-01,是,嘉祥,官员,,,,,,郭氏，孔子第42代孙。,
孔永偹,孔,永,男,42,965-01-01,1044-01-01,是,汶上,学者,,,,,,孔永偹，孔子第42代孙。,
孔永偺,孔,永,男,42,971-01-01,1046-01-01,是,泗水,大夫,,,,,,孔永偺，孔子第42代孙。,
孔永偻,孔,永,男,42,966-01-01,1044-01-01,是,宁阳,士,,,,,,孔永偻，孔子第42代孙。,
李娘,孔,永,女,42,968-01-01,1034-01-01,是,兖州,农,,,,,,李娘，孔子第42代孙。,
刘姑,孔,永,女,42,969-01-01,1049-01-01,是,东平,商,,,,,,刘姑，孔子第42代孙。,
陈氏,孔,永,女,42,968-01-01,1031-01-01,是,寿张,儒,,,,,,陈氏，孔子第42代孙。,
孔永偿,孔,永,男,42,969-01-01,1031-01-01,是,范县,工部侍郎,,,,,,孔永偿，孔子第42代孙。,
赵姑,孔,永,女,42,966-01-01,1039-01-01,是,濮州,礼部尚书,,,,,,赵姑，孔子第42代孙。,
孔永傁,孔,永,男,42,971-01-01,1041-01-01,是,开州,知州,,,,,,孔永傁，孔子第42代孙。,
孔永傂,孔,永,男,42,965-01-01,1048-01-01,是,长垣,知县,,,,,,孔永傂，孔子第42代孙。,
孔永傃,孔,永,男,42,971-01-01,1049-01-01,是,东明,举人,,,,,,孔永傃，孔子第42代孙。,
徐氏,孔,永,女,42,967-01-01,1050-01-01,是,荷泽,进士,,,,,,徐氏，孔子第42代孙。,
孔永傅,孔,永,男,42,971-01-01,1048-01-01,是,曹州,太学生,,,,,,孔永傅，孔子第42代孙。,
孔永傆,孔,永,男,42,972-01-01,1039-01-01,是,定陶,县丞,,,,,,孔永傆，孔子第42代孙。,
朱氏,孔,永,女,42,968-01-01,1032-01-01,是,单县,主簿,,,,,,朱氏，孔子第42代孙。,
孔永傈,孔,永,男,42,967-01-01,1035-01-01,是,成武,训导,,,,,,孔永傈，孔子第42代孙。,
林姑,孔,永,女,42,968-01-01,1031-01-01,是,巨野,教谕,,,,,,林姑，孔子第42代孙。,
孔永傊,孔,永,男,42,966-01-01,1040-01-01,是,郓城,商人,,,,,,孔永傊，孔子第42代孙。,
孔永傋,孔,永,男,42,972-01-01,1048-01-01,是,鄄城,官员,,,,,,孔永傋，孔子第42代孙。,
孔永傌,孔,永,男,42,965-01-01,1041-01-01,是,曲阜,学者,,,,,,孔永傌，孔子第42代孙。,
张氏,孔,永,女,42,968-01-01,1028-01-01,是,滋阳,大夫,,,,,,张氏，孔子第42代孙。,
孔永傎,孔,永,男,42,966-01-01,1038-01-01,是,济宁,士,,,,,,孔永傎，孔子第42代孙。,
李姑,孔,永,女,42,967-01-01,1033-01-01,是,邹县,农,,,,,,李姑，孔子第42代孙。,
孔永傐,孔,永,男,42,967-01-01,1048-01-01,是,滕县,商,,,,,,孔永傐，孔子第42代孙。,
孔永傑,孔,永,男,42,965-01-01,1041-01-01,是,峄县,儒,,,,,,孔永傑，孔子第42代孙。,
孔永傒,孔,永,男,42,972-01-01,1052-01-01,是,金乡,工部侍郎,,,,,,孔永傒，孔子第42代孙。,
孔永傓,孔,永,男,42,967-01-01,1027-01-01,是,鱼台,礼部尚书,,,,,,孔永傓，孔子第42代孙。,
孔永傔,孔,永,男,42,970-01-01,1039-01-01,是,嘉祥,知州,,,,,,孔永傔，孔子第42代孙。,
孔永傕,孔,永,男,42,969-01-01,1052-01-01,是,汶上,知县,,,,,,孔永傕，孔子第42代孙。,
吴氏,孔,永,女,42,965-01-01,1033-01-01,是,泗水,举人,,,,,,吴氏，孔子第42代孙。,
徐娘,孔,永,女,42,966-01-01,1043-01-01,是,宁阳,进士,,,,,,徐娘，孔子第42代孙。,
孔永傘,孔,永,男,42,969-01-01,1044-01-01,是,兖州,太学生,,,,,,孔永傘，孔子第42代孙。,
胡氏,孔,永,女,42,966-01-01,1032-01-01,是,东平,县丞,,,,,,胡氏，孔子第42代孙。,
孔永傚,孔,永,男,42,971-01-01,1040-01-01,是,寿张,主簿,,,,,,孔永傚，孔子第42代孙。,
高姑,孔,永,女,42,971-01-01,1033-01-01,是,范县,训导,,,,,,高姑，孔子第42代孙。,
林氏,孔,永,女,42,965-01-01,1029-01-01,是,濮州,教谕,,,,,,林氏，孔子第42代孙。,
孔永傝,孔,永,男,42,970-01-01,1042-01-01,是,开州,商人,,,,,,孔永傝，孔子第42代孙。,
郭姑,孔,永,女,42,965-01-01,1046-01-01,是,长垣,官员,,,,,,郭姑，孔子第42代孙。,
马氏,孔,永,女,42,968-01-01,1047-01-01,是,东明,学者,,,,,,马氏，孔子第42代孙。,
孔永傠,孔,永,男,42,969-01-01,1035-01-01,是,荷泽,大夫,,,,,,孔永傠，孔子第42代孙。,
孔永傡,孔,永,男,42,970-01-01,1053-01-01,是,曹州,士,,,,,,孔永傡，孔子第42代孙。,
孔永傢,孔,永,男,42,971-01-01,1038-01-01,是,定陶,农,,,,,,孔永傢，孔子第42代孙。,
孔永傣,孔,永,男,42,967-01-01,1051-01-01,是,单县,商,,,,,,孔永傣，孔子第42代孙。,
孔永傤,孔,永,男,42,969-01-01,1037-01-01,是,成武,儒,,,,,,孔永傤，孔子第42代孙。,
孔永傥,孔,永,男,42,965-01-01,1031-01-01,是,巨野,工部侍郎,,,,,,孔永傥，孔子第42代孙。,
孔永傦,孔,永,男,42,966-01-01,1043-01-01,是,郓城,礼部尚书,,,,,,孔永傦，孔子第42代孙。,
孔永傧,孔,永,男,42,970-01-01,1047-01-01,是,鄄城,知州,,,,,,孔永傧，孔子第42代孙。,
周氏,孔,永,女,42,968-01-01,1040-01-01,是,曲阜,知县,,,,,,周氏，孔子第42代孙。,
孔永傩,孔,永,男,42,971-01-01,1047-01-01,是,滋阳,举人,,,,,,孔永傩，孔子第42代孙。,
徐姑,孔,永,女,42,968-01-01,1047-01-01,是,济宁,进士,,,,,,徐姑，孔子第42代孙。,
孙氏,孔,永,女,42,968-01-01,1038-01-01,是,邹县,太学生,,,,,,孙氏，孔子第42代孙。,
孔永催,孔,永,男,42,965-01-01,1039-01-01,是,滕县,县丞,,,,,,孔永催，孔子第42代孙。,
孔永傭,孔,永,男,42,965-01-01,1039-01-01,是,峄县,主簿,,,,,,孔永傭，孔子第42代孙。,
孔永傮,孔,永,男,42,969-01-01,1032-01-01,是,金乡,训导,,,,,,孔永傮，孔子第42代孙。,
孔永傯,孔,永,男,42,970-01-01,1052-01-01,是,鱼台,教谕,,,,,,孔永傯，孔子第42代孙。,
孔永傰,孔,永,男,42,965-01-01,1047-01-01,是,嘉祥,商人,,,,,,孔永傰，孔子第42代孙。,
郭氏,孔,永,女,42,967-01-01,1031-01-01,是,汶上,官员,,,,,,郭氏，孔子第42代孙。,
孔永傲,孔,永,男,42,970-01-01,1031-01-01,是,泗水,学者,,,,,,孔永傲，孔子第42代孙。,
张姑,孔,永,女,42,967-01-01,1043-01-01,是,宁阳,大夫,,,,,,张姑，孔子第42代孙。,
孔永傴,孔,永,男,42,967-01-01,1039-01-01,是,兖州,士,,,,,,孔永傴，孔子第42代孙。,
李娘,孔,永,女,42,965-01-01,1049-01-01,是,东平,农,,,,,,李娘，孔子第42代孙。,
孔永傶,孔,永,男,42,965-01-01,1026-01-01,是,寿张,商,,,,,,孔永傶，孔子第42代孙。,
陈氏,孔,永,女,42,966-01-01,1036-01-01,是,范县,儒,,,,,,陈氏，孔子第42代孙。,
孔永傸,孔,永,男,42,970-01-01,1041-01-01,是,濮州,工部侍郎,,,,,,孔永傸，孔子第42代孙。,
赵姑,孔,永,女,42,972-01-01,1055-01-01,是,开州,礼部尚书,,,,,,赵姑，孔子第42代孙。,
孔永傺,孔,永,男,42,966-01-01,1040-01-01,是,长垣,知州,,,,,,孔永傺，孔子第42代孙。,
孔永傻,孔,永,男,42,971-01-01,1045-01-01,是,东明,知县,,,,,,孔永傻，孔子第42代孙。,
孔永傼,孔,永,男,42,970-01-01,1050-01-01,是,荷泽,举人,,,,,,孔永傼，孔子第42代孙。,
孔永傽,孔,永,男,42,969-01-01,1030-01-01,是,曹州,进士,,,,,,孔永傽，孔子第42代孙。,
孔永傾,孔,永,男,42,968-01-01,1042-01-01,是,定陶,太学生,,,,,,孔永傾，孔子第42代孙。,
孔永傿,孔,永,男,42,972-01-01,1055-01-01,是,单县,县丞,,,,,,孔永傿，孔子第42代孙。,
孔永僀,孔,永,男,42,967-01-01,1033-01-01,是,成武,主簿,,,,,,孔永僀，孔子第42代孙。,
高娘,孔,永,女,42,972-01-01,1048-01-01,是,巨野,训导,,,,,,高娘，孔子第42代孙。,
孔永僂,孔,永,男,42,966-01-01,1047-01-01,是,郓城,教谕,,,,,,孔永僂，孔子第42代孙。,
何氏,孔,永,女,42,970-01-01,1049-01-01,是,鄄城,商人,,,,,,何氏，孔子第42代孙。,
孔永僄,孔,永,男,42,969-01-01,1033-01-01,是,曲阜,官员,,,,,,孔永僄，孔子第42代孙。,
孔永僅,孔,永,男,42,972-01-01,1048-01-01,是,滋阳,学者,,,,,,孔永僅，孔子第42代孙。,
张氏,孔,永,女,42,965-01-01,1028-01-01,是,济宁,大夫,,,,,,张氏，孔子第42代孙。,
孔永僇,孔,永,男,42,969-01-01,1036-01-01,是,邹县,士,,,,,,孔永僇，孔子第42代孙。,
孔永僈,孔,永,男,42,970-01-01,1032-01-01,是,滕县,农,,,,,,孔永僈，孔子第42代孙。,
刘氏,孔,永,女,42,967-01-01,1028-01-01,是,峄县,商,,,,,,刘氏，孔子第42代孙。,
孔永僊,孔,永,男,42,971-01-01,1053-01-01,是,金乡,儒,,,,,,孔永僊，孔子第42代孙。,
杨姑,孔,永,女,42,965-01-01,1033-01-01,是,鱼台,工部侍郎,,,,,,杨姑，孔子第42代孙。,
孔永僌,孔,永,男,42,965-01-01,1030-01-01,是,嘉祥,礼部尚书,,,,,,孔永僌，孔子第42代孙。,
黄娘,孔,永,女,42,965-01-01,1043-01-01,是,汶上,知州,,,,,,黄娘，孔子第42代孙。,
孔永僎,孔,永,男,42,972-01-01,1045-01-01,是,泗水,知县,,,,,,孔永僎，孔子第42代孙。,
孔永像,孔,永,男,42,972-01-01,1041-01-01,是,宁阳,举人,,,,,,孔永像，孔子第42代孙。,
孔永僐,孔,永,男,42,971-01-01,1048-01-01,是,兖州,进士,,,,,,孔永僐，孔子第42代孙。,
孔永僑,孔,永,男,42,969-01-01,1049-01-01,是,东平,太学生,,,,,,孔永僑，孔子第42代孙。,
孔永僒,孔,永,男,42,972-01-01,1035-01-01,是,寿张,县丞,,,,,,孔永僒，孔子第42代孙。,
孔永僓,孔,永,男,42,968-01-01,1035-01-01,是,范县,主簿,,,,,,孔永僓，孔子第42代孙。,
孔永僔,孔,永,男,42,972-01-01,1043-01-01,是,濮州,训导,,,,,,孔永僔，孔子第42代孙。,
孔永僕,孔,永,男,42,969-01-01,1050-01-01,是,开州,教谕,,,,,,孔永僕，孔子第42代孙。,
何娘,孔,永,女,42,966-01-01,1038-01-01,是,长垣,商人,,,,,,何娘，孔子第42代孙。,
孔永僗,孔,永,男,42,968-01-01,1029-01-01,是,东明,官员,,,,,,孔永僗，孔子第42代孙。,
孔永僘,孔,永,男,42,966-01-01,1044-01-01,是,荷泽,学者,,,,,,孔永僘，孔子第42代孙。,
张娘,孔,永,女,42,972-01-01,1038-01-01,是,曹州,大夫,,,,,,张娘，孔子第42代孙。,
孔永僚,孔,永,男,42,971-01-01,1053-01-01,是,定陶,士,,,,,,孔永僚，孔子第42代孙。,
李氏,孔,永,女,42,968-01-01,1031-01-01,是,单县,农,,,,,,李氏，孔子第42代孙。,
刘娘,孔,永,女,42,970-01-01,1051-01-01,是,成武,商,,,,,,刘娘，孔子第42代孙。,
孔永僝,孔,永,男,42,967-01-01,1046-01-01,是,巨野,儒,,,,,,孔永僝，孔子第42代孙。,
孔永僞,孔,永,男,42,971-01-01,1049-01-01,是,郓城,工部侍郎,,,,,,孔永僞，孔子第42代孙。,
赵娘,孔,永,女,42,969-01-01,1049-01-01,是,鄄城,礼部尚书,,,,,,赵娘，孔子第42代孙。,
孔永僠,孔,永,男,42,967-01-01,1034-01-01,是,曲阜,知州,,,,,,孔永僠，孔子第42代孙。,
孔永僡,孔,永,男,42,966-01-01,1044-01-01,是,滋阳,知县,,,,,,孔永僡，孔子第42代孙。,
孔永僢,孔,永,男,42,966-01-01,1046-01-01,是,济宁,举人,,,,,,孔永僢，孔子第42代孙。,
孔永僣,孔,永,男,42,972-01-01,1033-01-01,是,邹县,进士,,,,,,孔永僣，孔子第42代孙。,
孔永僤,孔,永,男,42,970-01-01,1043-01-01,是,滕县,太学生,,,,,,孔永僤，孔子第42代孙。,
胡娘,孔,永,女,42,967-01-01,1047-01-01,是,峄县,县丞,,,,,,胡娘，孔子第42代孙。,
孔永僦,孔,永,男,42,967-01-01,1035-01-01,是,金乡,主簿,,,,,,孔永僦，孔子第42代孙。,
孔永僧,孔,永,男,42,965-01-01,1042-01-01,是,鱼台,训导,,,,,,孔永僧，孔子第42代孙。,
林娘,孔,永,女,42,968-01-01,1041-01-01,是,嘉祥,教谕,,,,,,林娘，孔子第42代孙。,
孔永僩,孔,永,男,42,971-01-01,1041-01-01,是,汶上,商人,,,,,,孔永僩，孔子第42代孙。,
郭氏,孔,永,女,42,968-01-01,1043-01-01,是,泗水,官员,,,,,,郭氏，孔子第42代孙。,
孔永僫,孔,永,男,42,969-01-01,1045-01-01,是,宁阳,学者,,,,,,孔永僫，孔子第42代孙。,
张姑,孔,永,女,42,967-01-01,1050-01-01,是,兖州,大夫,,,,,,张姑，孔子第42代孙。,
孔永僭,孔,永,男,42,969-01-01,1033-01-01,是,东平,士,,,,,,孔永僭，孔子第42代孙。,
李娘,孔,永,女,42,972-01-01,1042-01-01,是,寿张,农,,,,,,李娘，孔子第42代孙。,
孔永僯,孔,永,男,42,965-01-01,1043-01-01,是,范县,商,,,,,,孔永僯，孔子第42代孙。,
陈氏,孔,永,女,42,965-01-01,1038-01-01,是,濮州,儒,,,,,,陈氏，孔子第42代孙。,
杨娘,孔,永,女,42,967-01-01,1027-01-01,是,开州,工部侍郎,,,,,,杨娘，孔子第42代孙。,
赵姑,孔,永,女,42,966-01-01,1027-01-01,是,长垣,礼部尚书,,,,,,赵姑，孔子第42代孙。,
孔永僳,孔,永,男,42,966-01-01,1027-01-01,是,东明,知州,,,,,,孔永僳，孔子第42代孙。,
周娘,孔,永,女,42,965-01-01,1041-01-01,是,荷泽,知县,,,,,,周娘，孔子第42代孙。,
孔永僵,孔,永,男,42,971-01-01,1047-01-01,是,曹州,举人,,,,,,孔永僵，孔子第42代孙。,
孔永僶,孔,永,男,42,972-01-01,1049-01-01,是,定陶,进士,,,,,,孔永僶，孔子第42代孙。,
孔永僷,孔,永,男,42,969-01-01,1036-01-01,是,单县,太学生,,,,,,孔永僷，孔子第42代孙。,
孔康僸,孔,康,男,43,994-01-01,1076-01-01,是,成武,县丞,,,,,,孔康僸，孔子第43代孙。,
朱娘,孔,康,女,43,999-01-01,1064-01-01,是,巨野,主簿,,,,,,朱娘，孔子第43代孙。,
孔康僺,孔,康,男,43,998-01-01,1059-01-01,是,郓城,训导,,,,,,孔康僺，孔子第43代孙。,
孔康僻,孔,康,男,43,998-01-01,1081-01-01,是,鄄城,教谕,,,,,,孔康僻，孔子第43代孙。,
孔康僼,孔,康,男,43,996-01-01,1060-01-01,是,曲阜,商人,,,,,,孔康僼，孔子第43代孙。,
郭姑,孔,康,女,43,994-01-01,1069-01-01,是,滋阳,官员,,,,,,郭姑，孔子第43代孙。,
马氏,孔,康,女,43,997-01-01,1073-01-01,是,济宁,学者,,,,,,马氏，孔子第43代孙。,
张娘,孔,康,女,43,993-01-01,1060-01-01,是,邹县,大夫,,,,,,张娘，孔子第43代孙。,
孔康儀,孔,康,男,43,993-01-01,1070-01-01,是,滕县,士,,,,,,孔康儀，孔子第43代孙。,
孔康儁,孔,康,男,43,995-01-01,1056-01-01,是,峄县,农,,,,,,孔康儁，孔子第43代孙。,
孔康儂,孔,康,男,43,994-01-01,1064-01-01,是,金乡,商,,,,,,孔康儂，孔子第43代孙。,
孔康儃,孔,康,男,43,998-01-01,1077-01-01,是,鱼台,儒,,,,,,孔康儃，孔子第43代孙。,
孔康億,孔,康,男,43,994-01-01,1057-01-01,是,嘉祥,工部侍郎,,,,,,孔康億，孔子第43代孙。,
孔康儅,孔,康,男,43,994-01-01,1056-01-01,是,汶上,礼部尚书,,,,,,孔康儅，孔子第43代孙。,
孔康儆,孔,康,男,43,995-01-01,1070-01-01,是,泗水,知州,,,,,,孔康儆，孔子第43代孙。,
孔康儇,孔,康,男,43,994-01-01,1057-01-01,是,宁阳,知县,,,,,,孔康儇，孔子第43代孙。,
吴娘,孔,康,女,43,993-01-01,1069-01-01,是,兖州,举人,,,,,,吴娘，孔子第43代孙。,
孔康儉,孔,康,男,43,998-01-01,1062-01-01,是,东平,进士,,,,,,孔康儉，孔子第43代孙。,
孔康儊,孔,康,男,43,995-01-01,1074-01-01,是,寿张,太学生,,,,,,孔康儊，孔子第43代孙。,
孔康儋,孔,康,男,43,995-01-01,1064-01-01,是,范县,县丞,,,,,,孔康儋，孔子第43代孙。,
孔康儌,孔,康,男,43,996-01-01,1057-01-01,是,濮州,主簿,,,,,,孔康儌，孔子第43代孙。,
孔康儍,孔,康,男,43,998-01-01,1061-01-01,是,开州,训导,,,,,,孔康儍，孔子第43代孙。,
林娘,孔,康,女,43,998-01-01,1082-01-01,是,长垣,教谕,,,,,,林娘，孔子第43代孙。,
何姑,孔,康,女,43,996-01-01,1069-01-01,是,东明,商人,,,,,,何姑，孔子第43代孙。,
郭氏,孔,康,女,43,999-01-01,1074-01-01,是,荷泽,官员,,,,,,郭氏，孔子第43代孙。,
孔康儑,孔,康,男,43,993-01-01,1055-01-01,是,曹州,学者,,,,,,孔康儑，孔子第43代孙。,
孔康儒,孔,康,男,43,993-01-01,1068-01-01,是,定陶,大夫,,,,,,孔康儒，孔子第43代孙。,
孔康儓,孔,康,男,43,995-01-01,1077-01-01,是,单县,士,,,,,,孔康儓，孔子第43代孙。,
李娘,孔,康,女,43,994-01-01,1058-01-01,是,成武,农,,,,,,李娘，孔子第43代孙。,
刘姑,孔,康,女,43,996-01-01,1068-01-01,是,巨野,商,,,,,,刘姑，孔子第43代孙。,
陈氏,孔,康,女,43,996-01-01,1059-01-01,是,郓城,儒,,,,,,陈氏，孔子第43代孙。,
孔康儗,孔,康,男,43,996-01-01,1066-01-01,是,鄄城,工部侍郎,,,,,,孔康儗，孔子第43代孙。,
孔康儘,孔,康,男,43,994-01-01,1063-01-01,是,曲阜,礼部尚书,,,,,,孔康儘，孔子第43代孙。,
孔康儙,孔,康,男,43,996-01-01,1068-01-01,是,滋阳,知州,,,,,,孔康儙，孔子第43代孙。,
孔康儚,孔,康,男,43,996-01-01,1077-01-01,是,济宁,知县,,,,,,孔康儚，孔子第43代孙。,
孔康儛,孔,康,男,43,996-01-01,1065-01-01,是,邹县,举人,,,,,,孔康儛，孔子第43代孙。,
孔康儜,孔,康,男,43,1000-01-01,1084-01-01,是,滕县,进士,,,,,,孔康儜，孔子第43代孙。,
孔康儝,孔,康,男,43,995-01-01,1073-01-01,是,峄县,太学生,,,,,,孔康儝，孔子第43代孙。,
胡姑,孔,康,女,43,996-01-01,1072-01-01,是,金乡,县丞,,,,,,胡姑，孔子第43代孙。,
朱氏,孔,康,女,43,994-01-01,1074-01-01,是,鱼台,主簿,,,,,,朱氏，孔子第43代孙。,
高娘,孔,康,女,43,996-01-01,1066-01-01,是,嘉祥,训导,,,,,,高娘，孔子第43代孙。,
孔康儡,孔,康,男,43,994-01-01,1070-01-01,是,汶上,教谕,,,,,,孔康儡，孔子第43代孙。,
孔康儢,孔,康,男,43,997-01-01,1076-01-01,是,泗水,商人,,,,,,孔康儢，孔子第43代孙。,
孔康儣,孔,康,男,43,993-01-01,1071-01-01,是,宁阳,官员,,,,,,孔康儣，孔子第43代孙。,
孔康儤,孔,康,男,43,994-01-01,1075-01-01,是,兖州,学者,,,,,,孔康儤，孔子第43代孙。,
张氏,孔,康,女,43,997-01-01,1077-01-01,是,东平,大夫,,,,,,张氏，孔子第43代孙。,
王娘,孔,康,女,43,1000-01-01,1060-01-01,是,寿张,士,,,,,,王娘，孔子第43代孙。,
孔康儧,孔,康,男,43,993-01-01,1056-01-01,是,范县,农,,,,,,孔康儧，孔子第43代孙。,
孔康儨,孔,康,男,43,999-01-01,1072-01-01,是,濮州,商,,,,,,孔康儨，孔子第43代孙。,
陈娘,孔,康,女,43,1000-01-01,1079-01-01,是,开州,儒,,,,,,陈娘，孔子第43代孙。,
孔康優,孔,康,男,43,998-01-01,1064-01-01,是,长垣,工部侍郎,,,,,,孔康優，孔子第43代孙。,
孔康儫,孔,康,男,43,994-01-01,1058-01-01,是,东明,礼部尚书,,,,,,孔康儫，孔子第43代孙。,
孔康儬,孔,康,男,43,997-01-01,1080-01-01,是,荷泽,知州,,,,,,孔康儬，孔子第43代孙。,
孔康儭,孔,康,男,43,1000-01-01,1080-01-01,是,曹州,知县,,,,,,孔康儭，孔子第43代孙。,
吴氏,孔,康,女,43,995-01-01,1079-01-01,是,定陶,举人,,,,,,吴氏，孔子第43代孙。,
孔康儯,孔,康,男,43,1000-01-01,1063-01-01,是,单县,进士,,,,,,孔康儯，孔子第43代孙。,
孔康儰,孔,康,男,43,993-01-01,1076-01-01,是,成武,太学生,,,,,,孔康儰，孔子第43代孙。,
孔康儱,孔,康,男,43,997-01-01,1057-01-01,是,巨野,县丞,,,,,,孔康儱，孔子第43代孙。,
孔康儲,孔,康,男,43,1000-01-01,1067-01-01,是,郓城,主簿,,,,,,孔康儲，孔子第43代孙。,
孔康儳,孔,康,男,43,995-01-01,1055-01-01,是,鄄城,训导,,,,,,孔康儳，孔子第43代孙。,
孔康儴,孔,康,男,43,997-01-01,1065-01-01,是,曲阜,教谕,,,,,,孔康儴，孔子第43代孙。,
孔康儵,孔,康,男,43,996-01-01,1068-01-01,是,滋阳,商人,,,,,,孔康儵，孔子第43代孙。,
郭姑,孔,康,女,43,998-01-01,1078-01-01,是,济宁,官员,,,,,,郭姑，孔子第43代孙。,
孔康儷,孔,康,男,43,996-01-01,1074-01-01,是,邹县,学者,,,,,,孔康儷，孔子第43代孙。,
孔康儸,孔,康,男,43,999-01-01,1066-01-01,是,滕县,大夫,,,,,,孔康儸，孔子第43代孙。,
孔康儹,孔,康,男,43,998-01-01,1080-01-01,是,峄县,士,,,,,,孔康儹，孔子第43代孙。,
孔康儺,孔,康,男,43,997-01-01,1065-01-01,是,金乡,农,,,,,,孔康儺，孔子第43代孙。,
孔康儻,孔,康,男,43,995-01-01,1065-01-01,是,鱼台,商,,,,,,孔康儻，孔子第43代孙。,
陈姑,孔,康,女,43,998-01-01,1070-01-01,是,嘉祥,儒,,,,,,陈姑，孔子第43代孙。,
孔康儽,孔,康,男,43,993-01-01,1054-01-01,是,汶上,工部侍郎,,,,,,孔康儽，孔子第43代孙。,
赵娘,孔,康,女,43,997-01-01,1076-01-01,是,泗水,礼部尚书,,,,,,赵娘，孔子第43代孙。,
黄姑,孔,康,女,43,996-01-01,1056-01-01,是,宁阳,知州,,,,,,黄姑，孔子第43代孙。,
孔康兀,孔,康,男,43,1000-01-01,1072-01-01,是,兖州,知县,,,,,,孔康兀，孔子第43代孙。,
吴娘,孔,康,女,43,998-01-01,1066-01-01,是,东平,举人,,,,,,吴娘，孔子第43代孙。,
孔康兂,孔,康,男,43,1000-01-01,1067-01-01,是,寿张,进士,,,,,,孔康兂，孔子第43代孙。,
孔康元,孔,康,男,43,998-01-01,1077-01-01,是,范县,太学生,,,,,,孔康元，孔子第43代孙。,
胡娘,孔,康,女,43,995-01-01,1072-01-01,是,濮州,县丞,,,,,,胡娘，孔子第43代孙。,
朱姑,孔,康,女,43,999-01-01,1075-01-01,是,开州,主簿,,,,,,朱姑，孔子第43代孙。,
孔康兆,孔,康,男,43,998-01-01,1060-01-01,是,长垣,训导,,,,,,孔康兆，孔子第43代孙。,
林娘,孔,康,女,43,993-01-01,1067-01-01,是,东明,教谕,,,,,,林娘，孔子第43代孙。,
孔康先,孔,康,男,43,993-01-01,1074-01-01,是,荷泽,商人,,,,,,孔康先，孔子第43代孙。,
孔康光,孔,康,男,43,996-01-01,1079-01-01,是,曹州,官员,,,,,,孔康光，孔子第43代孙。,
马娘,孔,康,女,43,993-01-01,1067-01-01,是,定陶,学者,,,,,,马娘，孔子第43代孙。,
张姑,孔,康,女,43,993-01-01,1065-01-01,是,单县,大夫,,,,,,张姑，孔子第43代孙。,
王氏,孔,康,女,43,996-01-01,1059-01-01,是,成武,士,,,,,,王氏，孔子第43代孙。,
李娘,孔,康,女,43,1000-01-01,1067-01-01,是,巨野,农,,,,,,李娘，孔子第43代孙。,
刘姑,孔,康,女,43,993-01-01,1058-01-01,是,郓城,商,,,,,,刘姑，孔子第43代孙。,
孔康兏,孔,康,男,43,993-01-01,1063-01-01,是,鄄城,儒,,,,,,孔康兏，孔子第43代孙。,
孔康児,孔,康,男,43,1000-01-01,1060-01-01,是,曲阜,工部侍郎,,,,,,孔康児，孔子第43代孙。,
赵姑,孔,康,女,43,999-01-01,1074-01-01,是,滋阳,礼部尚书,,,,,,赵姑，孔子第43代孙。,
孔康兒,孔,康,男,43,996-01-01,1064-01-01,是,济宁,知州,,,,,,孔康兒，孔子第43代孙。,
周娘,孔,康,女,43,993-01-01,1065-01-01,是,邹县,知县,,,,,,周娘，孔子第43代孙。,
孔康兔,孔,康,男,43,999-01-01,1062-01-01,是,滕县,举人,,,,,,孔康兔，孔子第43代孙。,
徐氏,孔,康,女,43,995-01-01,1074-01-01,是,峄县,进士,,,,,,徐氏，孔子第43代孙。,
孔康兖,孔,康,男,43,995-01-01,1078-01-01,是,金乡,太学生,,,,,,孔康兖，孔子第43代孙。,
孔康兗,孔,康,男,43,1000-01-01,1075-01-01,是,鱼台,县丞,,,,,,孔康兗，孔子第43代孙。,
孔康兘,孔,康,男,43,999-01-01,1061-01-01,是,嘉祥,主簿,,,,,,孔康兘，孔子第43代孙。,
孔康兙,孔,康,男,43,993-01-01,1054-01-01,是,汶上,训导,,,,,,孔康兙，孔子第43代孙。,
孔康党,孔,康,男,43,993-01-01,1062-01-01,是,泗水,教谕,,,,,,孔康党，孔子第43代孙。,
孔康兛,孔,康,男,43,993-01-01,1070-01-01,是,宁阳,商人,,,,,,孔康兛，孔子第43代孙。,
郭娘,孔,康,女,43,998-01-01,1072-01-01,是,兖州,官员,,,,,,郭娘，孔子第43代孙。,
孔康兝,孔,康,男,43,1000-01-01,1083-01-01,是,东平,学者,,,,,,孔康兝，孔子第43代孙。,
孔康兞,孔,康,男,43,998-01-01,1059-01-01,是,寿张,大夫,,,,,,孔康兞，孔子第43代孙。,
孔康兟,孔,康,男,43,1000-01-01,1077-01-01,是,范县,士,,,,,,孔康兟，孔子第43代孙。,
孔康兠,孔,康,男,43,993-01-01,1066-01-01,是,濮州,农,,,,,,孔康兠，孔子第43代孙。,
孔康兡,孔,康,男,43,998-01-01,1069-01-01,是,开州,商,,,,,,孔康兡，孔子第43代孙。,
孔康兢,孔,康,男,43,998-01-01,1060-01-01,是,长垣,儒,,,,,,孔康兢，孔子第43代孙。,
杨姑,孔,康,女,43,998-01-01,1061-01-01,是,东明,工部侍郎,,,,,,杨姑，孔子第43代孙。,
孔康兤,孔,康,男,43,1000-01-01,1083-01-01,是,荷泽,礼部尚书,,,,,,孔康兤，孔子第43代孙。,
孔康入,孔,康,男,43,995-01-01,1064-01-01,是,曹州,知州,,,,,,孔康入，孔子第43代孙。,
周姑,孔,康,女,43,999-01-01,1082-01-01,是,定陶,知县,,,,,,周姑，孔子第43代孙。,
吴氏,孔,康,女,43,1000-01-01,1068-01-01,是,单县,举人,,,,,,吴氏，孔子第43代孙。,
孔康全,孔,康,男,43,997-01-01,1069-01-01,是,成武,进士,,,,,,孔康全，孔子第43代孙。,
孔康兩,孔,康,男,43,993-01-01,1054-01-01,是,巨野,太学生,,,,,,孔康兩，孔子第43代孙。,
孔康兪,孔,康,男,43,998-01-01,1075-01-01,是,郓城,县丞,,,,,,孔康兪，孔子第43代孙。,
孔康八,孔,康,男,43,994-01-01,1065-01-01,是,鄄城,主簿,,,,,,孔康八，孔子第43代孙。,
高姑,孔,康,女,43,999-01-01,1083-01-01,是,曲阜,训导,,,,,,高姑，孔子第43代孙。,
孔康六,孔,康,男,43,993-01-01,1070-01-01,是,滋阳,教谕,,,,,,孔康六，孔子第43代孙。,
何娘,孔,康,女,43,994-01-01,1057-01-01,是,济宁,商人,,,,,,何娘，孔子第43代孙。,
郭姑,孔,康,女,43,1000-01-01,1060-01-01,是,邹县,官员,,,,,,郭姑，孔子第43代孙。,
孔康兰,孔,康,男,43,1000-01-01,1082-01-01,是,滕县,学者,,,,,,孔康兰，孔子第43代孙。,
张娘,孔,康,女,43,999-01-01,1075-01-01,是,峄县,大夫,,,,,,张娘，孔子第43代孙。,
王姑,孔,康,女,43,993-01-01,1058-01-01,是,金乡,士,,,,,,王姑，孔子第43代孙。,
孔康关,孔,康,男,43,995-01-01,1057-01-01,是,鱼台,农,,,,,,孔康关，孔子第43代孙。,
孔康兴,孔,康,男,43,998-01-01,1074-01-01,是,嘉祥,商,,,,,,孔康兴，孔子第43代孙。,
陈姑,孔,康,女,43,996-01-01,1056-01-01,是,汶上,儒,,,,,,陈姑，孔子第43代孙。,
杨氏,孔,康,女,43,995-01-01,1055-01-01,是,泗水,工部侍郎,,,,,,杨氏，孔子第43代孙。,
孔康具,孔,康,男,43,993-01-01,1055-01-01,是,宁阳,礼部尚书,,,,,,孔康具，孔子第43代孙。,
孔康典,孔,康,男,43,994-01-01,1070-01-01,是,兖州,知州,,,,,,孔康典，孔子第43代孙。,
孔康兹,孔,康,男,43,999-01-01,1068-01-01,是,东平,知县,,,,,,孔康兹，孔子第43代孙。,
孔康兺,孔,康,男,43,994-01-01,1077-01-01,是,寿张,举人,,,,,,孔康兺，孔子第43代孙。,
徐姑,孔,康,女,43,1000-01-01,1068-01-01,是,范县,进士,,,,,,徐姑，孔子第43代孙。,
孔康兼,孔,康,男,43,994-01-01,1077-01-01,是,濮州,太学生,,,,,,孔康兼，孔子第43代孙。,
胡娘,孔,康,女,43,995-01-01,1068-01-01,是,开州,县丞,,,,,,胡娘，孔子第43代孙。,
朱姑,孔,康,女,43,1000-01-01,1072-01-01,是,长垣,主簿,,,,,,朱姑，孔子第43代孙。,
孔康兿,孔,康,男,43,995-01-01,1076-01-01,是,东明,训导,,,,,,孔康兿，孔子第43代孙。,
孔康冀,孔,康,男,43,994-01-01,1075-01-01,是,荷泽,教谕,,,,,,孔康冀，孔子第43代孙。,
孔康冁,孔,康,男,43,993-01-01,1073-01-01,是,曹州,商人,,,,,,孔康冁，孔子第43代孙。,
郭氏,孔,康,女,43,994-01-01,1072-01-01,是,定陶,官员,,,,,,郭氏，孔子第43代孙。,
孔康冃,孔,康,男,43,993-01-01,1055-01-01,是,单县,学者,,,,,,孔康冃，孔子第43代孙。,
孔康冄,孔,康,男,43,1000-01-01,1071-01-01,是,成武,大夫,,,,,,孔康冄，孔子第43代孙。,
王氏,孔,康,女,43,997-01-01,1067-01-01,是,巨野,士,,,,,,王氏，孔子第43代孙。,
孔康円,孔,康,男,43,1000-01-01,1080-01-01,是,郓城,农,,,,,,孔康円，孔子第43代孙。,
孔康冇,孔,康,男,43,995-01-01,1059-01-01,是,鄄城,商,,,,,,孔康冇，孔子第43代孙。,
陈氏,孔,康,女,43,997-01-01,1079-01-01,是,曲阜,儒,,,,,,陈氏，孔子第43代孙。,
孔康冉,孔,康,男,43,996-01-01,1076-01-01,是,滋阳,工部侍郎,,,,,,孔康冉，孔子第43代孙。,
赵姑,孔,康,女,43,997-01-01,1066-01-01,是,济宁,礼部尚书,,,,,,赵姑，孔子第43代孙。,
黄氏,孔,康,女,43,995-01-01,1059-01-01,是,邹县,知州,,,,,,黄氏，孔子第43代孙。,
孔康册,孔,康,男,43,994-01-01,1063-01-01,是,滕县,知县,,,,,,孔康册，孔子第43代孙。,
吴姑,孔,康,女,43,996-01-01,1076-01-01,是,峄县,举人,,,,,,吴姑，孔子第43代孙。,
孔康冎,孔,康,男,43,995-01-01,1058-01-01,是,金乡,进士,,,,,,孔康冎，孔子第43代孙。,
孔康冏,孔,康,男,43,996-01-01,1068-01-01,是,鱼台,太学生,,,,,,孔康冏，孔子第43代孙。,
胡姑,孔,康,女,43,995-01-01,1067-01-01,是,嘉祥,县丞,,,,,,胡姑，孔子第43代孙。,
朱氏,孔,康,女,43,998-01-01,1082-01-01,是,汶上,主簿,,,,,,朱氏，孔子第43代孙。,
高娘,孔,康,女,43,998-01-01,1078-01-01,是,泗水,训导,,,,,,高娘，孔子第43代孙。,
林姑,孔,康,女,43,1000-01-01,1072-01-01,是,宁阳,教谕,,,,,,林姑，孔子第43代孙。,
孔康冔,孔,康,男,43,993-01-01,1066-01-01,是,兖州,商人,,,,,,孔康冔，孔子第43代孙。,
孔康冕,孔,康,男,43,999-01-01,1061-01-01,是,东平,官员,,,,,,孔康冕，孔子第43代孙。,
孔康冖,孔,康,男,43,994-01-01,1055-01-01,是,寿张,学者,,,,,,孔康冖，孔子第43代孙。,
张氏,孔,康,女,43,994-01-01,1066-01-01,是,范县,大夫,,,,,,张氏，孔子第43代孙。,
王娘,孔,康,女,43,999-01-01,1059-01-01,是,濮州,士,,,,,,王娘，孔子第43代孙。,
孔康写,孔,康,男,43,994-01-01,1060-01-01,是,开州,农,,,,,,孔康写，孔子第43代孙。,
孔康冚,孔,康,男,43,999-01-01,1083-01-01,是,长垣,商,,,,,,孔康冚，孔子第43代孙。,
孔康军,孔,康,男,43,994-01-01,1064-01-01,是,东明,儒,,,,,,孔康军，孔子第43代孙。,
孔康农,孔,康,男,43,997-01-01,1068-01-01,是,荷泽,工部侍郎,,,,,,孔康农，孔子第43代孙。,
孔康冝,孔,康,男,43,995-01-01,1060-01-01,是,曹州,礼部尚书,,,,,,孔康冝，孔子第43代孙。,
孔康冞,孔,康,男,43,999-01-01,1078-01-01,是,定陶,知州,,,,,,孔康冞，孔子第43代孙。,
周姑,孔,康,女,43,997-01-01,1057-01-01,是,单县,知县,,,,,,周姑，孔子第43代孙。,
孔康冠,孔,康,男,43,996-01-01,1061-01-01,是,成武,举人,,,,,,孔康冠，孔子第43代孙。,
孔康冡,孔,康,男,43,995-01-01,1069-01-01,是,巨野,进士,,,,,,孔康冡，孔子第43代孙。,
孔康冢,孔,康,男,43,996-01-01,1076-01-01,是,郓城,太学生,,,,,,孔康冢，孔子第43代孙。,
孔康冣,孔,康,男,43,995-01-01,1064-01-01,是,鄄城,县丞,,,,,,孔康冣，孔子第43代孙。,
孔康冤,孔,康,男,43,994-01-01,1067-01-01,是,曲阜,主簿,,,,,,孔康冤，孔子第43代孙。,
高姑,孔,康,女,43,998-01-01,1082-01-01,是,滋阳,训导,,,,,,高姑，孔子第43代孙。,
林氏,孔,康,女,43,994-01-01,1077-01-01,是,济宁,教谕,,,,,,林氏，孔子第43代孙。,
何娘,孔,康,女,43,1000-01-01,1075-01-01,是,邹县,商人,,,,,,何娘，孔子第43代孙。,
孔康冨,孔,康,男,43,994-01-01,1068-01-01,是,滕县,官员,,,,,,孔康冨，孔子第43代孙。,
孔康冩,孔,康,男,43,996-01-01,1077-01-01,是,峄县,学者,,,,,,孔康冩，孔子第43代孙。,
张娘,孔,康,女,43,994-01-01,1054-01-01,是,金乡,大夫,,,,,,张娘，孔子第43代孙。,
王姑,孔,康,女,43,1000-01-01,1081-01-01,是,鱼台,士,,,,,,王姑，孔子第43代孙。,
孔康冬,孔,康,男,43,999-01-01,1077-01-01,是,嘉祥,农,,,,,,孔康冬，孔子第43代孙。,
刘娘,孔,康,女,43,996-01-01,1067-01-01,是,汶上,商,,,,,,刘娘，孔子第43代孙。,
孔康冮,孔,康,男,43,997-01-01,1062-01-01,是,泗水,儒,,,,,,孔康冮，孔子第43代孙。,
杨氏,孔,康,女,43,998-01-01,1070-01-01,是,宁阳,工部侍郎,,,,,,杨氏，孔子第43代孙。,
孔康冰,孔,康,男,43,1000-01-01,1081-01-01,是,兖州,礼部尚书,,,,,,孔康冰，孔子第43代孙。,
孔康冱,孔,康,男,43,993-01-01,1069-01-01,是,东平,知州,,,,,,孔康冱，孔子第43代孙。,
孔康冲,孔,康,男,43,994-01-01,1057-01-01,是,寿张,知县,,,,,,孔康冲，孔子第43代孙。,
孔康决,孔,康,男,43,994-01-01,1059-01-01,是,范县,举人,,,,,,孔康决，孔子第43代孙。,
徐姑,孔,康,女,43,999-01-01,1064-01-01,是,濮州,进士,,,,,,徐姑，孔子第43代孙。,
孔康况,孔,康,男,43,998-01-01,1066-01-01,是,开州,太学生,,,,,,孔康况，孔子第43代孙。,
孔康冶,孔,康,男,43,1000-01-01,1062-01-01,是,长垣,县丞,,,,,,孔康冶，孔子第43代孙。,
朱姑,孔,康,女,43,995-01-01,1079-01-01,是,东明,主簿,,,,,,朱姑，孔子第43代孙。,
孔康冸,孔,康,男,43,1000-01-01,1067-01-01,是,荷泽,训导,,,,,,孔康冸，孔子第43代孙。,
孔康冹,孔,康,男,43,998-01-01,1072-01-01,是,曹州,教谕,,,,,,孔康冹，孔子第43代孙。,
何姑,孔,康,女,43,999-01-01,1077-01-01,是,定陶,商人,,,,,,何姑，孔子第43代孙。,
孔康冻,孔,康,男,43,994-01-01,1073-01-01,是,单县,官员,,,,,,孔康冻，孔子第43代孙。,
马娘,孔,康,女,43,1000-01-01,1069-01-01,是,成武,学者,,,,,,马娘，孔子第43代孙。,
孔康冽,孔,康,男,43,993-01-01,1064-01-01,是,巨野,大夫,,,,,,孔康冽，孔子第43代孙。,
王氏,孔,康,女,43,998-01-01,1061-01-01,是,郓城,士,,,,,,王氏，孔子第43代孙。,
孔康冿,孔,康,男,43,994-01-01,1076-01-01,是,鄄城,农,,,,,,孔康冿，孔子第43代孙。,
孔新净,孔,新,男,44,1024-01-01,1106-01-01,是,曲阜,商,,,,,,孔新净，孔子第44代孙。,
孔新凁,孔,新,男,44,1021-01-01,1098-01-01,是,滋阳,儒,,,,,,孔新凁，孔子第44代孙。,
孔新凂,孔,新,男,44,1022-01-01,1098-01-01,是,济宁,工部侍郎,,,,,,孔新凂，孔子第44代孙。,
赵氏,孔,新,女,44,1023-01-01,1095-01-01,是,邹县,礼部尚书,,,,,,赵氏，孔子第44代孙。,
黄娘,孔,新,女,44,1027-01-01,1095-01-01,是,滕县,知州,,,,,,黄娘，孔子第44代孙。,
孔新凅,孔,新,男,44,1023-01-01,1104-01-01,是,峄县,知县,,,,,,孔新凅，孔子第44代孙。,
孔新准,孔,新,男,44,1023-01-01,1098-01-01,是,金乡,举人,,,,,,孔新准，孔子第44代孙。,
孔新凇,孔,新,男,44,1027-01-01,1101-01-01,是,鱼台,进士,,,,,,孔新凇，孔子第44代孙。,
孔新凈,孔,新,男,44,1027-01-01,1091-01-01,是,嘉祥,太学生,,,,,,孔新凈，孔子第44代孙。,
孔新凉,孔,新,男,44,1021-01-01,1085-01-01,是,汶上,县丞,,,,,,孔新凉，孔子第44代孙。,
孔新凊,孔,新,男,44,1023-01-01,1093-01-01,是,泗水,主簿,,,,,,孔新凊，孔子第44代孙。,
高姑,孔,新,女,44,1025-01-01,1092-01-01,是,宁阳,训导,,,,,,高姑，孔子第44代孙。,
孔新凌,孔,新,男,44,1022-01-01,1099-01-01,是,兖州,教谕,,,,,,孔新凌，孔子第44代孙。,
孔新凍,孔,新,男,44,1025-01-01,1109-01-01,是,东平,商人,,,,,,孔新凍，孔子第44代孙。,
孔新凎,孔,新,男,44,1028-01-01,1095-01-01,是,寿张,官员,,,,,,孔新凎，孔子第44代孙。,
孔新减,孔,新,男,44,1028-01-01,1112-01-01,是,范县,学者,,,,,,孔新减，孔子第44代孙。,
孔新凐,孔,新,男,44,1026-01-01,1091-01-01,是,濮州,大夫,,,,,,孔新凐，孔子第44代孙。,
王姑,孔,新,女,44,1028-01-01,1109-01-01,是,开州,士,,,,,,王姑，孔子第44代孙。,
孔新凒,孔,新,男,44,1027-01-01,1099-01-01,是,长垣,农,,,,,,孔新凒，孔子第44代孙。,
孔新凓,孔,新,男,44,1021-01-01,1099-01-01,是,东明,商,,,,,,孔新凓，孔子第44代孙。,
孔新凔,孔,新,男,44,1022-01-01,1087-01-01,是,荷泽,儒,,,,,,孔新凔，孔子第44代孙。,
杨氏,孔,新,女,44,1022-01-01,1087-01-01,是,曹州,工部侍郎,,,,,,杨氏，孔子第44代孙。,
赵娘,孔,新,女,44,1021-01-01,1094-01-01,是,定陶,礼部尚书,,,,,,赵娘，孔子第44代孙。,
黄姑,孔,新,女,44,1025-01-01,1108-01-01,是,单县,知州,,,,,,黄姑，孔子第44代孙。,
孔新凘,孔,新,男,44,1026-01-01,1106-01-01,是,成武,知县,,,,,,孔新凘，孔子第44代孙。,
吴娘,孔,新,女,44,1023-01-01,1092-01-01,是,巨野,举人,,,,,,吴娘，孔子第44代孙。,
孔新凚,孔,新,男,44,1025-01-01,1108-01-01,是,郓城,进士,,,,,,孔新凚，孔子第44代孙。,
孙氏,孔,新,女,44,1027-01-01,1088-01-01,是,鄄城,太学生,,,,,,孙氏，孔子第44代孙。,
胡娘,孔,新,女,44,1028-01-01,1094-01-01,是,曲阜,县丞,,,,,,胡娘，孔子第44代孙。,
孔新凝,孔,新,男,44,1025-01-01,1100-01-01,是,滋阳,主簿,,,,,,孔新凝，孔子第44代孙。,
高氏,孔,新,女,44,1026-01-01,1109-01-01,是,济宁,训导,,,,,,高氏，孔子第44代孙。,
孔新凟,孔,新,男,44,1026-01-01,1089-01-01,是,邹县,教谕,,,,,,孔新凟，孔子第44代孙。,
何姑,孔,新,女,44,1028-01-01,1096-01-01,是,滕县,商人,,,,,,何姑，孔子第44代孙。,
郭氏,孔,新,女,44,1023-01-01,1095-01-01,是,峄县,官员,,,,,,郭氏，孔子第44代孙。,
孔新凢,孔,新,男,44,1026-01-01,1104-01-01,是,金乡,学者,,,,,,孔新凢，孔子第44代孙。,
孔新凣,孔,新,男,44,1025-01-01,1105-01-01,是,鱼台,大夫,,,,,,孔新凣，孔子第44代孙。,
孔新凤,孔,新,男,44,1025-01-01,1095-01-01,是,嘉祥,士,,,,,,孔新凤，孔子第44代孙。,
孔新凥,孔,新,男,44,1023-01-01,1107-01-01,是,汶上,农,,,,,,孔新凥，孔子第44代孙。,
孔新処,孔,新,男,44,1022-01-01,1094-01-01,是,泗水,商,,,,,,孔新処，孔子第44代孙。,
孔新凧,孔,新,男,44,1023-01-01,1096-01-01,是,宁阳,儒,,,,,,孔新凧，孔子第44代孙。,
孔新一,孔,新,男,44,1024-01-01,1095-01-01,是,兖州,工部侍郎,,,,,,孔新一，孔子第44代孙。,
赵姑,孔,新,女,44,1026-01-01,1101-01-01,是,东平,礼部尚书,,,,,,赵姑，孔子第44代孙。,
黄氏,孔,新,女,44,1023-01-01,1099-01-01,是,寿张,知州,,,,,,黄氏，孔子第44代孙。,
孔新七,孔,新,男,44,1021-01-01,1089-01-01,是,范县,知县,,,,,,孔新七，孔子第44代孙。,
孔新丄,孔,新,男,44,1027-01-01,1102-01-01,是,濮州,举人,,,,,,孔新丄，孔子第44代孙。,
孔新丅,孔,新,男,44,1025-01-01,1097-01-01,是,开州,进士,,,,,,孔新丅，孔子第44代孙。,
孔新丆,孔,新,男,44,1021-01-01,1086-01-01,是,长垣,太学生,,,,,,孔新丆，孔子第44代孙。,
孔新万,孔,新,男,44,1021-01-01,1081-01-01,是,东明,县丞,,,,,,孔新万，孔子第44代孙。,
朱氏,孔,新,女,44,1025-01-01,1094-01-01,是,荷泽,主簿,,,,,,朱氏，孔子第44代孙。,
孔新三,孔,新,男,44,1027-01-01,1087-01-01,是,曹州,训导,,,,,,孔新三，孔子第44代孙。,
孔新上,孔,新,男,44,1025-01-01,1092-01-01,是,定陶,教谕,,,,,,孔新上，孔子第44代孙。,
何氏,孔,新,女,44,1023-01-01,1093-01-01,是,单县,商人,,,,,,何氏，孔子第44代孙。,
孔新丌,孔,新,男,44,1022-01-01,1089-01-01,是,成武,官员,,,,,,孔新丌，孔子第44代孙。,
孔新不,孔,新,男,44,1022-01-01,1101-01-01,是,巨野,学者,,,,,,孔新不，孔子第44代孙。,
张氏,孔,新,女,44,1028-01-01,1090-01-01,是,郓城,大夫,,,,,,张氏，孔子第44代孙。,
王娘,孔,新,女,44,1027-01-01,1088-01-01,是,鄄城,士,,,,,,王娘，孔子第44代孙。,
孔新丐,孔,新,男,44,1027-01-01,1106-01-01,是,曲阜,农,,,,,,孔新丐，孔子第44代孙。,
孔新丑,孔,新,男,44,1024-01-01,1107-01-01,是,滋阳,商,,,,,,孔新丑，孔子第44代孙。,
孔新丒,孔,新,男,44,1027-01-01,1111-01-01,是,济宁,儒,,,,,,孔新丒，孔子第44代孙。,
杨姑,孔,新,女,44,1023-01-01,1096-01-01,是,邹县,工部侍郎,,,,,,杨姑，孔子第44代孙。,
孔新且,孔,新,男,44,1022-01-01,1100-01-01,是,滕县,礼部尚书,,,,,,孔新且，孔子第44代孙。,
黄娘,孔,新,女,44,1023-01-01,1101-01-01,是,峄县,知州,,,,,,黄娘，孔子第44代孙。,
周姑,孔,新,女,44,1025-01-01,1088-01-01,是,金乡,知县,,,,,,周姑，孔子第44代孙。,
孔新丗,孔,新,男,44,1028-01-01,1090-01-01,是,鱼台,举人,,,,,,孔新丗，孔子第44代孙。,
徐娘,孔,新,女,44,1023-01-01,1086-01-01,是,嘉祥,进士,,,,,,徐娘，孔子第44代孙。,
孔新丙,孔,新,男,44,1027-01-01,1101-01-01,是,汶上,太学生,,,,,,孔新丙，孔子第44代孙。,
孔新业,孔,新,男,44,1025-01-01,1094-01-01,是,泗水,县丞,,,,,,孔新业，孔子第44代孙。,
孔新丛,孔,新,男,44,1021-01-01,1081-01-01,是,宁阳,主簿,,,,,,孔新丛，孔子第44代孙。,
孔新东,孔,新,男,44,1027-01-01,1103-01-01,是,兖州,训导,,,,,,孔新东，孔子第44代孙。,
林氏,孔,新,女,44,1028-01-01,1103-01-01,是,东平,教谕,,,,,,林氏，孔子第44代孙。,
孔新丞,孔,新,男,44,1026-01-01,1109-01-01,是,寿张,商人,,,,,,孔新丞，孔子第44代孙。,
郭姑,孔,新,女,44,1026-01-01,1105-01-01,是,范县,官员,,,,,,郭姑，孔子第44代孙。,
马氏,孔,新,女,44,1023-01-01,1105-01-01,是,濮州,学者,,,,,,马氏，孔子第44代孙。,
孔新両,孔,新,男,44,1022-01-01,1101-01-01,是,开州,大夫,,,,,,孔新両，孔子第44代孙。,
孔新丢,孔,新,男,44,1023-01-01,1090-01-01,是,长垣,士,,,,,,孔新丢，孔子第44代孙。,
李氏,孔,新,女,44,1023-01-01,1104-01-01,是,东明,农,,,,,,李氏，孔子第44代孙。,
孔新两,孔,新,男,44,1024-01-01,1093-01-01,是,荷泽,商,,,,,,孔新两，孔子第44代孙。,
孔新严,孔,新,男,44,1021-01-01,1085-01-01,是,曹州,儒,,,,,,孔新严，孔子第44代孙。,
孔新並,孔,新,男,44,1027-01-01,1093-01-01,是,定陶,工部侍郎,,,,,,孔新並，孔子第44代孙。,
孔新丧,孔,新,男,44,1025-01-01,1108-01-01,是,单县,礼部尚书,,,,,,孔新丧，孔子第44代孙。,
孔新丨,孔,新,男,44,1026-01-01,1093-01-01,是,成武,知州,,,,,,孔新丨，孔子第44代孙。,
周氏,孔,新,女,44,1026-01-01,1107-01-01,是,巨野,知县,,,,,,周氏，孔子第44代孙。,
孔新个,孔,新,男,44,1026-01-01,1091-01-01,是,郓城,举人,,,,,,孔新个，孔子第44代孙。,
徐姑,孔,新,女,44,1025-01-01,1087-01-01,是,鄄城,进士,,,,,,徐姑，孔子第44代孙。,
孔新丬,孔,新,男,44,1025-01-01,1090-01-01,是,曲阜,太学生,,,,,,孔新丬，孔子第44代孙。,
胡娘,孔,新,女,44,1028-01-01,1098-01-01,是,滋阳,县丞,,,,,,胡娘，孔子第44代孙。,
孔新丮,孔,新,男,44,1026-01-01,1089-01-01,是,济宁,主簿,,,,,,孔新丮，孔子第44代孙。,
孔新丯,孔,新,男,44,1024-01-01,1104-01-01,是,邹县,训导,,,,,,孔新丯，孔子第44代孙。,
孔新丰,孔,新,男,44,1027-01-01,1098-01-01,是,滕县,教谕,,,,,,孔新丰，孔子第44代孙。,
孔新丱,孔,新,男,44,1022-01-01,1106-01-01,是,峄县,商人,,,,,,孔新丱，孔子第44代孙。,
孔新串,孔,新,男,44,1024-01-01,1091-01-01,是,金乡,官员,,,,,,孔新串，孔子第44代孙。,
孔新丳,孔,新,男,44,1024-01-01,1104-01-01,是,鱼台,学者,,,,,,孔新丳，孔子第44代孙。,
张姑,孔,新,女,44,1023-01-01,1102-01-01,是,嘉祥,大夫,,,,,,张姑，孔子第44代孙。,
王氏,孔,新,女,44,1026-01-01,1100-01-01,是,汶上,士,,,,,,王氏，孔子第44代孙。,
孔新丶,孔,新,男,44,1022-01-01,1091-01-01,是,泗水,农,,,,,,孔新丶，孔子第44代孙。,
孔新丷,孔,新,男,44,1024-01-01,1096-01-01,是,宁阳,商,,,,,,孔新丷，孔子第44代孙。,
陈氏,孔,新,女,44,1026-01-01,1101-01-01,是,兖州,儒,,,,,,陈氏，孔子第44代孙。,
杨娘,孔,新,女,44,1021-01-01,1096-01-01,是,东平,工部侍郎,,,,,,杨娘，孔子第44代孙。,
孔新为,孔,新,男,44,1025-01-01,1085-01-01,是,寿张,礼部尚书,,,,,,孔新为，孔子第44代孙。,
孔新主,孔,新,男,44,1024-01-01,1102-01-01,是,范县,知州,,,,,,孔新主，孔子第44代孙。,
孔新丼,孔,新,男,44,1026-01-01,1089-01-01,是,濮州,知县,,,,,,孔新丼，孔子第44代孙。,
孔新丽,孔,新,男,44,1027-01-01,1094-01-01,是,开州,举人,,,,,,孔新丽，孔子第44代孙。,
孔新举,孔,新,男,44,1022-01-01,1105-01-01,是,长垣,进士,,,,,,孔新举，孔子第44代孙。,
孔新丿,孔,新,男,44,1022-01-01,1082-01-01,是,东明,太学生,,,,,,孔新丿，孔子第44代孙。,
孔新乀,孔,新,男,44,1023-01-01,1086-01-01,是,荷泽,县丞,,,,,,孔新乀，孔子第44代孙。,
孔新乁,孔,新,男,44,1026-01-01,1097-01-01,是,曹州,主簿,,,,,,孔新乁，孔子第44代孙。,
高娘,孔,新,女,44,1028-01-01,1095-01-01,是,定陶,训导,,,,,,高娘，孔子第44代孙。,
孔新乃,孔,新,男,44,1025-01-01,1104-01-01,是,单县,教谕,,,,,,孔新乃，孔子第44代孙。,
孔新乄,孔,新,男,44,1024-01-01,1086-01-01,是,成武,商人,,,,,,孔新乄，孔子第44代孙。,
郭娘,孔,新,女,44,1024-01-01,1084-01-01,是,巨野,官员,,,,,,郭娘，孔子第44代孙。,
孔新乆,孔,新,男,44,1025-01-01,1102-01-01,是,郓城,学者,,,,,,孔新乆，孔子第44代孙。,
孔新乇,孔,新,男,44,1026-01-01,1097-01-01,是,鄄城,大夫,,,,,,孔新乇，孔子第44代孙。,
王娘,孔,新,女,44,1021-01-01,1083-01-01,是,曲阜,士,,,,,,王娘，孔子第44代孙。,
李姑,孔,新,女,44,1028-01-01,1090-01-01,是,滋阳,农,,,,,,李姑，孔子第44代孙。,
孔新乊,孔,新,男,44,1027-01-01,1088-01-01,是,济宁,商,,,,,,孔新乊，孔子第44代孙。,
孔新之,孔,新,男,44,1028-01-01,1097-01-01,是,邹县,儒,,,,,,孔新之，孔子第44代孙。,
孔新乌,孔,新,男,44,1022-01-01,1090-01-01,是,滕县,工部侍郎,,,,,,孔新乌，孔子第44代孙。,
孔新乍,孔,新,男,44,1026-01-01,1091-01-01,是,峄县,礼部尚书,,,,,,孔新乍，孔子第44代孙。,
黄娘,孔,新,女,44,1023-01-01,1088-01-01,是,金乡,知州,,,,,,黄娘，孔子第44代孙。,
孔新乏,孔,新,男,44,1028-01-01,1101-01-01,是,鱼台,知县,,,,,,孔新乏，孔子第44代孙。,
孔新乐,孔,新,男,44,1023-01-01,1089-01-01,是,嘉祥,举人,,,,,,孔新乐，孔子第44代孙。,
孔新乑,孔,新,男,44,1028-01-01,1090-01-01,是,汶上,进士,,,,,,孔新乑，孔子第44代孙。,
孙姑,孔,新,女,44,1027-01-01,1107-01-01,是,泗水,太学生,,,,,,孙姑，孔子第44代孙。,
孔新乓,孔,新,男,44,1024-01-01,1087-01-01,是,宁阳,县丞,,,,,,孔新乓，孔子第44代孙。,
孔新乔,孔,新,男,44,1022-01-01,1104-01-01,是,兖州,主簿,,,,,,孔新乔，孔子第44代孙。,
高姑,孔,新,女,44,1022-01-01,1093-01-01,是,东平,训导,,,,,,高姑，孔子第44代孙。,
林氏,孔,新,女,44,1027-01-01,1104-01-01,是,寿张,教谕,,,,,,林氏，孔子第44代孙。,
何娘,孔,新,女,44,1025-01-01,1104-01-01,是,范县,商人,,,,,,何娘，孔子第44代孙。,
孔新乘,孔,新,男,44,1028-01-01,1103-01-01,是,濮州,官员,,,,,,孔新乘，孔子第44代孙。,
孔新乙,孔,新,男,44,1026-01-01,1108-01-01,是,开州,学者,,,,,,孔新乙，孔子第44代孙。,
孔新乚,孔,新,男,44,1028-01-01,1098-01-01,是,长垣,大夫,,,,,,孔新乚，孔子第44代孙。,
孔新乛,孔,新,男,44,1024-01-01,1084-01-01,是,东明,士,,,,,,孔新乛，孔子第44代孙。,
孔新乜,孔,新,男,44,1028-01-01,1095-01-01,是,荷泽,农,,,,,,孔新乜，孔子第44代孙。,
刘娘,孔,新,女,44,1028-01-01,1089-01-01,是,曹州,商,,,,,,刘娘，孔子第44代孙。,
孔新乞,孔,新,男,44,1025-01-01,1087-01-01,是,定陶,儒,,,,,,孔新乞，孔子第44代孙。,
孔新也,孔,新,男,44,1021-01-01,1103-01-01,是,单县,工部侍郎,,,,,,孔新也，孔子第44代孙。,
孔新习,孔,新,男,44,1025-01-01,1090-01-01,是,成武,礼部尚书,,,,,,孔新习，孔子第44代孙。,
孔新乡,孔,新,男,44,1024-01-01,1108-01-01,是,巨野,知州,,,,,,孔新乡，孔子第44代孙。,
周氏,孔,新,女,44,1026-01-01,1106-01-01,是,郓城,知县,,,,,,周氏，孔子第44代孙。,
孔新乣,孔,新,男,44,1027-01-01,1106-01-01,是,鄄城,举人,,,,,,孔新乣，孔子第44代孙。,
孔新乤,孔,新,男,44,1023-01-01,1101-01-01,是,曲阜,进士,,,,,,孔新乤，孔子第44代孙。,
孔新乥,孔,新,男,44,1028-01-01,1111-01-01,是,滋阳,太学生,,,,,,孔新乥，孔子第44代孙。,
孔新书,孔,新,男,44,1021-01-01,1097-01-01,是,济宁,县丞,,,,,,孔新书，孔子第44代孙。,
孔新乧,孔,新,男,44,1028-01-01,1111-01-01,是,邹县,主簿,,,,,,孔新乧，孔子第44代孙。,
孔新乨,孔,新,男,44,1024-01-01,1100-01-01,是,滕县,训导,,,,,,孔新乨，孔子第44代孙。,
孔新乩,孔,新,男,44,1026-01-01,1106-01-01,是,峄县,教谕,,,,,,孔新乩，孔子第44代孙。,
孔新乪,孔,新,男,44,1023-01-01,1104-01-01,是,金乡,商人,,,,,,孔新乪，孔子第44代孙。,
郭氏,孔,新,女,44,1025-01-01,1104-01-01,是,鱼台,官员,,,,,,郭氏，孔子第44代孙。,
孔新乬,孔,新,男,44,1026-01-01,1086-01-01,是,嘉祥,学者,,,,,,孔新乬，孔子第44代孙。,
孔新乭,孔,新,男,44,1026-01-01,1096-01-01,是,汶上,大夫,,,,,,孔新乭，孔子第44代孙。,
孔新乮,孔,新,男,44,1022-01-01,1087-01-01,是,泗水,士,,,,,,孔新乮，孔子第44代孙。,
孔新乯,孔,新,男,44,1021-01-01,1085-01-01,是,宁阳,农,,,,,,孔新乯，孔子第44代孙。,
孔新买,孔,新,男,44,1025-01-01,1100-01-01,是,兖州,商,,,,,,孔新买，孔子第44代孙。,
孔新乱,孔,新,男,44,1022-01-01,1087-01-01,是,东平,儒,,,,,,孔新乱，孔子第44代孙。,
杨娘,孔,新,女,44,1028-01-01,1100-01-01,是,寿张,工部侍郎,,,,,,杨娘，孔子第44代孙。,
孔新乳,孔,新,男,44,1026-01-01,1107-01-01,是,范县,礼部尚书,,,,,,孔新乳，孔子第44代孙。,
孔新乴,孔,新,男,44,1021-01-01,1094-01-01,是,濮州,知州,,,,,,孔新乴，孔子第44代孙。,
孔新乵,孔,新,男,44,1028-01-01,1102-01-01,是,开州,知县,,,,,,孔新乵，孔子第44代孙。,
吴姑,孔,新,女,44,1027-01-01,1087-01-01,是,长垣,举人,,,,,,吴姑，孔子第44代孙。,
徐氏,孔,新,女,44,1026-01-01,1107-01-01,是,东明,进士,,,,,,徐氏，孔子第44代孙。,
孔新乸,孔,新,男,44,1025-01-01,1087-01-01,是,荷泽,太学生,,,,,,孔新乸，孔子第44代孙。,
孔新乹,孔,新,男,44,1025-01-01,1087-01-01,是,曹州,县丞,,,,,,孔新乹，孔子第44代孙。,
孔新乺,孔,新,男,44,1024-01-01,1095-01-01,是,定陶,主簿,,,,,,孔新乺，孔子第44代孙。,
高娘,孔,新,女,44,1028-01-01,1091-01-01,是,单县,训导,,,,,,高娘，孔子第44代孙。,
孔新乼,孔,新,男,44,1028-01-01,1100-01-01,是,成武,教谕,,,,,,孔新乼，孔子第44代孙。,
何氏,孔,新,女,44,1023-01-01,1086-01-01,是,巨野,商人,,,,,,何氏，孔子第44代孙。,
孔新乾,孔,新,男,44,1028-01-01,1107-01-01,是,郓城,官员,,,,,,孔新乾，孔子第44代孙。,
马姑,孔,新,女,44,1025-01-01,1089-01-01,是,鄄城,学者,,,,,,马姑，孔子第44代孙。,
张氏,孔,新,女,44,1022-01-01,1095-01-01,是,曲阜,大夫,,,,,,张氏，孔子第44代孙。,
孔新亁,孔,新,男,44,1021-01-01,1088-01-01,是,滋阳,士,,,,,,孔新亁，孔子第44代孙。,
孔新亂,孔,新,男,44,1025-01-01,1098-01-01,是,济宁,农,,,,,,孔新亂，孔子第44代孙。,
孔新亃,孔,新,男,44,1025-01-01,1087-01-01,是,邹县,商,,,,,,孔新亃，孔子第44代孙。,
陈娘,孔,新,女,44,1024-01-01,1086-01-01,是,滕县,儒,,,,,,陈娘，孔子第44代孙。,
杨姑,孔,新,女,44,1022-01-01,1091-01-01,是,峄县,工部侍郎,,,,,,杨姑，孔子第44代孙。,
孔新了,孔,新,男,44,1028-01-01,1105-01-01,是,金乡,礼部尚书,,,,,,孔新了，孔子第44代孙。,
黄娘,孔,新,女,44,1028-01-01,1097-01-01,是,鱼台,知州,,,,,,黄娘，孔子第44代孙。,
孔新予,孔,新,男,44,1028-01-01,1094-01-01,是,嘉祥,知县,,,,,,孔新予，孔子第44代孙。,
吴氏,孔,新,女,44,1027-01-01,1093-01-01,是,汶上,举人,,,,,,吴氏，孔子第44代孙。,
孔新亊,孔,新,男,44,1022-01-01,1086-01-01,是,泗水,进士,,,,,,孔新亊，孔子第44代孙。,
孔新事,孔,新,男,44,1022-01-01,1090-01-01,是,宁阳,太学生,,,,,,孔新事，孔子第44代孙。,
孔新二,孔,新,男,44,1028-01-01,1108-01-01,是,兖州,县丞,,,,,,孔新二，孔子第44代孙。,
孔新亍,孔,新,男,44,1023-01-01,1086-01-01,是,东平,主簿,,,,,,孔新亍，孔子第44代孙。,
孔新于,孔,新,男,44,1026-01-01,1101-01-01,是,寿张,训导,,,,,,孔新于，孔子第44代孙。,
孔新亏,孔,新,男,44,1024-01-01,1089-01-01,是,范县,教谕,,,,,,孔新亏，孔子第44代孙。,
孔新亐,孔,新,男,44,1023-01-01,1101-01-01,是,濮州,商人,,,,,,孔新亐，孔子第44代孙。,
孔新云,孔,新,男,44,1026-01-01,1095-01-01,是,开州,官员,,,,,,孔新云，孔子第44代孙。,
马氏,孔,新,女,44,1021-01-01,1095-01-01,是,长垣,学者,,,,,,马氏，孔子第44代孙。,
孔新亓,孔,新,男,44,1021-01-01,1091-01-01,是,东明,大夫,,,,,,孔新亓，孔子第44代孙。,
孔新五,孔,新,男,44,1023-01-01,1090-01-01,是,荷泽,士,,,,,,孔新五，孔子第44代孙。,
孔新井,孔,新,男,44,1023-01-01,1097-01-01,是,曹州,农,,,,,,孔新井，孔子第44代孙。,
孔新亖,孔,新,男,44,1028-01-01,1091-01-01,是,定陶,商,,,,,,孔新亖，孔子第44代孙。,
陈姑,孔,新,女,44,1023-01-01,1106-01-01,是,单县,儒,,,,,,陈姑，孔子第44代孙。,
孔新亘,孔,新,男,44,1026-01-01,1099-01-01,是,成武,工部侍郎,,,,,,孔新亘，孔子第44代孙。,
孔新亙,孔,新,男,44,1022-01-01,1092-01-01,是,巨野,礼部尚书,,,,,,孔新亙，孔子第44代孙。,
孔新亚,孔,新,男,44,1027-01-01,1107-01-01,是,郓城,知州,,,,,,孔新亚，孔子第44代孙。,
孔新些,孔,新,男,44,1027-01-01,1110-01-01,是,鄄城,知县,,,,,,孔新些，孔子第44代孙。,
孔新亜,孔,新,男,44,1021-01-01,1092-01-01,是,曲阜,举人,,,,,,孔新亜，孔子第44代孙。,
孔新亝,孔,新,男,44,1021-01-01,1102-01-01,是,滋阳,进士,,,,,,孔新亝，孔子第44代孙。,
孙氏,孔,新,女,44,1023-01-01,1090-01-01,是,济宁,太学生,,,,,,孙氏，孔子第44代孙。,
胡娘,孔,新,女,44,1021-01-01,1091-01-01,是,邹县,县丞,,,,,,胡娘，孔子第44代孙。,
孔圣亠,孔,圣,男,45,1052-01-01,1120-01-01,是,滕县,主簿,,,,,,孔圣亠，孔子第45代孙。,
孔圣亡,孔,圣,男,45,1053-01-01,1130-01-01,是,峄县,训导,,,,,,孔圣亡，孔子第45代孙。,
孔圣亢,孔,圣,男,45,1049-01-01,1127-01-01,是,金乡,教谕,,,,,,孔圣亢，孔子第45代孙。,
孔圣亣,孔,圣,男,45,1049-01-01,1118-01-01,是,鱼台,商人,,,,,,孔圣亣，孔子第45代孙。,
郭娘,孔,圣,女,45,1053-01-01,1116-01-01,是,嘉祥,官员,,,,,,郭娘，孔子第45代孙。,
马姑,孔,圣,女,45,1054-01-01,1125-01-01,是,汶上,学者,,,,,,马姑，孔子第45代孙。,
孔圣亦,孔,圣,男,45,1054-01-01,1130-01-01,是,泗水,大夫,,,,,,孔圣亦，孔子第45代孙。,
王娘,孔,圣,女,45,1051-01-01,1121-01-01,是,宁阳,士,,,,,,王娘，孔子第45代孙。,
孔圣亨,孔,圣,男,45,1054-01-01,1119-01-01,是,兖州,农,,,,,,孔圣亨，孔子第45代孙。,
刘氏,孔,圣,女,45,1049-01-01,1111-01-01,是,东平,商,,,,,,刘氏，孔子第45代孙。,
孔圣亪,孔,圣,男,45,1050-01-01,1123-01-01,是,寿张,儒,,,,,,孔圣亪，孔子第45代孙。,
孔圣享,孔,圣,男,45,1050-01-01,1118-01-01,是,范县,工部侍郎,,,,,,孔圣享，孔子第45代孙。,
孔圣京,孔,圣,男,45,1053-01-01,1128-01-01,是,濮州,礼部尚书,,,,,,孔圣京，孔子第45代孙。,
孔圣亭,孔,圣,男,45,1049-01-01,1110-01-01,是,开州,知州,,,,,,孔圣亭，孔子第45代孙。,
孔圣亮,孔,圣,男,45,1052-01-01,1117-01-01,是,长垣,知县,,,,,,孔圣亮，孔子第45代孙。,
孔圣亯,孔,圣,男,45,1052-01-01,1115-01-01,是,东明,举人,,,,,,孔圣亯，孔子第45代孙。,
孔圣亰,孔,圣,男,45,1050-01-01,1117-01-01,是,荷泽,进士,,,,,,孔圣亰，孔子第45代孙。,
孔圣亱,孔,圣,男,45,1049-01-01,1118-01-01,是,曹州,太学生,,,,,,孔圣亱，孔子第45代孙。,
胡氏,孔,圣,女,45,1052-01-01,1115-01-01,是,定陶,县丞,,,,,,胡氏，孔子第45代孙。,
孔圣亳,孔,圣,男,45,1056-01-01,1138-01-01,是,单县,主簿,,,,,,孔圣亳，孔子第45代孙。,
孔圣亴,孔,圣,男,45,1050-01-01,1113-01-01,是,成武,训导,,,,,,孔圣亴，孔子第45代孙。,
孔圣亵,孔,圣,男,45,1050-01-01,1118-01-01,是,巨野,教谕,,,,,,孔圣亵，孔子第45代孙。,
何娘,孔,圣,女,45,1056-01-01,1120-01-01,是,郓城,商人,,,,,,何娘，孔子第45代孙。,
孔圣亷,孔,圣,男,45,1055-01-01,1120-01-01,是,鄄城,官员,,,,,,孔圣亷，孔子第45代孙。,
马氏,孔,圣,女,45,1053-01-01,1128-01-01,是,曲阜,学者,,,,,,马氏，孔子第45代孙。,
孔圣亹,孔,圣,男,45,1056-01-01,1117-01-01,是,滋阳,大夫,,,,,,孔圣亹，孔子第45代孙。,
孔圣人,孔,圣,男,45,1055-01-01,1138-01-01,是,济宁,士,,,,,,孔圣人，孔子第45代孙。,
孔圣亻,孔,圣,男,45,1056-01-01,1131-01-01,是,邹县,农,,,,,,孔圣亻，孔子第45代孙。,
孔圣亼,孔,圣,男,45,1050-01-01,1119-01-01,是,滕县,商,,,,,,孔圣亼，孔子第45代孙。,
孔圣亽,孔,圣,男,45,1056-01-01,1131-01-01,是,峄县,儒,,,,,,孔圣亽，孔子第45代孙。,
孔圣亾,孔,圣,男,45,1051-01-01,1123-01-01,是,金乡,工部侍郎,,,,,,孔圣亾，孔子第45代孙。,
孔圣亿,孔,圣,男,45,1052-01-01,1116-01-01,是,鱼台,礼部尚书,,,,,,孔圣亿，孔子第45代孙。,
孔圣什,孔,圣,男,45,1055-01-01,1138-01-01,是,嘉祥,知州,,,,,,孔圣什，孔子第45代孙。,
孔圣仁,孔,圣,男,45,1051-01-01,1113-01-01,是,汶上,知县,,,,,,孔圣仁，孔子第45代孙。,
孔圣仂,孔,圣,男,45,1052-01-01,1116-01-01,是,泗水,举人,,,,,,孔圣仂，孔子第45代孙。,
孔圣仃,孔,圣,男,45,1051-01-01,1129-01-01,是,宁阳,进士,,,,,,孔圣仃，孔子第45代孙。,
孔圣仄,孔,圣,男,45,1052-01-01,1117-01-01,是,兖州,太学生,,,,,,孔圣仄，孔子第45代孙。,
孔圣仅,孔,圣,男,45,1053-01-01,1118-01-01,是,东平,县丞,,,,,,孔圣仅，孔子第45代孙。,
朱姑,孔,圣,女,45,1051-01-01,1126-01-01,是,寿张,主簿,,,,,,朱姑，孔子第45代孙。,
孔圣仇,孔,圣,男,45,1051-01-01,1118-01-01,是,范县,训导,,,,,,孔圣仇，孔子第45代孙。,
林娘,孔,圣,女,45,1056-01-01,1128-01-01,是,濮州,教谕,,,,,,林娘，孔子第45代孙。,
孔圣仉,孔,圣,男,45,1054-01-01,1129-01-01,是,开州,商人,,,,,,孔圣仉，孔子第45代孙。,
郭氏,孔,圣,女,45,1049-01-01,1112-01-01,是,长垣,官员,,,,,,郭氏，孔子第45代孙。,
马娘,孔,圣,女,45,1053-01-01,1126-01-01,是,东明,学者,,,,,,马娘，孔子第45代孙。,
张姑,孔,圣,女,45,1054-01-01,1126-01-01,是,荷泽,大夫,,,,,,张姑，孔子第45代孙。,
孔圣仍,孔,圣,男,45,1050-01-01,1134-01-01,是,曹州,士,,,,,,孔圣仍，孔子第45代孙。,
孔圣从,孔,圣,男,45,1051-01-01,1135-01-01,是,定陶,农,,,,,,孔圣从，孔子第45代孙。,
孔圣仏,孔,圣,男,45,1055-01-01,1139-01-01,是,单县,商,,,,,,孔圣仏，孔子第45代孙。,
陈氏,孔,圣,女,45,1050-01-01,1110-01-01,是,成武,儒,,,,,,陈氏，孔子第45代孙。,
杨娘,孔,圣,女,45,1054-01-01,1128-01-01,是,巨野,工部侍郎,,,,,,杨娘，孔子第45代孙。,
孔圣仒,孔,圣,男,45,1051-01-01,1120-01-01,是,郓城,礼部尚书,,,,,,孔圣仒，孔子第45代孙。,
孔圣仓,孔,圣,男,45,1054-01-01,1124-01-01,是,鄄城,知州,,,,,,孔圣仓，孔子第45代孙。,
孔圣仔,孔,圣,男,45,1049-01-01,1110-01-01,是,曲阜,知县,,,,,,孔圣仔，孔子第45代孙。,
孔圣仕,孔,圣,男,45,1051-01-01,1125-01-01,是,滋阳,举人,,,,,,孔圣仕，孔子第45代孙。,
徐氏,孔,圣,女,45,1055-01-01,1123-01-01,是,济宁,进士,,,,,,徐氏，孔子第45代孙。,
孔圣仗,孔,圣,男,45,1050-01-01,1122-01-01,是,邹县,太学生,,,,,,孔圣仗，孔子第45代孙。,
孔圣付,孔,圣,男,45,1050-01-01,1130-01-01,是,滕县,县丞,,,,,,孔圣付，孔子第45代孙。,
孔圣仙,孔,圣,男,45,1049-01-01,1116-01-01,是,峄县,主簿,,,,,,孔圣仙，孔子第45代孙。,
高娘,孔,圣,女,45,1052-01-01,1135-01-01,是,金乡,训导,,,,,,高娘，孔子第45代孙。,
林姑,孔,圣,女,45,1049-01-01,1116-01-01,是,鱼台,教谕,,,,,,林姑，孔子第45代孙。,
何氏,孔,圣,女,45,1054-01-01,1125-01-01,是,嘉祥,商人,,,,,,何氏，孔子第45代孙。,
郭娘,孔,圣,女,45,1053-01-01,1130-01-01,是,汶上,官员,,,,,,郭娘，孔子第45代孙。,
马姑,孔,圣,女,45,1050-01-01,1132-01-01,是,泗水,学者,,,,,,马姑，孔子第45代孙。,
孔圣仟,孔,圣,男,45,1055-01-01,1120-01-01,是,宁阳,大夫,,,,,,孔圣仟，孔子第45代孙。,
王娘,孔,圣,女,45,1050-01-01,1128-01-01,是,兖州,士,,,,,,王娘，孔子第45代孙。,
孔圣仡,孔,圣,男,45,1056-01-01,1139-01-01,是,东平,农,,,,,,孔圣仡，孔子第45代孙。,
孔圣仢,孔,圣,男,45,1052-01-01,1115-01-01,是,寿张,商,,,,,,孔圣仢，孔子第45代孙。,
孔圣代,孔,圣,男,45,1049-01-01,1129-01-01,是,范县,儒,,,,,,孔圣代，孔子第45代孙。,
杨姑,孔,圣,女,45,1056-01-01,1132-01-01,是,濮州,工部侍郎,,,,,,杨姑，孔子第45代孙。,
赵氏,孔,圣,女,45,1051-01-01,1125-01-01,是,开州,礼部尚书,,,,,,赵氏，孔子第45代孙。,
黄娘,孔,圣,女,45,1050-01-01,1112-01-01,是,长垣,知州,,,,,,黄娘，孔子第45代孙。,
孔圣仧,孔,圣,男,45,1051-01-01,1119-01-01,是,东明,知县,,,,,,孔圣仧，孔子第45代孙。,
孔圣仨,孔,圣,男,45,1053-01-01,1124-01-01,是,荷泽,举人,,,,,,孔圣仨，孔子第45代孙。,
徐娘,孔,圣,女,45,1051-01-01,1111-01-01,是,曹州,进士,,,,,,徐娘，孔子第45代孙。,
孙姑,孔,圣,女,45,1052-01-01,1114-01-01,是,定陶,太学生,,,,,,孙姑，孔子第45代孙。,
胡氏,孔,圣,女,45,1053-01-01,1113-01-01,是,单县,县丞,,,,,,胡氏，孔子第45代孙。,
孔圣们,孔,圣,男,45,1053-01-01,1133-01-01,是,成武,主簿,,,,,,孔圣们，孔子第45代孙。,
高姑,孔,圣,女,45,1049-01-01,1129-01-01,是,巨野,训导,,,,,,高姑，孔子第45代孙。,
孔圣仮,孔,圣,男,45,1052-01-01,1113-01-01,是,郓城,教谕,,,,,,孔圣仮，孔子第45代孙。,
孔圣仯,孔,圣,男,45,1053-01-01,1114-01-01,是,鄄城,商人,,,,,,孔圣仯，孔子第45代孙。,
郭姑,孔,圣,女,45,1056-01-01,1137-01-01,是,曲阜,官员,,,,,,郭姑，孔子第45代孙。,
马氏,孔,圣,女,45,1049-01-01,1128-01-01,是,滋阳,学者,,,,,,马氏，孔子第45代孙。,
孔圣仲,孔,圣,男,45,1050-01-01,1125-01-01,是,济宁,大夫,,,,,,孔圣仲，孔子第45代孙。,
王姑,孔,圣,女,45,1053-01-01,1127-01-01,是,邹县,士,,,,,,王姑，孔子第45代孙。,
李氏,孔,圣,女,45,1055-01-01,1126-01-01,是,滕县,农,,,,,,李氏，孔子第45代孙。,
孔圣仵,孔,圣,男,45,1049-01-01,1113-01-01,是,峄县,商,,,,,,孔圣仵，孔子第45代孙。,
孔圣件,孔,圣,男,45,1055-01-01,1122-01-01,是,金乡,儒,,,,,,孔圣件，孔子第45代孙。,
孔圣价,孔,圣,男,45,1054-01-01,1120-01-01,是,鱼台,工部侍郎,,,,,,孔圣价，孔子第45代孙。,
赵娘,孔,圣,女,45,1050-01-01,1110-01-01,是,嘉祥,礼部尚书,,,,,,赵娘，孔子第45代孙。,
黄姑,孔,圣,女,45,1053-01-01,1116-01-01,是,汶上,知州,,,,,,黄姑，孔子第45代孙。,
孔圣仺,孔,圣,男,45,1052-01-01,1130-01-01,是,泗水,知县,,,,,,孔圣仺，孔子第45代孙。,
吴娘,孔,圣,女,45,1052-01-01,1123-01-01,是,宁阳,举人,,,,,,吴娘，孔子第45代孙。,
徐姑,孔,圣,女,45,1055-01-01,1120-01-01,是,兖州,进士,,,,,,徐姑，孔子第45代孙。,
孔圣份,孔,圣,男,45,1054-01-01,1137-01-01,是,东平,太学生,,,,,,孔圣份，孔子第45代孙。,
孔圣仾,孔,圣,男,45,1049-01-01,1115-01-01,是,寿张,县丞,,,,,,孔圣仾，孔子第45代孙。,
孔圣仿,孔,圣,男,45,1053-01-01,1121-01-01,是,范县,主簿,,,,,,孔圣仿，孔子第45代孙。,
高氏,孔,圣,女,45,1052-01-01,1126-01-01,是,濮州,训导,,,,,,高氏，孔子第45代孙。,
孔圣企,孔,圣,男,45,1049-01-01,1132-01-01,是,开州,教谕,,,,,,孔圣企，孔子第45代孙。,
何姑,孔,圣,女,45,1054-01-01,1118-01-01,是,长垣,商人,,,,,,何姑，孔子第45代孙。,
孔圣伃,孔,圣,男,45,1056-01-01,1139-01-01,是,东明,官员,,,,,,孔圣伃，孔子第45代孙。,
孔圣伄,孔,圣,男,45,1051-01-01,1127-01-01,是,荷泽,学者,,,,,,孔圣伄，孔子第45代孙。,
张姑,孔,圣,女,45,1055-01-01,1124-01-01,是,曹州,大夫,,,,,,张姑，孔子第45代孙。,
孔圣伆,孔,圣,男,45,1056-01-01,1136-01-01,是,定陶,士,,,,,,孔圣伆，孔子第45代孙。,
孔圣伇,孔,圣,男,45,1052-01-01,1130-01-01,是,单县,农,,,,,,孔圣伇，孔子第45代孙。,
孔圣伈,孔,圣,男,45,1056-01-01,1128-01-01,是,成武,商,,,,,,孔圣伈，孔子第45代孙。,
陈氏,孔,圣,女,45,1051-01-01,1120-01-01,是,巨野,儒,,,,,,陈氏，孔子第45代孙。,
孔圣伊,孔,圣,男,45,1053-01-01,1125-01-01,是,郓城,工部侍郎,,,,,,孔圣伊，孔子第45代孙。,
孔圣伋,孔,圣,男,45,1052-01-01,1115-01-01,是,鄄城,礼部尚书,,,,,,孔圣伋，孔子第45代孙。,
孔圣伌,孔,圣,男,45,1055-01-01,1122-01-01,是,曲阜,知州,,,,,,孔圣伌，孔子第45代孙。,
孔圣伍,孔,圣,男,45,1053-01-01,1128-01-01,是,滋阳,知县,,,,,,孔圣伍，孔子第45代孙。,
吴姑,孔,圣,女,45,1051-01-01,1126-01-01,是,济宁,举人,,,,,,吴姑，孔子第45代孙。,
孔圣伏,孔,圣,男,45,1051-01-01,1134-01-01,是,邹县,进士,,,,,,孔圣伏，孔子第45代孙。,
孔圣伐,孔,圣,男,45,1056-01-01,1121-01-01,是,滕县,太学生,,,,,,孔圣伐，孔子第45代孙。,
孔圣休,孔,圣,男,45,1055-01-01,1131-01-01,是,峄县,县丞,,,,,,孔圣休，孔子第45代孙。,
孔圣伒,孔,圣,男,45,1055-01-01,1138-01-01,是,金乡,主簿,,,,,,孔圣伒，孔子第45代孙。,
孔圣伓,孔,圣,男,45,1053-01-01,1114-01-01,是,鱼台,训导,,,,,,孔圣伓，孔子第45代孙。,
林姑,孔,圣,女,45,1054-01-01,1123-01-01,是,嘉祥,教谕,,,,,,林姑，孔子第45代孙。,
何氏,孔,圣,女,45,1052-01-01,1126-01-01,是,汶上,商人,,,,,,何氏，孔子第45代孙。,
郭娘,孔,圣,女,45,1049-01-01,1111-01-01,是,泗水,官员,,,,,,郭娘，孔子第45代孙。,
孔圣众,孔,圣,男,45,1055-01-01,1116-01-01,是,宁阳,学者,,,,,,孔圣众，孔子第45代孙。,
张氏,孔,圣,女,45,1051-01-01,1120-01-01,是,兖州,大夫,,,,,,张氏，孔子第45代孙。,
王娘,孔,圣,女,45,1054-01-01,1124-01-01,是,东平,士,,,,,,王娘，孔子第45代孙。,
孔圣会,孔,圣,男,45,1052-01-01,1113-01-01,是,寿张,农,,,,,,孔圣会，孔子第45代孙。,
刘氏,孔,圣,女,45,1053-01-01,1130-01-01,是,范县,商,,,,,,刘氏，孔子第45代孙。,
孔圣伜,孔,圣,男,45,1055-01-01,1123-01-01,是,濮州,儒,,,,,,孔圣伜，孔子第45代孙。,
孔圣伝,孔,圣,男,45,1054-01-01,1133-01-01,是,开州,工部侍郎,,,,,,孔圣伝，孔子第45代孙。,
孔圣伞,孔,圣,男,45,1056-01-01,1132-01-01,是,长垣,礼部尚书,,,,,,孔圣伞，孔子第45代孙。,
孔圣伟,孔,圣,男,45,1053-01-01,1113-01-01,是,东明,知州,,,,,,孔圣伟，孔子第45代孙。,
孔圣传,孔,圣,男,45,1056-01-01,1119-01-01,是,荷泽,知县,,,,,,孔圣传，孔子第45代孙。,
吴氏,孔,圣,女,45,1056-01-01,1136-01-01,是,曹州,举人,,,,,,吴氏，孔子第45代孙。,
徐娘,孔,圣,女,45,1055-01-01,1119-01-01,是,定陶,进士,,,,,,徐娘，孔子第45代孙。,
孔圣伣,孔,圣,男,45,1049-01-01,1120-01-01,是,单县,太学生,,,,,,孔圣伣，孔子第45代孙。,
孔圣伤,孔,圣,男,45,1056-01-01,1123-01-01,是,成武,县丞,,,,,,孔圣伤，孔子第45代孙。,
孔圣伥,孔,圣,男,45,1053-01-01,1135-01-01,是,巨野,主簿,,,,,,孔圣伥，孔子第45代孙。,
孔圣伦,孔,圣,男,45,1055-01-01,1132-01-01,是,郓城,训导,,,,,,孔圣伦，孔子第45代孙。,
孔圣伧,孔,圣,男,45,1052-01-01,1127-01-01,是,鄄城,教谕,,,,,,孔圣伧，孔子第45代孙。,
孔圣伨,孔,圣,男,45,1055-01-01,1138-01-01,是,曲阜,商人,,,,,,孔圣伨，孔子第45代孙。,
孔圣伩,孔,圣,男,45,1053-01-01,1127-01-01,是,滋阳,官员,,,,,,孔圣伩，孔子第45代孙。,
孔圣伪,孔,圣,男,45,1056-01-01,1117-01-01,是,济宁,学者,,,,,,孔圣伪，孔子第45代孙。,
孔圣伫,孔,圣,男,45,1050-01-01,1128-01-01,是,邹县,大夫,,,,,,孔圣伫，孔子第45代孙。,
孔圣伬,孔,圣,男,45,1056-01-01,1130-01-01,是,滕县,士,,,,,,孔圣伬，孔子第45代孙。,
孔圣伭,孔,圣,男,45,1051-01-01,1125-01-01,是,峄县,农,,,,,,孔圣伭，孔子第45代孙。,
孔圣伮,孔,圣,男,45,1055-01-01,1132-01-01,是,金乡,商,,,,,,孔圣伮，孔子第45代孙。,
孔圣伯,孔,圣,男,45,1049-01-01,1110-01-01,是,鱼台,儒,,,,,,孔圣伯，孔子第45代孙。,
杨氏,孔,圣,女,45,1051-01-01,1131-01-01,是,嘉祥,工部侍郎,,,,,,杨氏，孔子第45代孙。,
孔圣伱,孔,圣,男,45,1050-01-01,1119-01-01,是,汶上,礼部尚书,,,,,,孔圣伱，孔子第45代孙。,
黄姑,孔,圣,女,45,1052-01-01,1118-01-01,是,泗水,知州,,,,,,黄姑，孔子第45代孙。,
周氏,孔,圣,女,45,1053-01-01,1132-01-01,是,宁阳,知县,,,,,,周氏，孔子第45代孙。,
孔圣伴,孔,圣,男,45,1050-01-01,1110-01-01,是,兖州,举人,,,,,,孔圣伴，孔子第45代孙。,
徐姑,孔,圣,女,45,1053-01-01,1125-01-01,是,东平,进士,,,,,,徐姑，孔子第45代孙。,
孔圣伶,孔,圣,男,45,1050-01-01,1113-01-01,是,寿张,太学生,,,,,,孔圣伶，孔子第45代孙。,
孔圣伷,孔,圣,男,45,1056-01-01,1130-01-01,是,范县,县丞,,,,,,孔圣伷，孔子第45代孙。,
朱姑,孔,圣,女,45,1052-01-01,1119-01-01,是,濮州,主簿,,,,,,朱姑，孔子第45代孙。,
孔圣伹,孔,圣,男,45,1049-01-01,1126-01-01,是,开州,训导,,,,,,孔圣伹，孔子第45代孙。,
孔圣伺,孔,圣,男,45,1050-01-01,1133-01-01,是,长垣,教谕,,,,,,孔圣伺，孔子第45代孙。,
何姑,孔,圣,女,45,1056-01-01,1118-01-01,是,东明,商人,,,,,,何姑，孔子第45代孙。,
孔圣似,孔,圣,男,45,1051-01-01,1118-01-01,是,荷泽,官员,,,,,,孔圣似，孔子第45代孙。,
孔圣伽,孔,圣,男,45,1055-01-01,1117-01-01,是,曹州,学者,,,,,,孔圣伽，孔子第45代孙。,
孔圣伾,孔,圣,男,45,1049-01-01,1116-01-01,是,定陶,大夫,,,,,,孔圣伾，孔子第45代孙。,
王氏,孔,圣,女,45,1051-01-01,1123-01-01,是,单县,士,,,,,,王氏，孔子第45代孙。,
李娘,孔,圣,女,45,1049-01-01,1130-01-01,是,成武,农,,,,,,李娘，孔子第45代孙。,
刘姑,孔,圣,女,45,1053-01-01,1123-01-01,是,巨野,商,,,,,,刘姑，孔子第45代孙。,
孔圣佂,孔,圣,男,45,1049-01-01,1127-01-01,是,郓城,儒,,,,,,孔圣佂，孔子第45代孙。,
孔圣佃,孔,圣,男,45,1050-01-01,1118-01-01,是,鄄城,工部侍郎,,,,,,孔圣佃，孔子第45代孙。,
赵姑,孔,圣,女,45,1056-01-01,1116-01-01,是,曲阜,礼部尚书,,,,,,赵姑，孔子第45代孙。,
孔圣佅,孔,圣,男,45,1055-01-01,1135-01-01,是,滋阳,知州,,,,,,孔圣佅，孔子第45代孙。,
孔圣但,孔,圣,男,45,1054-01-01,1115-01-01,是,济宁,知县,,,,,,孔圣但，孔子第45代孙。,
吴姑,孔,圣,女,45,1053-01-01,1128-01-01,是,邹县,举人,,,,,,吴姑，孔子第45代孙。,
孔圣佈,孔,圣,男,45,1053-01-01,1133-01-01,是,滕县,进士,,,,,,孔圣佈，孔子第45代孙。,
孙娘,孔,圣,女,45,1054-01-01,1137-01-01,是,峄县,太学生,,,,,,孙娘，孔子第45代孙。,
孔圣佊,孔,圣,男,45,1053-01-01,1126-01-01,是,金乡,县丞,,,,,,孔圣佊，孔子第45代孙。,
朱氏,孔,圣,女,45,1056-01-01,1120-01-01,是,鱼台,主簿,,,,,,朱氏，孔子第45代孙。,
孔圣佌,孔,圣,男,45,1051-01-01,1124-01-01,是,嘉祥,训导,,,,,,孔圣佌，孔子第45代孙。,
孔圣位,孔,圣,男,45,1050-01-01,1111-01-01,是,汶上,教谕,,,,,,孔圣位，孔子第45代孙。,
孔圣低,孔,圣,男,45,1055-01-01,1129-01-01,是,泗水,商人,,,,,,孔圣低，孔子第45代孙。,
孔圣住,孔,圣,男,45,1055-01-01,1137-01-01,是,宁阳,官员,,,,,,孔圣住，孔子第45代孙。,
马姑,孔,圣,女,45,1055-01-01,1123-01-01,是,兖州,学者,,,,,,马姑，孔子第45代孙。,
张氏,孔,圣,女,45,1052-01-01,1123-01-01,是,东平,大夫,,,,,,张氏，孔子第45代孙。,
王娘,孔,圣,女,45,1050-01-01,1117-01-01,是,寿张,士,,,,,,王娘，孔子第45代孙。,
孔圣体,孔,圣,男,45,1056-01-01,1124-01-01,是,范县,农,,,,,,孔圣体，孔子第45代孙。,
孔圣佔,孔,圣,男,45,1052-01-01,1112-01-01,是,濮州,商,,,,,,孔圣佔，孔子第45代孙。,
陈娘,孔,圣,女,45,1056-01-01,1136-01-01,是,开州,儒,,,,,,陈娘，孔子第45代孙。,
杨姑,孔,圣,女,45,1052-01-01,1128-01-01,是,长垣,工部侍郎,,,,,,杨姑，孔子第45代孙。,
孔圣佗,孔,圣,男,45,1052-01-01,1117-01-01,是,东明,礼部尚书,,,,,,孔圣佗，孔子第45代孙。,
孔圣佘,孔,圣,男,45,1050-01-01,1130-01-01,是,荷泽,知州,,,,,,孔圣佘，孔子第45代孙。,
孔圣余,孔,圣,男,45,1056-01-01,1138-01-01,是,曹州,知县,,,,,,孔圣余，孔子第45代孙。,
孔圣佚,孔,圣,男,45,1050-01-01,1129-01-01,是,定陶,举人,,,,,,孔圣佚，孔子第45代孙。,
徐娘,孔,圣,女,45,1049-01-01,1128-01-01,是,单县,进士,,,,,,徐娘，孔子第45代孙。,
孔圣作,孔,圣,男,45,1055-01-01,1133-01-01,是,成武,太学生,,,,,,孔圣作，孔子第45代孙。,
胡氏,孔,圣,女,45,1052-01-01,1133-01-01,是,巨野,县丞,,,,,,胡氏，孔子第45代孙。,
朱娘,孔,圣,女,45,1050-01-01,1121-01-01,是,郓城,主簿,,,,,,朱娘，孔子第45代孙。,
高姑,孔,圣,女,45,1055-01-01,1129-01-01,是,鄄城,训导,,,,,,高姑，孔子第45代孙。,
孔圣你,孔,圣,男,45,1055-01-01,1119-01-01,是,曲阜,教谕,,,,,,孔圣你，孔子第45代孙。,
何娘,孔,圣,女,45,1053-01-01,1121-01-01,是,滋阳,商人,,,,,,何娘，孔子第45代孙。,
孔圣佢,孔,圣,男,45,1050-01-01,1116-01-01,是,济宁,官员,,,,,,孔圣佢，孔子第45代孙。,
孔圣佣,孔,圣,男,45,1054-01-01,1118-01-01,是,邹县,学者,,,,,,孔圣佣，孔子第45代孙。,
孔圣佤,孔,圣,男,45,1049-01-01,1121-01-01,是,滕县,大夫,,,,,,孔圣佤，孔子第45代孙。,
王姑,孔,圣,女,45,1053-01-01,1117-01-01,是,峄县,士,,,,,,王姑，孔子第45代孙。,
李氏,孔,圣,女,45,1055-01-01,1134-01-01,是,金乡,农,,,,,,李氏，孔子第45代孙。,
孔圣佧,孔,圣,男,45,1049-01-01,1121-01-01,是,鱼台,商,,,,,,孔圣佧，孔子第45代孙。,
孔广佨,孔,广,男,46,1077-01-01,1153-01-01,是,嘉祥,儒,,,,,,孔广佨，孔子第46代孙。,
孔广佩,孔,广,男,46,1081-01-01,1164-01-01,是,汶上,工部侍郎,,,,,,孔广佩，孔子第46代孙。,
赵姑,孔,广,女,46,1077-01-01,1150-01-01,是,泗水,礼部尚书,,,,,,赵姑，孔子第46代孙。,
黄氏,孔,广,女,46,1077-01-01,1145-01-01,是,宁阳,知州,,,,,,黄氏，孔子第46代孙。,
孔广佬,孔,广,男,46,1080-01-01,1159-01-01,是,兖州,知县,,,,,,孔广佬，孔子第46代孙。,
孔广佭,孔,广,男,46,1078-01-01,1148-01-01,是,东平,举人,,,,,,孔广佭，孔子第46代孙。,
孔广佮,孔,广,男,46,1081-01-01,1145-01-01,是,寿张,进士,,,,,,孔广佮，孔子第46代孙。,
孔广佯,孔,广,男,46,1083-01-01,1166-01-01,是,范县,太学生,,,,,,孔广佯，孔子第46代孙。,
胡姑,孔,广,女,46,1077-01-01,1159-01-01,是,濮州,县丞,,,,,,胡姑，孔子第46代孙。,
朱氏,孔,广,女,46,1082-01-01,1164-01-01,是,开州,主簿,,,,,,朱氏，孔子第46代孙。,
孔广佲,孔,广,男,46,1077-01-01,1149-01-01,是,长垣,训导,,,,,,孔广佲，孔子第46代孙。,
林姑,孔,广,女,46,1078-01-01,1155-01-01,是,东明,教谕,,,,,,林姑，孔子第46代孙。,
孔广佴,孔,广,男,46,1079-01-01,1141-01-01,是,荷泽,商人,,,,,,孔广佴，孔子第46代孙。,
郭娘,孔,广,女,46,1083-01-01,1149-01-01,是,曹州,官员,,,,,,郭娘，孔子第46代孙。,
孔广佶,孔,广,男,46,1077-01-01,1152-01-01,是,定陶,学者,,,,,,孔广佶，孔子第46代孙。,
孔广佷,孔,广,男,46,1082-01-01,1151-01-01,是,单县,大夫,,,,,,孔广佷，孔子第46代孙。,
孔广佸,孔,广,男,46,1080-01-01,1145-01-01,是,成武,士,,,,,,孔广佸，孔子第46代孙。,
孔广佹,孔,广,男,46,1083-01-01,1147-01-01,是,巨野,农,,,,,,孔广佹，孔子第46代孙。,
刘氏,孔,广,女,46,1077-01-01,1156-01-01,是,郓城,商,,,,,,刘氏，孔子第46代孙。,
孔广佻,孔,广,男,46,1082-01-01,1158-01-01,是,鄄城,儒,,,,,,孔广佻，孔子第46代孙。,
孔广佼,孔,广,男,46,1079-01-01,1148-01-01,是,曲阜,工部侍郎,,,,,,孔广佼，孔子第46代孙。,
孔广佽,孔,广,男,46,1083-01-01,1149-01-01,是,滋阳,礼部尚书,,,,,,孔广佽，孔子第46代孙。,
孔广佾,孔,广,男,46,1082-01-01,1154-01-01,是,济宁,知州,,,,,,孔广佾，孔子第46代孙。,
周姑,孔,广,女,46,1077-01-01,1151-01-01,是,邹县,知县,,,,,,周姑，孔子第46代孙。,
孔广侀,孔,广,男,46,1077-01-01,1158-01-01,是,滕县,举人,,,,,,孔广侀，孔子第46代孙。,
徐娘,孔,广,女,46,1081-01-01,1162-01-01,是,峄县,进士,,,,,,徐娘，孔子第46代孙。,
孙姑,孔,广,女,46,1080-01-01,1141-01-01,是,金乡,太学生,,,,,,孙姑，孔子第46代孙。,
胡氏,孔,广,女,46,1081-01-01,1143-01-01,是,鱼台,县丞,,,,,,胡氏，孔子第46代孙。,
孔广侄,孔,广,男,46,1077-01-01,1160-01-01,是,嘉祥,主簿,,,,,,孔广侄，孔子第46代孙。,
孔广侅,孔,广,男,46,1077-01-01,1154-01-01,是,汶上,训导,,,,,,孔广侅，孔子第46代孙。,
孔广來,孔,广,男,46,1079-01-01,1145-01-01,是,泗水,教谕,,,,,,孔广來，孔子第46代孙。,
孔广侇,孔,广,男,46,1082-01-01,1166-01-01,是,宁阳,商人,,,,,,孔广侇，孔子第46代孙。,
孔广侈,孔,广,男,46,1078-01-01,1145-01-01,是,兖州,官员,,,,,,孔广侈，孔子第46代孙。,
孔广侉,孔,广,男,46,1078-01-01,1144-01-01,是,东平,学者,,,,,,孔广侉，孔子第46代孙。,
孔广侊,孔,广,男,46,1080-01-01,1144-01-01,是,寿张,大夫,,,,,,孔广侊，孔子第46代孙。,
孔广例,孔,广,男,46,1080-01-01,1151-01-01,是,范县,士,,,,,,孔广例，孔子第46代孙。,
孔广侌,孔,广,男,46,1077-01-01,1138-01-01,是,濮州,农,,,,,,孔广侌，孔子第46代孙。,
孔广侍,孔,广,男,46,1082-01-01,1147-01-01,是,开州,商,,,,,,孔广侍，孔子第46代孙。,
陈姑,孔,广,女,46,1080-01-01,1157-01-01,是,长垣,儒,,,,,,陈姑，孔子第46代孙。,
孔广侏,孔,广,男,46,1081-01-01,1162-01-01,是,东明,工部侍郎,,,,,,孔广侏，孔子第46代孙。,
孔广侐,孔,广,男,46,1080-01-01,1141-01-01,是,荷泽,礼部尚书,,,,,,孔广侐，孔子第46代孙。,
孔广侑,孔,广,男,46,1079-01-01,1150-01-01,是,曹州,知州,,,,,,孔广侑，孔子第46代孙。,
周氏,孔,广,女,46,1080-01-01,1156-01-01,是,定陶,知县,,,,,,周氏，孔子第46代孙。,
孔广侓,孔,广,男,46,1078-01-01,1159-01-01,是,单县,举人,,,,,,孔广侓，孔子第46代孙。,
徐姑,孔,广,女,46,1077-01-01,1143-01-01,是,成武,进士,,,,,,徐姑，孔子第46代孙。,
孔广侕,孔,广,男,46,1083-01-01,1147-01-01,是,巨野,太学生,,,,,,孔广侕，孔子第46代孙。,
胡娘,孔,广,女,46,1083-01-01,1152-01-01,是,郓城,县丞,,,,,,胡娘，孔子第46代孙。,
孔广侗,孔,广,男,46,1078-01-01,1157-01-01,是,鄄城,主簿,,,,,,孔广侗，孔子第46代孙。,
孔广侘,孔,广,男,46,1079-01-01,1146-01-01,是,曲阜,训导,,,,,,孔广侘，孔子第46代孙。,
孔广侙,孔,广,男,46,1082-01-01,1147-01-01,是,滋阳,教谕,,,,,,孔广侙，孔子第46代孙。,
孔广侚,孔,广,男,46,1077-01-01,1139-01-01,是,济宁,商人,,,,,,孔广侚，孔子第46代孙。,
郭氏,孔,广,女,46,1079-01-01,1150-01-01,是,邹县,官员,,,,,,郭氏，孔子第46代孙。,
孔广侜,孔,广,男,46,1078-01-01,1143-01-01,是,滕县,学者,,,,,,孔广侜，孔子第46代孙。,
孔广依,孔,广,男,46,1080-01-01,1143-01-01,是,峄县,大夫,,,,,,孔广依，孔子第46代孙。,
孔广侞,孔,广,男,46,1078-01-01,1150-01-01,是,金乡,士,,,,,,孔广侞，孔子第46代孙。,
孔广侟,孔,广,男,46,1082-01-01,1166-01-01,是,鱼台,农,,,,,,孔广侟，孔子第46代孙。,
孔广侠,孔,广,男,46,1082-01-01,1157-01-01,是,嘉祥,商,,,,,,孔广侠，孔子第46代孙。,
孔广価,孔,广,男,46,1083-01-01,1148-01-01,是,汶上,儒,,,,,,孔广価，孔子第46代孙。,
孔广侢,孔,广,男,46,1077-01-01,1142-01-01,是,泗水,工部侍郎,,,,,,孔广侢，孔子第46代孙。,
孔广侣,孔,广,男,46,1082-01-01,1156-01-01,是,宁阳,礼部尚书,,,,,,孔广侣，孔子第46代孙。,
孔广侤,孔,广,男,46,1082-01-01,1160-01-01,是,兖州,知州,,,,,,孔广侤，孔子第46代孙。,
孔广侥,孔,广,男,46,1079-01-01,1144-01-01,是,东平,知县,,,,,,孔广侥，孔子第46代孙。,
吴姑,孔,广,女,46,1084-01-01,1160-01-01,是,寿张,举人,,,,,,吴姑，孔子第46代孙。,
孔广侧,孔,广,男,46,1083-01-01,1166-01-01,是,范县,进士,,,,,,孔广侧，孔子第46代孙。,
孔广侨,孔,广,男,46,1081-01-01,1163-01-01,是,濮州,太学生,,,,,,孔广侨，孔子第46代孙。,
孔广侩,孔,广,男,46,1080-01-01,1154-01-01,是,开州,县丞,,,,,,孔广侩，孔子第46代孙。,
朱氏,孔,广,女,46,1077-01-01,1159-01-01,是,长垣,主簿,,,,,,朱氏，孔子第46代孙。,
孔广侫,孔,广,男,46,1079-01-01,1160-01-01,是,东明,训导,,,,,,孔广侫，孔子第46代孙。,
林姑,孔,广,女,46,1077-01-01,1147-01-01,是,荷泽,教谕,,,,,,林姑，孔子第46代孙。,
何氏,孔,广,女,46,1078-01-01,1138-01-01,是,曹州,商人,,,,,,何氏，孔子第46代孙。,
孔广侮,孔,广,男,46,1078-01-01,1142-01-01,是,定陶,官员,,,,,,孔广侮，孔子第46代孙。,
孔广侯,孔,广,男,46,1084-01-01,1158-01-01,是,单县,学者,,,,,,孔广侯，孔子第46代孙。,
孔广侰,孔,广,男,46,1080-01-01,1151-01-01,是,成武,大夫,,,,,,孔广侰，孔子第46代孙。,
孔广侱,孔,广,男,46,1082-01-01,1159-01-01,是,巨野,士,,,,,,孔广侱，孔子第46代孙。,
李姑,孔,广,女,46,1078-01-01,1142-01-01,是,郓城,农,,,,,,李姑，孔子第46代孙。,
刘氏,孔,广,女,46,1077-01-01,1140-01-01,是,鄄城,商,,,,,,刘氏，孔子第46代孙。,
陈娘,孔,广,女,46,1080-01-01,1140-01-01,是,曲阜,儒,,,,,,陈娘，孔子第46代孙。,
孔广侵,孔,广,男,46,1081-01-01,1141-01-01,是,滋阳,工部侍郎,,,,,,孔广侵，孔子第46代孙。,
孔广侶,孔,广,男,46,1081-01-01,1159-01-01,是,济宁,礼部尚书,,,,,,孔广侶，孔子第46代孙。,
黄娘,孔,广,女,46,1082-01-01,1164-01-01,是,邹县,知州,,,,,,黄娘，孔子第46代孙。,
孔广侸,孔,广,男,46,1082-01-01,1151-01-01,是,滕县,知县,,,,,,孔广侸，孔子第46代孙。,
孔广侹,孔,广,男,46,1080-01-01,1161-01-01,是,峄县,举人,,,,,,孔广侹，孔子第46代孙。,
孔广侺,孔,广,男,46,1079-01-01,1146-01-01,是,金乡,进士,,,,,,孔广侺，孔子第46代孙。,
孔广侻,孔,广,男,46,1083-01-01,1167-01-01,是,鱼台,太学生,,,,,,孔广侻，孔子第46代孙。,
孔广侼,孔,广,男,46,1084-01-01,1157-01-01,是,嘉祥,县丞,,,,,,孔广侼，孔子第46代孙。,
孔广侽,孔,广,男,46,1077-01-01,1151-01-01,是,汶上,主簿,,,,,,孔广侽，孔子第46代孙。,
孔广侾,孔,广,男,46,1082-01-01,1147-01-01,是,泗水,训导,,,,,,孔广侾，孔子第46代孙。,
孔广便,孔,广,男,46,1083-01-01,1167-01-01,是,宁阳,教谕,,,,,,孔广便，孔子第46代孙。,
孔广俀,孔,广,男,46,1081-01-01,1158-01-01,是,兖州,商人,,,,,,孔广俀，孔子第46代孙。,
孔广俁,孔,广,男,46,1078-01-01,1148-01-01,是,东平,官员,,,,,,孔广俁，孔子第46代孙。,
孔广係,孔,广,男,46,1080-01-01,1154-01-01,是,寿张,学者,,,,,,孔广係，孔子第46代孙。,
张娘,孔,广,女,46,1077-01-01,1156-01-01,是,范县,大夫,,,,,,张娘，孔子第46代孙。,
王姑,孔,广,女,46,1078-01-01,1143-01-01,是,濮州,士,,,,,,王姑，孔子第46代孙。,
孔广俅,孔,广,男,46,1082-01-01,1164-01-01,是,开州,农,,,,,,孔广俅，孔子第46代孙。,
刘娘,孔,广,女,46,1084-01-01,1144-01-01,是,长垣,商,,,,,,刘娘，孔子第46代孙。,
孔广俇,孔,广,男,46,1078-01-01,1153-01-01,是,东明,儒,,,,,,孔广俇，孔子第46代孙。,
孔广俈,孔,广,男,46,1083-01-01,1163-01-01,是,荷泽,工部侍郎,,,,,,孔广俈，孔子第46代孙。,
孔广俉,孔,广,男,46,1083-01-01,1159-01-01,是,曹州,礼部尚书,,,,,,孔广俉，孔子第46代孙。,
黄姑,孔,广,女,46,1080-01-01,1163-01-01,是,定陶,知州,,,,,,黄姑，孔子第46代孙。,
孔广俋,孔,广,男,46,1081-01-01,1149-01-01,是,单县,知县,,,,,,孔广俋，孔子第46代孙。,
孔广俌,孔,广,男,46,1082-01-01,1162-01-01,是,成武,举人,,,,,,孔广俌，孔子第46代孙。,
徐姑,孔,广,女,46,1084-01-01,1161-01-01,是,巨野,进士,,,,,,徐姑，孔子第46代孙。,
孙氏,孔,广,女,46,1084-01-01,1165-01-01,是,郓城,太学生,,,,,,孙氏，孔子第46代孙。,
孔广俏,孔,广,男,46,1082-01-01,1161-01-01,是,鄄城,县丞,,,,,,孔广俏，孔子第46代孙。,
孔广俐,孔,广,男,46,1078-01-01,1151-01-01,是,曲阜,主簿,,,,,,孔广俐，孔子第46代孙。,
高氏,孔,广,女,46,1081-01-01,1151-01-01,是,滋阳,训导,,,,,,高氏，孔子第46代孙。,
孔广俒,孔,广,男,46,1078-01-01,1154-01-01,是,济宁,教谕,,,,,,孔广俒，孔子第46代孙。,
何姑,孔,广,女,46,1082-01-01,1158-01-01,是,邹县,商人,,,,,,何姑，孔子第46代孙。,
郭氏,孔,广,女,46,1084-01-01,1144-01-01,是,滕县,官员,,,,,,郭氏，孔子第46代孙。,
孔广俕,孔,广,男,46,1083-01-01,1157-01-01,是,峄县,学者,,,,,,孔广俕，孔子第46代孙。,
孔广俖,孔,广,男,46,1082-01-01,1152-01-01,是,金乡,大夫,,,,,,孔广俖，孔子第46代孙。,
孔广俗,孔,广,男,46,1081-01-01,1146-01-01,是,鱼台,士,,,,,,孔广俗，孔子第46代孙。,
孔广俘,孔,广,男,46,1082-01-01,1150-01-01,是,嘉祥,农,,,,,,孔广俘，孔子第46代孙。,
孔广俙,孔,广,男,46,1079-01-01,1148-01-01,是,汶上,商,,,,,,孔广俙，孔子第46代孙。,
陈氏,孔,广,女,46,1078-01-01,1151-01-01,是,泗水,儒,,,,,,陈氏，孔子第46代孙。,
孔广俛,孔,广,男,46,1081-01-01,1151-01-01,是,宁阳,工部侍郎,,,,,,孔广俛，孔子第46代孙。,
赵姑,孔,广,女,46,1077-01-01,1144-01-01,是,兖州,礼部尚书,,,,,,赵姑，孔子第46代孙。,
孔广保,孔,广,男,46,1084-01-01,1144-01-01,是,东平,知州,,,,,,孔广保，孔子第46代孙。,
孔广俞,孔,广,男,46,1083-01-01,1158-01-01,是,寿张,知县,,,,,,孔广俞，孔子第46代孙。,
吴姑,孔,广,女,46,1083-01-01,1161-01-01,是,范县,举人,,,,,,吴姑，孔子第46代孙。,
孔广俠,孔,广,男,46,1084-01-01,1155-01-01,是,濮州,进士,,,,,,孔广俠，孔子第46代孙。,
孙娘,孔,广,女,46,1082-01-01,1145-01-01,是,开州,太学生,,,,,,孙娘，孔子第46代孙。,
孔广俢,孔,广,男,46,1082-01-01,1161-01-01,是,长垣,县丞,,,,,,孔广俢，孔子第46代孙。,
孔广俣,孔,广,男,46,1082-01-01,1151-01-01,是,东明,主簿,,,,,,孔广俣，孔子第46代孙。,
孔广俤,孔,广,男,46,1083-01-01,1164-01-01,是,荷泽,训导,,,,,,孔广俤，孔子第46代孙。,
孔广俥,孔,广,男,46,1079-01-01,1158-01-01,是,曹州,教谕,,,,,,孔广俥，孔子第46代孙。,
何氏,孔,广,女,46,1078-01-01,1144-01-01,是,定陶,商人,,,,,,何氏，孔子第46代孙。,
郭娘,孔,广,女,46,1081-01-01,1164-01-01,是,单县,官员,,,,,,郭娘，孔子第46代孙。,
孔广俨,孔,广,男,46,1081-01-01,1152-01-01,是,成武,学者,,,,,,孔广俨，孔子第46代孙。,
孔广俩,孔,广,男,46,1082-01-01,1156-01-01,是,巨野,大夫,,,,,,孔广俩，孔子第46代孙。,
孔广俪,孔,广,男,46,1078-01-01,1150-01-01,是,郓城,士,,,,,,孔广俪，孔子第46代孙。,
孔广俫,孔,广,男,46,1084-01-01,1148-01-01,是,鄄城,农,,,,,,孔广俫，孔子第46代孙。,
孔广俬,孔,广,男,46,1077-01-01,1145-01-01,是,曲阜,商,,,,,,孔广俬，孔子第46代孙。,
孔广俭,孔,广,男,46,1081-01-01,1162-01-01,是,滋阳,儒,,,,,,孔广俭，孔子第46代孙。,
孔广修,孔,广,男,46,1079-01-01,1145-01-01,是,济宁,工部侍郎,,,,,,孔广修，孔子第46代孙。,
孔广俯,孔,广,男,46,1080-01-01,1142-01-01,是,邹县,礼部尚书,,,,,,孔广俯，孔子第46代孙。,
孔广俰,孔,广,男,46,1079-01-01,1163-01-01,是,滕县,知州,,,,,,孔广俰，孔子第46代孙。,
孔广俱,孔,广,男,46,1079-01-01,1139-01-01,是,峄县,知县,,,,,,孔广俱，孔子第46代孙。,
吴氏,孔,广,女,46,1084-01-01,1148-01-01,是,金乡,举人,,,,,,吴氏，孔子第46代孙。,
徐娘,孔,广,女,46,1078-01-01,1140-01-01,是,鱼台,进士,,,,,,徐娘，孔子第46代孙。,
孙姑,孔,广,女,46,1079-01-01,1159-01-01,是,嘉祥,太学生,,,,,,孙姑，孔子第46代孙。,
孔广俵,孔,广,男,46,1077-01-01,1160-01-01,是,汶上,县丞,,,,,,孔广俵，孔子第46代孙。,
朱娘,孔,广,女,46,1084-01-01,1163-01-01,是,泗水,主簿,,,,,,朱娘，孔子第46代孙。,
孔广俷,孔,广,男,46,1077-01-01,1148-01-01,是,宁阳,训导,,,,,,孔广俷，孔子第46代孙。,
孔广俸,孔,广,男,46,1079-01-01,1151-01-01,是,兖州,教谕,,,,,,孔广俸，孔子第46代孙。,
孔广俹,孔,广,男,46,1084-01-01,1152-01-01,是,东平,商人,,,,,,孔广俹，孔子第46代孙。,
郭姑,孔,广,女,46,1080-01-01,1161-01-01,是,寿张,官员,,,,,,郭姑，孔子第46代孙。,
马氏,孔,广,女,46,1082-01-01,1148-01-01,是,范县,学者,,,,,,马氏，孔子第46代孙。,
张娘,孔,广,女,46,1081-01-01,1147-01-01,是,濮州,大夫,,,,,,张娘，孔子第46代孙。,
孔广俽,孔,广,男,46,1081-01-01,1159-01-01,是,开州,士,,,,,,孔广俽，孔子第46代孙。,
孔广俾,孔,广,男,46,1079-01-01,1147-01-01,是,长垣,农,,,,,,孔广俾，孔子第46代孙。,
刘娘,孔,广,女,46,1083-01-01,1155-01-01,是,东明,商,,,,,,刘娘，孔子第46代孙。,
陈姑,孔,广,女,46,1084-01-01,1153-01-01,是,荷泽,儒,,,,,,陈姑，孔子第46代孙。,
杨氏,孔,广,女,46,1083-01-01,1167-01-01,是,曹州,工部侍郎,,,,,,杨氏，孔子第46代孙。,
孔广倂,孔,广,男,46,1081-01-01,1153-01-01,是,定陶,礼部尚书,,,,,,孔广倂，孔子第46代孙。,
孔广倃,孔,广,男,46,1083-01-01,1156-01-01,是,单县,知州,,,,,,孔广倃，孔子第46代孙。,
孔广倄,孔,广,男,46,1081-01-01,1145-01-01,是,成武,知县,,,,,,孔广倄，孔子第46代孙。,
孔广倅,孔,广,男,46,1082-01-01,1143-01-01,是,巨野,举人,,,,,,孔广倅，孔子第46代孙。,
孔广倆,孔,广,男,46,1084-01-01,1166-01-01,是,郓城,进士,,,,,,孔广倆，孔子第46代孙。,
孔广倇,孔,广,男,46,1084-01-01,1157-01-01,是,鄄城,太学生,,,,,,孔广倇，孔子第46代孙。,
孔广倈,孔,广,男,46,1081-01-01,1142-01-01,是,曲阜,县丞,,,,,,孔广倈，孔子第46代孙。,
朱姑,孔,广,女,46,1079-01-01,1157-01-01,是,滋阳,主簿,,,,,,朱姑，孔子第46代孙。,
高氏,孔,广,女,46,1080-01-01,1157-01-01,是,济宁,训导,,,,,,高氏，孔子第46代孙。,
孔广個,孔,广,男,46,1078-01-01,1155-01-01,是,邹县,教谕,,,,,,孔广個，孔子第46代孙。,
何姑,孔,广,女,46,1077-01-01,1141-01-01,是,滕县,商人,,,,,,何姑，孔子第46代孙。,
孔广倍,孔,广,男,46,1078-01-01,1145-01-01,是,峄县,官员,,,,,,孔广倍，孔子第46代孙。,
孔广倎,孔,广,男,46,1084-01-01,1163-01-01,是,金乡,学者,,,,,,孔广倎，孔子第46代孙。,
孔广倏,孔,广,男,46,1083-01-01,1152-01-01,是,鱼台,大夫,,,,,,孔广倏，孔子第46代孙。,
王氏,孔,广,女,46,1081-01-01,1161-01-01,是,嘉祥,士,,,,,,王氏，孔子第46代孙。,
李娘,孔,广,女,46,1084-01-01,1158-01-01,是,汶上,农,,,,,,李娘，孔子第46代孙。,
孔广倒,孔,广,男,46,1082-01-01,1149-01-01,是,泗水,商,,,,,,孔广倒，孔子第46代孙。,
陈氏,孔,广,女,46,1082-01-01,1165-01-01,是,宁阳,儒,,,,,,陈氏，孔子第46代孙。,
孔广倔,孔,广,男,46,1078-01-01,1142-01-01,是,兖州,工部侍郎,,,,,,孔广倔，孔子第46代孙。,
孔广倕,孔,广,男,46,1079-01-01,1155-01-01,是,东平,礼部尚书,,,,,,孔广倕，孔子第46代孙。,
孔广倖,孔,广,男,46,1080-01-01,1163-01-01,是,寿张,知州,,,,,,孔广倖，孔子第46代孙。,
周娘,孔,广,女,46,1079-01-01,1163-01-01,是,范县,知县,,,,,,周娘，孔子第46代孙。,
吴姑,孔,广,女,46,1078-01-01,1147-01-01,是,濮州,举人,,,,,,吴姑，孔子第46代孙。,
孔广候,孔,广,男,46,1080-01-01,1158-01-01,是,开州,进士,,,,,,孔广候，孔子第46代孙。,
孔广倚,孔,广,男,46,1081-01-01,1157-01-01,是,长垣,太学生,,,,,,孔广倚，孔子第46代孙。,
孔广倛,孔,广,男,46,1083-01-01,1153-01-01,是,东明,县丞,,,,,,孔广倛，孔子第46代孙。,
朱氏,孔,广,女,46,1084-01-01,1165-01-01,是,荷泽,主簿,,,,,,朱氏，孔子第46代孙。,
高娘,孔,广,女,46,1083-01-01,1161-01-01,是,曹州,训导,,,,,,高娘，孔子第46代孙。,
孔广倞,孔,广,男,46,1083-01-01,1167-01-01,是,定陶,教谕,,,,,,孔广倞，孔子第46代孙。,
何氏,孔,广,女,46,1077-01-01,1156-01-01,是,单县,商人,,,,,,何氏，孔子第46代孙。,
郭娘,孔,广,女,46,1077-01-01,1152-01-01,是,成武,官员,,,,,,郭娘，孔子第46代孙。,
马姑,孔,广,女,46,1081-01-01,1165-01-01,是,巨野,学者,,,,,,马姑，孔子第46代孙。,
孔广倢,孔,广,男,46,1082-01-01,1165-01-01,是,郓城,大夫,,,,,,孔广倢，孔子第46代孙。,
孔广倣,孔,广,男,46,1083-01-01,1156-01-01,是,鄄城,士,,,,,,孔广倣，孔子第46代孙。,
孔广値,孔,广,男,46,1078-01-01,1145-01-01,是,曲阜,农,,,,,,孔广値，孔子第46代孙。,
孔广倥,孔,广,男,46,1084-01-01,1168-01-01,是,滋阳,商,,,,,,孔广倥，孔子第46代孙。,
陈娘,孔,广,女,46,1084-01-01,1151-01-01,是,济宁,儒,,,,,,陈娘，孔子第46代孙。,
孔广倧,孔,广,男,46,1078-01-01,1147-01-01,是,邹县,工部侍郎,,,,,,孔广倧，孔子第46代孙。,
孔广倨,孔,广,男,46,1080-01-01,1160-01-01,是,滕县,礼部尚书,,,,,,孔广倨，孔子第46代孙。,
黄娘,孔,广,女,46,1078-01-01,1148-01-01,是,峄县,知州,,,,,,黄娘，孔子第46代孙。,
孔广倪,孔,广,男,46,1077-01-01,1154-01-01,是,金乡,知县,,,,,,孔广倪，孔子第46代孙。,
吴氏,孔,广,女,46,1078-01-01,1154-01-01,是,鱼台,举人,,,,,,吴氏，孔子第46代孙。,
孔广倬,孔,广,男,46,1081-01-01,1160-01-01,是,嘉祥,进士,,,,,,孔广倬，孔子第46代孙。,
孔广倭,孔,广,男,46,1081-01-01,1162-01-01,是,汶上,太学生,,,,,,孔广倭，孔子第46代孙。,
孔广倮,孔,广,男,46,1083-01-01,1146-01-01,是,泗水,县丞,,,,,,孔广倮，孔子第46代孙。,
孔广倯,孔,广,男,46,1079-01-01,1143-01-01,是,宁阳,主簿,,,,,,孔广倯，孔子第46代孙。,
孔达倰,孔,达,男,47,1111-01-01,1189-01-01,是,兖州,训导,,,,,,孔达倰，孔子第47代孙。,
孔达倱,孔,达,男,47,1112-01-01,1185-01-01,是,东平,教谕,,,,,,孔达倱，孔子第47代孙。,
孔达倲,孔,达,男,47,1105-01-01,1170-01-01,是,寿张,商人,,,,,,孔达倲，孔子第47代孙。,
孔达倳,孔,达,男,47,1112-01-01,1194-01-01,是,范县,官员,,,,,,孔达倳，孔子第47代孙。,
马娘,孔,达,女,47,1110-01-01,1192-01-01,是,濮州,学者,,,,,,马娘，孔子第47代孙。,
孔达倵,孔,达,男,47,1105-01-01,1172-01-01,是,开州,大夫,,,,,,孔达倵，孔子第47代孙。,
王氏,孔,达,女,47,1112-01-01,1178-01-01,是,长垣,士,,,,,,王氏，孔子第47代孙。,
孔达倷,孔,达,男,47,1106-01-01,1184-01-01,是,东明,农,,,,,,孔达倷，孔子第47代孙。,
孔达倸,孔,达,男,47,1106-01-01,1190-01-01,是,荷泽,商,,,,,,孔达倸，孔子第47代孙。,
孔达倹,孔,达,男,47,1112-01-01,1192-01-01,是,曹州,儒,,,,,,孔达倹，孔子第47代孙。,
杨娘,孔,达,女,47,1111-01-01,1192-01-01,是,定陶,工部侍郎,,,,,,杨娘，孔子第47代孙。,
赵姑,孔,达,女,47,1111-01-01,1185-01-01,是,单县,礼部尚书,,,,,,赵姑，孔子第47代孙。,
黄氏,孔,达,女,47,1110-01-01,1194-01-01,是,成武,知州,,,,,,黄氏，孔子第47代孙。,
孔达倽,孔,达,男,47,1108-01-01,1179-01-01,是,巨野,知县,,,,,,孔达倽，孔子第47代孙。,
吴姑,孔,达,女,47,1110-01-01,1183-01-01,是,郓城,举人,,,,,,吴姑，孔子第47代孙。,
孔达倿,孔,达,男,47,1109-01-01,1171-01-01,是,鄄城,进士,,,,,,孔达倿，孔子第47代孙。,
孔达偀,孔,达,男,47,1108-01-01,1188-01-01,是,曲阜,太学生,,,,,,孔达偀，孔子第47代孙。,
胡姑,孔,达,女,47,1111-01-01,1182-01-01,是,滋阳,县丞,,,,,,胡姑，孔子第47代孙。,
孔达偂,孔,达,男,47,1110-01-01,1174-01-01,是,济宁,主簿,,,,,,孔达偂，孔子第47代孙。,
孔达偃,孔,达,男,47,1108-01-01,1171-01-01,是,邹县,训导,,,,,,孔达偃，孔子第47代孙。,
孔达偄,孔,达,男,47,1111-01-01,1177-01-01,是,滕县,教谕,,,,,,孔达偄，孔子第47代孙。,
孔达偅,孔,达,男,47,1108-01-01,1187-01-01,是,峄县,商人,,,,,,孔达偅，孔子第47代孙。,
孔达偆,孔,达,男,47,1109-01-01,1189-01-01,是,金乡,官员,,,,,,孔达偆，孔子第47代孙。,
马姑,孔,达,女,47,1108-01-01,1170-01-01,是,鱼台,学者,,,,,,马姑，孔子第47代孙。,
孔达偈,孔,达,男,47,1106-01-01,1166-01-01,是,嘉祥,大夫,,,,,,孔达偈，孔子第47代孙。,
王娘,孔,达,女,47,1111-01-01,1172-01-01,是,汶上,士,,,,,,王娘，孔子第47代孙。,
孔达偊,孔,达,男,47,1108-01-01,1177-01-01,是,泗水,农,,,,,,孔达偊，孔子第47代孙。,
孔达偋,孔,达,男,47,1112-01-01,1194-01-01,是,宁阳,商,,,,,,孔达偋，孔子第47代孙。,
孔达偌,孔,达,男,47,1109-01-01,1193-01-01,是,兖州,儒,,,,,,孔达偌，孔子第47代孙。,
孔达偍,孔,达,男,47,1110-01-01,1179-01-01,是,东平,工部侍郎,,,,,,孔达偍，孔子第47代孙。,
孔达偎,孔,达,男,47,1110-01-01,1180-01-01,是,寿张,礼部尚书,,,,,,孔达偎，孔子第47代孙。,
黄娘,孔,达,女,47,1109-01-01,1178-01-01,是,范县,知州,,,,,,黄娘，孔子第47代孙。,
周姑,孔,达,女,47,1106-01-01,1188-01-01,是,濮州,知县,,,,,,周姑，孔子第47代孙。,
孔达偑,孔,达,男,47,1112-01-01,1177-01-01,是,开州,举人,,,,,,孔达偑，孔子第47代孙。,
孔达偒,孔,达,男,47,1108-01-01,1176-01-01,是,长垣,进士,,,,,,孔达偒，孔子第47代孙。,
孔达偓,孔,达,男,47,1107-01-01,1185-01-01,是,东明,太学生,,,,,,孔达偓，孔子第47代孙。,
孔达偔,孔,达,男,47,1106-01-01,1185-01-01,是,荷泽,县丞,,,,,,孔达偔，孔子第47代孙。,
孔达偕,孔,达,男,47,1105-01-01,1183-01-01,是,曹州,主簿,,,,,,孔达偕，孔子第47代孙。,
高姑,孔,达,女,47,1110-01-01,1173-01-01,是,定陶,训导,,,,,,高姑，孔子第47代孙。,
孔达偗,孔,达,男,47,1111-01-01,1180-01-01,是,单县,教谕,,,,,,孔达偗，孔子第47代孙。,
孔达偘,孔,达,男,47,1105-01-01,1167-01-01,是,成武,商人,,,,,,孔达偘，孔子第47代孙。,
郭姑,孔,达,女,47,1109-01-01,1182-01-01,是,巨野,官员,,,,,,郭姑，孔子第47代孙。,
马氏,孔,达,女,47,1112-01-01,1174-01-01,是,郓城,学者,,,,,,马氏，孔子第47代孙。,
张娘,孔,达,女,47,1105-01-01,1173-01-01,是,鄄城,大夫,,,,,,张娘，孔子第47代孙。,
王姑,孔,达,女,47,1107-01-01,1182-01-01,是,曲阜,士,,,,,,王姑，孔子第47代孙。,
孔达偝,孔,达,男,47,1106-01-01,1185-01-01,是,滋阳,农,,,,,,孔达偝，孔子第47代孙。,
孔达偞,孔,达,男,47,1107-01-01,1169-01-01,是,济宁,商,,,,,,孔达偞，孔子第47代孙。,
孔达偟,孔,达,男,47,1108-01-01,1176-01-01,是,邹县,儒,,,,,,孔达偟，孔子第47代孙。,
孔达偠,孔,达,男,47,1111-01-01,1172-01-01,是,滕县,工部侍郎,,,,,,孔达偠，孔子第47代孙。,
孔达偡,孔,达,男,47,1105-01-01,1188-01-01,是,峄县,礼部尚书,,,,,,孔达偡，孔子第47代孙。,
黄姑,孔,达,女,47,1107-01-01,1169-01-01,是,金乡,知州,,,,,,黄姑，孔子第47代孙。,
周氏,孔,达,女,47,1108-01-01,1181-01-01,是,鱼台,知县,,,,,,周氏，孔子第47代孙。,
孔达偤,孔,达,男,47,1110-01-01,1189-01-01,是,嘉祥,举人,,,,,,孔达偤，孔子第47代孙。,
徐姑,孔,达,女,47,1110-01-01,1170-01-01,是,汶上,进士,,,,,,徐姑，孔子第47代孙。,
孙氏,孔,达,女,47,1106-01-01,1172-01-01,是,泗水,太学生,,,,,,孙氏，孔子第47代孙。,
胡娘,孔,达,女,47,1110-01-01,1182-01-01,是,宁阳,县丞,,,,,,胡娘，孔子第47代孙。,
孔达偨,孔,达,男,47,1109-01-01,1178-01-01,是,兖州,主簿,,,,,,孔达偨，孔子第47代孙。,
孔达偩,孔,达,男,47,1108-01-01,1169-01-01,是,东平,训导,,,,,,孔达偩，孔子第47代孙。,
林娘,孔,达,女,47,1107-01-01,1172-01-01,是,寿张,教谕,,,,,,林娘，孔子第47代孙。,
孔达偫,孔,达,男,47,1110-01-01,1193-01-01,是,范县,商人,,,,,,孔达偫，孔子第47代孙。,
郭氏,孔,达,女,47,1108-01-01,1183-01-01,是,濮州,官员,,,,,,郭氏，孔子第47代孙。,
马娘,孔,达,女,47,1108-01-01,1189-01-01,是,开州,学者,,,,,,马娘，孔子第47代孙。,
孔达偮,孔,达,男,47,1109-01-01,1173-01-01,是,长垣,大夫,,,,,,孔达偮，孔子第47代孙。,
孔达偯,孔,达,男,47,1111-01-01,1183-01-01,是,东明,士,,,,,,孔达偯，孔子第47代孙。,
孔达偰,孔,达,男,47,1110-01-01,1175-01-01,是,荷泽,农,,,,,,孔达偰，孔子第47代孙。,
孔达偱,孔,达,男,47,1106-01-01,1186-01-01,是,曹州,商,,,,,,孔达偱，孔子第47代孙。,
孔达偲,孔,达,男,47,1112-01-01,1194-01-01,是,定陶,儒,,,,,,孔达偲，孔子第47代孙。,
孔达偳,孔,达,男,47,1107-01-01,1168-01-01,是,单县,工部侍郎,,,,,,孔达偳，孔子第47代孙。,
孔达側,孔,达,男,47,1106-01-01,1184-01-01,是,成武,礼部尚书,,,,,,孔达側，孔子第47代孙。,
孔达偵,孔,达,男,47,1105-01-01,1174-01-01,是,巨野,知州,,,,,,孔达偵，孔子第47代孙。,
孔达偶,孔,达,男,47,1105-01-01,1170-01-01,是,郓城,知县,,,,,,孔达偶，孔子第47代孙。,
孔达偷,孔,达,男,47,1108-01-01,1175-01-01,是,鄄城,举人,,,,,,孔达偷，孔子第47代孙。,
徐氏,孔,达,女,47,1111-01-01,1175-01-01,是,曲阜,进士,,,,,,徐氏，孔子第47代孙。,
孙娘,孔,达,女,47,1108-01-01,1178-01-01,是,滋阳,太学生,,,,,,孙娘，孔子第47代孙。,
孔达偺,孔,达,男,47,1109-01-01,1175-01-01,是,济宁,县丞,,,,,,孔达偺，孔子第47代孙。,
朱氏,孔,达,女,47,1105-01-01,1188-01-01,是,邹县,主簿,,,,,,朱氏，孔子第47代孙。,
孔达偼,孔,达,男,47,1110-01-01,1192-01-01,是,滕县,训导,,,,,,孔达偼，孔子第47代孙。,
孔达偽,孔,达,男,47,1112-01-01,1190-01-01,是,峄县,教谕,,,,,,孔达偽，孔子第47代孙。,
何氏,孔,达,女,47,1109-01-01,1191-01-01,是,金乡,商人,,,,,,何氏，孔子第47代孙。,
孔达偿,孔,达,男,47,1110-01-01,1177-01-01,是,鱼台,官员,,,,,,孔达偿，孔子第47代孙。,
孔达傀,孔,达,男,47,1107-01-01,1189-01-01,是,嘉祥,学者,,,,,,孔达傀，孔子第47代孙。,
张氏,孔,达,女,47,1105-01-01,1183-01-01,是,汶上,大夫,,,,,,张氏，孔子第47代孙。,
王娘,孔,达,女,47,1107-01-01,1174-01-01,是,泗水,士,,,,,,王娘，孔子第47代孙。,
孔达傃,孔,达,男,47,1109-01-01,1177-01-01,是,宁阳,农,,,,,,孔达傃，孔子第47代孙。,
孔达傄,孔,达,男,47,1109-01-01,1175-01-01,是,兖州,商,,,,,,孔达傄，孔子第47代孙。,
陈娘,孔,达,女,47,1112-01-01,1186-01-01,是,东平,儒,,,,,,陈娘，孔子第47代孙。,
孔达傆,孔,达,男,47,1108-01-01,1173-01-01,是,寿张,工部侍郎,,,,,,孔达傆，孔子第47代孙。,
赵氏,孔,达,女,47,1108-01-01,1179-01-01,是,范县,礼部尚书,,,,,,赵氏，孔子第47代孙。,
孔达傈,孔,达,男,47,1106-01-01,1186-01-01,是,濮州,知州,,,,,,孔达傈，孔子第47代孙。,
孔达傉,孔,达,男,47,1110-01-01,1173-01-01,是,开州,知县,,,,,,孔达傉，孔子第47代孙。,
孔达傊,孔,达,男,47,1107-01-01,1172-01-01,是,长垣,举人,,,,,,孔达傊，孔子第47代孙。,
孔达傋,孔,达,男,47,1112-01-01,1178-01-01,是,东明,进士,,,,,,孔达傋，孔子第47代孙。,
孙姑,孔,达,女,47,1111-01-01,1178-01-01,是,荷泽,太学生,,,,,,孙姑，孔子第47代孙。,
胡氏,孔,达,女,47,1109-01-01,1190-01-01,是,曹州,县丞,,,,,,胡氏，孔子第47代孙。,
孔达傎,孔,达,男,47,1111-01-01,1180-01-01,是,定陶,主簿,,,,,,孔达傎，孔子第47代孙。,
高姑,孔,达,女,47,1108-01-01,1188-01-01,是,单县,训导,,,,,,高姑，孔子第47代孙。,
孔达傐,孔,达,男,47,1106-01-01,1177-01-01,是,成武,教谕,,,,,,孔达傐，孔子第47代孙。,
孔达傑,孔,达,男,47,1106-01-01,1167-01-01,是,巨野,商人,,,,,,孔达傑，孔子第47代孙。,
孔达傒,孔,达,男,47,1107-01-01,1183-01-01,是,郓城,官员,,,,,,孔达傒，孔子第47代孙。,
马氏,孔,达,女,47,1112-01-01,1186-01-01,是,鄄城,学者,,,,,,马氏，孔子第47代孙。,
张娘,孔,达,女,47,1112-01-01,1185-01-01,是,曲阜,大夫,,,,,,张娘，孔子第47代孙。,
孔达傕,孔,达,男,47,1107-01-01,1171-01-01,是,滋阳,士,,,,,,孔达傕，孔子第47代孙。,
李氏,孔,达,女,47,1107-01-01,1178-01-01,是,济宁,农,,,,,,李氏，孔子第47代孙。,
孔达傗,孔,达,男,47,1111-01-01,1190-01-01,是,邹县,商,,,,,,孔达傗，孔子第47代孙。,
陈姑,孔,达,女,47,1110-01-01,1192-01-01,是,滕县,儒,,,,,,陈姑，孔子第47代孙。,
杨氏,孔,达,女,47,1108-01-01,1173-01-01,是,峄县,工部侍郎,,,,,,杨氏，孔子第47代孙。,
孔达傚,孔,达,男,47,1107-01-01,1182-01-01,是,金乡,礼部尚书,,,,,,孔达傚，孔子第47代孙。,
孔达傛,孔,达,男,47,1112-01-01,1189-01-01,是,鱼台,知州,,,,,,孔达傛，孔子第47代孙。,
孔达傜,孔,达,男,47,1111-01-01,1186-01-01,是,嘉祥,知县,,,,,,孔达傜，孔子第47代孙。,
孔达傝,孔,达,男,47,1111-01-01,1172-01-01,是,汶上,举人,,,,,,孔达傝，孔子第47代孙。,
孔达傞,孔,达,男,47,1108-01-01,1181-01-01,是,泗水,进士,,,,,,孔达傞，孔子第47代孙。,
孙氏,孔,达,女,47,1112-01-01,1180-01-01,是,宁阳,太学生,,,,,,孙氏，孔子第47代孙。,
孔达傠,孔,达,男,47,1108-01-01,1169-01-01,是,兖州,县丞,,,,,,孔达傠，孔子第47代孙。,
孔达傡,孔,达,男,47,1109-01-01,1177-01-01,是,东平,主簿,,,,,,孔达傡，孔子第47代孙。,
高氏,孔,达,女,47,1110-01-01,1175-01-01,是,寿张,训导,,,,,,高氏，孔子第47代孙。,
孔达傣,孔,达,男,47,1110-01-01,1190-01-01,是,范县,教谕,,,,,,孔达傣，孔子第47代孙。,
何姑,孔,达,女,47,1105-01-01,1175-01-01,是,濮州,商人,,,,,,何姑，孔子第47代孙。,
孔达傥,孔,达,男,47,1106-01-01,1180-01-01,是,开州,官员,,,,,,孔达傥，孔子第47代孙。,
孔达傦,孔,达,男,47,1110-01-01,1183-01-01,是,长垣,学者,,,,,,孔达傦，孔子第47代孙。,
张姑,孔,达,女,47,1112-01-01,1196-01-01,是,东明,大夫,,,,,,张姑，孔子第47代孙。,
孔达储,孔,达,男,47,1111-01-01,1178-01-01,是,荷泽,士,,,,,,孔达储，孔子第47代孙。,
孔达傩,孔,达,男,47,1110-01-01,1181-01-01,是,曹州,农,,,,,,孔达傩，孔子第47代孙。,
孔达傪,孔,达,男,47,1106-01-01,1182-01-01,是,定陶,商,,,,,,孔达傪，孔子第47代孙。,
孔达傫,孔,达,男,47,1108-01-01,1183-01-01,是,单县,儒,,,,,,孔达傫，孔子第47代孙。,
杨娘,孔,达,女,47,1105-01-01,1184-01-01,是,成武,工部侍郎,,,,,,杨娘，孔子第47代孙。,
赵姑,孔,达,女,47,1108-01-01,1190-01-01,是,巨野,礼部尚书,,,,,,赵姑，孔子第47代孙。,
孔达傮,孔,达,男,47,1105-01-01,1187-01-01,是,郓城,知州,,,,,,孔达傮，孔子第47代孙。,
孔达傯,孔,达,男,47,1110-01-01,1192-01-01,是,鄄城,知县,,,,,,孔达傯，孔子第47代孙。,
孔达傰,孔,达,男,47,1111-01-01,1194-01-01,是,曲阜,举人,,,,,,孔达傰，孔子第47代孙。,
徐氏,孔,达,女,47,1112-01-01,1180-01-01,是,滋阳,进士,,,,,,徐氏，孔子第47代孙。,
孙娘,孔,达,女,47,1105-01-01,1182-01-01,是,济宁,太学生,,,,,,孙娘，孔子第47代孙。,
孔达傳,孔,达,男,47,1106-01-01,1187-01-01,是,邹县,县丞,,,,,,孔达傳，孔子第47代孙。,
孔达傴,孔,达,男,47,1108-01-01,1177-01-01,是,滕县,主簿,,,,,,孔达傴，孔子第47代孙。,
孔达債,孔,达,男,47,1108-01-01,1179-01-01,是,峄县,训导,,,,,,孔达債，孔子第47代孙。,
孔达傶,孔,达,男,47,1105-01-01,1181-01-01,是,金乡,教谕,,,,,,孔达傶，孔子第47代孙。,
孔达傷,孔,达,男,47,1109-01-01,1177-01-01,是,鱼台,商人,,,,,,孔达傷，孔子第47代孙。,
孔达傸,孔,达,男,47,1107-01-01,1168-01-01,是,嘉祥,官员,,,,,,孔达傸，孔子第47代孙。,
孔达傹,孔,达,男,47,1107-01-01,1179-01-01,是,汶上,学者,,,,,,孔达傹，孔子第47代孙。,
孔达傺,孔,达,男,47,1107-01-01,1188-01-01,是,泗水,大夫,,,,,,孔达傺，孔子第47代孙。,
王娘,孔,达,女,47,1111-01-01,1185-01-01,是,宁阳,士,,,,,,王娘，孔子第47代孙。,
孔达傼,孔,达,男,47,1112-01-01,1177-01-01,是,兖州,农,,,,,,孔达傼，孔子第47代孙。,
刘氏,孔,达,女,47,1112-01-01,1194-01-01,是,东平,商,,,,,,刘氏，孔子第47代孙。,
孔达傾,孔,达,男,47,1110-01-01,1186-01-01,是,寿张,儒,,,,,,孔达傾，孔子第47代孙。,
孔达傿,孔,达,男,47,1112-01-01,1186-01-01,是,范县,工部侍郎,,,,,,孔达傿，孔子第47代孙。,
孔达僀,孔,达,男,47,1109-01-01,1184-01-01,是,濮州,礼部尚书,,,,,,孔达僀，孔子第47代孙。,
孔达僁,孔,达,男,47,1111-01-01,1194-01-01,是,开州,知州,,,,,,孔达僁，孔子第47代孙。,
孔达僂,孔,达,男,47,1110-01-01,1177-01-01,是,长垣,知县,,,,,,孔达僂，孔子第47代孙。,
孔达僃,孔,达,男,47,1106-01-01,1185-01-01,是,东明,举人,,,,,,孔达僃，孔子第47代孙。,
孔达僄,孔,达,男,47,1112-01-01,1180-01-01,是,荷泽,进士,,,,,,孔达僄，孔子第47代孙。,
孔达僅,孔,达,男,47,1108-01-01,1192-01-01,是,曹州,太学生,,,,,,孔达僅，孔子第47代孙。,
孔达僆,孔,达,男,47,1108-01-01,1169-01-01,是,定陶,县丞,,,,,,孔达僆，孔子第47代孙。,
朱娘,孔,达,女,47,1107-01-01,1190-01-01,是,单县,主簿,,,,,,朱娘，孔子第47代孙。,
孔达僈,孔,达,男,47,1110-01-01,1183-01-01,是,成武,训导,,,,,,孔达僈，孔子第47代孙。,
林氏,孔,达,女,47,1110-01-01,1190-01-01,是,巨野,教谕,,,,,,林氏，孔子第47代孙。,
孔达僊,孔,达,男,47,1111-01-01,1191-01-01,是,郓城,商人,,,,,,孔达僊，孔子第47代孙。,
孔达僋,孔,达,男,47,1105-01-01,1178-01-01,是,鄄城,官员,,,,,,孔达僋，孔子第47代孙。,
马氏,孔,达,女,47,1111-01-01,1191-01-01,是,曲阜,学者,,,,,,马氏，孔子第47代孙。,
孔达働,孔,达,男,47,1112-01-01,1184-01-01,是,滋阳,大夫,,,,,,孔达働，孔子第47代孙。,
王姑,孔,达,女,47,1106-01-01,1190-01-01,是,济宁,士,,,,,,王姑，孔子第47代孙。,
孔达像,孔,达,男,47,1111-01-01,1181-01-01,是,邹县,农,,,,,,孔达像，孔子第47代孙。,
刘娘,孔,达,女,47,1110-01-01,1176-01-01,是,滕县,商,,,,,,刘娘，孔子第47代孙。,
陈姑,孔,达,女,47,1108-01-01,1184-01-01,是,峄县,儒,,,,,,陈姑，孔子第47代孙。,
孔达僒,孔,达,男,47,1110-01-01,1189-01-01,是,金乡,工部侍郎,,,,,,孔达僒，孔子第47代孙。,
孔达僓,孔,达,男,47,1110-01-01,1190-01-01,是,鱼台,礼部尚书,,,,,,孔达僓，孔子第47代孙。,
孔达僔,孔,达,男,47,1112-01-01,1182-01-01,是,嘉祥,知州,,,,,,孔达僔，孔子第47代孙。,
孔达僕,孔,达,男,47,1110-01-01,1179-01-01,是,汶上,知县,,,,,,孔达僕，孔子第47代孙。,
孔达僖,孔,达,男,47,1106-01-01,1169-01-01,是,泗水,举人,,,,,,孔达僖，孔子第47代孙。,
孔达僗,孔,达,男,47,1105-01-01,1189-01-01,是,宁阳,进士,,,,,,孔达僗，孔子第47代孙。,
孙氏,孔,达,女,47,1107-01-01,1174-01-01,是,兖州,太学生,,,,,,孙氏，孔子第47代孙。,
孔达僙,孔,达,男,47,1107-01-01,1167-01-01,是,东平,县丞,,,,,,孔达僙，孔子第47代孙。,
孔达僚,孔,达,男,47,1109-01-01,1182-01-01,是,寿张,主簿,,,,,,孔达僚，孔子第47代孙。,
孔达僛,孔,达,男,47,1108-01-01,1170-01-01,是,范县,训导,,,,,,孔达僛，孔子第47代孙。,
林娘,孔,达,女,47,1110-01-01,1181-01-01,是,濮州,教谕,,,,,,林娘，孔子第47代孙。,
何姑,孔,达,女,47,1107-01-01,1176-01-01,是,开州,商人,,,,,,何姑，孔子第47代孙。,
郭氏,孔,达,女,47,1105-01-01,1188-01-01,是,长垣,官员,,,,,,郭氏，孔子第47代孙。,
孔达僟,孔,达,男,47,1105-01-01,1181-01-01,是,东明,学者,,,,,,孔达僟，孔子第47代孙。,
孔达僠,孔,达,男,47,1110-01-01,1175-01-01,是,荷泽,大夫,,,,,,孔达僠，孔子第47代孙。,
孔达僡,孔,达,男,47,1106-01-01,1176-01-01,是,曹州,士,,,,,,孔达僡，孔子第47代孙。,
孔达僢,孔,达,男,47,1109-01-01,1183-01-01,是,定陶,农,,,,,,孔达僢，孔子第47代孙。,
刘姑,孔,达,女,47,1107-01-01,1176-01-01,是,单县,商,,,,,,刘姑，孔子第47代孙。,
陈氏,孔,达,女,47,1108-01-01,1192-01-01,是,成武,儒,,,,,,陈氏，孔子第47代孙。,
孔达僥,孔,达,男,47,1108-01-01,1180-01-01,是,巨野,工部侍郎,,,,,,孔达僥，孔子第47代孙。,
孔达僦,孔,达,男,47,1108-01-01,1172-01-01,是,郓城,礼部尚书,,,,,,孔达僦，孔子第47代孙。,
黄氏,孔,达,女,47,1107-01-01,1179-01-01,是,鄄城,知州,,,,,,黄氏，孔子第47代孙。,
孔达僨,孔,达,男,47,1106-01-01,1186-01-01,是,曲阜,知县,,,,,,孔达僨，孔子第47代孙。,
孔达僩,孔,达,男,47,1108-01-01,1177-01-01,是,滋阳,举人,,,,,,孔达僩，孔子第47代孙。,
孔达僪,孔,达,男,47,1110-01-01,1172-01-01,是,济宁,进士,,,,,,孔达僪，孔子第47代孙。,
孔达僫,孔,达,男,47,1108-01-01,1190-01-01,是,邹县,太学生,,,,,,孔达僫，孔子第47代孙。,
孔达僬,孔,达,男,47,1109-01-01,1178-01-01,是,滕县,县丞,,,,,,孔达僬，孔子第47代孙。,
朱氏,孔,达,女,47,1112-01-01,1193-01-01,是,峄县,主簿,,,,,,朱氏，孔子第47代孙。,
孔达僮,孔,达,男,47,1108-01-01,1169-01-01,是,金乡,训导,,,,,,孔达僮，孔子第47代孙。,
孔达僯,孔,达,男,47,1109-01-01,1184-01-01,是,鱼台,教谕,,,,,,孔达僯，孔子第47代孙。,
孔达僰,孔,达,男,47,1107-01-01,1176-01-01,是,嘉祥,商人,,,,,,孔达僰，孔子第47代孙。,
孔达僱,孔,达,男,47,1109-01-01,1182-01-01,是,汶上,官员,,,,,,孔达僱，孔子第47代孙。,
马姑,孔,达,女,47,1110-01-01,1192-01-01,是,泗水,学者,,,,,,马姑，孔子第47代孙。,
张氏,孔,达,女,47,1110-01-01,1190-01-01,是,宁阳,大夫,,,,,,张氏，孔子第47代孙。,
孔达僴,孔,达,男,47,1110-01-01,1170-01-01,是,兖州,士,,,,,,孔达僴，孔子第47代孙。,
李姑,孔,达,女,47,1110-01-01,1180-01-01,是,东平,农,,,,,,李姑，孔子第47代孙。,
孔达僶,孔,达,男,47,1111-01-01,1195-01-01,是,寿张,商,,,,,,孔达僶，孔子第47代孙。,
孔达僷,孔,达,男,47,1105-01-01,1180-01-01,是,范县,儒,,,,,,孔达僷，孔子第47代孙。,
孔明僸,孔,明,男,48,1136-01-01,1196-01-01,是,濮州,工部侍郎,,,,,,孔明僸，孔子第48代孙。,
孔明價,孔,明,男,48,1140-01-01,1214-01-01,是,开州,礼部尚书,,,,,,孔明價，孔子第48代孙。,
孔明僺,孔,明,男,48,1136-01-01,1214-01-01,是,长垣,知州,,,,,,孔明僺，孔子第48代孙。,
周氏,孔,明,女,48,1133-01-01,1212-01-01,是,东明,知县,,,,,,周氏，孔子第48代孙。,
孔明僼,孔,明,男,48,1137-01-01,1206-01-01,是,荷泽,举人,,,,,,孔明僼，孔子第48代孙。,
孔明僽,孔,明,男,48,1134-01-01,1205-01-01,是,曹州,进士,,,,,,孔明僽，孔子第48代孙。,
孙氏,孔,明,女,48,1138-01-01,1214-01-01,是,定陶,太学生,,,,,,孙氏，孔子第48代孙。,
孔明僿,孔,明,男,48,1135-01-01,1200-01-01,是,单县,县丞,,,,,,孔明僿，孔子第48代孙。,
朱姑,孔,明,女,48,1138-01-01,1210-01-01,是,成武,主簿,,,,,,朱姑，孔子第48代孙。,
孔明儁,孔,明,男,48,1133-01-01,1217-01-01,是,巨野,训导,,,,,,孔明儁，孔子第48代孙。,
孔明儂,孔,明,男,48,1139-01-01,1205-01-01,是,郓城,教谕,,,,,,孔明儂，孔子第48代孙。,
孔明儃,孔,明,男,48,1134-01-01,1202-01-01,是,鄄城,商人,,,,,,孔明儃，孔子第48代孙。,
郭氏,孔,明,女,48,1140-01-01,1224-01-01,是,曲阜,官员,,,,,,郭氏，孔子第48代孙。,
孔明儅,孔,明,男,48,1133-01-01,1194-01-01,是,滋阳,学者,,,,,,孔明儅，孔子第48代孙。,
孔明儆,孔,明,男,48,1139-01-01,1206-01-01,是,济宁,大夫,,,,,,孔明儆，孔子第48代孙。,
孔明儇,孔,明,男,48,1135-01-01,1217-01-01,是,邹县,士,,,,,,孔明儇，孔子第48代孙。,
李娘,孔,明,女,48,1138-01-01,1198-01-01,是,滕县,农,,,,,,李娘，孔子第48代孙。,
孔明儉,孔,明,男,48,1134-01-01,1200-01-01,是,峄县,商,,,,,,孔明儉，孔子第48代孙。,
陈氏,孔,明,女,48,1133-01-01,1216-01-01,是,金乡,儒,,,,,,陈氏，孔子第48代孙。,
孔明儋,孔,明,男,48,1139-01-01,1212-01-01,是,鱼台,工部侍郎,,,,,,孔明儋，孔子第48代孙。,
孔明儌,孔,明,男,48,1137-01-01,1207-01-01,是,嘉祥,礼部尚书,,,,,,孔明儌，孔子第48代孙。,
孔明儍,孔,明,男,48,1138-01-01,1198-01-01,是,汶上,知州,,,,,,孔明儍，孔子第48代孙。,
孔明儎,孔,明,男,48,1140-01-01,1204-01-01,是,泗水,知县,,,,,,孔明儎，孔子第48代孙。,
孔明儏,孔,明,男,48,1135-01-01,1212-01-01,是,宁阳,举人,,,,,,孔明儏，孔子第48代孙。,
徐氏,孔,明,女,48,1138-01-01,1216-01-01,是,兖州,进士,,,,,,徐氏，孔子第48代孙。,
孔明儑,孔,明,男,48,1137-01-01,1197-01-01,是,东平,太学生,,,,,,孔明儑，孔子第48代孙。,
胡姑,孔,明,女,48,1135-01-01,1204-01-01,是,寿张,县丞,,,,,,胡姑，孔子第48代孙。,
朱氏,孔,明,女,48,1140-01-01,1223-01-01,是,范县,主簿,,,,,,朱氏，孔子第48代孙。,
高娘,孔,明,女,48,1139-01-01,1209-01-01,是,濮州,训导,,,,,,高娘，孔子第48代孙。,
林姑,孔,明,女,48,1139-01-01,1212-01-01,是,开州,教谕,,,,,,林姑，孔子第48代孙。,
何氏,孔,明,女,48,1140-01-01,1217-01-01,是,长垣,商人,,,,,,何氏，孔子第48代孙。,
郭娘,孔,明,女,48,1133-01-01,1194-01-01,是,东明,官员,,,,,,郭娘，孔子第48代孙。,
马姑,孔,明,女,48,1139-01-01,1221-01-01,是,荷泽,学者,,,,,,马姑，孔子第48代孙。,
孔明儙,孔,明,男,48,1133-01-01,1204-01-01,是,曹州,大夫,,,,,,孔明儙，孔子第48代孙。,
王娘,孔,明,女,48,1135-01-01,1219-01-01,是,定陶,士,,,,,,王娘，孔子第48代孙。,
孔明儛,孔,明,男,48,1133-01-01,1198-01-01,是,单县,农,,,,,,孔明儛，孔子第48代孙。,
孔明儜,孔,明,男,48,1134-01-01,1217-01-01,是,成武,商,,,,,,孔明儜，孔子第48代孙。,
孔明儝,孔,明,男,48,1138-01-01,1214-01-01,是,巨野,儒,,,,,,孔明儝，孔子第48代孙。,
孔明儞,孔,明,男,48,1140-01-01,1210-01-01,是,郓城,工部侍郎,,,,,,孔明儞，孔子第48代孙。,
赵氏,孔,明,女,48,1133-01-01,1214-01-01,是,鄄城,礼部尚书,,,,,,赵氏，孔子第48代孙。,
黄娘,孔,明,女,48,1133-01-01,1201-01-01,是,曲阜,知州,,,,,,黄娘，孔子第48代孙。,
周姑,孔,明,女,48,1134-01-01,1216-01-01,是,滋阳,知县,,,,,,周姑，孔子第48代孙。,
孔明儢,孔,明,男,48,1140-01-01,1205-01-01,是,济宁,举人,,,,,,孔明儢，孔子第48代孙。,
孔明儣,孔,明,男,48,1140-01-01,1202-01-01,是,邹县,进士,,,,,,孔明儣，孔子第48代孙。,
孙姑,孔,明,女,48,1134-01-01,1207-01-01,是,滕县,太学生,,,,,,孙姑，孔子第48代孙。,
孔明儥,孔,明,男,48,1134-01-01,1195-01-01,是,峄县,县丞,,,,,,孔明儥，孔子第48代孙。,
朱娘,孔,明,女,48,1133-01-01,1214-01-01,是,金乡,主簿,,,,,,朱娘，孔子第48代孙。,
孔明儧,孔,明,男,48,1139-01-01,1205-01-01,是,鱼台,训导,,,,,,孔明儧，孔子第48代孙。,
林氏,孔,明,女,48,1137-01-01,1205-01-01,是,嘉祥,教谕,,,,,,林氏，孔子第48代孙。,
孔明儩,孔,明,男,48,1133-01-01,1209-01-01,是,汶上,商人,,,,,,孔明儩，孔子第48代孙。,
孔明優,孔,明,男,48,1140-01-01,1217-01-01,是,泗水,官员,,,,,,孔明優，孔子第48代孙。,
孔明儫,孔,明,男,48,1136-01-01,1220-01-01,是,宁阳,学者,,,,,,孔明儫，孔子第48代孙。,
张娘,孔,明,女,48,1134-01-01,1194-01-01,是,兖州,大夫,,,,,,张娘，孔子第48代孙。,
孔明儭,孔,明,男,48,1139-01-01,1200-01-01,是,东平,士,,,,,,孔明儭，孔子第48代孙。,
李氏,孔,明,女,48,1135-01-01,1205-01-01,是,寿张,农,,,,,,李氏，孔子第48代孙。,
孔明儯,孔,明,男,48,1136-01-01,1218-01-01,是,范县,商,,,,,,孔明儯，孔子第48代孙。,
孔明儰,孔,明,男,48,1133-01-01,1201-01-01,是,濮州,儒,,,,,,孔明儰，孔子第48代孙。,
孔明儱,孔,明,男,48,1134-01-01,1209-01-01,是,开州,工部侍郎,,,,,,孔明儱，孔子第48代孙。,
孔明儲,孔,明,男,48,1133-01-01,1213-01-01,是,长垣,礼部尚书,,,,,,孔明儲，孔子第48代孙。,
孔明儳,孔,明,男,48,1133-01-01,1201-01-01,是,东明,知州,,,,,,孔明儳，孔子第48代孙。,
孔明儴,孔,明,男,48,1139-01-01,1223-01-01,是,荷泽,知县,,,,,,孔明儴，孔子第48代孙。,
孔明儵,孔,明,男,48,1137-01-01,1219-01-01,是,曹州,举人,,,,,,孔明儵，孔子第48代孙。,
徐姑,孔,明,女,48,1134-01-01,1208-01-01,是,定陶,进士,,,,,,徐姑，孔子第48代孙。,
孔明儷,孔,明,男,48,1134-01-01,1199-01-01,是,单县,太学生,,,,,,孔明儷，孔子第48代孙。,
胡娘,孔,明,女,48,1136-01-01,1220-01-01,是,成武,县丞,,,,,,胡娘，孔子第48代孙。,
朱姑,孔,明,女,48,1133-01-01,1206-01-01,是,巨野,主簿,,,,,,朱姑，孔子第48代孙。,
孔明儺,孔,明,男,48,1135-01-01,1202-01-01,是,郓城,训导,,,,,,孔明儺，孔子第48代孙。,
孔明儻,孔,明,男,48,1135-01-01,1209-01-01,是,鄄城,教谕,,,,,,孔明儻，孔子第48代孙。,
孔明儼,孔,明,男,48,1135-01-01,1203-01-01,是,曲阜,商人,,,,,,孔明儼，孔子第48代孙。,
孔明儽,孔,明,男,48,1133-01-01,1194-01-01,是,滋阳,官员,,,,,,孔明儽，孔子第48代孙。,
马娘,孔,明,女,48,1138-01-01,1217-01-01,是,济宁,学者,,,,,,马娘，孔子第48代孙。,
张姑,孔,明,女,48,1139-01-01,1218-01-01,是,邹县,大夫,,,,,,张姑，孔子第48代孙。,
孔明兀,孔,明,男,48,1134-01-01,1203-01-01,是,滕县,士,,,,,,孔明兀，孔子第48代孙。,
孔明允,孔,明,男,48,1134-01-01,1214-01-01,是,峄县,农,,,,,,孔明允，孔子第48代孙。,
孔明兂,孔,明,男,48,1137-01-01,1221-01-01,是,金乡,商,,,,,,孔明兂，孔子第48代孙。,
孔明元,孔,明,男,48,1135-01-01,1199-01-01,是,鱼台,儒,,,,,,孔明元，孔子第48代孙。,
杨娘,孔,明,女,48,1140-01-01,1209-01-01,是,嘉祥,工部侍郎,,,,,,杨娘，孔子第48代孙。,
孔明充,孔,明,男,48,1140-01-01,1205-01-01,是,汶上,礼部尚书,,,,,,孔明充，孔子第48代孙。,
黄氏,孔,明,女,48,1139-01-01,1215-01-01,是,泗水,知州,,,,,,黄氏，孔子第48代孙。,
孔明兇,孔,明,男,48,1139-01-01,1199-01-01,是,宁阳,知县,,,,,,孔明兇，孔子第48代孙。,
吴姑,孔,明,女,48,1133-01-01,1198-01-01,是,兖州,举人,,,,,,吴姑，孔子第48代孙。,
徐氏,孔,明,女,48,1135-01-01,1218-01-01,是,东平,进士,,,,,,徐氏，孔子第48代孙。,
孔明兊,孔,明,男,48,1134-01-01,1203-01-01,是,寿张,太学生,,,,,,孔明兊，孔子第48代孙。,
孔明克,孔,明,男,48,1140-01-01,1223-01-01,是,范县,县丞,,,,,,孔明克，孔子第48代孙。,
朱氏,孔,明,女,48,1139-01-01,1213-01-01,是,濮州,主簿,,,,,,朱氏，孔子第48代孙。,
孔明免,孔,明,男,48,1134-01-01,1218-01-01,是,开州,训导,,,,,,孔明免，孔子第48代孙。,
孔明兎,孔,明,男,48,1140-01-01,1222-01-01,是,长垣,教谕,,,,,,孔明兎，孔子第48代孙。,
孔明兏,孔,明,男,48,1134-01-01,1197-01-01,是,东明,商人,,,,,,孔明兏，孔子第48代孙。,
郭娘,孔,明,女,48,1135-01-01,1198-01-01,是,荷泽,官员,,,,,,郭娘，孔子第48代孙。,
孔明兑,孔,明,男,48,1140-01-01,1203-01-01,是,曹州,学者,,,,,,孔明兑，孔子第48代孙。,
张氏,孔,明,女,48,1138-01-01,1214-01-01,是,定陶,大夫,,,,,,张氏，孔子第48代孙。,
王娘,孔,明,女,48,1139-01-01,1203-01-01,是,单县,士,,,,,,王娘，孔子第48代孙。,
孔明兔,孔,明,男,48,1133-01-01,1217-01-01,是,成武,农,,,,,,孔明兔，孔子第48代孙。,
孔明兕,孔,明,男,48,1138-01-01,1217-01-01,是,巨野,商,,,,,,孔明兕，孔子第48代孙。,
孔明兖,孔,明,男,48,1135-01-01,1219-01-01,是,郓城,儒,,,,,,孔明兖，孔子第48代孙。,
孔明兗,孔,明,男,48,1134-01-01,1209-01-01,是,鄄城,工部侍郎,,,,,,孔明兗，孔子第48代孙。,
孔明兘,孔,明,男,48,1137-01-01,1206-01-01,是,曲阜,礼部尚书,,,,,,孔明兘，孔子第48代孙。,
黄娘,孔,明,女,48,1135-01-01,1204-01-01,是,滋阳,知州,,,,,,黄娘，孔子第48代孙。,
孔明党,孔,明,男,48,1136-01-01,1210-01-01,是,济宁,知县,,,,,,孔明党，孔子第48代孙。,
孔明兛,孔,明,男,48,1136-01-01,1217-01-01,是,邹县,举人,,,,,,孔明兛，孔子第48代孙。,
孔明兜,孔,明,男,48,1136-01-01,1219-01-01,是,滕县,进士,,,,,,孔明兜，孔子第48代孙。,
孔明兝,孔,明,男,48,1135-01-01,1210-01-01,是,峄县,太学生,,,,,,孔明兝，孔子第48代孙。,
孔明兞,孔,明,男,48,1134-01-01,1210-01-01,是,金乡,县丞,,,,,,孔明兞，孔子第48代孙。,
孔明兟,孔,明,男,48,1134-01-01,1212-01-01,是,鱼台,主簿,,,,,,孔明兟，孔子第48代孙。,
孔明兠,孔,明,男,48,1138-01-01,1221-01-01,是,嘉祥,训导,,,,,,孔明兠，孔子第48代孙。,
林氏,孔,明,女,48,1134-01-01,1216-01-01,是,汶上,教谕,,,,,,林氏，孔子第48代孙。,
何娘,孔,明,女,48,1136-01-01,1203-01-01,是,泗水,商人,,,,,,何娘，孔子第48代孙。,
郭姑,孔,明,女,48,1133-01-01,1206-01-01,是,宁阳,官员,,,,,,郭姑，孔子第48代孙。,
马氏,孔,明,女,48,1136-01-01,1220-01-01,是,兖州,学者,,,,,,马氏，孔子第48代孙。,
张娘,孔,明,女,48,1139-01-01,1209-01-01,是,东平,大夫,,,,,,张娘，孔子第48代孙。,
王姑,孔,明,女,48,1136-01-01,1218-01-01,是,寿张,士,,,,,,王姑，孔子第48代孙。,
孔明內,孔,明,男,48,1137-01-01,1202-01-01,是,范县,农,,,,,,孔明內，孔子第48代孙。,
孔明全,孔,明,男,48,1140-01-01,1219-01-01,是,濮州,商,,,,,,孔明全，孔子第48代孙。,
孔明兩,孔,明,男,48,1133-01-01,1193-01-01,是,开州,儒,,,,,,孔明兩，孔子第48代孙。,
孔明兪,孔,明,男,48,1133-01-01,1204-01-01,是,长垣,工部侍郎,,,,,,孔明兪，孔子第48代孙。,
孔明八,孔,明,男,48,1135-01-01,1216-01-01,是,东明,礼部尚书,,,,,,孔明八，孔子第48代孙。,
孔明公,孔,明,男,48,1133-01-01,1198-01-01,是,荷泽,知州,,,,,,孔明公，孔子第48代孙。,
孔明六,孔,明,男,48,1137-01-01,1209-01-01,是,曹州,知县,,,,,,孔明六，孔子第48代孙。,
孔明兮,孔,明,男,48,1138-01-01,1216-01-01,是,定陶,举人,,,,,,孔明兮，孔子第48代孙。,
徐姑,孔,明,女,48,1136-01-01,1203-01-01,是,单县,进士,,,,,,徐姑，孔子第48代孙。,
孙氏,孔,明,女,48,1137-01-01,1214-01-01,是,成武,太学生,,,,,,孙氏，孔子第48代孙。,
孔明共,孔,明,男,48,1139-01-01,1223-01-01,是,巨野,县丞,,,,,,孔明共，孔子第48代孙。,
孔明兲,孔,明,男,48,1135-01-01,1209-01-01,是,郓城,主簿,,,,,,孔明兲，孔子第48代孙。,
高氏,孔,明,女,48,1137-01-01,1206-01-01,是,鄄城,训导,,,,,,高氏，孔子第48代孙。,
孔明兴,孔,明,男,48,1139-01-01,1218-01-01,是,曲阜,教谕,,,,,,孔明兴，孔子第48代孙。,
何姑,孔,明,女,48,1140-01-01,1214-01-01,是,滋阳,商人,,,,,,何姑，孔子第48代孙。,
孔明其,孔,明,男,48,1138-01-01,1217-01-01,是,济宁,官员,,,,,,孔明其，孔子第48代孙。,
孔明具,孔,明,男,48,1136-01-01,1203-01-01,是,邹县,学者,,,,,,孔明具，孔子第48代孙。,
孔明典,孔,明,男,48,1133-01-01,1214-01-01,是,滕县,大夫,,,,,,孔明典，孔子第48代孙。,
王氏,孔,明,女,48,1134-01-01,1195-01-01,是,峄县,士,,,,,,王氏，孔子第48代孙。,
李娘,孔,明,女,48,1137-01-01,1206-01-01,是,金乡,农,,,,,,李娘，孔子第48代孙。,
刘姑,孔,明,女,48,1139-01-01,1202-01-01,是,鱼台,商,,,,,,刘姑，孔子第48代孙。,
陈氏,孔,明,女,48,1136-01-01,1206-01-01,是,嘉祥,儒,,,,,,陈氏，孔子第48代孙。,
杨娘,孔,明,女,48,1136-01-01,1210-01-01,是,汶上,工部侍郎,,,,,,杨娘，孔子第48代孙。,
孔明兾,孔,明,男,48,1139-01-01,1211-01-01,是,泗水,礼部尚书,,,,,,孔明兾，孔子第48代孙。,
孔明兿,孔,明,男,48,1140-01-01,1213-01-01,是,宁阳,知州,,,,,,孔明兿，孔子第48代孙。,
孔明冀,孔,明,男,48,1135-01-01,1212-01-01,是,兖州,知县,,,,,,孔明冀，孔子第48代孙。,
吴姑,孔,明,女,48,1133-01-01,1195-01-01,是,东平,举人,,,,,,吴姑，孔子第48代孙。,
孔明冂,孔,明,男,48,1135-01-01,1209-01-01,是,寿张,进士,,,,,,孔明冂，孔子第48代孙。,
孙娘,孔,明,女,48,1134-01-01,1199-01-01,是,范县,太学生,,,,,,孙娘，孔子第48代孙。,
孔明冄,孔,明,男,48,1136-01-01,1204-01-01,是,濮州,县丞,,,,,,孔明冄，孔子第48代孙。,
朱氏,孔,明,女,48,1138-01-01,1206-01-01,是,开州,主簿,,,,,,朱氏，孔子第48代孙。,
高娘,孔,明,女,48,1137-01-01,1198-01-01,是,长垣,训导,,,,,,高娘，孔子第48代孙。,
孔明冇,孔,明,男,48,1138-01-01,1205-01-01,是,东明,教谕,,,,,,孔明冇，孔子第48代孙。,
孔明冈,孔,明,男,48,1135-01-01,1198-01-01,是,荷泽,商人,,,,,,孔明冈，孔子第48代孙。,
郭娘,孔,明,女,48,1139-01-01,1215-01-01,是,曹州,官员,,,,,,郭娘，孔子第48代孙。,
孔明冊,孔,明,男,48,1135-01-01,1210-01-01,是,定陶,学者,,,,,,孔明冊，孔子第48代孙。,
孔明冋,孔,明,男,48,1137-01-01,1198-01-01,是,单县,大夫,,,,,,孔明冋，孔子第48代孙。,
王娘,孔,明,女,48,1134-01-01,1211-01-01,是,成武,士,,,,,,王娘，孔子第48代孙。,
李姑,孔,明,女,48,1134-01-01,1213-01-01,是,巨野,农,,,,,,李姑，孔子第48代孙。,
孔明冎,孔,明,男,48,1135-01-01,1196-01-01,是,郓城,商,,,,,,孔明冎，孔子第48代孙。,
孔明冏,孔,明,男,48,1140-01-01,1203-01-01,是,鄄城,儒,,,,,,孔明冏，孔子第48代孙。,
孔明冐,孔,明,男,48,1135-01-01,1210-01-01,是,曲阜,工部侍郎,,,,,,孔明冐，孔子第48代孙。,
孔明冑,孔,明,男,48,1134-01-01,1218-01-01,是,滋阳,礼部尚书,,,,,,孔明冑，孔子第48代孙。,
孔明冒,孔,明,男,48,1134-01-01,1218-01-01,是,济宁,知州,,,,,,孔明冒，孔子第48代孙。,
孔明冓,孔,明,男,48,1134-01-01,1199-01-01,是,邹县,知县,,,,,,孔明冓，孔子第48代孙。,
孔明冔,孔,明,男,48,1135-01-01,1206-01-01,是,滕县,举人,,,,,,孔明冔，孔子第48代孙。,
徐娘,孔,明,女,48,1133-01-01,1217-01-01,是,峄县,进士,,,,,,徐娘，孔子第48代孙。,
孔明冖,孔,明,男,48,1140-01-01,1212-01-01,是,金乡,太学生,,,,,,孔明冖，孔子第48代孙。,
孔明冗,孔,明,男,48,1134-01-01,1210-01-01,是,鱼台,县丞,,,,,,孔明冗，孔子第48代孙。,
孔明冘,孔,明,男,48,1140-01-01,1210-01-01,是,嘉祥,主簿,,,,,,孔明冘，孔子第48代孙。,
孔明写,孔,明,男,48,1137-01-01,1208-01-01,是,汶上,训导,,,,,,孔明写，孔子第48代孙。,
孔明冚,孔,明,男,48,1139-01-01,1200-01-01,是,泗水,教谕,,,,,,孔明冚，孔子第48代孙。,
孔明军,孔,明,男,48,1140-01-01,1206-01-01,是,宁阳,商人,,,,,,孔明军，孔子第48代孙。,
孔明农,孔,明,男,48,1139-01-01,1213-01-01,是,兖州,官员,,,,,,孔明农，孔子第48代孙。,
孔明冝,孔,明,男,48,1138-01-01,1209-01-01,是,东平,学者,,,,,,孔明冝，孔子第48代孙。,
孔明冞,孔,明,男,48,1133-01-01,1199-01-01,是,寿张,大夫,,,,,,孔明冞，孔子第48代孙。,
孔明冟,孔,明,男,48,1135-01-01,1204-01-01,是,范县,士,,,,,,孔明冟，孔子第48代孙。,
孔明冠,孔,明,男,48,1134-01-01,1206-01-01,是,濮州,农,,,,,,孔明冠，孔子第48代孙。,
孔明冡,孔,明,男,48,1136-01-01,1211-01-01,是,开州,商,,,,,,孔明冡，孔子第48代孙。,
陈姑,孔,明,女,48,1137-01-01,1207-01-01,是,长垣,儒,,,,,,陈姑，孔子第48代孙。,
杨氏,孔,明,女,48,1139-01-01,1201-01-01,是,东明,工部侍郎,,,,,,杨氏，孔子第48代孙。,
孔明冤,孔,明,男,48,1139-01-01,1207-01-01,是,荷泽,礼部尚书,,,,,,孔明冤，孔子第48代孙。,
孔明冥,孔,明,男,48,1137-01-01,1209-01-01,是,曹州,知州,,,,,,孔明冥，孔子第48代孙。,
周氏,孔,明,女,48,1135-01-01,1195-01-01,是,定陶,知县,,,,,,周氏，孔子第48代孙。,
吴娘,孔,明,女,48,1134-01-01,1212-01-01,是,单县,举人,,,,,,吴娘，孔子第48代孙。,
徐姑,孔,明,女,48,1140-01-01,1216-01-01,是,成武,进士,,,,,,徐姑，孔子第48代孙。,
孙氏,孔,明,女,48,1135-01-01,1208-01-01,是,巨野,太学生,,,,,,孙氏，孔子第48代孙。,
孔明冪,孔,明,男,48,1133-01-01,1217-01-01,是,郓城,县丞,,,,,,孔明冪，孔子第48代孙。,
朱姑,孔,明,女,48,1138-01-01,1203-01-01,是,鄄城,主簿,,,,,,朱姑，孔子第48代孙。,
高氏,孔,明,女,48,1137-01-01,1212-01-01,是,曲阜,训导,,,,,,高氏，孔子第48代孙。,
孔明冭,孔,明,男,48,1140-01-01,1224-01-01,是,滋阳,教谕,,,,,,孔明冭，孔子第48代孙。,
孔明冮,孔,明,男,48,1140-01-01,1203-01-01,是,济宁,商人,,,,,,孔明冮，孔子第48代孙。,
郭氏,孔,明,女,48,1136-01-01,1204-01-01,是,邹县,官员,,,,,,郭氏，孔子第48代孙。,
马娘,孔,明,女,48,1134-01-01,1201-01-01,是,滕县,学者,,,,,,马娘，孔子第48代孙。,
孔明冱,孔,明,男,48,1140-01-01,1203-01-01,是,峄县,大夫,,,,,,孔明冱，孔子第48代孙。,
王氏,孔,明,女,48,1140-01-01,1218-01-01,是,金乡,士,,,,,,王氏，孔子第48代孙。,
孔明决,孔,明,男,48,1140-01-01,1214-01-01,是,鱼台,农,,,,,,孔明决，孔子第48代孙。,
孔明冴,孔,明,男,48,1138-01-01,1215-01-01,是,嘉祥,商,,,,,,孔明冴，孔子第48代孙。,
陈氏,孔,明,女,48,1137-01-01,1202-01-01,是,汶上,儒,,,,,,陈氏，孔子第48代孙。,
杨娘,孔,明,女,48,1134-01-01,1194-01-01,是,泗水,工部侍郎,,,,,,杨娘，孔子第48代孙。,
孔明冷,孔,明,男,48,1134-01-01,1213-01-01,是,宁阳,礼部尚书,,,,,,孔明冷，孔子第48代孙。,
孔明冸,孔,明,男,48,1139-01-01,1211-01-01,是,兖州,知州,,,,,,孔明冸，孔子第48代孙。,
孔明冹,孔,明,男,48,1135-01-01,1213-01-01,是,东平,知县,,,,,,孔明冹，孔子第48代孙。,
孔明冺,孔,明,男,48,1135-01-01,1200-01-01,是,寿张,举人,,,,,,孔明冺，孔子第48代孙。,
孔明冻,孔,明,男,48,1133-01-01,1212-01-01,是,范县,进士,,,,,,孔明冻，孔子第48代孙。,
孙娘,孔,明,女,48,1140-01-01,1222-01-01,是,濮州,太学生,,,,,,孙娘，孔子第48代孙。,
胡姑,孔,明,女,48,1140-01-01,1204-01-01,是,开州,县丞,,,,,,胡姑，孔子第48代孙。,
孔明冾,孔,明,男,48,1140-01-01,1213-01-01,是,长垣,主簿,,,,,,孔明冾，孔子第48代孙。,
高娘,孔,明,女,48,1133-01-01,1204-01-01,是,东明,训导,,,,,,高娘，孔子第48代孙。,
孔生净,孔,生,男,49,1166-01-01,1233-01-01,是,荷泽,教谕,,,,,,孔生净，孔子第49代孙。,
何娘,孔,生,女,49,1167-01-01,1248-01-01,是,曹州,商人,,,,,,何娘，孔子第49代孙。,
郭姑,孔,生,女,49,1165-01-01,1231-01-01,是,定陶,官员,,,,,,郭姑，孔子第49代孙。,
孔生凃,孔,生,男,49,1162-01-01,1227-01-01,是,单县,学者,,,,,,孔生凃，孔子第49代孙。,
孔生凄,孔,生,男,49,1163-01-01,1243-01-01,是,成武,大夫,,,,,,孔生凄，孔子第49代孙。,
孔生凅,孔,生,男,49,1166-01-01,1230-01-01,是,巨野,士,,,,,,孔生凅，孔子第49代孙。,
孔生准,孔,生,男,49,1163-01-01,1240-01-01,是,郓城,农,,,,,,孔生准，孔子第49代孙。,
刘娘,孔,生,女,49,1168-01-01,1228-01-01,是,鄄城,商,,,,,,刘娘，孔子第49代孙。,
孔生凈,孔,生,男,49,1165-01-01,1237-01-01,是,曲阜,儒,,,,,,孔生凈，孔子第49代孙。,
孔生凉,孔,生,男,49,1167-01-01,1234-01-01,是,滋阳,工部侍郎,,,,,,孔生凉，孔子第49代孙。,
赵娘,孔,生,女,49,1163-01-01,1245-01-01,是,济宁,礼部尚书,,,,,,赵娘，孔子第49代孙。,
黄姑,孔,生,女,49,1165-01-01,1228-01-01,是,邹县,知州,,,,,,黄姑，孔子第49代孙。,
孔生凌,孔,生,男,49,1163-01-01,1230-01-01,是,滕县,知县,,,,,,孔生凌，孔子第49代孙。,
吴娘,孔,生,女,49,1165-01-01,1241-01-01,是,峄县,举人,,,,,,吴娘，孔子第49代孙。,
孔生凎,孔,生,男,49,1161-01-01,1229-01-01,是,金乡,进士,,,,,,孔生凎，孔子第49代孙。,
孔生减,孔,生,男,49,1168-01-01,1238-01-01,是,鱼台,太学生,,,,,,孔生减，孔子第49代孙。,
孔生凐,孔,生,男,49,1166-01-01,1235-01-01,是,嘉祥,县丞,,,,,,孔生凐，孔子第49代孙。,
孔生凑,孔,生,男,49,1167-01-01,1241-01-01,是,汶上,主簿,,,,,,孔生凑，孔子第49代孙。,
孔生凒,孔,生,男,49,1161-01-01,1243-01-01,是,泗水,训导,,,,,,孔生凒，孔子第49代孙。,
孔生凓,孔,生,男,49,1166-01-01,1236-01-01,是,宁阳,教谕,,,,,,孔生凓，孔子第49代孙。,
孔生凔,孔,生,男,49,1165-01-01,1249-01-01,是,兖州,商人,,,,,,孔生凔，孔子第49代孙。,
孔生凕,孔,生,男,49,1161-01-01,1230-01-01,是,东平,官员,,,,,,孔生凕，孔子第49代孙。,
马娘,孔,生,女,49,1167-01-01,1244-01-01,是,寿张,学者,,,,,,马娘，孔子第49代孙。,
孔生凗,孔,生,男,49,1167-01-01,1232-01-01,是,范县,大夫,,,,,,孔生凗，孔子第49代孙。,
王氏,孔,生,女,49,1166-01-01,1241-01-01,是,濮州,士,,,,,,王氏，孔子第49代孙。,
孔生凙,孔,生,男,49,1161-01-01,1238-01-01,是,开州,农,,,,,,孔生凙，孔子第49代孙。,
孔生凚,孔,生,男,49,1163-01-01,1241-01-01,是,长垣,商,,,,,,孔生凚，孔子第49代孙。,
孔生凛,孔,生,男,49,1167-01-01,1246-01-01,是,东明,儒,,,,,,孔生凛，孔子第49代孙。,
孔生凜,孔,生,男,49,1161-01-01,1245-01-01,是,荷泽,工部侍郎,,,,,,孔生凜，孔子第49代孙。,
赵姑,孔,生,女,49,1166-01-01,1227-01-01,是,曹州,礼部尚书,,,,,,赵姑，孔子第49代孙。,
黄氏,孔,生,女,49,1167-01-01,1227-01-01,是,定陶,知州,,,,,,黄氏，孔子第49代孙。,
孔生凟,孔,生,男,49,1166-01-01,1244-01-01,是,单县,知县,,,,,,孔生凟，孔子第49代孙。,
孔生几,孔,生,男,49,1166-01-01,1236-01-01,是,成武,举人,,,,,,孔生几，孔子第49代孙。,
徐氏,孔,生,女,49,1166-01-01,1240-01-01,是,巨野,进士,,,,,,徐氏，孔子第49代孙。,
孔生凢,孔,生,男,49,1165-01-01,1243-01-01,是,郓城,太学生,,,,,,孔生凢，孔子第49代孙。,
孔生凣,孔,生,男,49,1163-01-01,1242-01-01,是,鄄城,县丞,,,,,,孔生凣，孔子第49代孙。,
孔生凤,孔,生,男,49,1162-01-01,1222-01-01,是,曲阜,主簿,,,,,,孔生凤，孔子第49代孙。,
孔生凥,孔,生,男,49,1161-01-01,1229-01-01,是,滋阳,训导,,,,,,孔生凥，孔子第49代孙。,
孔生処,孔,生,男,49,1161-01-01,1224-01-01,是,济宁,教谕,,,,,,孔生処，孔子第49代孙。,
何氏,孔,生,女,49,1168-01-01,1240-01-01,是,邹县,商人,,,,,,何氏，孔子第49代孙。,
孔生一,孔,生,男,49,1163-01-01,1238-01-01,是,滕县,官员,,,,,,孔生一，孔子第49代孙。,
孔生丁,孔,生,男,49,1162-01-01,1224-01-01,是,峄县,学者,,,,,,孔生丁，孔子第49代孙。,
孔生丂,孔,生,男,49,1162-01-01,1234-01-01,是,金乡,大夫,,,,,,孔生丂，孔子第49代孙。,
王娘,孔,生,女,49,1167-01-01,1235-01-01,是,鱼台,士,,,,,,王娘，孔子第49代孙。,
孔生丄,孔,生,男,49,1167-01-01,1246-01-01,是,嘉祥,农,,,,,,孔生丄，孔子第49代孙。,
孔生丅,孔,生,男,49,1162-01-01,1238-01-01,是,汶上,商,,,,,,孔生丅，孔子第49代孙。,
孔生丆,孔,生,男,49,1164-01-01,1229-01-01,是,泗水,儒,,,,,,孔生丆，孔子第49代孙。,
孔生万,孔,生,男,49,1163-01-01,1232-01-01,是,宁阳,工部侍郎,,,,,,孔生万，孔子第49代孙。,
赵氏,孔,生,女,49,1164-01-01,1245-01-01,是,兖州,礼部尚书,,,,,,赵氏，孔子第49代孙。,
孔生三,孔,生,男,49,1163-01-01,1233-01-01,是,东平,知州,,,,,,孔生三，孔子第49代孙。,
周姑,孔,生,女,49,1166-01-01,1248-01-01,是,寿张,知县,,,,,,周姑，孔子第49代孙。,
孔生下,孔,生,男,49,1167-01-01,1229-01-01,是,范县,举人,,,,,,孔生下，孔子第49代孙。,
孔生丌,孔,生,男,49,1164-01-01,1247-01-01,是,濮州,进士,,,,,,孔生丌，孔子第49代孙。,
孔生不,孔,生,男,49,1162-01-01,1244-01-01,是,开州,太学生,,,,,,孔生不，孔子第49代孙。,
孔生与,孔,生,男,49,1166-01-01,1250-01-01,是,长垣,县丞,,,,,,孔生与，孔子第49代孙。,
朱娘,孔,生,女,49,1162-01-01,1242-01-01,是,东明,主簿,,,,,,朱娘，孔子第49代孙。,
高姑,孔,生,女,49,1164-01-01,1226-01-01,是,荷泽,训导,,,,,,高姑，孔子第49代孙。,
林氏,孔,生,女,49,1162-01-01,1246-01-01,是,曹州,教谕,,,,,,林氏，孔子第49代孙。,
何娘,孔,生,女,49,1168-01-01,1248-01-01,是,定陶,商人,,,,,,何娘，孔子第49代孙。,
郭姑,孔,生,女,49,1166-01-01,1237-01-01,是,单县,官员,,,,,,郭姑，孔子第49代孙。,
马氏,孔,生,女,49,1165-01-01,1226-01-01,是,成武,学者,,,,,,马氏，孔子第49代孙。,
孔生丕,孔,生,男,49,1164-01-01,1243-01-01,是,巨野,大夫,,,,,,孔生丕，孔子第49代孙。,
孔生世,孔,生,男,49,1165-01-01,1232-01-01,是,郓城,士,,,,,,孔生世，孔子第49代孙。,
孔生丗,孔,生,男,49,1167-01-01,1232-01-01,是,鄄城,农,,,,,,孔生丗，孔子第49代孙。,
刘娘,孔,生,女,49,1162-01-01,1235-01-01,是,曲阜,商,,,,,,刘娘，孔子第49代孙。,
陈姑,孔,生,女,49,1161-01-01,1229-01-01,是,滋阳,儒,,,,,,陈姑，孔子第49代孙。,
杨氏,孔,生,女,49,1162-01-01,1232-01-01,是,济宁,工部侍郎,,,,,,杨氏，孔子第49代孙。,
孔生丛,孔,生,男,49,1166-01-01,1238-01-01,是,邹县,礼部尚书,,,,,,孔生丛，孔子第49代孙。,
孔生东,孔,生,男,49,1164-01-01,1240-01-01,是,滕县,知州,,,,,,孔生东，孔子第49代孙。,
孔生丝,孔,生,男,49,1167-01-01,1236-01-01,是,峄县,知县,,,,,,孔生丝，孔子第49代孙。,
孔生丞,孔,生,男,49,1165-01-01,1238-01-01,是,金乡,举人,,,,,,孔生丞，孔子第49代孙。,
孔生丟,孔,生,男,49,1161-01-01,1238-01-01,是,鱼台,进士,,,,,,孔生丟，孔子第49代孙。,
孔生丠,孔,生,男,49,1162-01-01,1240-01-01,是,嘉祥,太学生,,,,,,孔生丠，孔子第49代孙。,
胡娘,孔,生,女,49,1168-01-01,1235-01-01,是,汶上,县丞,,,,,,胡娘，孔子第49代孙。,
孔生丢,孔,生,男,49,1163-01-01,1231-01-01,是,泗水,主簿,,,,,,孔生丢，孔子第49代孙。,
孔生丣,孔,生,男,49,1167-01-01,1247-01-01,是,宁阳,训导,,,,,,孔生丣，孔子第49代孙。,
孔生两,孔,生,男,49,1167-01-01,1247-01-01,是,兖州,教谕,,,,,,孔生两，孔子第49代孙。,
何姑,孔,生,女,49,1161-01-01,1226-01-01,是,东平,商人,,,,,,何姑，孔子第49代孙。,
郭氏,孔,生,女,49,1166-01-01,1242-01-01,是,寿张,官员,,,,,,郭氏，孔子第49代孙。,
孔生丧,孔,生,男,49,1162-01-01,1243-01-01,是,范县,学者,,,,,,孔生丧，孔子第49代孙。,
孔生丨,孔,生,男,49,1165-01-01,1248-01-01,是,濮州,大夫,,,,,,孔生丨，孔子第49代孙。,
孔生丩,孔,生,男,49,1161-01-01,1245-01-01,是,开州,士,,,,,,孔生丩，孔子第49代孙。,
孔生个,孔,生,男,49,1162-01-01,1236-01-01,是,长垣,农,,,,,,孔生个，孔子第49代孙。,
孔生丫,孔,生,男,49,1165-01-01,1225-01-01,是,东明,商,,,,,,孔生丫，孔子第49代孙。,
陈氏,孔,生,女,49,1166-01-01,1226-01-01,是,荷泽,儒,,,,,,陈氏，孔子第49代孙。,
孔生中,孔,生,男,49,1166-01-01,1250-01-01,是,曹州,工部侍郎,,,,,,孔生中，孔子第49代孙。,
孔生丮,孔,生,男,49,1166-01-01,1242-01-01,是,定陶,礼部尚书,,,,,,孔生丮，孔子第49代孙。,
黄氏,孔,生,女,49,1163-01-01,1242-01-01,是,单县,知州,,,,,,黄氏，孔子第49代孙。,
孔生丰,孔,生,男,49,1166-01-01,1241-01-01,是,成武,知县,,,,,,孔生丰，孔子第49代孙。,
孔生丱,孔,生,男,49,1164-01-01,1234-01-01,是,巨野,举人,,,,,,孔生丱，孔子第49代孙。,
孔生串,孔,生,男,49,1166-01-01,1230-01-01,是,郓城,进士,,,,,,孔生串，孔子第49代孙。,
孔生丳,孔,生,男,49,1164-01-01,1234-01-01,是,鄄城,太学生,,,,,,孔生丳，孔子第49代孙。,
孔生临,孔,生,男,49,1166-01-01,1241-01-01,是,曲阜,县丞,,,,,,孔生临，孔子第49代孙。,
孔生丵,孔,生,男,49,1161-01-01,1238-01-01,是,滋阳,主簿,,,,,,孔生丵，孔子第49代孙。,
孔生丶,孔,生,男,49,1165-01-01,1240-01-01,是,济宁,训导,,,,,,孔生丶，孔子第49代孙。,
孔生丷,孔,生,男,49,1164-01-01,1224-01-01,是,邹县,教谕,,,,,,孔生丷，孔子第49代孙。,
孔生丸,孔,生,男,49,1165-01-01,1230-01-01,是,滕县,商人,,,,,,孔生丸，孔子第49代孙。,
郭娘,孔,生,女,49,1162-01-01,1236-01-01,是,峄县,官员,,,,,,郭娘，孔子第49代孙。,
孔生为,孔,生,男,49,1161-01-01,1240-01-01,是,金乡,学者,,,,,,孔生为，孔子第49代孙。,
孔生主,孔,生,男,49,1167-01-01,1234-01-01,是,鱼台,大夫,,,,,,孔生主，孔子第49代孙。,
孔生丼,孔,生,男,49,1164-01-01,1235-01-01,是,嘉祥,士,,,,,,孔生丼，孔子第49代孙。,
孔生丽,孔,生,男,49,1166-01-01,1245-01-01,是,汶上,农,,,,,,孔生丽，孔子第49代孙。,
孔生举,孔,生,男,49,1161-01-01,1233-01-01,是,泗水,商,,,,,,孔生举，孔子第49代孙。,
孔生丿,孔,生,男,49,1163-01-01,1247-01-01,是,宁阳,儒,,,,,,孔生丿，孔子第49代孙。,
孔生乀,孔,生,男,49,1164-01-01,1230-01-01,是,兖州,工部侍郎,,,,,,孔生乀，孔子第49代孙。,
孔生乁,孔,生,男,49,1162-01-01,1238-01-01,是,东平,礼部尚书,,,,,,孔生乁，孔子第49代孙。,
黄娘,孔,生,女,49,1163-01-01,1228-01-01,是,寿张,知州,,,,,,黄娘，孔子第49代孙。,
孔生乃,孔,生,男,49,1164-01-01,1237-01-01,是,范县,知县,,,,,,孔生乃，孔子第49代孙。,
吴氏,孔,生,女,49,1161-01-01,1243-01-01,是,濮州,举人,,,,,,吴氏，孔子第49代孙。,
孔生久,孔,生,男,49,1165-01-01,1237-01-01,是,开州,进士,,,,,,孔生久，孔子第49代孙。,
孔生乆,孔,生,男,49,1165-01-01,1237-01-01,是,长垣,太学生,,,,,,孔生乆，孔子第49代孙。,
孔生乇,孔,生,男,49,1164-01-01,1234-01-01,是,东明,县丞,,,,,,孔生乇，孔子第49代孙。,
孔生么,孔,生,男,49,1162-01-01,1243-01-01,是,荷泽,主簿,,,,,,孔生么，孔子第49代孙。,
高姑,孔,生,女,49,1162-01-01,1243-01-01,是,曹州,训导,,,,,,高姑，孔子第49代孙。,
林氏,孔,生,女,49,1161-01-01,1228-01-01,是,定陶,教谕,,,,,,林氏，孔子第49代孙。,
何娘,孔,生,女,49,1164-01-01,1245-01-01,是,单县,商人,,,,,,何娘，孔子第49代孙。,
郭姑,孔,生,女,49,1167-01-01,1233-01-01,是,成武,官员,,,,,,郭姑，孔子第49代孙。,
孔生乍,孔,生,男,49,1161-01-01,1221-01-01,是,巨野,学者,,,,,,孔生乍，孔子第49代孙。,
孔生乎,孔,生,男,49,1167-01-01,1244-01-01,是,郓城,大夫,,,,,,孔生乎，孔子第49代孙。,
孔生乏,孔,生,男,49,1168-01-01,1247-01-01,是,鄄城,士,,,,,,孔生乏，孔子第49代孙。,
孔生乐,孔,生,男,49,1164-01-01,1238-01-01,是,曲阜,农,,,,,,孔生乐，孔子第49代孙。,
刘娘,孔,生,女,49,1162-01-01,1234-01-01,是,滋阳,商,,,,,,刘娘，孔子第49代孙。,
孔生乒,孔,生,男,49,1165-01-01,1229-01-01,是,济宁,儒,,,,,,孔生乒，孔子第49代孙。,
孔生乓,孔,生,男,49,1163-01-01,1228-01-01,是,邹县,工部侍郎,,,,,,孔生乓，孔子第49代孙。,
孔生乔,孔,生,男,49,1161-01-01,1245-01-01,是,滕县,礼部尚书,,,,,,孔生乔，孔子第49代孙。,
黄姑,孔,生,女,49,1164-01-01,1236-01-01,是,峄县,知州,,,,,,黄姑，孔子第49代孙。,
周氏,孔,生,女,49,1164-01-01,1237-01-01,是,金乡,知县,,,,,,周氏，孔子第49代孙。,
孔生乗,孔,生,男,49,1162-01-01,1234-01-01,是,鱼台,举人,,,,,,孔生乗，孔子第49代孙。,
徐姑,孔,生,女,49,1163-01-01,1240-01-01,是,嘉祥,进士,,,,,,徐姑，孔子第49代孙。,
孙氏,孔,生,女,49,1168-01-01,1249-01-01,是,汶上,太学生,,,,,,孙氏，孔子第49代孙。,
孔生乚,孔,生,男,49,1167-01-01,1235-01-01,是,泗水,县丞,,,,,,孔生乚，孔子第49代孙。,
孔生乛,孔,生,男,49,1164-01-01,1229-01-01,是,宁阳,主簿,,,,,,孔生乛，孔子第49代孙。,
孔生乜,孔,生,男,49,1163-01-01,1242-01-01,是,兖州,训导,,,,,,孔生乜，孔子第49代孙。,
孔生九,孔,生,男,49,1163-01-01,1234-01-01,是,东平,教谕,,,,,,孔生九，孔子第49代孙。,
孔生乞,孔,生,男,49,1165-01-01,1248-01-01,是,寿张,商人,,,,,,孔生乞，孔子第49代孙。,
孔生也,孔,生,男,49,1163-01-01,1236-01-01,是,范县,官员,,,,,,孔生也，孔子第49代孙。,
马娘,孔,生,女,49,1161-01-01,1242-01-01,是,濮州,学者,,,,,,马娘，孔子第49代孙。,
孔生乡,孔,生,男,49,1164-01-01,1237-01-01,是,开州,大夫,,,,,,孔生乡，孔子第49代孙。,
孔生乢,孔,生,男,49,1166-01-01,1250-01-01,是,长垣,士,,,,,,孔生乢，孔子第49代孙。,
李娘,孔,生,女,49,1168-01-01,1241-01-01,是,东明,农,,,,,,李娘，孔子第49代孙。,
刘姑,孔,生,女,49,1161-01-01,1239-01-01,是,荷泽,商,,,,,,刘姑，孔子第49代孙。,
陈氏,孔,生,女,49,1161-01-01,1221-01-01,是,曹州,儒,,,,,,陈氏，孔子第49代孙。,
杨娘,孔,生,女,49,1166-01-01,1247-01-01,是,定陶,工部侍郎,,,,,,杨娘，孔子第49代孙。,
赵姑,孔,生,女,49,1163-01-01,1224-01-01,是,单县,礼部尚书,,,,,,赵姑，孔子第49代孙。,
孔生乨,孔,生,男,49,1167-01-01,1236-01-01,是,成武,知州,,,,,,孔生乨，孔子第49代孙。,
孔生乩,孔,生,男,49,1167-01-01,1245-01-01,是,巨野,知县,,,,,,孔生乩，孔子第49代孙。,
孔生乪,孔,生,男,49,1161-01-01,1231-01-01,是,郓城,举人,,,,,,孔生乪，孔子第49代孙。,
孔生乫,孔,生,男,49,1166-01-01,1227-01-01,是,鄄城,进士,,,,,,孔生乫，孔子第49代孙。,
孙娘,孔,生,女,49,1161-01-01,1222-01-01,是,曲阜,太学生,,,,,,孙娘，孔子第49代孙。,
胡姑,孔,生,女,49,1161-01-01,1226-01-01,是,滋阳,县丞,,,,,,胡姑，孔子第49代孙。,
孔生乮,孔,生,男,49,1162-01-01,1226-01-01,是,济宁,主簿,,,,,,孔生乮，孔子第49代孙。,
高娘,孔,生,女,49,1162-01-01,1224-01-01,是,邹县,训导,,,,,,高娘，孔子第49代孙。,
孔生买,孔,生,男,49,1162-01-01,1223-01-01,是,滕县,教谕,,,,,,孔生买，孔子第49代孙。,
何氏,孔,生,女,49,1164-01-01,1234-01-01,是,峄县,商人,,,,,,何氏，孔子第49代孙。,
郭娘,孔,生,女,49,1162-01-01,1236-01-01,是,金乡,官员,,,,,,郭娘，孔子第49代孙。,
孔生乳,孔,生,男,49,1164-01-01,1241-01-01,是,鱼台,学者,,,,,,孔生乳，孔子第49代孙。,
张氏,孔,生,女,49,1167-01-01,1249-01-01,是,嘉祥,大夫,,,,,,张氏，孔子第49代孙。,
王娘,孔,生,女,49,1164-01-01,1235-01-01,是,汶上,士,,,,,,王娘，孔子第49代孙。,
李姑,孔,生,女,49,1163-01-01,1234-01-01,是,泗水,农,,,,,,李姑，孔子第49代孙。,
孔生乷,孔,生,男,49,1166-01-01,1244-01-01,是,宁阳,商,,,,,,孔生乷，孔子第49代孙。,
陈娘,孔,生,女,49,1167-01-01,1251-01-01,是,兖州,儒,,,,,,陈娘，孔子第49代孙。,
孔生乹,孔,生,男,49,1162-01-01,1238-01-01,是,东平,工部侍郎,,,,,,孔生乹，孔子第49代孙。,
赵氏,孔,生,女,49,1168-01-01,1229-01-01,是,寿张,礼部尚书,,,,,,赵氏，孔子第49代孙。,
孔生乻,孔,生,男,49,1166-01-01,1227-01-01,是,范县,知州,,,,,,孔生乻，孔子第49代孙。,
孔生乼,孔,生,男,49,1163-01-01,1245-01-01,是,濮州,知县,,,,,,孔生乼，孔子第49代孙。,
孔生乽,孔,生,男,49,1168-01-01,1247-01-01,是,开州,举人,,,,,,孔生乽，孔子第49代孙。,
孔生乾,孔,生,男,49,1167-01-01,1237-01-01,是,长垣,进士,,,,,,孔生乾，孔子第49代孙。,
孙姑,孔,生,女,49,1161-01-01,1225-01-01,是,东明,太学生,,,,,,孙姑，孔子第49代孙。,
孔生亀,孔,生,男,49,1163-01-01,1225-01-01,是,荷泽,县丞,,,,,,孔生亀，孔子第49代孙。,
孔生亁,孔,生,男,49,1165-01-01,1231-01-01,是,曹州,主簿,,,,,,孔生亁，孔子第49代孙。,
高姑,孔,生,女,49,1161-01-01,1237-01-01,是,定陶,训导,,,,,,高姑，孔子第49代孙。,
林氏,孔,生,女,49,1168-01-01,1229-01-01,是,单县,教谕,,,,,,林氏，孔子第49代孙。,
孔生亄,孔,生,男,49,1165-01-01,1227-01-01,是,成武,商人,,,,,,孔生亄，孔子第49代孙。,
孔生亅,孔,生,男,49,1163-01-01,1240-01-01,是,巨野,官员,,,,,,孔生亅，孔子第49代孙。,
孔生了,孔,生,男,49,1163-01-01,1240-01-01,是,郓城,学者,,,,,,孔生了，孔子第49代孙。,
张娘,孔,生,女,49,1163-01-01,1241-01-01,是,鄄城,大夫,,,,,,张娘，孔子第49代孙。,
孔生予,孔,生,男,49,1165-01-01,1230-01-01,是,曲阜,士,,,,,,孔生予，孔子第49代孙。,
孔生争,孔,生,男,49,1168-01-01,1230-01-01,是,滋阳,农,,,,,,孔生争，孔子第49代孙。,
孔生亊,孔,生,男,49,1163-01-01,1231-01-01,是,济宁,商,,,,,,孔生亊，孔子第49代孙。,
孔生事,孔,生,男,49,1163-01-01,1244-01-01,是,邹县,儒,,,,,,孔生事，孔子第49代孙。,
孔生二,孔,生,男,49,1161-01-01,1237-01-01,是,滕县,工部侍郎,,,,,,孔生二，孔子第49代孙。,
孔生亍,孔,生,男,49,1167-01-01,1231-01-01,是,峄县,礼部尚书,,,,,,孔生亍，孔子第49代孙。,
黄姑,孔,生,女,49,1161-01-01,1236-01-01,是,金乡,知州,,,,,,黄姑，孔子第49代孙。,
周氏,孔,生,女,49,1165-01-01,1244-01-01,是,鱼台,知县,,,,,,周氏，孔子第49代孙。,
孔生亐,孔,生,男,49,1161-01-01,1228-01-01,是,嘉祥,举人,,,,,,孔生亐，孔子第49代孙。,
徐姑,孔,生,女,49,1162-01-01,1223-01-01,是,汶上,进士,,,,,,徐姑，孔子第49代孙。,
孙氏,孔,生,女,49,1164-01-01,1247-01-01,是,泗水,太学生,,,,,,孙氏，孔子第49代孙。,
孔生亓,孔,生,男,49,1168-01-01,1231-01-01,是,宁阳,县丞,,,,,,孔生亓，孔子第49代孙。,
孔生五,孔,生,男,49,1164-01-01,1235-01-01,是,兖州,主簿,,,,,,孔生五，孔子第49代孙。,
孔生井,孔,生,男,49,1167-01-01,1243-01-01,是,东平,训导,,,,,,孔生井，孔子第49代孙。,
孔生亖,孔,生,男,49,1162-01-01,1236-01-01,是,寿张,教谕,,,,,,孔生亖，孔子第49代孙。,
孔生亗,孔,生,男,49,1168-01-01,1241-01-01,是,范县,商人,,,,,,孔生亗，孔子第49代孙。,
孔生亘,孔,生,男,49,1161-01-01,1228-01-01,是,濮州,官员,,,,,,孔生亘，孔子第49代孙。,
马娘,孔,生,女,49,1168-01-01,1249-01-01,是,开州,学者,,,,,,马娘，孔子第49代孙。,
孔生亚,孔,生,男,49,1168-01-01,1244-01-01,是,长垣,大夫,,,,,,孔生亚，孔子第49代孙。,
孔生些,孔,生,男,49,1162-01-01,1229-01-01,是,东明,士,,,,,,孔生些，孔子第49代孙。,
李娘,孔,生,女,49,1161-01-01,1231-01-01,是,荷泽,农,,,,,,李娘，孔子第49代孙。,
孔生亝,孔,生,男,49,1164-01-01,1243-01-01,是,曹州,商,,,,,,孔生亝，孔子第49代孙。,
孔生亞,孔,生,男,49,1164-01-01,1243-01-01,是,定陶,儒,,,,,,孔生亞，孔子第49代孙。,
孔生亟,孔,生,男,49,1165-01-01,1249-01-01,是,单县,工部侍郎,,,,,,孔生亟，孔子第49代孙。,
孔希亠,孔,希,男,50,1189-01-01,1272-01-01,是,成武,礼部尚书,,,,,,孔希亠，孔子第50代孙。,
孔希亡,孔,希,男,50,1191-01-01,1268-01-01,是,巨野,知州,,,,,,孔希亡，孔子第50代孙。,
孔希亢,孔,希,男,50,1196-01-01,1269-01-01,是,郓城,知县,,,,,,孔希亢，孔子第50代孙。,
孔希亣,孔,希,男,50,1192-01-01,1267-01-01,是,鄄城,举人,,,,,,孔希亣，孔子第50代孙。,
孔希交,孔,希,男,50,1193-01-01,1257-01-01,是,曲阜,进士,,,,,,孔希交，孔子第50代孙。,
孔希亥,孔,希,男,50,1196-01-01,1266-01-01,是,滋阳,太学生,,,,,,孔希亥，孔子第50代孙。,
孔希亦,孔,希,男,50,1193-01-01,1262-01-01,是,济宁,县丞,,,,,,孔希亦，孔子第50代孙。,
孔希产,孔,希,男,50,1194-01-01,1266-01-01,是,邹县,主簿,,,,,,孔希产，孔子第50代孙。,
孔希亨,孔,希,男,50,1189-01-01,1266-01-01,是,滕县,训导,,,,,,孔希亨，孔子第50代孙。,
孔希亩,孔,希,男,50,1194-01-01,1270-01-01,是,峄县,教谕,,,,,,孔希亩，孔子第50代孙。,
孔希亪,孔,希,男,50,1191-01-01,1269-01-01,是,金乡,商人,,,,,,孔希亪，孔子第50代孙。,
郭姑,孔,希,女,50,1196-01-01,1269-01-01,是,鱼台,官员,,,,,,郭姑，孔子第50代孙。,
孔希京,孔,希,男,50,1191-01-01,1268-01-01,是,嘉祥,学者,,,,,,孔希京，孔子第50代孙。,
张娘,孔,希,女,50,1194-01-01,1261-01-01,是,汶上,大夫,,,,,,张娘，孔子第50代孙。,
孔希亮,孔,希,男,50,1190-01-01,1257-01-01,是,泗水,士,,,,,,孔希亮，孔子第50代孙。,
李氏,孔,希,女,50,1190-01-01,1255-01-01,是,宁阳,农,,,,,,李氏，孔子第50代孙。,
刘娘,孔,希,女,50,1191-01-01,1274-01-01,是,兖州,商,,,,,,刘娘，孔子第50代孙。,
陈姑,孔,希,女,50,1190-01-01,1264-01-01,是,东平,儒,,,,,,陈姑，孔子第50代孙。,
孔希亲,孔,希,男,50,1196-01-01,1272-01-01,是,寿张,工部侍郎,,,,,,孔希亲，孔子第50代孙。,
孔希亳,孔,希,男,50,1193-01-01,1277-01-01,是,范县,礼部尚书,,,,,,孔希亳，孔子第50代孙。,
孔希亴,孔,希,男,50,1194-01-01,1265-01-01,是,濮州,知州,,,,,,孔希亴，孔子第50代孙。,
孔希亵,孔,希,男,50,1194-01-01,1278-01-01,是,开州,知县,,,,,,孔希亵，孔子第50代孙。,
孔希亶,孔,希,男,50,1195-01-01,1261-01-01,是,长垣,举人,,,,,,孔希亶，孔子第50代孙。,
孔希亷,孔,希,男,50,1190-01-01,1259-01-01,是,东明,进士,,,,,,孔希亷，孔子第50代孙。,
孙氏,孔,希,女,50,1193-01-01,1274-01-01,是,荷泽,太学生,,,,,,孙氏，孔子第50代孙。,
胡娘,孔,希,女,50,1192-01-01,1260-01-01,是,曹州,县丞,,,,,,胡娘，孔子第50代孙。,
孔希人,孔,希,男,50,1192-01-01,1271-01-01,是,定陶,主簿,,,,,,孔希人，孔子第50代孙。,
高氏,孔,希,女,50,1193-01-01,1259-01-01,是,单县,训导,,,,,,高氏，孔子第50代孙。,
孔希亼,孔,希,男,50,1193-01-01,1272-01-01,是,成武,教谕,,,,,,孔希亼，孔子第50代孙。,
何姑,孔,希,女,50,1190-01-01,1258-01-01,是,巨野,商人,,,,,,何姑，孔子第50代孙。,
郭氏,孔,希,女,50,1193-01-01,1276-01-01,是,郓城,官员,,,,,,郭氏，孔子第50代孙。,
马娘,孔,希,女,50,1194-01-01,1264-01-01,是,鄄城,学者,,,,,,马娘，孔子第50代孙。,
孔希什,孔,希,男,50,1194-01-01,1254-01-01,是,曲阜,大夫,,,,,,孔希什，孔子第50代孙。,
孔希仁,孔,希,男,50,1189-01-01,1255-01-01,是,滋阳,士,,,,,,孔希仁，孔子第50代孙。,
孔希仂,孔,希,男,50,1192-01-01,1272-01-01,是,济宁,农,,,,,,孔希仂，孔子第50代孙。,
刘姑,孔,希,女,50,1192-01-01,1263-01-01,是,邹县,商,,,,,,刘姑，孔子第50代孙。,
孔希仄,孔,希,男,50,1196-01-01,1270-01-01,是,滕县,儒,,,,,,孔希仄，孔子第50代孙。,
杨娘,孔,希,女,50,1189-01-01,1261-01-01,是,峄县,工部侍郎,,,,,,杨娘，孔子第50代孙。,
孔希仆,孔,希,男,50,1195-01-01,1267-01-01,是,金乡,礼部尚书,,,,,,孔希仆，孔子第50代孙。,
孔希仇,孔,希,男,50,1195-01-01,1265-01-01,是,鱼台,知州,,,,,,孔希仇，孔子第50代孙。,
孔希仈,孔,希,男,50,1189-01-01,1260-01-01,是,嘉祥,知县,,,,,,孔希仈，孔子第50代孙。,
孔希仉,孔,希,男,50,1190-01-01,1259-01-01,是,汶上,举人,,,,,,孔希仉，孔子第50代孙。,
徐氏,孔,希,女,50,1192-01-01,1272-01-01,是,泗水,进士,,,,,,徐氏，孔子第50代孙。,
孔希介,孔,希,男,50,1189-01-01,1260-01-01,是,宁阳,太学生,,,,,,孔希介，孔子第50代孙。,
胡姑,孔,希,女,50,1194-01-01,1272-01-01,是,兖州,县丞,,,,,,胡姑，孔子第50代孙。,
朱氏,孔,希,女,50,1189-01-01,1266-01-01,是,东平,主簿,,,,,,朱氏，孔子第50代孙。,
孔希从,孔,希,男,50,1190-01-01,1250-01-01,是,寿张,训导,,,,,,孔希从，孔子第50代孙。,
孔希仏,孔,希,男,50,1195-01-01,1256-01-01,是,范县,教谕,,,,,,孔希仏，孔子第50代孙。,
孔希仐,孔,希,男,50,1190-01-01,1257-01-01,是,濮州,商人,,,,,,孔希仐，孔子第50代孙。,
郭娘,孔,希,女,50,1196-01-01,1270-01-01,是,开州,官员,,,,,,郭娘，孔子第50代孙。,
马姑,孔,希,女,50,1196-01-01,1271-01-01,是,长垣,学者,,,,,,马姑，孔子第50代孙。,
孔希仓,孔,希,男,50,1190-01-01,1263-01-01,是,东明,大夫,,,,,,孔希仓，孔子第50代孙。,
王娘,孔,希,女,50,1191-01-01,1252-01-01,是,荷泽,士,,,,,,王娘，孔子第50代孙。,
李姑,孔,希,女,50,1195-01-01,1278-01-01,是,曹州,农,,,,,,李姑，孔子第50代孙。,
孔希他,孔,希,男,50,1192-01-01,1262-01-01,是,定陶,商,,,,,,孔希他，孔子第50代孙。,
陈娘,孔,希,女,50,1196-01-01,1269-01-01,是,单县,儒,,,,,,陈娘，孔子第50代孙。,
孔希付,孔,希,男,50,1190-01-01,1258-01-01,是,成武,工部侍郎,,,,,,孔希付，孔子第50代孙。,
孔希仙,孔,希,男,50,1190-01-01,1268-01-01,是,巨野,礼部尚书,,,,,,孔希仙，孔子第50代孙。,
黄娘,孔,希,女,50,1192-01-01,1252-01-01,是,郓城,知州,,,,,,黄娘，孔子第50代孙。,
孔希仛,孔,希,男,50,1195-01-01,1259-01-01,是,鄄城,知县,,,,,,孔希仛，孔子第50代孙。,
吴氏,孔,希,女,50,1193-01-01,1273-01-01,是,曲阜,举人,,,,,,吴氏，孔子第50代孙。,
孔希仝,孔,希,男,50,1191-01-01,1258-01-01,是,滋阳,进士,,,,,,孔希仝，孔子第50代孙。,
孙姑,孔,希,女,50,1193-01-01,1258-01-01,是,济宁,太学生,,,,,,孙姑，孔子第50代孙。,
孔希仟,孔,希,男,50,1195-01-01,1262-01-01,是,邹县,县丞,,,,,,孔希仟，孔子第50代孙。,
孔希仠,孔,希,男,50,1196-01-01,1270-01-01,是,滕县,主簿,,,,,,孔希仠，孔子第50代孙。,
高姑,孔,希,女,50,1196-01-01,1263-01-01,是,峄县,训导,,,,,,高姑，孔子第50代孙。,
孔希仢,孔,希,男,50,1194-01-01,1258-01-01,是,金乡,教谕,,,,,,孔希仢，孔子第50代孙。,
孔希代,孔,希,男,50,1191-01-01,1268-01-01,是,鱼台,商人,,,,,,孔希代，孔子第50代孙。,
郭姑,孔,希,女,50,1195-01-01,1258-01-01,是,嘉祥,官员,,,,,,郭姑，孔子第50代孙。,
孔希以,孔,希,男,50,1190-01-01,1274-01-01,是,汶上,学者,,,,,,孔希以，孔子第50代孙。,
孔希仦,孔,希,男,50,1196-01-01,1260-01-01,是,泗水,大夫,,,,,,孔希仦，孔子第50代孙。,
王姑,孔,希,女,50,1190-01-01,1252-01-01,是,宁阳,士,,,,,,王姑，孔子第50代孙。,
孔希仨,孔,希,男,50,1193-01-01,1269-01-01,是,兖州,农,,,,,,孔希仨，孔子第50代孙。,
孔希仩,孔,希,男,50,1195-01-01,1276-01-01,是,东平,商,,,,,,孔希仩，孔子第50代孙。,
孔希仪,孔,希,男,50,1189-01-01,1269-01-01,是,寿张,儒,,,,,,孔希仪，孔子第50代孙。,
孔希仫,孔,希,男,50,1193-01-01,1259-01-01,是,范县,工部侍郎,,,,,,孔希仫，孔子第50代孙。,
赵娘,孔,希,女,50,1193-01-01,1264-01-01,是,濮州,礼部尚书,,,,,,赵娘，孔子第50代孙。,
黄姑,孔,希,女,50,1194-01-01,1265-01-01,是,开州,知州,,,,,,黄姑，孔子第50代孙。,
周氏,孔,希,女,50,1192-01-01,1275-01-01,是,长垣,知县,,,,,,周氏，孔子第50代孙。,
孔希仯,孔,希,男,50,1194-01-01,1267-01-01,是,东明,举人,,,,,,孔希仯，孔子第50代孙。,
徐姑,孔,希,女,50,1195-01-01,1276-01-01,是,荷泽,进士,,,,,,徐姑，孔子第50代孙。,
孔希仱,孔,希,男,50,1196-01-01,1267-01-01,是,曹州,太学生,,,,,,孔希仱，孔子第50代孙。,
胡娘,孔,希,女,50,1196-01-01,1261-01-01,是,定陶,县丞,,,,,,胡娘，孔子第50代孙。,
孔希仳,孔,希,男,50,1193-01-01,1273-01-01,是,单县,主簿,,,,,,孔希仳，孔子第50代孙。,
孔希仴,孔,希,男,50,1190-01-01,1263-01-01,是,成武,训导,,,,,,孔希仴，孔子第50代孙。,
林娘,孔,希,女,50,1194-01-01,1256-01-01,是,巨野,教谕,,,,,,林娘，孔子第50代孙。,
孔希件,孔,希,男,50,1191-01-01,1275-01-01,是,郓城,商人,,,,,,孔希件，孔子第50代孙。,
孔希价,孔,希,男,50,1189-01-01,1260-01-01,是,鄄城,官员,,,,,,孔希价，孔子第50代孙。,
孔希仸,孔,希,男,50,1195-01-01,1269-01-01,是,曲阜,学者,,,,,,孔希仸，孔子第50代孙。,
孔希仹,孔,希,男,50,1190-01-01,1265-01-01,是,滋阳,大夫,,,,,,孔希仹，孔子第50代孙。,
孔希仺,孔,希,男,50,1193-01-01,1272-01-01,是,济宁,士,,,,,,孔希仺，孔子第50代孙。,
孔希任,孔,希,男,50,1189-01-01,1256-01-01,是,邹县,农,,,,,,孔希任，孔子第50代孙。,
刘姑,孔,希,女,50,1195-01-01,1262-01-01,是,滕县,商,,,,,,刘姑，孔子第50代孙。,
孔希份,孔,希,男,50,1196-01-01,1277-01-01,是,峄县,儒,,,,,,孔希份，孔子第50代孙。,
孔希仾,孔,希,男,50,1189-01-01,1269-01-01,是,金乡,工部侍郎,,,,,,孔希仾，孔子第50代孙。,
赵姑,孔,希,女,50,1196-01-01,1269-01-01,是,鱼台,礼部尚书,,,,,,赵姑，孔子第50代孙。,
孔希伀,孔,希,男,50,1189-01-01,1271-01-01,是,嘉祥,知州,,,,,,孔希伀，孔子第50代孙。,
孔希企,孔,希,男,50,1191-01-01,1259-01-01,是,汶上,知县,,,,,,孔希企，孔子第50代孙。,
孔希伂,孔,希,男,50,1192-01-01,1259-01-01,是,泗水,举人,,,,,,孔希伂，孔子第50代孙。,
徐氏,孔,希,女,50,1195-01-01,1269-01-01,是,宁阳,进士,,,,,,徐氏，孔子第50代孙。,
孔希伄,孔,希,男,50,1193-01-01,1268-01-01,是,兖州,太学生,,,,,,孔希伄，孔子第50代孙。,
孔希伅,孔,希,男,50,1193-01-01,1257-01-01,是,东平,县丞,,,,,,孔希伅，孔子第50代孙。,
孔希伆,孔,希,男,50,1191-01-01,1256-01-01,是,寿张,主簿,,,,,,孔希伆，孔子第50代孙。,
孔希伇,孔,希,男,50,1196-01-01,1274-01-01,是,范县,训导,,,,,,孔希伇，孔子第50代孙。,
林姑,孔,希,女,50,1195-01-01,1262-01-01,是,濮州,教谕,,,,,,林姑，孔子第50代孙。,
孔希伉,孔,希,男,50,1191-01-01,1262-01-01,是,开州,商人,,,,,,孔希伉，孔子第50代孙。,
郭娘,孔,希,女,50,1193-01-01,1253-01-01,是,长垣,官员,,,,,,郭娘，孔子第50代孙。,
马姑,孔,希,女,50,1193-01-01,1270-01-01,是,东明,学者,,,,,,马姑，孔子第50代孙。,
孔希伌,孔,希,男,50,1192-01-01,1273-01-01,是,荷泽,大夫,,,,,,孔希伌，孔子第50代孙。,
王娘,孔,希,女,50,1189-01-01,1272-01-01,是,曹州,士,,,,,,王娘，孔子第50代孙。,
孔希伎,孔,希,男,50,1192-01-01,1259-01-01,是,定陶,农,,,,,,孔希伎，孔子第50代孙。,
刘氏,孔,希,女,50,1193-01-01,1257-01-01,是,单县,商,,,,,,刘氏，孔子第50代孙。,
陈娘,孔,希,女,50,1196-01-01,1259-01-01,是,成武,儒,,,,,,陈娘，孔子第50代孙。,
孔希休,孔,希,男,50,1190-01-01,1270-01-01,是,巨野,工部侍郎,,,,,,孔希休，孔子第50代孙。,
赵氏,孔,希,女,50,1193-01-01,1254-01-01,是,郓城,礼部尚书,,,,,,赵氏，孔子第50代孙。,
黄娘,孔,希,女,50,1193-01-01,1260-01-01,是,鄄城,知州,,,,,,黄娘，孔子第50代孙。,
周姑,孔,希,女,50,1193-01-01,1261-01-01,是,曲阜,知县,,,,,,周姑，孔子第50代孙。,
吴氏,孔,希,女,50,1196-01-01,1269-01-01,是,滋阳,举人,,,,,,吴氏，孔子第50代孙。,
孔希伖,孔,希,男,50,1195-01-01,1257-01-01,是,济宁,进士,,,,,,孔希伖，孔子第50代孙。,
孙姑,孔,希,女,50,1195-01-01,1259-01-01,是,邹县,太学生,,,,,,孙姑，孔子第50代孙。,
孔希优,孔,希,男,50,1190-01-01,1270-01-01,是,滕县,县丞,,,,,,孔希优，孔子第50代孙。,
孔希伙,孔,希,男,50,1192-01-01,1255-01-01,是,峄县,主簿,,,,,,孔希伙，孔子第50代孙。,
高姑,孔,希,女,50,1189-01-01,1266-01-01,是,金乡,训导,,,,,,高姑，孔子第50代孙。,
孔希伛,孔,希,男,50,1195-01-01,1275-01-01,是,鱼台,教谕,,,,,,孔希伛，孔子第50代孙。,
孔希伜,孔,希,男,50,1191-01-01,1258-01-01,是,嘉祥,商人,,,,,,孔希伜，孔子第50代孙。,
孔希伝,孔,希,男,50,1196-01-01,1263-01-01,是,汶上,官员,,,,,,孔希伝，孔子第50代孙。,
孔希伞,孔,希,男,50,1189-01-01,1259-01-01,是,泗水,学者,,,,,,孔希伞，孔子第50代孙。,
孔希伟,孔,希,男,50,1194-01-01,1261-01-01,是,宁阳,大夫,,,,,,孔希伟，孔子第50代孙。,
孔希传,孔,希,男,50,1193-01-01,1276-01-01,是,兖州,士,,,,,,孔希传，孔子第50代孙。,
李氏,孔,希,女,50,1195-01-01,1259-01-01,是,东平,农,,,,,,李氏，孔子第50代孙。,
孔希伢,孔,希,男,50,1191-01-01,1265-01-01,是,寿张,商,,,,,,孔希伢，孔子第50代孙。,
孔希伣,孔,希,男,50,1193-01-01,1273-01-01,是,范县,儒,,,,,,孔希伣，孔子第50代孙。,
孔希伤,孔,希,男,50,1196-01-01,1269-01-01,是,濮州,工部侍郎,,,,,,孔希伤，孔子第50代孙。,
赵娘,孔,希,女,50,1190-01-01,1257-01-01,是,开州,礼部尚书,,,,,,赵娘，孔子第50代孙。,
孔希伦,孔,希,男,50,1191-01-01,1268-01-01,是,长垣,知州,,,,,,孔希伦，孔子第50代孙。,
周氏,孔,希,女,50,1196-01-01,1261-01-01,是,东明,知县,,,,,,周氏，孔子第50代孙。,
吴娘,孔,希,女,50,1192-01-01,1272-01-01,是,荷泽,举人,,,,,,吴娘，孔子第50代孙。,
徐姑,孔,希,女,50,1193-01-01,1272-01-01,是,曹州,进士,,,,,,徐姑，孔子第50代孙。,
孙氏,孔,希,女,50,1196-01-01,1271-01-01,是,定陶,太学生,,,,,,孙氏，孔子第50代孙。,
胡娘,孔,希,女,50,1194-01-01,1254-01-01,是,单县,县丞,,,,,,胡娘，孔子第50代孙。,
孔希伬,孔,希,男,50,1192-01-01,1273-01-01,是,成武,主簿,,,,,,孔希伬，孔子第50代孙。,
孔希伭,孔,希,男,50,1195-01-01,1267-01-01,是,巨野,训导,,,,,,孔希伭，孔子第50代孙。,
孔希伮,孔,希,男,50,1196-01-01,1269-01-01,是,郓城,教谕,,,,,,孔希伮，孔子第50代孙。,
孔希伯,孔,希,男,50,1190-01-01,1272-01-01,是,鄄城,商人,,,,,,孔希伯，孔子第50代孙。,
郭氏,孔,希,女,50,1196-01-01,1277-01-01,是,曲阜,官员,,,,,,郭氏，孔子第50代孙。,
马娘,孔,希,女,50,1195-01-01,1256-01-01,是,滋阳,学者,,,,,,马娘，孔子第50代孙。,
孔希伲,孔,希,男,50,1190-01-01,1252-01-01,是,济宁,大夫,,,,,,孔希伲，孔子第50代孙。,
王氏,孔,希,女,50,1193-01-01,1267-01-01,是,邹县,士,,,,,,王氏，孔子第50代孙。,
李娘,孔,希,女,50,1196-01-01,1272-01-01,是,滕县,农,,,,,,李娘，孔子第50代孙。,
刘姑,孔,希,女,50,1196-01-01,1269-01-01,是,峄县,商,,,,,,刘姑，孔子第50代孙。,
孔希伶,孔,希,男,50,1196-01-01,1273-01-01,是,金乡,儒,,,,,,孔希伶，孔子第50代孙。,
杨娘,孔,希,女,50,1191-01-01,1269-01-01,是,鱼台,工部侍郎,,,,,,杨娘，孔子第50代孙。,
赵姑,孔,希,女,50,1191-01-01,1256-01-01,是,嘉祥,礼部尚书,,,,,,赵姑，孔子第50代孙。,
黄氏,孔,希,女,50,1192-01-01,1267-01-01,是,汶上,知州,,,,,,黄氏，孔子第50代孙。,
孔希伺,孔,希,男,50,1196-01-01,1266-01-01,是,泗水,知县,,,,,,孔希伺，孔子第50代孙。,
孔希伻,孔,希,男,50,1191-01-01,1271-01-01,是,宁阳,举人,,,,,,孔希伻，孔子第50代孙。,
孔希似,孔,希,男,50,1189-01-01,1258-01-01,是,兖州,进士,,,,,,孔希似，孔子第50代孙。,
孙娘,孔,希,女,50,1196-01-01,1270-01-01,是,东平,太学生,,,,,,孙娘，孔子第50代孙。,
胡姑,孔,希,女,50,1192-01-01,1258-01-01,是,寿张,县丞,,,,,,胡姑，孔子第50代孙。,
朱氏,孔,希,女,50,1194-01-01,1267-01-01,是,范县,主簿,,,,,,朱氏，孔子第50代孙。,
高娘,孔,希,女,50,1192-01-01,1262-01-01,是,濮州,训导,,,,,,高娘，孔子第50代孙。,
孔希佁,孔,希,男,50,1193-01-01,1269-01-01,是,开州,教谕,,,,,,孔希佁，孔子第50代孙。,
何氏,孔,希,女,50,1195-01-01,1255-01-01,是,长垣,商人,,,,,,何氏，孔子第50代孙。,
郭娘,孔,希,女,50,1193-01-01,1262-01-01,是,东明,官员,,,,,,郭娘，孔子第50代孙。,
孔希佄,孔,希,男,50,1196-01-01,1280-01-01,是,荷泽,学者,,,,,,孔希佄，孔子第50代孙。,
孔希佅,孔,希,男,50,1190-01-01,1256-01-01,是,曹州,大夫,,,,,,孔希佅，孔子第50代孙。,
王娘,孔,希,女,50,1191-01-01,1270-01-01,是,定陶,士,,,,,,王娘，孔子第50代孙。,
李姑,孔,希,女,50,1196-01-01,1278-01-01,是,单县,农,,,,,,李姑，孔子第50代孙。,
刘氏,孔,希,女,50,1190-01-01,1255-01-01,是,成武,商,,,,,,刘氏，孔子第50代孙。,
孔希佉,孔,希,男,50,1189-01-01,1258-01-01,是,巨野,儒,,,,,,孔希佉，孔子第50代孙。,
孔希佊,孔,希,男,50,1195-01-01,1259-01-01,是,郓城,工部侍郎,,,,,,孔希佊，孔子第50代孙。,
孔希佋,孔,希,男,50,1193-01-01,1270-01-01,是,鄄城,礼部尚书,,,,,,孔希佋，孔子第50代孙。,
孔希佌,孔,希,男,50,1193-01-01,1254-01-01,是,曲阜,知州,,,,,,孔希佌，孔子第50代孙。,
孔希位,孔,希,男,50,1195-01-01,1255-01-01,是,滋阳,知县,,,,,,孔希位，孔子第50代孙。,
孔希低,孔,希,男,50,1189-01-01,1267-01-01,是,济宁,举人,,,,,,孔希低，孔子第50代孙。,
孔希住,孔,希,男,50,1195-01-01,1276-01-01,是,邹县,进士,,,,,,孔希住，孔子第50代孙。,
孙姑,孔,希,女,50,1191-01-01,1266-01-01,是,滕县,太学生,,,,,,孙姑，孔子第50代孙。,
孔希佑,孔,希,男,50,1195-01-01,1270-01-01,是,峄县,县丞,,,,,,孔希佑，孔子第50代孙。,
孔希佒,孔,希,男,50,1196-01-01,1280-01-01,是,金乡,主簿,,,,,,孔希佒，孔子第50代孙。,
高姑,孔,希,女,50,1191-01-01,1262-01-01,是,鱼台,训导,,,,,,高姑，孔子第50代孙。,
孔希佔,孔,希,男,50,1194-01-01,1259-01-01,是,嘉祥,教谕,,,,,,孔希佔，孔子第50代孙。,
孔希何,孔,希,男,50,1193-01-01,1258-01-01,是,汶上,商人,,,,,,孔希何，孔子第50代孙。,
郭姑,孔,希,女,50,1191-01-01,1267-01-01,是,泗水,官员,,,,,,郭姑，孔子第50代孙。,
孔希佗,孔,希,男,50,1192-01-01,1256-01-01,是,宁阳,学者,,,,,,孔希佗，孔子第50代孙。,
孔希佘,孔,希,男,50,1192-01-01,1267-01-01,是,兖州,大夫,,,,,,孔希佘，孔子第50代孙。,
王姑,孔,希,女,50,1196-01-01,1279-01-01,是,东平,士,,,,,,王姑，孔子第50代孙。,
孔希佚,孔,希,男,50,1190-01-01,1262-01-01,是,寿张,农,,,,,,孔希佚，孔子第50代孙。,
刘娘,孔,希,女,50,1192-01-01,1268-01-01,是,范县,商,,,,,,刘娘，孔子第50代孙。,
孔希作,孔,希,男,50,1192-01-01,1266-01-01,是,濮州,儒,,,,,,孔希作，孔子第50代孙。,
孔希佝,孔,希,男,50,1195-01-01,1262-01-01,是,开州,工部侍郎,,,,,,孔希佝，孔子第50代孙。,
孔希佞,孔,希,男,50,1193-01-01,1265-01-01,是,长垣,礼部尚书,,,,,,孔希佞，孔子第50代孙。,
孔希佟,孔,希,男,50,1190-01-01,1256-01-01,是,东明,知州,,,,,,孔希佟，孔子第50代孙。,
孔希你,孔,希,男,50,1189-01-01,1269-01-01,是,荷泽,知县,,,,,,孔希你，孔子第50代孙。,
孔希佡,孔,希,男,50,1196-01-01,1265-01-01,是,曹州,举人,,,,,,孔希佡，孔子第50代孙。,
徐姑,孔,希,女,50,1196-01-01,1267-01-01,是,定陶,进士,,,,,,徐姑，孔子第50代孙。,
孙氏,孔,希,女,50,1195-01-01,1278-01-01,是,单县,太学生,,,,,,孙氏，孔子第50代孙。,
胡娘,孔,希,女,50,1196-01-01,1272-01-01,是,成武,县丞,,,,,,胡娘，孔子第50代孙。,
孔希佥,孔,希,男,50,1193-01-01,1259-01-01,是,巨野,主簿,,,,,,孔希佥，孔子第50代孙。,
孔希佦,孔,希,男,50,1191-01-01,1260-01-01,是,郓城,训导,,,,,,孔希佦，孔子第50代孙。,
孔希佧,孔,希,男,50,1189-01-01,1253-01-01,是,鄄城,教谕,,,,,,孔希佧，孔子第50代孙。,
孔希佨,孔,希,男,50,1194-01-01,1263-01-01,是,曲阜,商人,,,,,,孔希佨，孔子第50代孙。,
孔希佩,孔,希,男,50,1192-01-01,1260-01-01,是,滋阳,官员,,,,,,孔希佩，孔子第50代孙。,
孔希佪,孔,希,男,50,1191-01-01,1260-01-01,是,济宁,学者,,,,,,孔希佪，孔子第50代孙。,
张姑,孔,希,女,50,1194-01-01,1264-01-01,是,邹县,大夫,,,,,,张姑，孔子第50代孙。,
孔希佬,孔,希,男,50,1196-01-01,1278-01-01,是,滕县,士,,,,,,孔希佬，孔子第50代孙。,
孔希佭,孔,希,男,50,1196-01-01,1262-01-01,是,峄县,农,,,,,,孔希佭，孔子第50代孙。,
孔希佮,孔,希,男,50,1193-01-01,1269-01-01,是,金乡,商,,,,,,孔希佮，孔子第50代孙。,
孔希佯,孔,希,男,50,1192-01-01,1257-01-01,是,鱼台,儒,,,,,,孔希佯，孔子第50代孙。,
孔希佰,孔,希,男,50,1189-01-01,1268-01-01,是,嘉祥,工部侍郎,,,,,,孔希佰，孔子第50代孙。,
孔希佱,孔,希,男,50,1189-01-01,1266-01-01,是,汶上,礼部尚书,,,,,,孔希佱，孔子第50代孙。,
黄氏,孔,希,女,50,1194-01-01,1265-01-01,是,泗水,知州,,,,,,黄氏，孔子第50代孙。,
孔希佳,孔,希,男,50,1195-01-01,1274-01-01,是,宁阳,知县,,,,,,孔希佳，孔子第50代孙。,
孔希佴,孔,希,男,50,1195-01-01,1279-01-01,是,兖州,举人,,,,,,孔希佴，孔子第50代孙。,
孔希併,孔,希,男,50,1190-01-01,1272-01-01,是,东平,进士,,,,,,孔希併，孔子第50代孙。,
孔希佶,孔,希,男,50,1190-01-01,1272-01-01,是,寿张,太学生,,,,,,孔希佶，孔子第50代孙。,
孔希佷,孔,希,男,50,1189-01-01,1271-01-01,是,范县,县丞,,,,,,孔希佷，孔子第50代孙。,
孔希佸,孔,希,男,50,1190-01-01,1257-01-01,是,濮州,主簿,,,,,,孔希佸，孔子第50代孙。,
高娘,孔,希,女,50,1196-01-01,1272-01-01,是,开州,训导,,,,,,高娘，孔子第50代孙。,
孔希佺,孔,希,男,50,1193-01-01,1274-01-01,是,长垣,教谕,,,,,,孔希佺，孔子第50代孙。,
孔希佻,孔,希,男,50,1190-01-01,1254-01-01,是,东明,商人,,,,,,孔希佻，孔子第50代孙。,
郭娘,孔,希,女,50,1194-01-01,1255-01-01,是,荷泽,官员,,,,,,郭娘，孔子第50代孙。,
孔希佽,孔,希,男,50,1192-01-01,1271-01-01,是,曹州,学者,,,,,,孔希佽，孔子第50代孙。,
孔希佾,孔,希,男,50,1195-01-01,1256-01-01,是,定陶,大夫,,,,,,孔希佾，孔子第50代孙。,
孔希使,孔,希,男,50,1190-01-01,1264-01-01,是,单县,士,,,,,,孔希使，孔子第50代孙。,
李姑,孔,希,女,50,1194-01-01,1255-01-01,是,成武,农,,,,,,李姑，孔子第50代孙。,
孔希侁,孔,希,男,50,1195-01-01,1274-01-01,是,巨野,商,,,,,,孔希侁，孔子第50代孙。,
孔希侂,孔,希,男,50,1190-01-01,1265-01-01,是,郓城,儒,,,,,,孔希侂，孔子第50代孙。,
孔希侃,孔,希,男,50,1196-01-01,1268-01-01,是,鄄城,工部侍郎,,,,,,孔希侃，孔子第50代孙。,
赵氏,孔,希,女,50,1191-01-01,1261-01-01,是,曲阜,礼部尚书,,,,,,赵氏，孔子第50代孙。,
孔希侅,孔,希,男,50,1196-01-01,1275-01-01,是,滋阳,知州,,,,,,孔希侅，孔子第50代孙。,
周姑,孔,希,女,50,1189-01-01,1262-01-01,是,济宁,知县,,,,,,周姑，孔子第50代孙。,
孔希侇,孔,希,男,50,1196-01-01,1269-01-01,是,邹县,举人,,,,,,孔希侇，孔子第50代孙。,
孔希侈,孔,希,男,50,1194-01-01,1272-01-01,是,滕县,进士,,,,,,孔希侈，孔子第50代孙。,
孙姑,孔,希,女,50,1191-01-01,1270-01-01,是,峄县,太学生,,,,,,孙姑，孔子第50代孙。,
孔希侊,孔,希,男,50,1196-01-01,1273-01-01,是,金乡,县丞,,,,,,孔希侊，孔子第50代孙。,
孔希例,孔,希,男,50,1195-01-01,1277-01-01,是,鱼台,主簿,,,,,,孔希例，孔子第50代孙。,
孔希侌,孔,希,男,50,1196-01-01,1258-01-01,是,嘉祥,训导,,,,,,孔希侌，孔子第50代孙。,
林氏,孔,希,女,50,1196-01-01,1267-01-01,是,汶上,教谕,,,,,,林氏，孔子第50代孙。,
孔希侎,孔,希,男,50,1196-01-01,1274-01-01,是,泗水,商人,,,,,,孔希侎，孔子第50代孙。,
孔希侏,孔,希,男,50,1195-01-01,1261-01-01,是,宁阳,官员,,,,,,孔希侏，孔子第50代孙。,
马氏,孔,希,女,50,1194-01-01,1270-01-01,是,兖州,学者,,,,,,马氏，孔子第50代孙。,
孔希侑,孔,希,男,50,1191-01-01,1270-01-01,是,东平,大夫,,,,,,孔希侑，孔子第50代孙。,
孔希侒,孔,希,男,50,1189-01-01,1257-01-01,是,寿张,士,,,,,,孔希侒，孔子第50代孙。,
孔希侓,孔,希,男,50,1192-01-01,1272-01-01,是,范县,农,,,,,,孔希侓，孔子第50代孙。,
刘娘,孔,希,女,50,1192-01-01,1262-01-01,是,濮州,商,,,,,,刘娘，孔子第50代孙。,
陈姑,孔,希,女,50,1194-01-01,1278-01-01,是,开州,儒,,,,,,陈姑，孔子第50代孙。,
杨氏,孔,希,女,50,1193-01-01,1265-01-01,是,长垣,工部侍郎,,,,,,杨氏，孔子第50代孙。,
赵娘,孔,希,女,50,1189-01-01,1270-01-01,是,东明,礼部尚书,,,,,,赵娘，孔子第50代孙。,
黄姑,孔,希,女,50,1192-01-01,1270-01-01,是,荷泽,知州,,,,,,黄姑，孔子第50代孙。,
孔希侙,孔,希,男,50,1190-01-01,1252-01-01,是,曹州,知县,,,,,,孔希侙，孔子第50代孙。,
吴娘,孔,希,女,50,1195-01-01,1255-01-01,是,定陶,举人,,,,,,吴娘，孔子第50代孙。,
徐姑,孔,希,女,50,1194-01-01,1263-01-01,是,单县,进士,,,,,,徐姑，孔子第50代孙。,
孙氏,孔,希,女,50,1189-01-01,1251-01-01,是,成武,太学生,,,,,,孙氏，孔子第50代孙。,
胡娘,孔,希,女,50,1195-01-01,1255-01-01,是,巨野,县丞,,,,,,胡娘，孔子第50代孙。,
朱姑,孔,希,女,50,1190-01-01,1255-01-01,是,郓城,主簿,,,,,,朱姑，孔子第50代孙。,
高氏,孔,希,女,50,1193-01-01,1261-01-01,是,鄄城,训导,,,,,,高氏，孔子第50代孙。,
孔希侠,孔,希,男,50,1191-01-01,1271-01-01,是,曲阜,教谕,,,,,,孔希侠，孔子第50代孙。,
何姑,孔,希,女,50,1189-01-01,1263-01-01,是,滋阳,商人,,,,,,何姑，孔子第50代孙。,
孔希侢,孔,希,男,50,1196-01-01,1261-01-01,是,济宁,官员,,,,,,孔希侢，孔子第50代孙。,
孔希侣,孔,希,男,50,1196-01-01,1259-01-01,是,邹县,学者,,,,,,孔希侣，孔子第50代孙。,
孔希侤,孔,希,男,50,1194-01-01,1276-01-01,是,滕县,大夫,,,,,,孔希侤，孔子第50代孙。,
王氏,孔,希,女,50,1189-01-01,1253-01-01,是,峄县,士,,,,,,王氏，孔子第50代孙。,
孔希侦,孔,希,男,50,1190-01-01,1263-01-01,是,金乡,农,,,,,,孔希侦，孔子第50代孙。,
刘姑,孔,希,女,50,1192-01-01,1275-01-01,是,鱼台,商,,,,,,刘姑，孔子第50代孙。,
陈氏,孔,希,女,50,1191-01-01,1258-01-01,是,嘉祥,儒,,,,,,陈氏，孔子第50代孙。,
孔希侩,孔,希,男,50,1189-01-01,1256-01-01,是,汶上,工部侍郎,,,,,,孔希侩，孔子第50代孙。,
孔希侪,孔,希,男,50,1192-01-01,1254-01-01,是,泗水,礼部尚书,,,,,,孔希侪，孔子第50代孙。,
孔希侫,孔,希,男,50,1189-01-01,1269-01-01,是,宁阳,知州,,,,,,孔希侫，孔子第50代孙。,
孔希侬,孔,希,男,50,1196-01-01,1268-01-01,是,兖州,知县,,,,,,孔希侬，孔子第50代孙。,
孔希侭,孔,希,男,50,1192-01-01,1268-01-01,是,东平,举人,,,,,,孔希侭，孔子第50代孙。,
孔希侮,孔,希,男,50,1196-01-01,1276-01-01,是,寿张,进士,,,,,,孔希侮，孔子第50代孙。,
孙娘,孔,希,女,50,1196-01-01,1273-01-01,是,范县,太学生,,,,,,孙娘，孔子第50代孙。,
孔希侰,孔,希,男,50,1192-01-01,1259-01-01,是,濮州,县丞,,,,,,孔希侰，孔子第50代孙。,
孔希侱,孔,希,男,50,1189-01-01,1268-01-01,是,开州,主簿,,,,,,孔希侱，孔子第50代孙。,
孔希侲,孔,希,男,50,1189-01-01,1271-01-01,是,长垣,训导,,,,,,孔希侲，孔子第50代孙。,
林姑,孔,希,女,50,1194-01-01,1258-01-01,是,东明,教谕,,,,,,林姑，孔子第50代孙。,
何氏,孔,希,女,50,1192-01-01,1269-01-01,是,荷泽,商人,,,,,,何氏，孔子第50代孙。,
孔希侵,孔,希,男,50,1190-01-01,1254-01-01,是,曹州,官员,,,,,,孔希侵，孔子第50代孙。,
孔希侶,孔,希,男,50,1194-01-01,1265-01-01,是,定陶,学者,,,,,,孔希侶，孔子第50代孙。,
孔希侷,孔,希,男,50,1195-01-01,1260-01-01,是,单县,大夫,,,,,,孔希侷，孔子第50代孙。,
孔希侸,孔,希,男,50,1190-01-01,1266-01-01,是,成武,士,,,,,,孔希侸，孔子第50代孙。,
李姑,孔,希,女,50,1189-01-01,1250-01-01,是,巨野,农,,,,,,李姑，孔子第50代孙。,
孔希侺,孔,希,男,50,1196-01-01,1263-01-01,是,郓城,商,,,,,,孔希侺，孔子第50代孙。,
陈娘,孔,希,女,50,1195-01-01,1266-01-01,是,鄄城,儒,,,,,,陈娘，孔子第50代孙。,
孔希侼,孔,希,男,50,1189-01-01,1249-01-01,是,曲阜,工部侍郎,,,,,,孔希侼，孔子第50代孙。,
孔希侽,孔,希,男,50,1190-01-01,1251-01-01,是,滋阳,礼部尚书,,,,,,孔希侽，孔子第50代孙。,
黄娘,孔,希,女,50,1192-01-01,1272-01-01,是,济宁,知州,,,,,,黄娘，孔子第50代孙。,
孔希便,孔,希,男,50,1190-01-01,1269-01-01,是,邹县,知县,,,,,,孔希便，孔子第50代孙。,
吴氏,孔,希,女,50,1189-01-01,1255-01-01,是,滕县,举人,,,,,,吴氏，孔子第50代孙。,
孔希俁,孔,希,男,50,1189-01-01,1272-01-01,是,峄县,进士,,,,,,孔希俁，孔子第50代孙。,
孙姑,孔,希,女,50,1195-01-01,1257-01-01,是,金乡,太学生,,,,,,孙姑，孔子第50代孙。,
孔希促,孔,希,男,50,1195-01-01,1276-01-01,是,鱼台,县丞,,,,,,孔希促，孔子第50代孙。,
朱娘,孔,希,女,50,1194-01-01,1259-01-01,是,嘉祥,主簿,,,,,,朱娘，孔子第50代孙。,
孔希俅,孔,希,男,50,1194-01-01,1269-01-01,是,汶上,训导,,,,,,孔希俅，孔子第50代孙。,
林氏,孔,希,女,50,1190-01-01,1254-01-01,是,泗水,教谕,,,,,,林氏，孔子第50代孙。,
何娘,孔,希,女,50,1193-01-01,1267-01-01,是,宁阳,商人,,,,,,何娘，孔子第50代孙。,
孔希俈,孔,希,男,50,1191-01-01,1271-01-01,是,兖州,官员,,,,,,孔希俈，孔子第50代孙。,
马氏,孔,希,女,50,1194-01-01,1270-01-01,是,东平,学者,,,,,,马氏，孔子第50代孙。,
张娘,孔,希,女,50,1190-01-01,1251-01-01,是,寿张,大夫,,,,,,张娘，孔子第50代孙。,
王姑,孔,希,女,50,1195-01-01,1257-01-01,是,范县,士,,,,,,王姑，孔子第50代孙。,
孔希俌,孔,希,男,50,1193-01-01,1265-01-01,是,濮州,农,,,,,,孔希俌，孔子第50代孙。,
刘娘,孔,希,女,50,1195-01-01,1263-01-01,是,开州,商,,,,,,刘娘，孔子第50代孙。,
孔希俎,孔,希,男,50,1194-01-01,1263-01-01,是,长垣,儒,,,,,,孔希俎，孔子第50代孙。,
孔希俏,孔,希,男,50,1195-01-01,1255-01-01,是,东明,工部侍郎,,,,,,孔希俏，孔子第50代孙。,
孔希俐,孔,希,男,50,1195-01-01,1267-01-01,是,荷泽,礼部尚书,,,,,,孔希俐，孔子第50代孙。,
黄姑,孔,希,女,50,1194-01-01,1272-01-01,是,曹州,知州,,,,,,黄姑，孔子第50代孙。,
孔希俒,孔,希,男,50,1193-01-01,1261-01-01,是,定陶,知县,,,,,,孔希俒，孔子第50代孙。,
孔希俓,孔,希,男,50,1189-01-01,1250-01-01,是,单县,举人,,,,,,孔希俓，孔子第50代孙。,
孔希俔,孔,希,男,50,1192-01-01,1268-01-01,是,成武,进士,,,,,,孔希俔，孔子第50代孙。,
孔希俕,孔,希,男,50,1189-01-01,1262-01-01,是,巨野,太学生,,,,,,孔希俕，孔子第50代孙。,
孔希俖,孔,希,男,50,1193-01-01,1255-01-01,是,郓城,县丞,,,,,,孔希俖，孔子第50代孙。,
孔希俗,孔,希,男,50,1189-01-01,1268-01-01,是,鄄城,主簿,,,,,,孔希俗，孔子第50代孙。,
高氏,孔,希,女,50,1194-01-01,1254-01-01,是,曲阜,训导,,,,,,高氏，孔子第50代孙。,
林娘,孔,希,女,50,1195-01-01,1267-01-01,是,滋阳,教谕,,,,,,林娘，孔子第50代孙。,
孔希俚,孔,希,男,50,1190-01-01,1272-01-01,是,济宁,商人,,,,,,孔希俚，孔子第50代孙。,
孔希俛,孔,希,男,50,1190-01-01,1250-01-01,是,邹县,官员,,,,,,孔希俛，孔子第50代孙。,
孔希俜,孔,希,男,50,1195-01-01,1265-01-01,是,滕县,学者,,,,,,孔希俜，孔子第50代孙。,
孔希保,孔,希,男,50,1190-01-01,1265-01-01,是,峄县,大夫,,,,,,孔希保，孔子第50代孙。,
王氏,孔,希,女,50,1194-01-01,1254-01-01,是,金乡,士,,,,,,王氏，孔子第50代孙。,
孔希俟,孔,希,男,50,1196-01-01,1266-01-01,是,鱼台,农,,,,,,孔希俟，孔子第50代孙。,
孔希俠,孔,希,男,50,1192-01-01,1270-01-01,是,嘉祥,商,,,,,,孔希俠，孔子第50代孙。,
孔希信,孔,希,男,50,1190-01-01,1268-01-01,是,汶上,儒,,,,,,孔希信，孔子第50代孙。,
孔希俢,孔,希,男,50,1192-01-01,1275-01-01,是,泗水,工部侍郎,,,,,,孔希俢，孔子第50代孙。,
孔希俣,孔,希,男,50,1196-01-01,1280-01-01,是,宁阳,礼部尚书,,,,,,孔希俣，孔子第50代孙。,
孔希俤,孔,希,男,50,1190-01-01,1250-01-01,是,兖州,知州,,,,,,孔希俤，孔子第50代孙。,
孔希俥,孔,希,男,50,1190-01-01,1256-01-01,是,东平,知县,,,,,,孔希俥，孔子第50代孙。,
孔希俦,孔,希,男,50,1194-01-01,1259-01-01,是,寿张,举人,,,,,,孔希俦，孔子第50代孙。,
孔希俧,孔,希,男,50,1194-01-01,1273-01-01,是,范县,进士,,,,,,孔希俧，孔子第50代孙。,
孔希俨,孔,希,男,50,1194-01-01,1261-01-01,是,濮州,太学生,,,,,,孔希俨，孔子第50代孙。,
孔希俩,孔,希,男,50,1196-01-01,1265-01-01,是,开州,县丞,,,,,,孔希俩，孔子第50代孙。,
孔希俪,孔,希,男,50,1196-01-01,1276-01-01,是,长垣,主簿,,,,,,孔希俪，孔子第50代孙。,
孔希俫,孔,希,男,50,1196-01-01,1272-01-01,是,东明,训导,,,,,,孔希俫，孔子第50代孙。,
孔希俬,孔,希,男,50,1192-01-01,1276-01-01,是,荷泽,教谕,,,,,,孔希俬，孔子第50代孙。,
孔希俭,孔,希,男,50,1196-01-01,1264-01-01,是,曹州,商人,,,,,,孔希俭，孔子第50代孙。,
孔希修,孔,希,男,50,1191-01-01,1274-01-01,是,定陶,官员,,,,,,孔希修，孔子第50代孙。,
马姑,孔,希,女,50,1192-01-01,1263-01-01,是,单县,学者,,,,,,马姑，孔子第50代孙。,
孔希俰,孔,希,男,50,1193-01-01,1274-01-01,是,成武,大夫,,,,,,孔希俰，孔子第50代孙。,
孔希俱,孔,希,男,50,1192-01-01,1265-01-01,是,巨野,士,,,,,,孔希俱，孔子第50代孙。,
李姑,孔,希,女,50,1193-01-01,1257-01-01,是,郓城,农,,,,,,李姑，孔子第50代孙。,
刘氏,孔,希,女,50,1196-01-01,1259-01-01,是,鄄城,商,,,,,,刘氏，孔子第50代孙。,
陈娘,孔,希,女,50,1190-01-01,1250-01-01,是,曲阜,儒,,,,,,陈娘，孔子第50代孙。,
杨姑,孔,希,女,50,1195-01-01,1273-01-01,是,滋阳,工部侍郎,,,,,,杨姑，孔子第50代孙。,
赵氏,孔,希,女,50,1193-01-01,1270-01-01,是,济宁,礼部尚书,,,,,,赵氏，孔子第50代孙。,
孔希俷,孔,希,男,50,1194-01-01,1271-01-01,是,邹县,知州,,,,,,孔希俷，孔子第50代孙。,
孔希俸,孔,希,男,50,1190-01-01,1251-01-01,是,滕县,知县,,,,,,孔希俸，孔子第50代孙。,
吴氏,孔,希,女,50,1192-01-01,1276-01-01,是,峄县,举人,,,,,,吴氏，孔子第50代孙。,
孔希俺,孔,希,男,50,1192-01-01,1252-01-01,是,金乡,进士,,,,,,孔希俺，孔子第50代孙。,
孔希俻,孔,希,男,50,1196-01-01,1271-01-01,是,鱼台,太学生,,,,,,孔希俻，孔子第50代孙。,
胡氏,孔,希,女,50,1193-01-01,1268-01-01,是,嘉祥,县丞,,,,,,胡氏，孔子第50代孙。,
孔希俽,孔,希,男,50,1195-01-01,1259-01-01,是,汶上,主簿,,,,,,孔希俽，孔子第50代孙。,
孔希俾,孔,希,男,50,1193-01-01,1258-01-01,是,泗水,训导,,,,,,孔希俾，孔子第50代孙。,
孔希俿,孔,希,男,50,1195-01-01,1262-01-01,是,宁阳,教谕,,,,,,孔希俿，孔子第50代孙。,
孔希倀,孔,希,男,50,1190-01-01,1267-01-01,是,兖州,商人,,,,,,孔希倀，孔子第50代孙。,
郭姑,孔,希,女,50,1194-01-01,1263-01-01,是,东平,官员,,,,,,郭姑，孔子第50代孙。,
孔希倂,孔,希,男,50,1196-01-01,1265-01-01,是,寿张,学者,,,,,,孔希倂，孔子第50代孙。,
张娘,孔,希,女,50,1196-01-01,1259-01-01,是,范县,大夫,,,,,,张娘，孔子第50代孙。,
孔希倄,孔,希,男,50,1191-01-01,1263-01-01,是,濮州,士,,,,,,孔希倄，孔子第50代孙。,
孔希倅,孔,希,男,50,1196-01-01,1276-01-01,是,开州,农,,,,,,孔希倅，孔子第50代孙。,
孔希倆,孔,希,男,50,1190-01-01,1257-01-01,是,长垣,商,,,,,,孔希倆，孔子第50代孙。,
孔希倇,孔,希,男,50,1191-01-01,1252-01-01,是,东明,儒,,,,,,孔希倇，孔子第50代孙。,
孔希倈,孔,希,男,50,1193-01-01,1260-01-01,是,荷泽,工部侍郎,,,,,,孔希倈，孔子第50代孙。,
孔希倉,孔,希,男,50,1190-01-01,1262-01-01,是,曹州,礼部尚书,,,,,,孔希倉，孔子第50代孙。,
孔希倊,孔,希,男,50,1190-01-01,1262-01-01,是,定陶,知州,,,,,,孔希倊，孔子第50代孙。,
周氏,孔,希,女,50,1192-01-01,1253-01-01,是,单县,知县,,,,,,周氏，孔子第50代孙。,
孔希倌,孔,希,男,50,1189-01-01,1253-01-01,是,成武,举人,,,,,,孔希倌，孔子第50代孙。,
孔希倍,孔,希,男,50,1190-01-01,1258-01-01,是,巨野,进士,,,,,,孔希倍，孔子第50代孙。,
孙氏,孔,希,女,50,1191-01-01,1266-01-01,是,郓城,太学生,,,,,,孙氏，孔子第50代孙。,
孔希倏,孔,希,男,50,1194-01-01,1270-01-01,是,鄄城,县丞,,,,,,孔希倏，孔子第50代孙。,
孔希倐,孔,希,男,50,1191-01-01,1274-01-01,是,曲阜,主簿,,,,,,孔希倐，孔子第50代孙。,
孔希們,孔,希,男,50,1190-01-01,1273-01-01,是,滋阳,训导,,,,,,孔希們，孔子第50代孙。,
林娘,孔,希,女,50,1192-01-01,1258-01-01,是,济宁,教谕,,,,,,林娘，孔子第50代孙。,
孔希倓,孔,希,男,50,1191-01-01,1258-01-01,是,邹县,商人,,,,,,孔希倓，孔子第50代孙。,
孔希倔,孔,希,男,50,1193-01-01,1272-01-01,是,滕县,官员,,,,,,孔希倔，孔子第50代孙。,
马娘,孔,希,女,50,1191-01-01,1253-01-01,是,峄县,学者,,,,,,马娘，孔子第50代孙。,
张姑,孔,希,女,50,1191-01-01,1257-01-01,是,金乡,大夫,,,,,,张姑，孔子第50代孙。,
王氏,孔,希,女,50,1194-01-01,1278-01-01,是,鱼台,士,,,,,,王氏，孔子第50代孙。,
孔希倘,孔,希,男,50,1190-01-01,1257-01-01,是,嘉祥,农,,,,,,孔希倘，孔子第50代孙。,
刘姑,孔,希,女,50,1193-01-01,1272-01-01,是,汶上,商,,,,,,刘姑，孔子第50代孙。,
陈氏,孔,希,女,50,1194-01-01,1273-01-01,是,泗水,儒,,,,,,陈氏，孔子第50代孙。,
孔希倛,孔,希,男,50,1190-01-01,1270-01-01,是,宁阳,工部侍郎,,,,,,孔希倛，孔子第50代孙。,
赵姑,孔,希,女,50,1189-01-01,1249-01-01,是,兖州,礼部尚书,,,,,,赵姑，孔子第50代孙。,
黄氏,孔,希,女,50,1194-01-01,1267-01-01,是,东平,知州,,,,,,黄氏，孔子第50代孙。,
孔希倞,孔,希,男,50,1194-01-01,1257-01-01,是,寿张,知县,,,,,,孔希倞，孔子第50代孙。,
吴姑,孔,希,女,50,1192-01-01,1264-01-01,是,范县,举人,,,,,,吴姑，孔子第50代孙。,
孔希倠,孔,希,男,50,1192-01-01,1274-01-01,是,濮州,进士,,,,,,孔希倠，孔子第50代孙。,
孙娘,孔,希,女,50,1192-01-01,1261-01-01,是,开州,太学生,,,,,,孙娘，孔子第50代孙。,
孔希倢,孔,希,男,50,1196-01-01,1277-01-01,是,长垣,县丞,,,,,,孔希倢，孔子第50代孙。,
孔希倣,孔,希,男,50,1194-01-01,1260-01-01,是,东明,主簿,,,,,,孔希倣，孔子第50代孙。,
孔希値,孔,希,男,50,1191-01-01,1273-01-01,是,荷泽,训导,,,,,,孔希値，孔子第50代孙。,
孔希倥,孔,希,男,50,1192-01-01,1261-01-01,是,曹州,教谕,,,,,,孔希倥，孔子第50代孙。,
何氏,孔,希,女,50,1192-01-01,1264-01-01,是,定陶,商人,,,,,,何氏，孔子第50代孙。,
郭娘,孔,希,女,50,1189-01-01,1257-01-01,是,单县,官员,,,,,,郭娘，孔子第50代孙。,
孔希倨,孔,希,男,50,1192-01-01,1272-01-01,是,成武,学者,,,,,,孔希倨，孔子第50代孙。,
孔希倩,孔,希,男,50,1189-01-01,1260-01-01,是,巨野,大夫,,,,,,孔希倩，孔子第50代孙。,
孔希倪,孔,希,男,50,1191-01-01,1252-01-01,是,郓城,士,,,,,,孔希倪，孔子第50代孙。,
孔希倫,孔,希,男,50,1191-01-01,1273-01-01,是,鄄城,农,,,,,,孔希倫，孔子第50代孙。,
孔希倬,孔,希,男,50,1196-01-01,1272-01-01,是,曲阜,商,,,,,,孔希倬，孔子第50代孙。,
陈娘,孔,希,女,50,1194-01-01,1271-01-01,是,滋阳,儒,,,,,,陈娘，孔子第50代孙。,
杨姑,孔,希,女,50,1189-01-01,1269-01-01,是,济宁,工部侍郎,,,,,,杨姑，孔子第50代孙。,
孔希倯,孔,希,男,50,1196-01-01,1274-01-01,是,邹县,礼部尚书,,,,,,孔希倯，孔子第50代孙。,
孔希倰,孔,希,男,50,1191-01-01,1271-01-01,是,滕县,知州,,,,,,孔希倰，孔子第50代孙。,
孔希倱,孔,希,男,50,1190-01-01,1253-01-01,是,峄县,知县,,,,,,孔希倱，孔子第50代孙。,
吴氏,孔,希,女,50,1196-01-01,1258-01-01,是,金乡,举人,,,,,,吴氏，孔子第50代孙。,
孔希倳,孔,希,男,50,1190-01-01,1269-01-01,是,鱼台,进士,,,,,,孔希倳，孔子第50代孙。,
孔希倴,孔,希,男,50,1195-01-01,1260-01-01,是,嘉祥,太学生,,,,,,孔希倴，孔子第50代孙。,
胡氏,孔,希,女,50,1195-01-01,1262-01-01,是,汶上,县丞,,,,,,胡氏，孔子第50代孙。,
孔希倶,孔,希,男,50,1189-01-01,1261-01-01,是,泗水,主簿,,,,,,孔希倶，孔子第50代孙。,
孔希倷,孔,希,男,50,1190-01-01,1255-01-01,是,宁阳,训导,,,,,,孔希倷，孔子第50代孙。,
林氏,孔,希,女,50,1189-01-01,1258-01-01,是,兖州,教谕,,,,,,林氏，孔子第50代孙。,
孔希倹,孔,希,男,50,1189-01-01,1261-01-01,是,东平,商人,,,,,,孔希倹，孔子第50代孙。,
郭姑,孔,希,女,50,1195-01-01,1272-01-01,是,寿张,官员,,,,,,郭姑，孔子第50代孙。,
孔希倻,孔,希,男,50,1191-01-01,1259-01-01,是,范县,学者,,,,,,孔希倻，孔子第50代孙。,
孔希值,孔,希,男,50,1195-01-01,1276-01-01,是,濮州,大夫,,,,,,孔希值，孔子第50代孙。,
孔希倽,孔,希,男,50,1191-01-01,1273-01-01,是,开州,士,,,,,,孔希倽，孔子第50代孙。,
李氏,孔,希,女,50,1194-01-01,1265-01-01,是,长垣,农,,,,,,李氏，孔子第50代孙。,
孔希倿,孔,希,男,50,1189-01-01,1265-01-01,是,东明,商,,,,,,孔希倿，孔子第50代孙。,
孔希偀,孔,希,男,50,1192-01-01,1257-01-01,是,荷泽,儒,,,,,,孔希偀，孔子第50代孙。,
孔希偁,孔,希,男,50,1189-01-01,1268-01-01,是,曹州,工部侍郎,,,,,,孔希偁，孔子第50代孙。,
赵娘,孔,希,女,50,1191-01-01,1254-01-01,是,定陶,礼部尚书,,,,,,赵娘，孔子第50代孙。,
孔希偃,孔,希,男,50,1191-01-01,1272-01-01,是,单县,知州,,,,,,孔希偃，孔子第50代孙。,
周氏,孔,希,女,50,1196-01-01,1265-01-01,是,成武,知县,,,,,,周氏，孔子第50代孙。,
孔希偅,孔,希,男,50,1191-01-01,1269-01-01,是,巨野,举人,,,,,,孔希偅，孔子第50代孙。,
孔希偆,孔,希,男,50,1195-01-01,1278-01-01,是,郓城,进士,,,,,,孔希偆，孔子第50代孙。,
孙氏,孔,希,女,50,1193-01-01,1258-01-01,是,鄄城,太学生,,,,,,孙氏，孔子第50代孙。,
孔希偈,孔,希,男,50,1196-01-01,1278-01-01,是,曲阜,县丞,,,,,,孔希偈，孔子第50代孙。,
朱姑,孔,希,女,50,1192-01-01,1252-01-01,是,滋阳,主簿,,,,,,朱姑，孔子第50代孙。,
孔希偊,孔,希,男,50,1191-01-01,1253-01-01,是,济宁,训导,,,,,,孔希偊，孔子第50代孙。,
孔希偋,孔,希,男,50,1195-01-01,1256-01-01,是,邹县,教谕,,,,,,孔希偋，孔子第50代孙。,
孔希偌,孔,希,男,50,1196-01-01,1280-01-01,是,滕县,商人,,,,,,孔希偌，孔子第50代孙。,
孔希偍,孔,希,男,50,1194-01-01,1277-01-01,是,峄县,官员,,,,,,孔希偍，孔子第50代孙。,
孔希偎,孔,希,男,50,1196-01-01,1279-01-01,是,金乡,学者,,,,,,孔希偎，孔子第50代孙。,
孔希偏,孔,希,男,50,1194-01-01,1270-01-01,是,鱼台,大夫,,,,,,孔希偏，孔子第50代孙。,
王氏,孔,希,女,50,1193-01-01,1274-01-01,是,嘉祥,士,,,,,,王氏，孔子第50代孙。,
孔希偑,孔,希,男,50,1189-01-01,1265-01-01,是,汶上,农,,,,,,孔希偑，孔子第50代孙。,
孔希偒,孔,希,男,50,1194-01-01,1267-01-01,是,泗水,商,,,,,,孔希偒，孔子第50代孙。,
孔希偓,孔,希,男,50,1196-01-01,1262-01-01,是,宁阳,儒,,,,,,孔希偓，孔子第50代孙。,
杨娘,孔,希,女,50,1190-01-01,1273-01-01,是,兖州,工部侍郎,,,,,,杨娘，孔子第50代孙。,
赵姑,孔,希,女,50,1194-01-01,1265-01-01,是,东平,礼部尚书,,,,,,赵姑，孔子第50代孙。,
孔希偖,孔,希,男,50,1191-01-01,1274-01-01,是,寿张,知州,,,,,,孔希偖，孔子第50代孙。,
周娘,孔,希,女,50,1190-01-01,1261-01-01,是,范县,知县,,,,,,周娘，孔子第50代孙。,
孔希偘,孔,希,男,50,1189-01-01,1257-01-01,是,濮州,举人,,,,,,孔希偘，孔子第50代孙。,
孔希偙,孔,希,男,50,1192-01-01,1264-01-01,是,开州,进士,,,,,,孔希偙，孔子第50代孙。,
孔希做,孔,希,男,50,1193-01-01,1256-01-01,是,长垣,太学生,,,,,,孔希做，孔子第50代孙。,
孔希偛,孔,希,男,50,1193-01-01,1256-01-01,是,东明,县丞,,,,,,孔希偛，孔子第50代孙。,
朱氏,孔,希,女,50,1189-01-01,1263-01-01,是,荷泽,主簿,,,,,,朱氏，孔子第50代孙。,
高娘,孔,希,女,50,1195-01-01,1272-01-01,是,曹州,训导,,,,,,高娘，孔子第50代孙。,
林姑,孔,希,女,50,1194-01-01,1259-01-01,是,定陶,教谕,,,,,,林姑，孔子第50代孙。,
孔希偟,孔,希,男,50,1192-01-01,1269-01-01,是,单县,商人,,,,,,孔希偟，孔子第50代孙。,
孔希偠,孔,希,男,50,1195-01-01,1278-01-01,是,成武,官员,,,,,,孔希偠，孔子第50代孙。,
孔希偡,孔,希,男,50,1193-01-01,1259-01-01,是,巨野,学者,,,,,,孔希偡，孔子第50代孙。,
孔言偢,孔,言,男,51,1224-01-01,1290-01-01,是,郓城,大夫,,,,,,孔言偢，孔子第51代孙。,
王娘,孔,言,女,51,1218-01-01,1293-01-01,是,鄄城,士,,,,,,王娘，孔子第51代孙。,
孔言偤,孔,言,男,51,1218-01-01,1281-01-01,是,曲阜,农,,,,,,孔言偤，孔子第51代孙。,
孔言健,孔,言,男,51,1224-01-01,1307-01-01,是,滋阳,商,,,,,,孔言健，孔子第51代孙。,
陈娘,孔,言,女,51,1218-01-01,1279-01-01,是,济宁,儒,,,,,,陈娘，孔子第51代孙。,
孔言偧,孔,言,男,51,1219-01-01,1298-01-01,是,邹县,工部侍郎,,,,,,孔言偧，孔子第51代孙。,
孔言偨,孔,言,男,51,1217-01-01,1279-01-01,是,滕县,礼部尚书,,,,,,孔言偨，孔子第51代孙。,
孔言偩,孔,言,男,51,1220-01-01,1292-01-01,是,峄县,知州,,,,,,孔言偩，孔子第51代孙。,
周姑,孔,言,女,51,1217-01-01,1300-01-01,是,金乡,知县,,,,,,周姑，孔子第51代孙。,
孔言偫,孔,言,男,51,1222-01-01,1303-01-01,是,鱼台,举人,,,,,,孔言偫，孔子第51代孙。,
孔言偬,孔,言,男,51,1221-01-01,1303-01-01,是,嘉祥,进士,,,,,,孔言偬，孔子第51代孙。,
孙姑,孔,言,女,51,1223-01-01,1297-01-01,是,汶上,太学生,,,,,,孙姑，孔子第51代孙。,
孔言偮,孔,言,男,51,1223-01-01,1289-01-01,是,泗水,县丞,,,,,,孔言偮，孔子第51代孙。,
孔言偯,孔,言,男,51,1224-01-01,1295-01-01,是,宁阳,主簿,,,,,,孔言偯，孔子第51代孙。,
孔言偰,孔,言,男,51,1219-01-01,1296-01-01,是,兖州,训导,,,,,,孔言偰，孔子第51代孙。,
孔言偱,孔,言,男,51,1219-01-01,1302-01-01,是,东平,教谕,,,,,,孔言偱，孔子第51代孙。,
孔言偲,孔,言,男,51,1220-01-01,1297-01-01,是,寿张,商人,,,,,,孔言偲，孔子第51代孙。,
郭姑,孔,言,女,51,1220-01-01,1294-01-01,是,范县,官员,,,,,,郭姑，孔子第51代孙。,
马氏,孔,言,女,51,1220-01-01,1301-01-01,是,濮州,学者,,,,,,马氏，孔子第51代孙。,
张娘,孔,言,女,51,1220-01-01,1290-01-01,是,开州,大夫,,,,,,张娘，孔子第51代孙。,
王姑,孔,言,女,51,1220-01-01,1292-01-01,是,长垣,士,,,,,,王姑，孔子第51代孙。,
孔言偷,孔,言,男,51,1217-01-01,1301-01-01,是,东明,农,,,,,,孔言偷，孔子第51代孙。,
孔言偸,孔,言,男,51,1220-01-01,1280-01-01,是,荷泽,商,,,,,,孔言偸，孔子第51代孙。,
孔言偹,孔,言,男,51,1221-01-01,1304-01-01,是,曹州,儒,,,,,,孔言偹，孔子第51代孙。,
杨氏,孔,言,女,51,1220-01-01,1304-01-01,是,定陶,工部侍郎,,,,,,杨氏，孔子第51代孙。,
赵娘,孔,言,女,51,1221-01-01,1289-01-01,是,单县,礼部尚书,,,,,,赵娘，孔子第51代孙。,
黄姑,孔,言,女,51,1221-01-01,1287-01-01,是,成武,知州,,,,,,黄姑，孔子第51代孙。,
孔言偽,孔,言,男,51,1223-01-01,1293-01-01,是,巨野,知县,,,,,,孔言偽，孔子第51代孙。,
吴娘,孔,言,女,51,1222-01-01,1292-01-01,是,郓城,举人,,,,,,吴娘，孔子第51代孙。,
孔言偿,孔,言,男,51,1219-01-01,1291-01-01,是,鄄城,进士,,,,,,孔言偿，孔子第51代孙。,
孔言傀,孔,言,男,51,1217-01-01,1279-01-01,是,曲阜,太学生,,,,,,孔言傀，孔子第51代孙。,
孔言傁,孔,言,男,51,1220-01-01,1297-01-01,是,滋阳,县丞,,,,,,孔言傁，孔子第51代孙。,
孔言傂,孔,言,男,51,1219-01-01,1299-01-01,是,济宁,主簿,,,,,,孔言傂，孔子第51代孙。,
孔言傃,孔,言,男,51,1222-01-01,1302-01-01,是,邹县,训导,,,,,,孔言傃，孔子第51代孙。,
孔言傄,孔,言,男,51,1222-01-01,1299-01-01,是,滕县,教谕,,,,,,孔言傄，孔子第51代孙。,
孔言傅,孔,言,男,51,1219-01-01,1284-01-01,是,峄县,商人,,,,,,孔言傅，孔子第51代孙。,
孔言傆,孔,言,男,51,1223-01-01,1284-01-01,是,金乡,官员,,,,,,孔言傆，孔子第51代孙。,
马娘,孔,言,女,51,1221-01-01,1283-01-01,是,鱼台,学者,,,,,,马娘，孔子第51代孙。,
孔言傈,孔,言,男,51,1224-01-01,1292-01-01,是,嘉祥,大夫,,,,,,孔言傈，孔子第51代孙。,
王氏,孔,言,女,51,1223-01-01,1294-01-01,是,汶上,士,,,,,,王氏，孔子第51代孙。,
李娘,孔,言,女,51,1218-01-01,1295-01-01,是,泗水,农,,,,,,李娘，孔子第51代孙。,
孔言傋,孔,言,男,51,1224-01-01,1284-01-01,是,宁阳,商,,,,,,孔言傋，孔子第51代孙。,
孔言傌,孔,言,男,51,1223-01-01,1286-01-01,是,兖州,儒,,,,,,孔言傌，孔子第51代孙。,
孔言傍,孔,言,男,51,1219-01-01,1281-01-01,是,东平,工部侍郎,,,,,,孔言傍，孔子第51代孙。,
孔言傎,孔,言,男,51,1221-01-01,1291-01-01,是,寿张,礼部尚书,,,,,,孔言傎，孔子第51代孙。,
孔言傏,孔,言,男,51,1218-01-01,1299-01-01,是,范县,知州,,,,,,孔言傏，孔子第51代孙。,
周娘,孔,言,女,51,1217-01-01,1289-01-01,是,濮州,知县,,,,,,周娘，孔子第51代孙。,
孔言傑,孔,言,男,51,1223-01-01,1297-01-01,是,开州,举人,,,,,,孔言傑，孔子第51代孙。,
孔言傒,孔,言,男,51,1224-01-01,1307-01-01,是,长垣,进士,,,,,,孔言傒，孔子第51代孙。,
孔言傓,孔,言,男,51,1224-01-01,1290-01-01,是,东明,太学生,,,,,,孔言傓，孔子第51代孙。,
孔言傔,孔,言,男,51,1222-01-01,1298-01-01,是,荷泽,县丞,,,,,,孔言傔，孔子第51代孙。,
朱氏,孔,言,女,51,1224-01-01,1304-01-01,是,曹州,主簿,,,,,,朱氏，孔子第51代孙。,
孔言傖,孔,言,男,51,1224-01-01,1296-01-01,是,定陶,训导,,,,,,孔言傖，孔子第51代孙。,
林姑,孔,言,女,51,1218-01-01,1288-01-01,是,单县,教谕,,,,,,林姑，孔子第51代孙。,
孔言傘,孔,言,男,51,1218-01-01,1288-01-01,是,成武,商人,,,,,,孔言傘，孔子第51代孙。,
孔言備,孔,言,男,51,1218-01-01,1290-01-01,是,巨野,官员,,,,,,孔言備，孔子第51代孙。,
孔言傚,孔,言,男,51,1222-01-01,1306-01-01,是,郓城,学者,,,,,,孔言傚，孔子第51代孙。,
孔言傛,孔,言,男,51,1219-01-01,1289-01-01,是,鄄城,大夫,,,,,,孔言傛，孔子第51代孙。,
孔言傜,孔,言,男,51,1220-01-01,1285-01-01,是,曲阜,士,,,,,,孔言傜，孔子第51代孙。,
孔言傝,孔,言,男,51,1221-01-01,1288-01-01,是,滋阳,农,,,,,,孔言傝，孔子第51代孙。,
孔言傞,孔,言,男,51,1220-01-01,1283-01-01,是,济宁,商,,,,,,孔言傞，孔子第51代孙。,
孔言傟,孔,言,男,51,1222-01-01,1288-01-01,是,邹县,儒,,,,,,孔言傟，孔子第51代孙。,
孔言傠,孔,言,男,51,1223-01-01,1286-01-01,是,滕县,工部侍郎,,,,,,孔言傠，孔子第51代孙。,
赵氏,孔,言,女,51,1218-01-01,1283-01-01,是,峄县,礼部尚书,,,,,,赵氏，孔子第51代孙。,
孔言傢,孔,言,男,51,1224-01-01,1300-01-01,是,金乡,知州,,,,,,孔言傢，孔子第51代孙。,
周姑,孔,言,女,51,1222-01-01,1287-01-01,是,鱼台,知县,,,,,,周姑，孔子第51代孙。,
孔言傤,孔,言,男,51,1220-01-01,1281-01-01,是,嘉祥,举人,,,,,,孔言傤，孔子第51代孙。,
孔言傥,孔,言,男,51,1218-01-01,1295-01-01,是,汶上,进士,,,,,,孔言傥，孔子第51代孙。,
孔言傦,孔,言,男,51,1219-01-01,1282-01-01,是,泗水,太学生,,,,,,孔言傦，孔子第51代孙。,
孔言傧,孔,言,男,51,1224-01-01,1287-01-01,是,宁阳,县丞,,,,,,孔言傧，孔子第51代孙。,
朱娘,孔,言,女,51,1224-01-01,1304-01-01,是,兖州,主簿,,,,,,朱娘，孔子第51代孙。,
孔言傩,孔,言,男,51,1223-01-01,1303-01-01,是,东平,训导,,,,,,孔言傩，孔子第51代孙。,
孔言傪,孔,言,男,51,1222-01-01,1291-01-01,是,寿张,教谕,,,,,,孔言傪，孔子第51代孙。,
孔言傫,孔,言,男,51,1222-01-01,1296-01-01,是,范县,商人,,,,,,孔言傫，孔子第51代孙。,
郭姑,孔,言,女,51,1218-01-01,1289-01-01,是,濮州,官员,,,,,,郭姑，孔子第51代孙。,
马氏,孔,言,女,51,1220-01-01,1299-01-01,是,开州,学者,,,,,,马氏，孔子第51代孙。,
张娘,孔,言,女,51,1222-01-01,1301-01-01,是,长垣,大夫,,,,,,张娘，孔子第51代孙。,
孔言傯,孔,言,男,51,1223-01-01,1284-01-01,是,东明,士,,,,,,孔言傯，孔子第51代孙。,
孔言傰,孔,言,男,51,1224-01-01,1291-01-01,是,荷泽,农,,,,,,孔言傰，孔子第51代孙。,
孔言傱,孔,言,男,51,1223-01-01,1304-01-01,是,曹州,商,,,,,,孔言傱，孔子第51代孙。,
陈姑,孔,言,女,51,1221-01-01,1305-01-01,是,定陶,儒,,,,,,陈姑，孔子第51代孙。,
孔言傳,孔,言,男,51,1221-01-01,1290-01-01,是,单县,工部侍郎,,,,,,孔言傳，孔子第51代孙。,
孔言傴,孔,言,男,51,1223-01-01,1303-01-01,是,成武,礼部尚书,,,,,,孔言傴，孔子第51代孙。,
黄姑,孔,言,女,51,1220-01-01,1295-01-01,是,巨野,知州,,,,,,黄姑，孔子第51代孙。,
孔言傶,孔,言,男,51,1222-01-01,1305-01-01,是,郓城,知县,,,,,,孔言傶，孔子第51代孙。,
孔言傷,孔,言,男,51,1223-01-01,1286-01-01,是,鄄城,举人,,,,,,孔言傷，孔子第51代孙。,
孔言傸,孔,言,男,51,1217-01-01,1282-01-01,是,曲阜,进士,,,,,,孔言傸，孔子第51代孙。,
孔言傹,孔,言,男,51,1220-01-01,1294-01-01,是,滋阳,太学生,,,,,,孔言傹，孔子第51代孙。,
胡娘,孔,言,女,51,1224-01-01,1288-01-01,是,济宁,县丞,,,,,,胡娘，孔子第51代孙。,
孔言傻,孔,言,男,51,1220-01-01,1300-01-01,是,邹县,主簿,,,,,,孔言傻，孔子第51代孙。,
孔言傼,孔,言,男,51,1219-01-01,1293-01-01,是,滕县,训导,,,,,,孔言傼，孔子第51代孙。,
孔言傽,孔,言,男,51,1220-01-01,1300-01-01,是,峄县,教谕,,,,,,孔言傽，孔子第51代孙。,
孔言傾,孔,言,男,51,1217-01-01,1301-01-01,是,金乡,商人,,,,,,孔言傾，孔子第51代孙。,
孔言傿,孔,言,男,51,1220-01-01,1289-01-01,是,鱼台,官员,,,,,,孔言傿，孔子第51代孙。,
马娘,孔,言,女,51,1221-01-01,1300-01-01,是,嘉祥,学者,,,,,,马娘，孔子第51代孙。,
孔言僁,孔,言,男,51,1220-01-01,1280-01-01,是,汶上,大夫,,,,,,孔言僁，孔子第51代孙。,
孔言僂,孔,言,男,51,1222-01-01,1291-01-01,是,泗水,士,,,,,,孔言僂，孔子第51代孙。,
孔言僃,孔,言,男,51,1217-01-01,1291-01-01,是,宁阳,农,,,,,,孔言僃，孔子第51代孙。,
孔言僄,孔,言,男,51,1222-01-01,1293-01-01,是,兖州,商,,,,,,孔言僄，孔子第51代孙。,
陈氏,孔,言,女,51,1221-01-01,1301-01-01,是,东平,儒,,,,,,陈氏，孔子第51代孙。,
孔言僆,孔,言,男,51,1217-01-01,1280-01-01,是,寿张,工部侍郎,,,,,,孔言僆，孔子第51代孙。,
孔言僇,孔,言,男,51,1221-01-01,1304-01-01,是,范县,礼部尚书,,,,,,孔言僇，孔子第51代孙。,
孔言僈,孔,言,男,51,1224-01-01,1303-01-01,是,濮州,知州,,,,,,孔言僈，孔子第51代孙。,
孔言僉,孔,言,男,51,1221-01-01,1290-01-01,是,开州,知县,,,,,,孔言僉，孔子第51代孙。,
孔言僊,孔,言,男,51,1220-01-01,1294-01-01,是,长垣,举人,,,,,,孔言僊，孔子第51代孙。,
孔言僋,孔,言,男,51,1218-01-01,1286-01-01,是,东明,进士,,,,,,孔言僋，孔子第51代孙。,
孔言僌,孔,言,男,51,1218-01-01,1294-01-01,是,荷泽,太学生,,,,,,孔言僌，孔子第51代孙。,
胡姑,孔,言,女,51,1224-01-01,1289-01-01,是,曹州,县丞,,,,,,胡姑，孔子第51代孙。,
孔言僎,孔,言,男,51,1221-01-01,1305-01-01,是,定陶,主簿,,,,,,孔言僎，孔子第51代孙。,
孔言像,孔,言,男,51,1223-01-01,1286-01-01,是,单县,训导,,,,,,孔言像，孔子第51代孙。,
林姑,孔,言,女,51,1217-01-01,1300-01-01,是,成武,教谕,,,,,,林姑，孔子第51代孙。,
孔言僑,孔,言,男,51,1218-01-01,1297-01-01,是,巨野,商人,,,,,,孔言僑，孔子第51代孙。,
孔言僒,孔,言,男,51,1220-01-01,1298-01-01,是,郓城,官员,,,,,,孔言僒，孔子第51代孙。,
孔言僓,孔,言,男,51,1220-01-01,1283-01-01,是,鄄城,学者,,,,,,孔言僓，孔子第51代孙。,
张氏,孔,言,女,51,1221-01-01,1289-01-01,是,曲阜,大夫,,,,,,张氏，孔子第51代孙。,
孔言僕,孔,言,男,51,1218-01-01,1293-01-01,是,滋阳,士,,,,,,孔言僕，孔子第51代孙。,
孔言僖,孔,言,男,51,1223-01-01,1294-01-01,是,济宁,农,,,,,,孔言僖，孔子第51代孙。,
孔言僗,孔,言,男,51,1218-01-01,1286-01-01,是,邹县,商,,,,,,孔言僗，孔子第51代孙。,
陈娘,孔,言,女,51,1221-01-01,1288-01-01,是,滕县,儒,,,,,,陈娘，孔子第51代孙。,
孔言僙,孔,言,男,51,1221-01-01,1295-01-01,是,峄县,工部侍郎,,,,,,孔言僙，孔子第51代孙。,
孔言僚,孔,言,男,51,1217-01-01,1279-01-01,是,金乡,礼部尚书,,,,,,孔言僚，孔子第51代孙。,
黄娘,孔,言,女,51,1219-01-01,1287-01-01,是,鱼台,知州,,,,,,黄娘，孔子第51代孙。,
孔言僜,孔,言,男,51,1218-01-01,1288-01-01,是,嘉祥,知县,,,,,,孔言僜，孔子第51代孙。,
吴氏,孔,言,女,51,1219-01-01,1292-01-01,是,汶上,举人,,,,,,吴氏，孔子第51代孙。,
徐娘,孔,言,女,51,1219-01-01,1293-01-01,是,泗水,进士,,,,,,徐娘，孔子第51代孙。,
孔言僟,孔,言,男,51,1220-01-01,1281-01-01,是,宁阳,太学生,,,,,,孔言僟，孔子第51代孙。,
胡氏,孔,言,女,51,1224-01-01,1302-01-01,是,兖州,县丞,,,,,,胡氏，孔子第51代孙。,
孔言僡,孔,言,男,51,1217-01-01,1292-01-01,是,东平,主簿,,,,,,孔言僡，孔子第51代孙。,
孔言僢,孔,言,男,51,1224-01-01,1297-01-01,是,寿张,训导,,,,,,孔言僢，孔子第51代孙。,
孔言僣,孔,言,男,51,1217-01-01,1278-01-01,是,范县,教谕,,,,,,孔言僣，孔子第51代孙。,
何娘,孔,言,女,51,1224-01-01,1288-01-01,是,濮州,商人,,,,,,何娘，孔子第51代孙。,
孔言僥,孔,言,男,51,1220-01-01,1286-01-01,是,开州,官员,,,,,,孔言僥，孔子第51代孙。,
马氏,孔,言,女,51,1219-01-01,1293-01-01,是,长垣,学者,,,,,,马氏，孔子第51代孙。,
张娘,孔,言,女,51,1219-01-01,1280-01-01,是,东明,大夫,,,,,,张娘，孔子第51代孙。,
王姑,孔,言,女,51,1217-01-01,1299-01-01,是,荷泽,士,,,,,,王姑，孔子第51代孙。,
孔言僩,孔,言,男,51,1222-01-01,1306-01-01,是,曹州,农,,,,,,孔言僩，孔子第51代孙。,
刘娘,孔,言,女,51,1217-01-01,1297-01-01,是,定陶,商,,,,,,刘娘，孔子第51代孙。,
陈姑,孔,言,女,51,1220-01-01,1303-01-01,是,单县,儒,,,,,,陈姑，孔子第51代孙。,
孔言僬,孔,言,男,51,1224-01-01,1287-01-01,是,成武,工部侍郎,,,,,,孔言僬，孔子第51代孙。,
孔言僭,孔,言,男,51,1221-01-01,1304-01-01,是,巨野,礼部尚书,,,,,,孔言僭，孔子第51代孙。,
孔言僮,孔,言,男,51,1220-01-01,1286-01-01,是,郓城,知州,,,,,,孔言僮，孔子第51代孙。,
孔言僯,孔,言,男,51,1221-01-01,1284-01-01,是,鄄城,知县,,,,,,孔言僯，孔子第51代孙。,
吴娘,孔,言,女,51,1223-01-01,1285-01-01,是,曲阜,举人,,,,,,吴娘，孔子第51代孙。,
孔言僱,孔,言,男,51,1218-01-01,1302-01-01,是,滋阳,进士,,,,,,孔言僱，孔子第51代孙。,
孔言僲,孔,言,男,51,1224-01-01,1289-01-01,是,济宁,太学生,,,,,,孔言僲，孔子第51代孙。,
孔言僳,孔,言,男,51,1219-01-01,1288-01-01,是,邹县,县丞,,,,,,孔言僳，孔子第51代孙。,
孔言僴,孔,言,男,51,1224-01-01,1293-01-01,是,滕县,主簿,,,,,,孔言僴，孔子第51代孙。,
孔言僵,孔,言,男,51,1220-01-01,1303-01-01,是,峄县,训导,,,,,,孔言僵，孔子第51代孙。,
孔言僶,孔,言,男,51,1219-01-01,1279-01-01,是,金乡,教谕,,,,,,孔言僶，孔子第51代孙。,
何姑,孔,言,女,51,1218-01-01,1293-01-01,是,鱼台,商人,,,,,,何姑，孔子第51代孙。,
孔言僸,孔,言,男,51,1219-01-01,1300-01-01,是,嘉祥,官员,,,,,,孔言僸，孔子第51代孙。,
马娘,孔,言,女,51,1217-01-01,1293-01-01,是,汶上,学者,,,,,,马娘，孔子第51代孙。,
孔言僺,孔,言,男,51,1221-01-01,1302-01-01,是,泗水,大夫,,,,,,孔言僺，孔子第51代孙。,
孔言僻,孔,言,男,51,1217-01-01,1297-01-01,是,宁阳,士,,,,,,孔言僻，孔子第51代孙。,
孔言僼,孔,言,男,51,1217-01-01,1293-01-01,是,兖州,农,,,,,,孔言僼，孔子第51代孙。,
刘姑,孔,言,女,51,1219-01-01,1297-01-01,是,东平,商,,,,,,刘姑，孔子第51代孙。,
陈氏,孔,言,女,51,1221-01-01,1290-01-01,是,寿张,儒,,,,,,陈氏，孔子第51代孙。,
孔言僿,孔,言,男,51,1220-01-01,1284-01-01,是,范县,工部侍郎,,,,,,孔言僿，孔子第51代孙。,
赵姑,孔,言,女,51,1219-01-01,1282-01-01,是,濮州,礼部尚书,,,,,,赵姑，孔子第51代孙。,
孔言儁,孔,言,男,51,1224-01-01,1284-01-01,是,开州,知州,,,,,,孔言儁，孔子第51代孙。,
周娘,孔,言,女,51,1223-01-01,1288-01-01,是,长垣,知县,,,,,,周娘，孔子第51代孙。,
孔言儃,孔,言,男,51,1222-01-01,1290-01-01,是,东明,举人,,,,,,孔言儃，孔子第51代孙。,
孔言億,孔,言,男,51,1217-01-01,1293-01-01,是,荷泽,进士,,,,,,孔言億，孔子第51代孙。,
孙娘,孔,言,女,51,1217-01-01,1294-01-01,是,曹州,太学生,,,,,,孙娘，孔子第51代孙。,
胡姑,孔,言,女,51,1222-01-01,1287-01-01,是,定陶,县丞,,,,,,胡姑，孔子第51代孙。,
孔言儇,孔,言,男,51,1224-01-01,1298-01-01,是,单县,主簿,,,,,,孔言儇，孔子第51代孙。,
高娘,孔,言,女,51,1221-01-01,1285-01-01,是,成武,训导,,,,,,高娘，孔子第51代孙。,
孔言儉,孔,言,男,51,1217-01-01,1298-01-01,是,巨野,教谕,,,,,,孔言儉，孔子第51代孙。,
何氏,孔,言,女,51,1221-01-01,1296-01-01,是,郓城,商人,,,,,,何氏，孔子第51代孙。,
孔言儋,孔,言,男,51,1218-01-01,1302-01-01,是,鄄城,官员,,,,,,孔言儋，孔子第51代孙。,
孔言儌,孔,言,男,51,1223-01-01,1299-01-01,是,曲阜,学者,,,,,,孔言儌，孔子第51代孙。,
张氏,孔,言,女,51,1224-01-01,1290-01-01,是,滋阳,大夫,,,,,,张氏，孔子第51代孙。,
孔言儎,孔,言,男,51,1221-01-01,1300-01-01,是,济宁,士,,,,,,孔言儎，孔子第51代孙。,
李姑,孔,言,女,51,1218-01-01,1285-01-01,是,邹县,农,,,,,,李姑，孔子第51代孙。,
孔言儐,孔,言,男,51,1218-01-01,1288-01-01,是,滕县,商,,,,,,孔言儐，孔子第51代孙。,
孔言儑,孔,言,男,51,1224-01-01,1287-01-01,是,峄县,儒,,,,,,孔言儑，孔子第51代孙。,
杨姑,孔,言,女,51,1222-01-01,1293-01-01,是,金乡,工部侍郎,,,,,,杨姑，孔子第51代孙。,
赵氏,孔,言,女,51,1219-01-01,1282-01-01,是,鱼台,礼部尚书,,,,,,赵氏，孔子第51代孙。,
孔言儔,孔,言,男,51,1219-01-01,1280-01-01,是,嘉祥,知州,,,,,,孔言儔，孔子第51代孙。,
孔言儕,孔,言,男,51,1222-01-01,1296-01-01,是,汶上,知县,,,,,,孔言儕，孔子第51代孙。,
孔言儖,孔,言,男,51,1221-01-01,1304-01-01,是,泗水,举人,,,,,,孔言儖，孔子第51代孙。,
徐娘,孔,言,女,51,1222-01-01,1298-01-01,是,宁阳,进士,,,,,,徐娘，孔子第51代孙。,
孙姑,孔,言,女,51,1217-01-01,1281-01-01,是,兖州,太学生,,,,,,孙姑，孔子第51代孙。,
孔言儙,孔,言,男,51,1223-01-01,1304-01-01,是,东平,县丞,,,,,,孔言儙，孔子第51代孙。,
孔言儚,孔,言,男,51,1218-01-01,1283-01-01,是,寿张,主簿,,,,,,孔言儚，孔子第51代孙。,
高姑,孔,言,女,51,1220-01-01,1303-01-01,是,范县,训导,,,,,,高姑，孔子第51代孙。,
孔言儜,孔,言,男,51,1222-01-01,1298-01-01,是,濮州,教谕,,,,,,孔言儜，孔子第51代孙。,
何娘,孔,言,女,51,1223-01-01,1294-01-01,是,开州,商人,,,,,,何娘，孔子第51代孙。,
孔言儞,孔,言,男,51,1218-01-01,1289-01-01,是,长垣,官员,,,,,,孔言儞，孔子第51代孙。,
孔言償,孔,言,男,51,1218-01-01,1280-01-01,是,东明,学者,,,,,,孔言償，孔子第51代孙。,
张娘,孔,言,女,51,1219-01-01,1303-01-01,是,荷泽,大夫,,,,,,张娘，孔子第51代孙。,
王姑,孔,言,女,51,1219-01-01,1292-01-01,是,曹州,士,,,,,,王姑，孔子第51代孙。,
孔言儢,孔,言,男,51,1224-01-01,1307-01-01,是,定陶,农,,,,,,孔言儢，孔子第51代孙。,
孔言儣,孔,言,男,51,1221-01-01,1300-01-01,是,单县,商,,,,,,孔言儣，孔子第51代孙。,
孔言儤,孔,言,男,51,1217-01-01,1288-01-01,是,成武,儒,,,,,,孔言儤，孔子第51代孙。,
杨氏,孔,言,女,51,1217-01-01,1294-01-01,是,巨野,工部侍郎,,,,,,杨氏，孔子第51代孙。,
孔言儦,孔,言,男,51,1224-01-01,1286-01-01,是,郓城,礼部尚书,,,,,,孔言儦，孔子第51代孙。,
孔言儧,孔,言,男,51,1218-01-01,1301-01-01,是,鄄城,知州,,,,,,孔言儧，孔子第51代孙。,
孔言儨,孔,言,男,51,1223-01-01,1283-01-01,是,曲阜,知县,,,,,,孔言儨，孔子第51代孙。,
孔言儩,孔,言,男,51,1222-01-01,1282-01-01,是,滋阳,举人,,,,,,孔言儩，孔子第51代孙。,
徐姑,孔,言,女,51,1223-01-01,1292-01-01,是,济宁,进士,,,,,,徐姑，孔子第51代孙。,
孙氏,孔,言,女,51,1220-01-01,1281-01-01,是,邹县,太学生,,,,,,孙氏，孔子第51代孙。,
孔言儬,孔,言,男,51,1222-01-01,1287-01-01,是,滕县,县丞,,,,,,孔言儬，孔子第51代孙。,
孔言儭,孔,言,男,51,1217-01-01,1287-01-01,是,峄县,主簿,,,,,,孔言儭，孔子第51代孙。,
孔言儮,孔,言,男,51,1219-01-01,1288-01-01,是,金乡,训导,,,,,,孔言儮，孔子第51代孙。,
孔言儯,孔,言,男,51,1223-01-01,1285-01-01,是,鱼台,教谕,,,,,,孔言儯，孔子第51代孙。,
孔言儰,孔,言,男,51,1223-01-01,1286-01-01,是,嘉祥,商人,,,,,,孔言儰，孔子第51代孙。,
孔言儱,孔,言,男,51,1224-01-01,1284-01-01,是,汶上,官员,,,,,,孔言儱，孔子第51代孙。,
孔言儲,孔,言,男,51,1217-01-01,1287-01-01,是,泗水,学者,,,,,,孔言儲，孔子第51代孙。,
孔言儳,孔,言,男,51,1218-01-01,1296-01-01,是,宁阳,大夫,,,,,,孔言儳，孔子第51代孙。,
王氏,孔,言,女,51,1219-01-01,1284-01-01,是,兖州,士,,,,,,王氏，孔子第51代孙。,
李娘,孔,言,女,51,1217-01-01,1300-01-01,是,东平,农,,,,,,李娘，孔子第51代孙。,
刘姑,孔,言,女,51,1223-01-01,1305-01-01,是,寿张,商,,,,,,刘姑，孔子第51代孙。,
孔言儷,孔,言,男,51,1220-01-01,1280-01-01,是,范县,儒,,,,,,孔言儷，孔子第51代孙。,
孔言儸,孔,言,男,51,1222-01-01,1288-01-01,是,濮州,工部侍郎,,,,,,孔言儸，孔子第51代孙。,
孔言儹,孔,言,男,51,1224-01-01,1305-01-01,是,开州,礼部尚书,,,,,,孔言儹，孔子第51代孙。,
孔言儺,孔,言,男,51,1219-01-01,1291-01-01,是,长垣,知州,,,,,,孔言儺，孔子第51代孙。,
孔言儻,孔,言,男,51,1224-01-01,1291-01-01,是,东明,知县,,,,,,孔言儻，孔子第51代孙。,
孔言儼,孔,言,男,51,1219-01-01,1288-01-01,是,荷泽,举人,,,,,,孔言儼，孔子第51代孙。,
徐氏,孔,言,女,51,1223-01-01,1303-01-01,是,曹州,进士,,,,,,徐氏，孔子第51代孙。,
孔言儾,孔,言,男,51,1222-01-01,1286-01-01,是,定陶,太学生,,,,,,孔言儾，孔子第51代孙。,
孔言儿,孔,言,男,51,1223-01-01,1290-01-01,是,单县,县丞,,,,,,孔言儿，孔子第51代孙。,
孔言兀,孔,言,男,51,1219-01-01,1295-01-01,是,成武,主簿,,,,,,孔言兀，孔子第51代孙。,
孔言允,孔,言,男,51,1222-01-01,1282-01-01,是,巨野,训导,,,,,,孔言允，孔子第51代孙。,
孔言兂,孔,言,男,51,1219-01-01,1289-01-01,是,郓城,教谕,,,,,,孔言兂，孔子第51代孙。,
孔言元,孔,言,男,51,1219-01-01,1288-01-01,是,鄄城,商人,,,,,,孔言元，孔子第51代孙。,
孔言兄,孔,言,男,51,1219-01-01,1296-01-01,是,曲阜,官员,,,,,,孔言兄，孔子第51代孙。,
马姑,孔,言,女,51,1220-01-01,1289-01-01,是,滋阳,学者,,,,,,马姑，孔子第51代孙。,
张氏,孔,言,女,51,1222-01-01,1306-01-01,是,济宁,大夫,,,,,,张氏，孔子第51代孙。,
王娘,孔,言,女,51,1218-01-01,1299-01-01,是,邹县,士,,,,,,王娘，孔子第51代孙。,
孔言先,孔,言,男,51,1217-01-01,1296-01-01,是,滕县,农,,,,,,孔言先，孔子第51代孙。,
孔言光,孔,言,男,51,1217-01-01,1289-01-01,是,峄县,商,,,,,,孔言光，孔子第51代孙。,
陈娘,孔,言,女,51,1220-01-01,1297-01-01,是,金乡,儒,,,,,,陈娘，孔子第51代孙。,
孔言克,孔,言,男,51,1221-01-01,1295-01-01,是,鱼台,工部侍郎,,,,,,孔言克，孔子第51代孙。,
赵氏,孔,言,女,51,1224-01-01,1289-01-01,是,嘉祥,礼部尚书,,,,,,赵氏，孔子第51代孙。,
孔言免,孔,言,男,51,1218-01-01,1302-01-01,是,汶上,知州,,,,,,孔言免，孔子第51代孙。,
孔言兎,孔,言,男,51,1224-01-01,1300-01-01,是,泗水,知县,,,,,,孔言兎，孔子第51代孙。,
孔言兏,孔,言,男,51,1219-01-01,1296-01-01,是,宁阳,举人,,,,,,孔言兏，孔子第51代孙。,
徐娘,孔,言,女,51,1222-01-01,1286-01-01,是,兖州,进士,,,,,,徐娘，孔子第51代孙。,
孙姑,孔,言,女,51,1220-01-01,1294-01-01,是,东平,太学生,,,,,,孙姑，孔子第51代孙。,
孔言兒,孔,言,男,51,1218-01-01,1300-01-01,是,寿张,县丞,,,,,,孔言兒，孔子第51代孙。,
孔言兓,孔,言,男,51,1220-01-01,1282-01-01,是,范县,主簿,,,,,,孔言兓，孔子第51代孙。,
孔言兔,孔,言,男,51,1224-01-01,1298-01-01,是,濮州,训导,,,,,,孔言兔，孔子第51代孙。,
孔言兕,孔,言,男,51,1221-01-01,1298-01-01,是,开州,教谕,,,,,,孔言兕，孔子第51代孙。,
孔言兖,孔,言,男,51,1220-01-01,1301-01-01,是,长垣,商人,,,,,,孔言兖，孔子第51代孙。,
孔言兗,孔,言,男,51,1223-01-01,1303-01-01,是,东明,官员,,,,,,孔言兗，孔子第51代孙。,
孔言兘,孔,言,男,51,1224-01-01,1289-01-01,是,荷泽,学者,,,,,,孔言兘，孔子第51代孙。,
张娘,孔,言,女,51,1217-01-01,1284-01-01,是,曹州,大夫,,,,,,张娘，孔子第51代孙。,
孔言党,孔,言,男,51,1222-01-01,1306-01-01,是,定陶,士,,,,,,孔言党，孔子第51代孙。,
孔言兛,孔,言,男,51,1222-01-01,1297-01-01,是,单县,农,,,,,,孔言兛，孔子第51代孙。,
孔言兜,孔,言,男,51,1218-01-01,1279-01-01,是,成武,商,,,,,,孔言兜，孔子第51代孙。,
孔言兝,孔,言,男,51,1218-01-01,1281-01-01,是,巨野,儒,,,,,,孔言兝，孔子第51代孙。,
孔言兞,孔,言,男,51,1221-01-01,1283-01-01,是,郓城,工部侍郎,,,,,,孔言兞，孔子第51代孙。,
赵娘,孔,言,女,51,1217-01-01,1299-01-01,是,鄄城,礼部尚书,,,,,,赵娘，孔子第51代孙。,
黄姑,孔,言,女,51,1221-01-01,1295-01-01,是,曲阜,知州,,,,,,黄姑，孔子第51代孙。,
孔言兡,孔,言,男,51,1222-01-01,1286-01-01,是,滋阳,知县,,,,,,孔言兡，孔子第51代孙。,
孔言兢,孔,言,男,51,1220-01-01,1295-01-01,是,济宁,举人,,,,,,孔言兢，孔子第51代孙。,
孔言兣,孔,言,男,51,1223-01-01,1283-01-01,是,邹县,进士,,,,,,孔言兣，孔子第51代孙。,
孙氏,孔,言,女,51,1223-01-01,1293-01-01,是,滕县,太学生,,,,,,孙氏，孔子第51代孙。,
孔言入,孔,言,男,51,1222-01-01,1298-01-01,是,峄县,县丞,,,,,,孔言入，孔子第51代孙。,
孔言兦,孔,言,男,51,1219-01-01,1302-01-01,是,金乡,主簿,,,,,,孔言兦，孔子第51代孙。,
孔言內,孔,言,男,51,1217-01-01,1277-01-01,是,鱼台,训导,,,,,,孔言內，孔子第51代孙。,
孔言全,孔,言,男,51,1220-01-01,1285-01-01,是,嘉祥,教谕,,,,,,孔言全，孔子第51代孙。,
孔言兩,孔,言,男,51,1217-01-01,1286-01-01,是,汶上,商人,,,,,,孔言兩，孔子第51代孙。,
孔言兪,孔,言,男,51,1217-01-01,1282-01-01,是,泗水,官员,,,,,,孔言兪，孔子第51代孙。,
孔言八,孔,言,男,51,1223-01-01,1283-01-01,是,宁阳,学者,,,,,,孔言八，孔子第51代孙。,
孔言公,孔,言,男,51,1223-01-01,1298-01-01,是,兖州,大夫,,,,,,孔言公，孔子第51代孙。,
王氏,孔,言,女,51,1223-01-01,1299-01-01,是,东平,士,,,,,,王氏，孔子第51代孙。,
孔言兮,孔,言,男,51,1218-01-01,1296-01-01,是,寿张,农,,,,,,孔言兮，孔子第51代孙。,
孔言兯,孔,言,男,51,1222-01-01,1296-01-01,是,范县,商,,,,,,孔言兯，孔子第51代孙。,
孔言兰,孔,言,男,51,1219-01-01,1299-01-01,是,濮州,儒,,,,,,孔言兰，孔子第51代孙。,
孔言共,孔,言,男,51,1223-01-01,1291-01-01,是,开州,工部侍郎,,,,,,孔言共，孔子第51代孙。,
孔言兲,孔,言,男,51,1221-01-01,1300-01-01,是,长垣,礼部尚书,,,,,,孔言兲，孔子第51代孙。,
黄氏,孔,言,女,51,1222-01-01,1290-01-01,是,东明,知州,,,,,,黄氏，孔子第51代孙。,
周娘,孔,言,女,51,1222-01-01,1291-01-01,是,荷泽,知县,,,,,,周娘，孔子第51代孙。,
吴姑,孔,言,女,51,1219-01-01,1287-01-01,是,曹州,举人,,,,,,吴姑，孔子第51代孙。,
徐氏,孔,言,女,51,1221-01-01,1303-01-01,是,定陶,进士,,,,,,徐氏，孔子第51代孙。,
孙娘,孔,言,女,51,1224-01-01,1301-01-01,是,单县,太学生,,,,,,孙娘，孔子第51代孙。,
胡姑,孔,言,女,51,1217-01-01,1289-01-01,是,成武,县丞,,,,,,胡姑，孔子第51代孙。,
朱氏,孔,言,女,51,1219-01-01,1292-01-01,是,巨野,主簿,,,,,,朱氏，孔子第51代孙。,
孔言兺,孔,言,男,51,1222-01-01,1302-01-01,是,郓城,训导,,,,,,孔言兺，孔子第51代孙。,
孔言养,孔,言,男,51,1218-01-01,1301-01-01,是,鄄城,教谕,,,,,,孔言养，孔子第51代孙。,
孔言兼,孔,言,男,51,1218-01-01,1292-01-01,是,曲阜,商人,,,,,,孔言兼，孔子第51代孙。,
孔言兽,孔,言,男,51,1223-01-01,1289-01-01,是,滋阳,官员,,,,,,孔言兽，孔子第51代孙。,
孔言兾,孔,言,男,51,1220-01-01,1292-01-01,是,济宁,学者,,,,,,孔言兾，孔子第51代孙。,
张氏,孔,言,女,51,1217-01-01,1285-01-01,是,邹县,大夫,,,,,,张氏，孔子第51代孙。,
孔言冀,孔,言,男,51,1217-01-01,1294-01-01,是,滕县,士,,,,,,孔言冀，孔子第51代孙。,
孔言冁,孔,言,男,51,1219-01-01,1279-01-01,是,峄县,农,,,,,,孔言冁，孔子第51代孙。,
孔言冂,孔,言,男,51,1220-01-01,1285-01-01,是,金乡,商,,,,,,孔言冂，孔子第51代孙。,
孔言冃,孔,言,男,51,1224-01-01,1296-01-01,是,鱼台,儒,,,,,,孔言冃，孔子第51代孙。,
杨姑,孔,言,女,51,1223-01-01,1302-01-01,是,嘉祥,工部侍郎,,,,,,杨姑，孔子第51代孙。,
赵氏,孔,言,女,51,1222-01-01,1300-01-01,是,汶上,礼部尚书,,,,,,赵氏，孔子第51代孙。,
孔言円,孔,言,男,51,1221-01-01,1293-01-01,是,泗水,知州,,,,,,孔言円，孔子第51代孙。,
孔言冇,孔,言,男,51,1221-01-01,1300-01-01,是,宁阳,知县,,,,,,孔言冇，孔子第51代孙。,
孔言冈,孔,言,男,51,1222-01-01,1294-01-01,是,兖州,举人,,,,,,孔言冈，孔子第51代孙。,
徐娘,孔,言,女,51,1217-01-01,1279-01-01,是,东平,进士,,,,,,徐娘，孔子第51代孙。,
孔言冊,孔,言,男,51,1218-01-01,1296-01-01,是,寿张,太学生,,,,,,孔言冊，孔子第51代孙。,
孔言冋,孔,言,男,51,1222-01-01,1286-01-01,是,范县,县丞,,,,,,孔言冋，孔子第51代孙。,
孔言册,孔,言,男,51,1223-01-01,1288-01-01,是,濮州,主簿,,,,,,孔言册，孔子第51代孙。,
孔言再,孔,言,男,51,1224-01-01,1296-01-01,是,开州,训导,,,,,,孔言再，孔子第51代孙。,
孔言冎,孔,言,男,51,1217-01-01,1283-01-01,是,长垣,教谕,,,,,,孔言冎，孔子第51代孙。,
孔言冏,孔,言,男,51,1223-01-01,1304-01-01,是,东明,商人,,,,,,孔言冏，孔子第51代孙。,
孔言冐,孔,言,男,51,1221-01-01,1291-01-01,是,荷泽,官员,,,,,,孔言冐，孔子第51代孙。,
马氏,孔,言,女,51,1217-01-01,1289-01-01,是,曹州,学者,,,,,,马氏，孔子第51代孙。,
孔言冒,孔,言,男,51,1220-01-01,1281-01-01,是,定陶,大夫,,,,,,孔言冒，孔子第51代孙。,
王姑,孔,言,女,51,1223-01-01,1292-01-01,是,单县,士,,,,,,王姑，孔子第51代孙。,
孔言冔,孔,言,男,51,1221-01-01,1283-01-01,是,成武,农,,,,,,孔言冔，孔子第51代孙。,
孔言冕,孔,言,男,51,1218-01-01,1287-01-01,是,巨野,商,,,,,,孔言冕，孔子第51代孙。,
孔言冖,孔,言,男,51,1218-01-01,1293-01-01,是,郓城,儒,,,,,,孔言冖，孔子第51代孙。,
杨氏,孔,言,女,51,1217-01-01,1285-01-01,是,鄄城,工部侍郎,,,,,,杨氏，孔子第51代孙。,
孔言冘,孔,言,男,51,1217-01-01,1283-01-01,是,曲阜,礼部尚书,,,,,,孔言冘，孔子第51代孙。,
黄姑,孔,言,女,51,1220-01-01,1295-01-01,是,滋阳,知州,,,,,,黄姑，孔子第51代孙。,
孔言冚,孔,言,男,51,1218-01-01,1288-01-01,是,济宁,知县,,,,,,孔言冚，孔子第51代孙。,
孔言军,孔,言,男,51,1224-01-01,1289-01-01,是,邹县,举人,,,,,,孔言军，孔子第51代孙。,
徐姑,孔,言,女,51,1224-01-01,1288-01-01,是,滕县,进士,,,,,,徐姑，孔子第51代孙。,
孙氏,孔,言,女,51,1222-01-01,1296-01-01,是,峄县,太学生,,,,,,孙氏，孔子第51代孙。,
孔言冞,孔,言,男,51,1222-01-01,1299-01-01,是,金乡,县丞,,,,,,孔言冞，孔子第51代孙。,
孔言冟,孔,言,男,51,1217-01-01,1289-01-01,是,鱼台,主簿,,,,,,孔言冟，孔子第51代孙。,
孔言冠,孔,言,男,51,1219-01-01,1281-01-01,是,嘉祥,训导,,,,,,孔言冠，孔子第51代孙。,
孔言冡,孔,言,男,51,1217-01-01,1278-01-01,是,汶上,教谕,,,,,,孔言冡，孔子第51代孙。,
孔言冢,孔,言,男,51,1218-01-01,1280-01-01,是,泗水,商人,,,,,,孔言冢，孔子第51代孙。,
郭氏,孔,言,女,51,1224-01-01,1301-01-01,是,宁阳,官员,,,,,,郭氏，孔子第51代孙。,
孔言冤,孔,言,男,51,1221-01-01,1298-01-01,是,兖州,学者,,,,,,孔言冤，孔子第51代孙。,
张姑,孔,言,女,51,1221-01-01,1292-01-01,是,东平,大夫,,,,,,张姑，孔子第51代孙。,
孔言冦,孔,言,男,51,1219-01-01,1285-01-01,是,寿张,士,,,,,,孔言冦，孔子第51代孙。,
李娘,孔,言,女,51,1218-01-01,1286-01-01,是,范县,农,,,,,,李娘，孔子第51代孙。,
刘姑,孔,言,女,51,1220-01-01,1287-01-01,是,濮州,商,,,,,,刘姑，孔子第51代孙。,
孔言冩,孔,言,男,51,1221-01-01,1287-01-01,是,开州,儒,,,,,,孔言冩，孔子第51代孙。,
孔言冪,孔,言,男,51,1218-01-01,1292-01-01,是,长垣,工部侍郎,,,,,,孔言冪，孔子第51代孙。,
孔言冫,孔,言,男,51,1220-01-01,1287-01-01,是,东明,礼部尚书,,,,,,孔言冫，孔子第51代孙。,
孔言冬,孔,言,男,51,1217-01-01,1291-01-01,是,荷泽,知州,,,,,,孔言冬，孔子第51代孙。,
孔言冭,孔,言,男,51,1218-01-01,1286-01-01,是,曹州,知县,,,,,,孔言冭，孔子第51代孙。,
吴姑,孔,言,女,51,1224-01-01,1291-01-01,是,定陶,举人,,,,,,吴姑，孔子第51代孙。,
孔言冯,孔,言,男,51,1223-01-01,1284-01-01,是,单县,进士,,,,,,孔言冯，孔子第51代孙。,
孔言冰,孔,言,男,51,1218-01-01,1279-01-01,是,成武,太学生,,,,,,孔言冰，孔子第51代孙。,
孔言冱,孔,言,男,51,1224-01-01,1303-01-01,是,巨野,县丞,,,,,,孔言冱，孔子第51代孙。,
孔言冲,孔,言,男,51,1219-01-01,1288-01-01,是,郓城,主簿,,,,,,孔言冲，孔子第51代孙。,
高娘,孔,言,女,51,1222-01-01,1287-01-01,是,鄄城,训导,,,,,,高娘，孔子第51代孙。,
林姑,孔,言,女,51,1218-01-01,1297-01-01,是,曲阜,教谕,,,,,,林姑，孔子第51代孙。,
孔言况,孔,言,男,51,1219-01-01,1283-01-01,是,滋阳,商人,,,,,,孔言况，孔子第51代孙。,
郭娘,孔,言,女,51,1220-01-01,1294-01-01,是,济宁,官员,,,,,,郭娘，孔子第51代孙。,
孔言冷,孔,言,男,51,1220-01-01,1295-01-01,是,邹县,学者,,,,,,孔言冷，孔子第51代孙。,
张氏,孔,言,女,51,1223-01-01,1304-01-01,是,滕县,大夫,,,,,,张氏，孔子第51代孙。,
孔言冹,孔,言,男,51,1222-01-01,1282-01-01,是,峄县,士,,,,,,孔言冹，孔子第51代孙。,
孔言冺,孔,言,男,51,1223-01-01,1306-01-01,是,金乡,农,,,,,,孔言冺，孔子第51代孙。,
孔言冻,孔,言,男,51,1222-01-01,1306-01-01,是,鱼台,商,,,,,,孔言冻，孔子第51代孙。,
孔言冼,孔,言,男,51,1218-01-01,1298-01-01,是,嘉祥,儒,,,,,,孔言冼，孔子第51代孙。,
杨姑,孔,言,女,51,1224-01-01,1302-01-01,是,汶上,工部侍郎,,,,,,杨姑，孔子第51代孙。,
孔言冾,孔,言,男,51,1222-01-01,1298-01-01,是,泗水,礼部尚书,,,,,,孔言冾，孔子第51代孙。,
黄娘,孔,言,女,51,1219-01-01,1297-01-01,是,宁阳,知州,,,,,,黄娘，孔子第51代孙。,
周姑,孔,言,女,51,1222-01-01,1290-01-01,是,兖州,知县,,,,,,周姑，孔子第51代孙。,
吴氏,孔,言,女,51,1220-01-01,1287-01-01,是,东平,举人,,,,,,吴氏，孔子第51代孙。,
徐娘,孔,言,女,51,1223-01-01,1304-01-01,是,寿张,进士,,,,,,徐娘，孔子第51代孙。,
孙姑,孔,言,女,51,1219-01-01,1287-01-01,是,范县,太学生,,,,,,孙姑，孔子第51代孙。,
胡氏,孔,言,女,51,1224-01-01,1284-01-01,是,濮州,县丞,,,,,,胡氏，孔子第51代孙。,
孔言凅,孔,言,男,51,1217-01-01,1298-01-01,是,开州,主簿,,,,,,孔言凅，孔子第51代孙。,
孔言准,孔,言,男,51,1220-01-01,1280-01-01,是,长垣,训导,,,,,,孔言准，孔子第51代孙。,
林氏,孔,言,女,51,1220-01-01,1290-01-01,是,东明,教谕,,,,,,林氏，孔子第51代孙。,
何娘,孔,言,女,51,1224-01-01,1294-01-01,是,荷泽,商人,,,,,,何娘，孔子第51代孙。,
孔言凉,孔,言,男,51,1218-01-01,1289-01-01,是,曹州,官员,,,,,,孔言凉，孔子第51代孙。,
孔言凊,孔,言,男,51,1218-01-01,1287-01-01,是,定陶,学者,,,,,,孔言凊，孔子第51代孙。,
张娘,孔,言,女,51,1224-01-01,1291-01-01,是,单县,大夫,,,,,,张娘，孔子第51代孙。,
孔言凌,孔,言,男,51,1223-01-01,1307-01-01,是,成武,士,,,,,,孔言凌，孔子第51代孙。,
李氏,孔,言,女,51,1223-01-01,1298-01-01,是,巨野,农,,,,,,李氏，孔子第51代孙。,
孔言凎,孔,言,男,51,1224-01-01,1308-01-01,是,郓城,商,,,,,,孔言凎，孔子第51代孙。,
孔言减,孔,言,男,51,1223-01-01,1303-01-01,是,鄄城,儒,,,,,,孔言减，孔子第51代孙。,
杨氏,孔,言,女,51,1217-01-01,1277-01-01,是,曲阜,工部侍郎,,,,,,杨氏，孔子第51代孙。,
孔言凑,孔,言,男,51,1220-01-01,1303-01-01,是,滋阳,礼部尚书,,,,,,孔言凑，孔子第51代孙。,
孔言凒,孔,言,男,51,1218-01-01,1280-01-01,是,济宁,知州,,,,,,孔言凒，孔子第51代孙。,
周氏,孔,言,女,51,1217-01-01,1283-01-01,是,邹县,知县,,,,,,周氏，孔子第51代孙。,
吴娘,孔,言,女,51,1219-01-01,1279-01-01,是,滕县,举人,,,,,,吴娘，孔子第51代孙。,
徐姑,孔,言,女,51,1220-01-01,1287-01-01,是,峄县,进士,,,,,,徐姑，孔子第51代孙。,
孙氏,孔,言,女,51,1219-01-01,1284-01-01,是,金乡,太学生,,,,,,孙氏，孔子第51代孙。,
孔言凗,孔,言,男,51,1224-01-01,1287-01-01,是,鱼台,县丞,,,,,,孔言凗，孔子第51代孙。,
孔言凘,孔,言,男,51,1220-01-01,1289-01-01,是,嘉祥,主簿,,,,,,孔言凘，孔子第51代孙。,
孔言凙,孔,言,男,51,1219-01-01,1287-01-01,是,汶上,训导,,,,,,孔言凙，孔子第51代孙。,
林娘,孔,言,女,51,1224-01-01,1303-01-01,是,泗水,教谕,,,,,,林娘，孔子第51代孙。,
孔言凛,孔,言,男,51,1218-01-01,1279-01-01,是,宁阳,商人,,,,,,孔言凛，孔子第51代孙。,
孔言凜,孔,言,男,51,1220-01-01,1286-01-01,是,兖州,官员,,,,,,孔言凜，孔子第51代孙。,
马娘,孔,言,女,51,1219-01-01,1280-01-01,是,东平,学者,,,,,,马娘，孔子第51代孙。,
张姑,孔,言,女,51,1224-01-01,1291-01-01,是,寿张,大夫,,,,,,张姑，孔子第51代孙。,
孔言凟,孔,言,男,51,1217-01-01,1297-01-01,是,范县,士,,,,,,孔言凟，孔子第51代孙。,
孔言几,孔,言,男,51,1218-01-01,1287-01-01,是,濮州,农,,,,,,孔言几，孔子第51代孙。,
孔言凡,孔,言,男,51,1221-01-01,1296-01-01,是,开州,商,,,,,,孔言凡，孔子第51代孙。,
孔言凢,孔,言,男,51,1219-01-01,1292-01-01,是,长垣,儒,,,,,,孔言凢，孔子第51代孙。,
杨娘,孔,言,女,51,1218-01-01,1294-01-01,是,东明,工部侍郎,,,,,,杨娘，孔子第51代孙。,
孔言凤,孔,言,男,51,1219-01-01,1298-01-01,是,荷泽,礼部尚书,,,,,,孔言凤，孔子第51代孙。,
孔言凥,孔,言,男,51,1223-01-01,1292-01-01,是,曹州,知州,,,,,,孔言凥，孔子第51代孙。,
周娘,孔,言,女,51,1219-01-01,1296-01-01,是,定陶,知县,,,,,,周娘，孔子第51代孙。,
孔言凧,孔,言,男,51,1224-01-01,1302-01-01,是,单县,举人,,,,,,孔言凧，孔子第51代孙。,
孔言一,孔,言,男,51,1221-01-01,1301-01-01,是,成武,进士,,,,,,孔言一，孔子第51代孙。,
孔言丁,孔,言,男,51,1217-01-01,1280-01-01,是,巨野,太学生,,,,,,孔言丁，孔子第51代孙。,
孔言丂,孔,言,男,51,1220-01-01,1286-01-01,是,郓城,县丞,,,,,,孔言丂，孔子第51代孙。,
朱氏,孔,言,女,51,1217-01-01,1279-01-01,是,鄄城,主簿,,,,,,朱氏，孔子第51代孙。,
孔言丄,孔,言,男,51,1224-01-01,1294-01-01,是,曲阜,训导,,,,,,孔言丄，孔子第51代孙。,
孔言丅,孔,言,男,51,1217-01-01,1288-01-01,是,滋阳,教谕,,,,,,孔言丅，孔子第51代孙。,
孔言丆,孔,言,男,51,1220-01-01,1304-01-01,是,济宁,商人,,,,,,孔言丆，孔子第51代孙。,
孔言万,孔,言,男,51,1219-01-01,1281-01-01,是,邹县,官员,,,,,,孔言万，孔子第51代孙。,
孔言丈,孔,言,男,51,1221-01-01,1287-01-01,是,滕县,学者,,,,,,孔言丈，孔子第51代孙。,
孔言三,孔,言,男,51,1218-01-01,1285-01-01,是,峄县,大夫,,,,,,孔言三，孔子第51代孙。,
王娘,孔,言,女,51,1222-01-01,1296-01-01,是,金乡,士,,,,,,王娘，孔子第51代孙。,
孔言下,孔,言,男,51,1224-01-01,1307-01-01,是,鱼台,农,,,,,,孔言下，孔子第51代孙。,
孔言丌,孔,言,男,51,1218-01-01,1280-01-01,是,嘉祥,商,,,,,,孔言丌，孔子第51代孙。,
孔言不,孔,言,男,51,1219-01-01,1298-01-01,是,汶上,儒,,,,,,孔言不，孔子第51代孙。,
孔言与,孔,言,男,51,1217-01-01,1285-01-01,是,泗水,工部侍郎,,,,,,孔言与，孔子第51代孙。,
孔言丏,孔,言,男,51,1218-01-01,1296-01-01,是,宁阳,礼部尚书,,,,,,孔言丏，孔子第51代孙。,
孔言丐,孔,言,男,51,1223-01-01,1300-01-01,是,兖州,知州,,,,,,孔言丐，孔子第51代孙。,
周姑,孔,言,女,51,1220-01-01,1297-01-01,是,东平,知县,,,,,,周姑，孔子第51代孙。,
吴氏,孔,言,女,51,1217-01-01,1284-01-01,是,寿张,举人,,,,,,吴氏，孔子第51代孙。,
孔言专,孔,言,男,51,1217-01-01,1301-01-01,是,范县,进士,,,,,,孔言专，孔子第51代孙。,
孔言且,孔,言,男,51,1220-01-01,1291-01-01,是,濮州,太学生,,,,,,孔言且，孔子第51代孙。,
胡氏,孔,言,女,51,1219-01-01,1300-01-01,是,开州,县丞,,,,,,胡氏，孔子第51代孙。,
孔言世,孔,言,男,51,1223-01-01,1294-01-01,是,长垣,主簿,,,,,,孔言世，孔子第51代孙。,
孔言丗,孔,言,男,51,1224-01-01,1304-01-01,是,东明,训导,,,,,,孔言丗，孔子第51代孙。,
孔言丘,孔,言,男,51,1221-01-01,1295-01-01,是,荷泽,教谕,,,,,,孔言丘，孔子第51代孙。,
孔言丙,孔,言,男,51,1223-01-01,1296-01-01,是,曹州,商人,,,,,,孔言丙，孔子第51代孙。,
孔言业,孔,言,男,51,1224-01-01,1305-01-01,是,定陶,官员,,,,,,孔言业，孔子第51代孙。,
马氏,孔,言,女,51,1221-01-01,1296-01-01,是,单县,学者,,,,,,马氏，孔子第51代孙。,
孔言东,孔,言,男,51,1224-01-01,1294-01-01,是,成武,大夫,,,,,,孔言东，孔子第51代孙。,
孔言丝,孔,言,男,51,1224-01-01,1291-01-01,是,巨野,士,,,,,,孔言丝，孔子第51代孙。,
李氏,孔,言,女,51,1220-01-01,1297-01-01,是,郓城,农,,,,,,李氏，孔子第51代孙。,
刘娘,孔,言,女,51,1217-01-01,1295-01-01,是,鄄城,商,,,,,,刘娘，孔子第51代孙。,
孔言丠,孔,言,男,51,1218-01-01,1281-01-01,是,曲阜,儒,,,,,,孔言丠，孔子第51代孙。,
杨氏,孔,言,女,51,1220-01-01,1286-01-01,是,滋阳,工部侍郎,,,,,,杨氏，孔子第51代孙。,
孔言丢,孔,言,男,51,1217-01-01,1294-01-01,是,济宁,礼部尚书,,,,,,孔言丢，孔子第51代孙。,
孔言丣,孔,言,男,51,1223-01-01,1304-01-01,是,邹县,知州,,,,,,孔言丣，孔子第51代孙。,
孔言两,孔,言,男,51,1219-01-01,1303-01-01,是,滕县,知县,,,,,,孔言两，孔子第51代孙。,
吴娘,孔,言,女,51,1222-01-01,1300-01-01,是,峄县,举人,,,,,,吴娘，孔子第51代孙。,
孔言並,孔,言,男,51,1220-01-01,1290-01-01,是,金乡,进士,,,,,,孔言並，孔子第51代孙。,
孔言丧,孔,言,男,51,1217-01-01,1287-01-01,是,鱼台,太学生,,,,,,孔言丧，孔子第51代孙。,
孔言丨,孔,言,男,51,1221-01-01,1305-01-01,是,嘉祥,县丞,,,,,,孔言丨，孔子第51代孙。,
朱姑,孔,言,女,51,1221-01-01,1289-01-01,是,汶上,主簿,,,,,,朱姑，孔子第51代孙。,
孔言个,孔,言,男,51,1217-01-01,1290-01-01,是,泗水,训导,,,,,,孔言个，孔子第51代孙。,
孔言丫,孔,言,男,51,1217-01-01,1296-01-01,是,宁阳,教谕,,,,,,孔言丫，孔子第51代孙。,
何姑,孔,言,女,51,1224-01-01,1286-01-01,是,兖州,商人,,,,,,何姑，孔子第51代孙。,
孔言中,孔,言,男,51,1224-01-01,1284-01-01,是,东平,官员,,,,,,孔言中，孔子第51代孙。,
马娘,孔,言,女,51,1217-01-01,1296-01-01,是,寿张,学者,,,,,,马娘，孔子第51代孙。,
张姑,孔,言,女,51,1224-01-01,1287-01-01,是,范县,大夫,,,,,,张姑，孔子第51代孙。,
孔言丰,孔,言,男,51,1223-01-01,1286-01-01,是,濮州,士,,,,,,孔言丰，孔子第51代孙。,
孔言丱,孔,言,男,51,1223-01-01,1289-01-01,是,开州,农,,,,,,孔言丱，孔子第51代孙。,
刘姑,孔,言,女,51,1217-01-01,1299-01-01,是,长垣,商,,,,,,刘姑，孔子第51代孙。,
孔言丳,孔,言,男,51,1224-01-01,1308-01-01,是,东明,儒,,,,,,孔言丳，孔子第51代孙。,
杨娘,孔,言,女,51,1220-01-01,1288-01-01,是,荷泽,工部侍郎,,,,,,杨娘，孔子第51代孙。,
孔言丵,孔,言,男,51,1219-01-01,1296-01-01,是,曹州,礼部尚书,,,,,,孔言丵，孔子第51代孙。,
黄氏,孔,言,女,51,1222-01-01,1303-01-01,是,定陶,知州,,,,,,黄氏，孔子第51代孙。,
孔言丷,孔,言,男,51,1220-01-01,1299-01-01,是,单县,知县,,,,,,孔言丷，孔子第51代孙。,
孔言丸,孔,言,男,51,1217-01-01,1296-01-01,是,成武,举人,,,,,,孔言丸，孔子第51代孙。,
孔言丹,孔,言,男,51,1219-01-01,1296-01-01,是,巨野,进士,,,,,,孔言丹，孔子第51代孙。,
孔言为,孔,言,男,51,1220-01-01,1302-01-01,是,郓城,太学生,,,,,,孔言为，孔子第51代孙。,
孔言主,孔,言,男,51,1219-01-01,1285-01-01,是,鄄城,县丞,,,,,,孔言主，孔子第51代孙。,
孔公丼,孔,公,男,52,1249-01-01,1310-01-01,是,曲阜,主簿,,,,,,孔公丼，孔子第52代孙。,
孔公丽,孔,公,男,52,1250-01-01,1322-01-01,是,滋阳,训导,,,,,,孔公丽，孔子第52代孙。,
林姑,孔,公,女,52,1246-01-01,1321-01-01,是,济宁,教谕,,,,,,林姑，孔子第52代孙。,
何氏,孔,公,女,52,1247-01-01,1316-01-01,是,邹县,商人,,,,,,何氏，孔子第52代孙。,
郭娘,孔,公,女,52,1247-01-01,1309-01-01,是,滕县,官员,,,,,,郭娘，孔子第52代孙。,
孔公乁,孔,公,男,52,1248-01-01,1316-01-01,是,峄县,学者,,,,,,孔公乁，孔子第52代孙。,
孔公乂,孔,公,男,52,1252-01-01,1318-01-01,是,金乡,大夫,,,,,,孔公乂，孔子第52代孙。,
王娘,孔,公,女,52,1250-01-01,1320-01-01,是,鱼台,士,,,,,,王娘，孔子第52代孙。,
李姑,孔,公,女,52,1250-01-01,1317-01-01,是,嘉祥,农,,,,,,李姑，孔子第52代孙。,
孔公久,孔,公,男,52,1249-01-01,1328-01-01,是,汶上,商,,,,,,孔公久，孔子第52代孙。,
孔公乆,孔,公,男,52,1245-01-01,1325-01-01,是,泗水,儒,,,,,,孔公乆，孔子第52代孙。,
孔公乇,孔,公,男,52,1250-01-01,1319-01-01,是,宁阳,工部侍郎,,,,,,孔公乇，孔子第52代孙。,
赵氏,孔,公,女,52,1248-01-01,1325-01-01,是,兖州,礼部尚书,,,,,,赵氏，孔子第52代孙。,
黄娘,孔,公,女,52,1246-01-01,1320-01-01,是,东平,知州,,,,,,黄娘，孔子第52代孙。,
孔公乊,孔,公,男,52,1250-01-01,1317-01-01,是,寿张,知县,,,,,,孔公乊，孔子第52代孙。,
吴氏,孔,公,女,52,1250-01-01,1315-01-01,是,范县,举人,,,,,,吴氏，孔子第52代孙。,
孔公乌,孔,公,男,52,1251-01-01,1331-01-01,是,濮州,进士,,,,,,孔公乌，孔子第52代孙。,
孔公乍,孔,公,男,52,1251-01-01,1333-01-01,是,开州,太学生,,,,,,孔公乍，孔子第52代孙。,
孔公乎,孔,公,男,52,1248-01-01,1314-01-01,是,长垣,县丞,,,,,,孔公乎，孔子第52代孙。,
孔公乏,孔,公,男,52,1246-01-01,1323-01-01,是,东明,主簿,,,,,,孔公乏，孔子第52代孙。,
高姑,孔,公,女,52,1245-01-01,1319-01-01,是,荷泽,训导,,,,,,高姑，孔子第52代孙。,
林氏,孔,公,女,52,1245-01-01,1329-01-01,是,曹州,教谕,,,,,,林氏，孔子第52代孙。,
何娘,孔,公,女,52,1247-01-01,1320-01-01,是,定陶,商人,,,,,,何娘，孔子第52代孙。,
郭姑,孔,公,女,52,1248-01-01,1332-01-01,是,单县,官员,,,,,,郭姑，孔子第52代孙。,
孔公乔,孔,公,男,52,1251-01-01,1313-01-01,是,成武,学者,,,,,,孔公乔，孔子第52代孙。,
孔公乕,孔,公,男,52,1245-01-01,1324-01-01,是,巨野,大夫,,,,,,孔公乕，孔子第52代孙。,
孔公乖,孔,公,男,52,1251-01-01,1332-01-01,是,郓城,士,,,,,,孔公乖，孔子第52代孙。,
李氏,孔,公,女,52,1251-01-01,1315-01-01,是,鄄城,农,,,,,,李氏，孔子第52代孙。,
孔公乘,孔,公,男,52,1247-01-01,1323-01-01,是,曲阜,商,,,,,,孔公乘，孔子第52代孙。,
陈姑,孔,公,女,52,1246-01-01,1323-01-01,是,滋阳,儒,,,,,,陈姑，孔子第52代孙。,
孔公乚,孔,公,男,52,1251-01-01,1327-01-01,是,济宁,工部侍郎,,,,,,孔公乚，孔子第52代孙。,
孔公乛,孔,公,男,52,1249-01-01,1319-01-01,是,邹县,礼部尚书,,,,,,孔公乛，孔子第52代孙。,
黄姑,孔,公,女,52,1246-01-01,1314-01-01,是,滕县,知州,,,,,,黄姑，孔子第52代孙。,
孔公九,孔,公,男,52,1248-01-01,1322-01-01,是,峄县,知县,,,,,,孔公九，孔子第52代孙。,
孔公乞,孔,公,男,52,1245-01-01,1314-01-01,是,金乡,举人,,,,,,孔公乞，孔子第52代孙。,
孔公也,孔,公,男,52,1246-01-01,1318-01-01,是,鱼台,进士,,,,,,孔公也，孔子第52代孙。,
孙氏,孔,公,女,52,1250-01-01,1318-01-01,是,嘉祥,太学生,,,,,,孙氏，孔子第52代孙。,
胡娘,孔,公,女,52,1247-01-01,1317-01-01,是,汶上,县丞,,,,,,胡娘，孔子第52代孙。,
朱姑,孔,公,女,52,1250-01-01,1329-01-01,是,泗水,主簿,,,,,,朱姑，孔子第52代孙。,
孔公乣,孔,公,男,52,1246-01-01,1306-01-01,是,宁阳,训导,,,,,,孔公乣，孔子第52代孙。,
孔公乤,孔,公,男,52,1251-01-01,1324-01-01,是,兖州,教谕,,,,,,孔公乤，孔子第52代孙。,
何姑,孔,公,女,52,1251-01-01,1314-01-01,是,东平,商人,,,,,,何姑，孔子第52代孙。,
孔公书,孔,公,男,52,1245-01-01,1314-01-01,是,寿张,官员,,,,,,孔公书，孔子第52代孙。,
孔公乧,孔,公,男,52,1245-01-01,1326-01-01,是,范县,学者,,,,,,孔公乧，孔子第52代孙。,
孔公乨,孔,公,男,52,1246-01-01,1322-01-01,是,濮州,大夫,,,,,,孔公乨，孔子第52代孙。,
孔公乩,孔,公,男,52,1250-01-01,1319-01-01,是,开州,士,,,,,,孔公乩，孔子第52代孙。,
李娘,孔,公,女,52,1248-01-01,1323-01-01,是,长垣,农,,,,,,李娘，孔子第52代孙。,
孔公乫,孔,公,男,52,1249-01-01,1330-01-01,是,东明,商,,,,,,孔公乫，孔子第52代孙。,
孔公乬,孔,公,男,52,1247-01-01,1321-01-01,是,荷泽,儒,,,,,,孔公乬，孔子第52代孙。,
孔公乭,孔,公,男,52,1246-01-01,1320-01-01,是,曹州,工部侍郎,,,,,,孔公乭，孔子第52代孙。,
孔公乮,孔,公,男,52,1245-01-01,1323-01-01,是,定陶,礼部尚书,,,,,,孔公乮，孔子第52代孙。,
孔公乯,孔,公,男,52,1250-01-01,1313-01-01,是,单县,知州,,,,,,孔公乯，孔子第52代孙。,
孔公买,孔,公,男,52,1245-01-01,1307-01-01,是,成武,知县,,,,,,孔公买，孔子第52代孙。,
吴姑,孔,公,女,52,1248-01-01,1323-01-01,是,巨野,举人,,,,,,吴姑，孔子第52代孙。,
孔公乲,孔,公,男,52,1249-01-01,1312-01-01,是,郓城,进士,,,,,,孔公乲，孔子第52代孙。,
孙娘,孔,公,女,52,1246-01-01,1311-01-01,是,鄄城,太学生,,,,,,孙娘，孔子第52代孙。,
孔公乴,孔,公,男,52,1251-01-01,1328-01-01,是,曲阜,县丞,,,,,,孔公乴，孔子第52代孙。,
孔公乵,孔,公,男,52,1245-01-01,1313-01-01,是,滋阳,主簿,,,,,,孔公乵，孔子第52代孙。,
高娘,孔,公,女,52,1246-01-01,1307-01-01,是,济宁,训导,,,,,,高娘，孔子第52代孙。,
孔公乷,孔,公,男,52,1249-01-01,1322-01-01,是,邹县,教谕,,,,,,孔公乷，孔子第52代孙。,
孔公乸,孔,公,男,52,1249-01-01,1333-01-01,是,滕县,商人,,,,,,孔公乸，孔子第52代孙。,
郭娘,孔,公,女,52,1251-01-01,1326-01-01,是,峄县,官员,,,,,,郭娘，孔子第52代孙。,
孔公乺,孔,公,男,52,1251-01-01,1326-01-01,是,金乡,学者,,,,,,孔公乺，孔子第52代孙。,
孔公乻,孔,公,男,52,1249-01-01,1311-01-01,是,鱼台,大夫,,,,,,孔公乻，孔子第52代孙。,
王娘,孔,公,女,52,1247-01-01,1318-01-01,是,嘉祥,士,,,,,,王娘，孔子第52代孙。,
李姑,孔,公,女,52,1252-01-01,1313-01-01,是,汶上,农,,,,,,李姑，孔子第52代孙。,
孔公乾,孔,公,男,52,1248-01-01,1328-01-01,是,泗水,商,,,,,,孔公乾，孔子第52代孙。,
陈娘,孔,公,女,52,1252-01-01,1317-01-01,是,宁阳,儒,,,,,,陈娘，孔子第52代孙。,
孔公亀,孔,公,男,52,1249-01-01,1329-01-01,是,兖州,工部侍郎,,,,,,孔公亀，孔子第52代孙。,
孔公亁,孔,公,男,52,1251-01-01,1314-01-01,是,东平,礼部尚书,,,,,,孔公亁，孔子第52代孙。,
孔公亂,孔,公,男,52,1247-01-01,1312-01-01,是,寿张,知州,,,,,,孔公亂，孔子第52代孙。,
周姑,孔,公,女,52,1251-01-01,1334-01-01,是,范县,知县,,,,,,周姑，孔子第52代孙。,
孔公亄,孔,公,男,52,1245-01-01,1327-01-01,是,濮州,举人,,,,,,孔公亄，孔子第52代孙。,
孔公亅,孔,公,男,52,1251-01-01,1312-01-01,是,开州,进士,,,,,,孔公亅，孔子第52代孙。,
孔公了,孔,公,男,52,1245-01-01,1328-01-01,是,长垣,太学生,,,,,,孔公了，孔子第52代孙。,
孔公亇,孔,公,男,52,1247-01-01,1322-01-01,是,东明,县丞,,,,,,孔公亇，孔子第52代孙。,
孔公予,孔,公,男,52,1245-01-01,1324-01-01,是,荷泽,主簿,,,,,,孔公予，孔子第52代孙。,
孔公争,孔,公,男,52,1250-01-01,1322-01-01,是,曹州,训导,,,,,,孔公争，孔子第52代孙。,
孔公亊,孔,公,男,52,1247-01-01,1324-01-01,是,定陶,教谕,,,,,,孔公亊，孔子第52代孙。,
孔公事,孔,公,男,52,1251-01-01,1334-01-01,是,单县,商人,,,,,,孔公事，孔子第52代孙。,
郭姑,孔,公,女,52,1245-01-01,1319-01-01,是,成武,官员,,,,,,郭姑，孔子第52代孙。,
马氏,孔,公,女,52,1252-01-01,1320-01-01,是,巨野,学者,,,,,,马氏，孔子第52代孙。,
张娘,孔,公,女,52,1247-01-01,1313-01-01,是,郓城,大夫,,,,,,张娘，孔子第52代孙。,
王姑,孔,公,女,52,1250-01-01,1324-01-01,是,鄄城,士,,,,,,王姑，孔子第52代孙。,
李氏,孔,公,女,52,1249-01-01,1310-01-01,是,曲阜,农,,,,,,李氏，孔子第52代孙。,
孔公云,孔,公,男,52,1252-01-01,1331-01-01,是,滋阳,商,,,,,,孔公云，孔子第52代孙。,
孔公互,孔,公,男,52,1249-01-01,1317-01-01,是,济宁,儒,,,,,,孔公互，孔子第52代孙。,
孔公亓,孔,公,男,52,1250-01-01,1332-01-01,是,邹县,工部侍郎,,,,,,孔公亓，孔子第52代孙。,
孔公五,孔,公,男,52,1246-01-01,1312-01-01,是,滕县,礼部尚书,,,,,,孔公五，孔子第52代孙。,
黄姑,孔,公,女,52,1248-01-01,1310-01-01,是,峄县,知州,,,,,,黄姑，孔子第52代孙。,
孔公亖,孔,公,男,52,1247-01-01,1317-01-01,是,金乡,知县,,,,,,孔公亖，孔子第52代孙。,
吴娘,孔,公,女,52,1248-01-01,1328-01-01,是,鱼台,举人,,,,,,吴娘，孔子第52代孙。,
孔公亘,孔,公,男,52,1246-01-01,1308-01-01,是,嘉祥,进士,,,,,,孔公亘，孔子第52代孙。,
孔公亙,孔,公,男,52,1249-01-01,1318-01-01,是,汶上,太学生,,,,,,孔公亙，孔子第52代孙。,
胡娘,孔,公,女,52,1246-01-01,1314-01-01,是,泗水,县丞,,,,,,胡娘，孔子第52代孙。,
孔公些,孔,公,男,52,1245-01-01,1323-01-01,是,宁阳,主簿,,,,,,孔公些，孔子第52代孙。,
孔公亜,孔,公,男,52,1251-01-01,1320-01-01,是,兖州,训导,,,,,,孔公亜，孔子第52代孙。,
孔公亝,孔,公,男,52,1250-01-01,1333-01-01,是,东平,教谕,,,,,,孔公亝，孔子第52代孙。,
孔公亞,孔,公,男,52,1245-01-01,1308-01-01,是,寿张,商人,,,,,,孔公亞，孔子第52代孙。,
郭氏,孔,公,女,52,1252-01-01,1334-01-01,是,范县,官员,,,,,,郭氏，孔子第52代孙。,
孔公亠,孔,公,男,52,1245-01-01,1306-01-01,是,濮州,学者,,,,,,孔公亠，孔子第52代孙。,
张姑,孔,公,女,52,1251-01-01,1330-01-01,是,开州,大夫,,,,,,张姑，孔子第52代孙。,
王氏,孔,公,女,52,1249-01-01,1331-01-01,是,长垣,士,,,,,,王氏，孔子第52代孙。,
孔公亣,孔,公,男,52,1251-01-01,1333-01-01,是,东明,农,,,,,,孔公亣，孔子第52代孙。,
刘姑,孔,公,女,52,1251-01-01,1332-01-01,是,荷泽,商,,,,,,刘姑，孔子第52代孙。,
孔公亥,孔,公,男,52,1245-01-01,1318-01-01,是,曹州,儒,,,,,,孔公亥，孔子第52代孙。,
杨娘,孔,公,女,52,1245-01-01,1325-01-01,是,定陶,工部侍郎,,,,,,杨娘，孔子第52代孙。,
孔公产,孔,公,男,52,1252-01-01,1324-01-01,是,单县,礼部尚书,,,,,,孔公产，孔子第52代孙。,
黄氏,孔,公,女,52,1251-01-01,1325-01-01,是,成武,知州,,,,,,黄氏，孔子第52代孙。,
孔公亩,孔,公,男,52,1247-01-01,1328-01-01,是,巨野,知县,,,,,,孔公亩，孔子第52代孙。,
孔公亪,孔,公,男,52,1250-01-01,1311-01-01,是,郓城,举人,,,,,,孔公亪，孔子第52代孙。,
孔公享,孔,公,男,52,1248-01-01,1320-01-01,是,鄄城,进士,,,,,,孔公享，孔子第52代孙。,
孔公京,孔,公,男,52,1247-01-01,1321-01-01,是,曲阜,太学生,,,,,,孔公京，孔子第52代孙。,
胡姑,孔,公,女,52,1245-01-01,1309-01-01,是,滋阳,县丞,,,,,,胡姑，孔子第52代孙。,
孔公亮,孔,公,男,52,1251-01-01,1318-01-01,是,济宁,主簿,,,,,,孔公亮，孔子第52代孙。,
孔公亯,孔,公,男,52,1247-01-01,1324-01-01,是,邹县,训导,,,,,,孔公亯，孔子第52代孙。,
林姑,孔,公,女,52,1251-01-01,1324-01-01,是,滕县,教谕,,,,,,林姑，孔子第52代孙。,
孔公亱,孔,公,男,52,1250-01-01,1332-01-01,是,峄县,商人,,,,,,孔公亱，孔子第52代孙。,
孔公亲,孔,公,男,52,1251-01-01,1329-01-01,是,金乡,官员,,,,,,孔公亲，孔子第52代孙。,
孔公亳,孔,公,男,52,1248-01-01,1319-01-01,是,鱼台,学者,,,,,,孔公亳，孔子第52代孙。,
孔公亴,孔,公,男,52,1247-01-01,1328-01-01,是,嘉祥,大夫,,,,,,孔公亴，孔子第52代孙。,
孔公亵,孔,公,男,52,1245-01-01,1323-01-01,是,汶上,士,,,,,,孔公亵，孔子第52代孙。,
孔公亶,孔,公,男,52,1252-01-01,1328-01-01,是,泗水,农,,,,,,孔公亶，孔子第52代孙。,
孔公亷,孔,公,男,52,1251-01-01,1326-01-01,是,宁阳,商,,,,,,孔公亷，孔子第52代孙。,
孔公亸,孔,公,男,52,1247-01-01,1322-01-01,是,兖州,儒,,,,,,孔公亸，孔子第52代孙。,
孔公亹,孔,公,男,52,1250-01-01,1333-01-01,是,东平,工部侍郎,,,,,,孔公亹，孔子第52代孙。,
孔公人,孔,公,男,52,1247-01-01,1320-01-01,是,寿张,礼部尚书,,,,,,孔公人，孔子第52代孙。,
孔公亻,孔,公,男,52,1245-01-01,1305-01-01,是,范县,知州,,,,,,孔公亻，孔子第52代孙。,
孔公亼,孔,公,男,52,1252-01-01,1313-01-01,是,濮州,知县,,,,,,孔公亼，孔子第52代孙。,
孔公亽,孔,公,男,52,1246-01-01,1310-01-01,是,开州,举人,,,,,,孔公亽，孔子第52代孙。,
孔公亾,孔,公,男,52,1252-01-01,1319-01-01,是,长垣,进士,,,,,,孔公亾，孔子第52代孙。,
孙姑,孔,公,女,52,1246-01-01,1325-01-01,是,东明,太学生,,,,,,孙姑，孔子第52代孙。,
胡氏,孔,公,女,52,1252-01-01,1315-01-01,是,荷泽,县丞,,,,,,胡氏，孔子第52代孙。,
孔公仁,孔,公,男,52,1249-01-01,1333-01-01,是,曹州,主簿,,,,,,孔公仁，孔子第52代孙。,
高姑,孔,公,女,52,1249-01-01,1311-01-01,是,定陶,训导,,,,,,高姑，孔子第52代孙。,
林氏,孔,公,女,52,1249-01-01,1319-01-01,是,单县,教谕,,,,,,林氏，孔子第52代孙。,
孔公仄,孔,公,男,52,1250-01-01,1311-01-01,是,成武,商人,,,,,,孔公仄，孔子第52代孙。,
孔公仅,孔,公,男,52,1246-01-01,1318-01-01,是,巨野,官员,,,,,,孔公仅，孔子第52代孙。,
马氏,孔,公,女,52,1246-01-01,1327-01-01,是,郓城,学者,,,,,,马氏，孔子第52代孙。,
孔公仇,孔,公,男,52,1250-01-01,1327-01-01,是,鄄城,大夫,,,,,,孔公仇，孔子第52代孙。,
孔公仈,孔,公,男,52,1249-01-01,1326-01-01,是,曲阜,士,,,,,,孔公仈，孔子第52代孙。,
孔公仉,孔,公,男,52,1246-01-01,1326-01-01,是,滋阳,农,,,,,,孔公仉，孔子第52代孙。,
孔公今,孔,公,男,52,1248-01-01,1325-01-01,是,济宁,商,,,,,,孔公今，孔子第52代孙。,
孔公介,孔,公,男,52,1252-01-01,1333-01-01,是,邹县,儒,,,,,,孔公介，孔子第52代孙。,
孔公仌,孔,公,男,52,1249-01-01,1327-01-01,是,滕县,工部侍郎,,,,,,孔公仌，孔子第52代孙。,
孔公仍,孔,公,男,52,1246-01-01,1320-01-01,是,峄县,礼部尚书,,,,,,孔公仍，孔子第52代孙。,
孔公从,孔,公,男,52,1248-01-01,1309-01-01,是,金乡,知州,,,,,,孔公从，孔子第52代孙。,
孔公仏,孔,公,男,52,1246-01-01,1326-01-01,是,鱼台,知县,,,,,,孔公仏，孔子第52代孙。,
孔公仐,孔,公,男,52,1250-01-01,1310-01-01,是,嘉祥,举人,,,,,,孔公仐，孔子第52代孙。,
徐姑,孔,公,女,52,1248-01-01,1322-01-01,是,汶上,进士,,,,,,徐姑，孔子第52代孙。,
孔公仒,孔,公,男,52,1246-01-01,1309-01-01,是,泗水,太学生,,,,,,孔公仒，孔子第52代孙。,
孔公仓,孔,公,男,52,1245-01-01,1325-01-01,是,宁阳,县丞,,,,,,孔公仓，孔子第52代孙。,
孔公仔,孔,公,男,52,1252-01-01,1331-01-01,是,兖州,主簿,,,,,,孔公仔，孔子第52代孙。,
孔公仕,孔,公,男,52,1246-01-01,1327-01-01,是,东平,训导,,,,,,孔公仕，孔子第52代孙。,
林娘,孔,公,女,52,1247-01-01,1318-01-01,是,寿张,教谕,,,,,,林娘，孔子第52代孙。,
何姑,孔,公,女,52,1248-01-01,1330-01-01,是,范县,商人,,,,,,何姑，孔子第52代孙。,
孔公付,孔,公,男,52,1247-01-01,1312-01-01,是,濮州,官员,,,,,,孔公付，孔子第52代孙。,
孔公仙,孔,公,男,52,1251-01-01,1315-01-01,是,开州,学者,,,,,,孔公仙，孔子第52代孙。,
孔公仚,孔,公,男,52,1250-01-01,1330-01-01,是,长垣,大夫,,,,,,孔公仚，孔子第52代孙。,
王氏,孔,公,女,52,1249-01-01,1318-01-01,是,东明,士,,,,,,王氏，孔子第52代孙。,
孔公仜,孔,公,男,52,1250-01-01,1323-01-01,是,荷泽,农,,,,,,孔公仜，孔子第52代孙。,
孔公仝,孔,公,男,52,1245-01-01,1318-01-01,是,曹州,商,,,,,,孔公仝，孔子第52代孙。,
孔公仞,孔,公,男,52,1251-01-01,1331-01-01,是,定陶,儒,,,,,,孔公仞，孔子第52代孙。,
孔公仟,孔,公,男,52,1245-01-01,1308-01-01,是,单县,工部侍郎,,,,,,孔公仟，孔子第52代孙。,
孔公仠,孔,公,男,52,1249-01-01,1333-01-01,是,成武,礼部尚书,,,,,,孔公仠，孔子第52代孙。,
孔公仡,孔,公,男,52,1249-01-01,1314-01-01,是,巨野,知州,,,,,,孔公仡，孔子第52代孙。,
周娘,孔,公,女,52,1250-01-01,1333-01-01,是,郓城,知县,,,,,,周娘，孔子第52代孙。,
孔公代,孔,公,男,52,1245-01-01,1329-01-01,是,鄄城,举人,,,,,,孔公代，孔子第52代孙。,
孔公令,孔,公,男,52,1251-01-01,1332-01-01,是,曲阜,进士,,,,,,孔公令，孔子第52代孙。,
孙娘,孔,公,女,52,1251-01-01,1312-01-01,是,滋阳,太学生,,,,,,孙娘，孔子第52代孙。,
孔公仦,孔,公,男,52,1249-01-01,1314-01-01,是,济宁,县丞,,,,,,孔公仦，孔子第52代孙。,
孔公仧,孔,公,男,52,1245-01-01,1320-01-01,是,邹县,主簿,,,,,,孔公仧，孔子第52代孙。,
高娘,孔,公,女,52,1247-01-01,1321-01-01,是,滕县,训导,,,,,,高娘，孔子第52代孙。,
林姑,孔,公,女,52,1248-01-01,1325-01-01,是,峄县,教谕,,,,,,林姑，孔子第52代孙。,
孔公仪,孔,公,男,52,1245-01-01,1310-01-01,是,金乡,商人,,,,,,孔公仪，孔子第52代孙。,
郭娘,孔,公,女,52,1247-01-01,1323-01-01,是,鱼台,官员,,,,,,郭娘，孔子第52代孙。,
孔公们,孔,公,男,52,1252-01-01,1322-01-01,是,嘉祥,学者,,,,,,孔公们，孔子第52代孙。,
张氏,孔,公,女,52,1245-01-01,1313-01-01,是,汶上,大夫,,,,,,张氏，孔子第52代孙。,
孔公仮,孔,公,男,52,1246-01-01,1316-01-01,是,泗水,士,,,,,,孔公仮，孔子第52代孙。,
孔公仯,孔,公,男,52,1246-01-01,1318-01-01,是,宁阳,农,,,,,,孔公仯，孔子第52代孙。,
孔公仰,孔,公,男,52,1245-01-01,1326-01-01,是,兖州,商,,,,,,孔公仰，孔子第52代孙。,
陈娘,孔,公,女,52,1247-01-01,1320-01-01,是,东平,儒,,,,,,陈娘，孔子第52代孙。,
孔公仲,孔,公,男,52,1246-01-01,1329-01-01,是,寿张,工部侍郎,,,,,,孔公仲，孔子第52代孙。,
孔公仳,孔,公,男,52,1247-01-01,1328-01-01,是,范县,礼部尚书,,,,,,孔公仳，孔子第52代孙。,
孔公仴,孔,公,男,52,1248-01-01,1325-01-01,是,濮州,知州,,,,,,孔公仴，孔子第52代孙。,
孔公仵,孔,公,男,52,1250-01-01,1331-01-01,是,开州,知县,,,,,,孔公仵，孔子第52代孙。,
吴氏,孔,公,女,52,1246-01-01,1312-01-01,是,长垣,举人,,,,,,吴氏，孔子第52代孙。,
孔公价,孔,公,男,52,1246-01-01,1320-01-01,是,东明,进士,,,,,,孔公价，孔子第52代孙。,
孔公仸,孔,公,男,52,1248-01-01,1310-01-01,是,荷泽,太学生,,,,,,孔公仸，孔子第52代孙。,
胡氏,孔,公,女,52,1247-01-01,1328-01-01,是,曹州,县丞,,,,,,胡氏，孔子第52代孙。,
孔公仺,孔,公,男,52,1247-01-01,1313-01-01,是,定陶,主簿,,,,,,孔公仺，孔子第52代孙。,
孔公任,孔,公,男,52,1251-01-01,1335-01-01,是,单县,训导,,,,,,孔公任，孔子第52代孙。,
林氏,孔,公,女,52,1245-01-01,1313-01-01,是,成武,教谕,,,,,,林氏，孔子第52代孙。,
孔公份,孔,公,男,52,1248-01-01,1323-01-01,是,巨野,商人,,,,,,孔公份，孔子第52代孙。,
郭姑,孔,公,女,52,1246-01-01,1325-01-01,是,郓城,官员,,,,,,郭姑，孔子第52代孙。,
孔公仿,孔,公,男,52,1247-01-01,1307-01-01,是,鄄城,学者,,,,,,孔公仿，孔子第52代孙。,
张娘,孔,公,女,52,1245-01-01,1307-01-01,是,曲阜,大夫,,,,,,张娘，孔子第52代孙。,
孔公企,孔,公,男,52,1249-01-01,1313-01-01,是,滋阳,士,,,,,,孔公企，孔子第52代孙。,
孔公伂,孔,公,男,52,1247-01-01,1326-01-01,是,济宁,农,,,,,,孔公伂，孔子第52代孙。,
孔公伃,孔,公,男,52,1245-01-01,1308-01-01,是,邹县,商,,,,,,孔公伃，孔子第52代孙。,
陈姑,孔,公,女,52,1245-01-01,1308-01-01,是,滕县,儒,,,,,,陈姑，孔子第52代孙。,
杨氏,孔,公,女,52,1251-01-01,1313-01-01,是,峄县,工部侍郎,,,,,,杨氏，孔子第52代孙。,
赵娘,孔,公,女,52,1247-01-01,1308-01-01,是,金乡,礼部尚书,,,,,,赵娘，孔子第52代孙。,
黄姑,孔,公,女,52,1248-01-01,1309-01-01,是,鱼台,知州,,,,,,黄姑，孔子第52代孙。,
周氏,孔,公,女,52,1247-01-01,1321-01-01,是,嘉祥,知县,,,,,,周氏，孔子第52代孙。,
孔公伉,孔,公,男,52,1250-01-01,1330-01-01,是,汶上,举人,,,,,,孔公伉，孔子第52代孙。,
孔公伊,孔,公,男,52,1250-01-01,1324-01-01,是,泗水,进士,,,,,,孔公伊，孔子第52代孙。,
孔公伋,孔,公,男,52,1252-01-01,1328-01-01,是,宁阳,太学生,,,,,,孔公伋，孔子第52代孙。,
孔公伌,孔,公,男,52,1247-01-01,1319-01-01,是,兖州,县丞,,,,,,孔公伌，孔子第52代孙。,
孔公伍,孔,公,男,52,1246-01-01,1316-01-01,是,东平,主簿,,,,,,孔公伍，孔子第52代孙。,
高氏,孔,公,女,52,1245-01-01,1327-01-01,是,寿张,训导,,,,,,高氏，孔子第52代孙。,
林娘,孔,公,女,52,1248-01-01,1317-01-01,是,范县,教谕,,,,,,林娘，孔子第52代孙。,
孔公伐,孔,公,男,52,1251-01-01,1313-01-01,是,濮州,商人,,,,,,孔公伐，孔子第52代孙。,
郭氏,孔,公,女,52,1246-01-01,1327-01-01,是,开州,官员,,,,,,郭氏，孔子第52代孙。,
马娘,孔,公,女,52,1249-01-01,1319-01-01,是,长垣,学者,,,,,,马娘，孔子第52代孙。,
孔公伓,孔,公,男,52,1251-01-01,1315-01-01,是,东明,大夫,,,,,,孔公伓，孔子第52代孙。,
孔公伔,孔,公,男,52,1252-01-01,1330-01-01,是,荷泽,士,,,,,,孔公伔，孔子第52代孙。,
孔公伕,孔,公,男,52,1251-01-01,1330-01-01,是,曹州,农,,,,,,孔公伕，孔子第52代孙。,
孔公伖,孔,公,男,52,1250-01-01,1315-01-01,是,定陶,商,,,,,,孔公伖，孔子第52代孙。,
孔公众,孔,公,男,52,1246-01-01,1309-01-01,是,单县,儒,,,,,,孔公众，孔子第52代孙。,
孔公优,孔,公,男,52,1245-01-01,1311-01-01,是,成武,工部侍郎,,,,,,孔公优，孔子第52代孙。,
孔公伙,孔,公,男,52,1252-01-01,1325-01-01,是,巨野,礼部尚书,,,,,,孔公伙，孔子第52代孙。,
孔公会,孔,公,男,52,1245-01-01,1314-01-01,是,郓城,知州,,,,,,孔公会，孔子第52代孙。,
孔公伛,孔,公,男,52,1252-01-01,1331-01-01,是,鄄城,知县,,,,,,孔公伛，孔子第52代孙。,
孔公伜,孔,公,男,52,1251-01-01,1335-01-01,是,曲阜,举人,,,,,,孔公伜，孔子第52代孙。,
徐氏,孔,公,女,52,1251-01-01,1323-01-01,是,滋阳,进士,,,,,,徐氏，孔子第52代孙。,
孔公伞,孔,公,男,52,1249-01-01,1318-01-01,是,济宁,太学生,,,,,,孔公伞，孔子第52代孙。,
孔公伟,孔,公,男,52,1250-01-01,1317-01-01,是,邹县,县丞,,,,,,孔公伟，孔子第52代孙。,
孔公传,孔,公,男,52,1245-01-01,1329-01-01,是,滕县,主簿,,,,,,孔公传，孔子第52代孙。,
高娘,孔,公,女,52,1250-01-01,1327-01-01,是,峄县,训导,,,,,,高娘，孔子第52代孙。,
孔公伢,孔,公,男,52,1248-01-01,1314-01-01,是,金乡,教谕,,,,,,孔公伢，孔子第52代孙。,
孔公伣,孔,公,男,52,1250-01-01,1314-01-01,是,鱼台,商人,,,,,,孔公伣，孔子第52代孙。,
郭娘,孔,公,女,52,1251-01-01,1315-01-01,是,嘉祥,官员,,,,,,郭娘，孔子第52代孙。,
马姑,孔,公,女,52,1246-01-01,1318-01-01,是,汶上,学者,,,,,,马姑，孔子第52代孙。,
孔公伦,孔,公,男,52,1251-01-01,1335-01-01,是,泗水,大夫,,,,,,孔公伦，孔子第52代孙。,
王娘,孔,公,女,52,1247-01-01,1330-01-01,是,宁阳,士,,,,,,王娘，孔子第52代孙。,
孔公伨,孔,公,男,52,1245-01-01,1325-01-01,是,兖州,农,,,,,,孔公伨，孔子第52代孙。,
孔公伩,孔,公,男,52,1248-01-01,1321-01-01,是,东平,商,,,,,,孔公伩，孔子第52代孙。,
陈娘,孔,公,女,52,1252-01-01,1329-01-01,是,寿张,儒,,,,,,陈娘，孔子第52代孙。,
杨姑,孔,公,女,52,1246-01-01,1321-01-01,是,范县,工部侍郎,,,,,,杨姑，孔子第52代孙。,
孔公伬,孔,公,男,52,1245-01-01,1310-01-01,是,濮州,礼部尚书,,,,,,孔公伬，孔子第52代孙。,
孔公伭,孔,公,男,52,1245-01-01,1308-01-01,是,开州,知州,,,,,,孔公伭，孔子第52代孙。,
孔公伮,孔,公,男,52,1246-01-01,1319-01-01,是,长垣,知县,,,,,,孔公伮，孔子第52代孙。,
孔公伯,孔,公,男,52,1245-01-01,1326-01-01,是,东明,举人,,,,,,孔公伯，孔子第52代孙。,
孔公估,孔,公,男,52,1249-01-01,1320-01-01,是,荷泽,进士,,,,,,孔公估，孔子第52代孙。,
孔公伱,孔,公,男,52,1248-01-01,1331-01-01,是,曹州,太学生,,,,,,孔公伱，孔子第52代孙。,
孔公伲,孔,公,男,52,1252-01-01,1324-01-01,是,定陶,县丞,,,,,,孔公伲，孔子第52代孙。,
孔公伳,孔,公,男,52,1249-01-01,1323-01-01,是,单县,主簿,,,,,,孔公伳，孔子第52代孙。,
孔公伴,孔,公,男,52,1251-01-01,1333-01-01,是,成武,训导,,,,,,孔公伴，孔子第52代孙。,
林氏,孔,公,女,52,1252-01-01,1318-01-01,是,巨野,教谕,,,,,,林氏，孔子第52代孙。,
何娘,孔,公,女,52,1245-01-01,1319-01-01,是,郓城,商人,,,,,,何娘，孔子第52代孙。,
孔公伷,孔,公,男,52,1245-01-01,1310-01-01,是,鄄城,官员,,,,,,孔公伷，孔子第52代孙。,
孔公伸,孔,公,男,52,1250-01-01,1331-01-01,是,曲阜,学者,,,,,,孔公伸，孔子第52代孙。,
孔公伹,孔,公,男,52,1245-01-01,1313-01-01,是,滋阳,大夫,,,,,,孔公伹，孔子第52代孙。,
王姑,孔,公,女,52,1249-01-01,1321-01-01,是,济宁,士,,,,,,王姑，孔子第52代孙。,
孔公伻,孔,公,男,52,1252-01-01,1313-01-01,是,邹县,农,,,,,,孔公伻，孔子第52代孙。,
孔公似,孔,公,男,52,1252-01-01,1325-01-01,是,滕县,商,,,,,,孔公似，孔子第52代孙。,
孔公伽,孔,公,男,52,1250-01-01,1332-01-01,是,峄县,儒,,,,,,孔公伽，孔子第52代孙。,
杨氏,孔,公,女,52,1246-01-01,1317-01-01,是,金乡,工部侍郎,,,,,,杨氏，孔子第52代孙。,
孔公伿,孔,公,男,52,1250-01-01,1328-01-01,是,鱼台,礼部尚书,,,,,,孔公伿，孔子第52代孙。,
黄姑,孔,公,女,52,1249-01-01,1324-01-01,是,嘉祥,知州,,,,,,黄姑，孔子第52代孙。,
周氏,孔,公,女,52,1246-01-01,1315-01-01,是,汶上,知县,,,,,,周氏，孔子第52代孙。,
孔公佂,孔,公,男,52,1246-01-01,1308-01-01,是,泗水,举人,,,,,,孔公佂，孔子第52代孙。,
孔公佃,孔,公,男,52,1246-01-01,1310-01-01,是,宁阳,进士,,,,,,孔公佃，孔子第52代孙。,
孙氏,孔,公,女,52,1248-01-01,1326-01-01,是,兖州,太学生,,,,,,孙氏，孔子第52代孙。,
胡娘,孔,公,女,52,1251-01-01,1315-01-01,是,东平,县丞,,,,,,胡娘，孔子第52代孙。,
孔公但,孔,公,男,52,1252-01-01,1330-01-01,是,寿张,主簿,,,,,,孔公但，孔子第52代孙。,
孔公佇,孔,公,男,52,1248-01-01,1314-01-01,是,范县,训导,,,,,,孔公佇，孔子第52代孙。,
孔公佈,孔,公,男,52,1248-01-01,1326-01-01,是,濮州,教谕,,,,,,孔公佈，孔子第52代孙。,
孔公佉,孔,公,男,52,1247-01-01,1311-01-01,是,开州,商人,,,,,,孔公佉，孔子第52代孙。,
孔公佊,孔,公,男,52,1250-01-01,1333-01-01,是,长垣,官员,,,,,,孔公佊，孔子第52代孙。,
孔公佋,孔,公,男,52,1247-01-01,1311-01-01,是,东明,学者,,,,,,孔公佋，孔子第52代孙。,
孔公佌,孔,公,男,52,1250-01-01,1328-01-01,是,荷泽,大夫,,,,,,孔公佌，孔子第52代孙。,
王氏,孔,公,女,52,1245-01-01,1309-01-01,是,曹州,士,,,,,,王氏，孔子第52代孙。,
李娘,孔,公,女,52,1245-01-01,1307-01-01,是,定陶,农,,,,,,李娘，孔子第52代孙。,
孔公住,孔,公,男,52,1248-01-01,1319-01-01,是,单县,商,,,,,,孔公住，孔子第52代孙。,
孔公佐,孔,公,男,52,1250-01-01,1312-01-01,是,成武,儒,,,,,,孔公佐，孔子第52代孙。,
杨娘,孔,公,女,52,1245-01-01,1310-01-01,是,巨野,工部侍郎,,,,,,杨娘，孔子第52代孙。,
赵姑,孔,公,女,52,1245-01-01,1316-01-01,是,郓城,礼部尚书,,,,,,赵姑，孔子第52代孙。,
孔公体,孔,公,男,52,1251-01-01,1315-01-01,是,鄄城,知州,,,,,,孔公体，孔子第52代孙。,
孔公佔,孔,公,男,52,1247-01-01,1316-01-01,是,曲阜,知县,,,,,,孔公佔，孔子第52代孙。,
吴姑,孔,公,女,52,1249-01-01,1312-01-01,是,滋阳,举人,,,,,,吴姑，孔子第52代孙。,
孔公佖,孔,公,男,52,1252-01-01,1321-01-01,是,济宁,进士,,,,,,孔公佖，孔子第52代孙。,
孔公佗,孔,公,男,52,1247-01-01,1323-01-01,是,邹县,太学生,,,,,,孔公佗，孔子第52代孙。,
胡姑,孔,公,女,52,1247-01-01,1315-01-01,是,滕县,县丞,,,,,,胡姑，孔子第52代孙。,
朱氏,孔,公,女,52,1246-01-01,1319-01-01,是,峄县,主簿,,,,,,朱氏，孔子第52代孙。,
孔公佚,孔,公,男,52,1250-01-01,1327-01-01,是,金乡,训导,,,,,,孔公佚，孔子第52代孙。,
孔公佛,孔,公,男,52,1248-01-01,1309-01-01,是,鱼台,教谕,,,,,,孔公佛，孔子第52代孙。,
孔公作,孔,公,男,52,1249-01-01,1316-01-01,是,嘉祥,商人,,,,,,孔公作，孔子第52代孙。,
郭娘,孔,公,女,52,1245-01-01,1306-01-01,是,汶上,官员,,,,,,郭娘，孔子第52代孙。,
孔公佞,孔,公,男,52,1247-01-01,1317-01-01,是,泗水,学者,,,,,,孔公佞，孔子第52代孙。,
孔公佟,孔,公,男,52,1250-01-01,1327-01-01,是,宁阳,大夫,,,,,,孔公佟，孔子第52代孙。,
王娘,孔,公,女,52,1245-01-01,1309-01-01,是,兖州,士,,,,,,王娘，孔子第52代孙。,
李姑,孔,公,女,52,1248-01-01,1330-01-01,是,东平,农,,,,,,李姑，孔子第52代孙。,
孔公佢,孔,公,男,52,1251-01-01,1322-01-01,是,寿张,商,,,,,,孔公佢，孔子第52代孙。,
陈娘,孔,公,女,52,1249-01-01,1312-01-01,是,范县,儒,,,,,,陈娘，孔子第52代孙。,
孔公佤,孔,公,男,52,1251-01-01,1318-01-01,是,濮州,工部侍郎,,,,,,孔公佤，孔子第52代孙。,
赵氏,孔,公,女,52,1246-01-01,1326-01-01,是,开州,礼部尚书,,,,,,赵氏，孔子第52代孙。,
黄娘,孔,公,女,52,1250-01-01,1312-01-01,是,长垣,知州,,,,,,黄娘，孔子第52代孙。,
孔公佧,孔,公,男,52,1245-01-01,1318-01-01,是,东明,知县,,,,,,孔公佧，孔子第52代孙。,
吴氏,孔,公,女,52,1249-01-01,1314-01-01,是,荷泽,举人,,,,,,吴氏，孔子第52代孙。,
徐娘,孔,公,女,52,1247-01-01,1321-01-01,是,曹州,进士,,,,,,徐娘，孔子第52代孙。,
孙姑,孔,公,女,52,1250-01-01,1316-01-01,是,定陶,太学生,,,,,,孙姑，孔子第52代孙。,
胡氏,孔,公,女,52,1245-01-01,1311-01-01,是,单县,县丞,,,,,,胡氏，孔子第52代孙。,
孔公佬,孔,公,男,52,1245-01-01,1325-01-01,是,成武,主簿,,,,,,孔公佬，孔子第52代孙。,
孔公佭,孔,公,男,52,1247-01-01,1314-01-01,是,巨野,训导,,,,,,孔公佭，孔子第52代孙。,
孔公佮,孔,公,男,52,1246-01-01,1309-01-01,是,郓城,教谕,,,,,,孔公佮，孔子第52代孙。,
孔公佯,孔,公,男,52,1248-01-01,1312-01-01,是,鄄城,商人,,,,,,孔公佯，孔子第52代孙。,
郭姑,孔,公,女,52,1250-01-01,1324-01-01,是,曲阜,官员,,,,,,郭姑，孔子第52代孙。,
孔公佱,孔,公,男,52,1248-01-01,1309-01-01,是,滋阳,学者,,,,,,孔公佱，孔子第52代孙。,
孔公佲,孔,公,男,52,1249-01-01,1313-01-01,是,济宁,大夫,,,,,,孔公佲，孔子第52代孙。,
孔公佳,孔,公,男,52,1250-01-01,1334-01-01,是,邹县,士,,,,,,孔公佳，孔子第52代孙。,
李氏,孔,公,女,52,1245-01-01,1323-01-01,是,滕县,农,,,,,,李氏，孔子第52代孙。,
刘娘,孔,公,女,52,1245-01-01,1321-01-01,是,峄县,商,,,,,,刘娘，孔子第52代孙。,
陈姑,孔,公,女,52,1246-01-01,1306-01-01,是,金乡,儒,,,,,,陈姑，孔子第52代孙。,
孔公佷,孔,公,男,52,1250-01-01,1312-01-01,是,鱼台,工部侍郎,,,,,,孔公佷，孔子第52代孙。,
孔公佸,孔,公,男,52,1250-01-01,1315-01-01,是,嘉祥,礼部尚书,,,,,,孔公佸，孔子第52代孙。,
黄姑,孔,公,女,52,1249-01-01,1330-01-01,是,汶上,知州,,,,,,黄姑，孔子第52代孙。,
孔公佺,孔,公,男,52,1248-01-01,1319-01-01,是,泗水,知县,,,,,,孔公佺，孔子第52代孙。,
孔公佻,孔,公,男,52,1247-01-01,1307-01-01,是,宁阳,举人,,,,,,孔公佻，孔子第52代孙。,
徐姑,孔,公,女,52,1245-01-01,1306-01-01,是,兖州,进士,,,,,,徐姑，孔子第52代孙。,
孔公佽,孔,公,男,52,1247-01-01,1331-01-01,是,东平,太学生,,,,,,孔公佽，孔子第52代孙。,
孔公佾,孔,公,男,52,1252-01-01,1318-01-01,是,寿张,县丞,,,,,,孔公佾，孔子第52代孙。,
孔公使,孔,公,男,52,1249-01-01,1317-01-01,是,范县,主簿,,,,,,孔公使，孔子第52代孙。,
高氏,孔,公,女,52,1246-01-01,1316-01-01,是,濮州,训导,,,,,,高氏，孔子第52代孙。,
孔公侁,孔,公,男,52,1252-01-01,1319-01-01,是,开州,教谕,,,,,,孔公侁，孔子第52代孙。,
孔公侂,孔,公,男,52,1251-01-01,1326-01-01,是,长垣,商人,,,,,,孔公侂，孔子第52代孙。,
郭氏,孔,公,女,52,1248-01-01,1323-01-01,是,东明,官员,,,,,,郭氏，孔子第52代孙。,
孔公侄,孔,公,男,52,1247-01-01,1319-01-01,是,荷泽,学者,,,,,,孔公侄，孔子第52代孙。,
孔公侅,孔,公,男,52,1247-01-01,1320-01-01,是,曹州,大夫,,,,,,孔公侅，孔子第52代孙。,
孔公來,孔,公,男,52,1249-01-01,1327-01-01,是,定陶,士,,,,,,孔公來，孔子第52代孙。,
孔公侇,孔,公,男,52,1251-01-01,1332-01-01,是,单县,农,,,,,,孔公侇，孔子第52代孙。,
孔公侈,孔,公,男,52,1251-01-01,1315-01-01,是,成武,商,,,,,,孔公侈，孔子第52代孙。,
孔公侉,孔,公,男,52,1251-01-01,1328-01-01,是,巨野,儒,,,,,,孔公侉，孔子第52代孙。,
杨娘,孔,公,女,52,1252-01-01,1325-01-01,是,郓城,工部侍郎,,,,,,杨娘，孔子第52代孙。,
孔公例,孔,公,男,52,1249-01-01,1319-01-01,是,鄄城,礼部尚书,,,,,,孔公例，孔子第52代孙。,
黄氏,孔,公,女,52,1248-01-01,1329-01-01,是,曲阜,知州,,,,,,黄氏，孔子第52代孙。,
周娘,孔,公,女,52,1249-01-01,1330-01-01,是,滋阳,知县,,,,,,周娘，孔子第52代孙。,
吴姑,孔,公,女,52,1250-01-01,1314-01-01,是,济宁,举人,,,,,,吴姑，孔子第52代孙。,
孔公侏,孔,公,男,52,1249-01-01,1327-01-01,是,邹县,进士,,,,,,孔公侏，孔子第52代孙。,
孔公侐,孔,公,男,52,1251-01-01,1328-01-01,是,滕县,太学生,,,,,,孔公侐，孔子第52代孙。,
孔公侑,孔,公,男,52,1249-01-01,1332-01-01,是,峄县,县丞,,,,,,孔公侑，孔子第52代孙。,
孔公侒,孔,公,男,52,1252-01-01,1324-01-01,是,金乡,主簿,,,,,,孔公侒，孔子第52代孙。,
孔公侓,孔,公,男,52,1246-01-01,1313-01-01,是,鱼台,训导,,,,,,孔公侓，孔子第52代孙。,
孔公侔,孔,公,男,52,1248-01-01,1329-01-01,是,嘉祥,教谕,,,,,,孔公侔，孔子第52代孙。,
孔公侕,孔,公,男,52,1251-01-01,1322-01-01,是,汶上,商人,,,,,,孔公侕，孔子第52代孙。,
孔公侖,孔,公,男,52,1251-01-01,1328-01-01,是,泗水,官员,,,,,,孔公侖，孔子第52代孙。,
马姑,孔,公,女,52,1252-01-01,1332-01-01,是,宁阳,学者,,,,,,马姑，孔子第52代孙。,
孔公侘,孔,公,男,52,1250-01-01,1332-01-01,是,兖州,大夫,,,,,,孔公侘，孔子第52代孙。,
王娘,孔,公,女,52,1245-01-01,1327-01-01,是,东平,士,,,,,,王娘，孔子第52代孙。,
孔公侚,孔,公,男,52,1247-01-01,1323-01-01,是,寿张,农,,,,,,孔公侚，孔子第52代孙。,
刘氏,孔,公,女,52,1248-01-01,1327-01-01,是,范县,商,,,,,,刘氏，孔子第52代孙。,
孔公侜,孔,公,男,52,1251-01-01,1318-01-01,是,濮州,儒,,,,,,孔公侜，孔子第52代孙。,
杨姑,孔,公,女,52,1250-01-01,1326-01-01,是,开州,工部侍郎,,,,,,杨姑，孔子第52代孙。,
孔公侞,孔,公,男,52,1246-01-01,1324-01-01,是,长垣,礼部尚书,,,,,,孔公侞，孔子第52代孙。,
孔公侟,孔,公,男,52,1248-01-01,1319-01-01,是,东明,知州,,,,,,孔公侟，孔子第52代孙。,
周姑,孔,公,女,52,1247-01-01,1322-01-01,是,荷泽,知县,,,,,,周姑，孔子第52代孙。,
孔公価,孔,公,男,52,1247-01-01,1311-01-01,是,曹州,举人,,,,,,孔公価，孔子第52代孙。,
孔公侢,孔,公,男,52,1251-01-01,1314-01-01,是,定陶,进士,,,,,,孔公侢，孔子第52代孙。,
孙姑,孔,公,女,52,1250-01-01,1333-01-01,是,单县,太学生,,,,,,孙姑，孔子第52代孙。,
孔公侤,孔,公,男,52,1245-01-01,1309-01-01,是,成武,县丞,,,,,,孔公侤，孔子第52代孙。,
孔公侥,孔,公,男,52,1250-01-01,1324-01-01,是,巨野,主簿,,,,,,孔公侥，孔子第52代孙。,
孔公侦,孔,公,男,52,1250-01-01,1314-01-01,是,郓城,训导,,,,,,孔公侦，孔子第52代孙。,
孔公侧,孔,公,男,52,1245-01-01,1324-01-01,是,鄄城,教谕,,,,,,孔公侧，孔子第52代孙。,
孔公侨,孔,公,男,52,1246-01-01,1329-01-01,是,曲阜,商人,,,,,,孔公侨，孔子第52代孙。,
孔公侩,孔,公,男,52,1246-01-01,1307-01-01,是,滋阳,官员,,,,,,孔公侩，孔子第52代孙。,
马氏,孔,公,女,52,1245-01-01,1318-01-01,是,济宁,学者,,,,,,马氏，孔子第52代孙。,
张娘,孔,公,女,52,1248-01-01,1318-01-01,是,邹县,大夫,,,,,,张娘，孔子第52代孙。,
孔公侬,孔,公,男,52,1247-01-01,1318-01-01,是,滕县,士,,,,,,孔公侬，孔子第52代孙。,
李氏,孔,公,女,52,1251-01-01,1320-01-01,是,峄县,农,,,,,,李氏，孔子第52代孙。,
孔公侮,孔,公,男,52,1250-01-01,1317-01-01,是,金乡,商,,,,,,孔公侮，孔子第52代孙。,
陈姑,孔,公,女,52,1247-01-01,1326-01-01,是,鱼台,儒,,,,,,陈姑，孔子第52代孙。,
孔公侰,孔,公,男,52,1249-01-01,1320-01-01,是,嘉祥,工部侍郎,,,,,,孔公侰，孔子第52代孙。,
孔公侱,孔,公,男,52,1245-01-01,1324-01-01,是,汶上,礼部尚书,,,,,,孔公侱，孔子第52代孙。,
黄姑,孔,公,女,52,1248-01-01,1331-01-01,是,泗水,知州,,,,,,黄姑，孔子第52代孙。,
周氏,孔,公,女,52,1250-01-01,1324-01-01,是,宁阳,知县,,,,,,周氏，孔子第52代孙。,
孔公侴,孔,公,男,52,1251-01-01,1321-01-01,是,兖州,举人,,,,,,孔公侴，孔子第52代孙。,
孔公侵,孔,公,男,52,1245-01-01,1315-01-01,是,东平,进士,,,,,,孔公侵，孔子第52代孙。,
孔公侶,孔,公,男,52,1247-01-01,1318-01-01,是,寿张,太学生,,,,,,孔公侶，孔子第52代孙。,
孔公侷,孔,公,男,52,1246-01-01,1312-01-01,是,范县,县丞,,,,,,孔公侷，孔子第52代孙。,
孔公侸,孔,公,男,52,1247-01-01,1330-01-01,是,濮州,主簿,,,,,,孔公侸，孔子第52代孙。,
孔公侹,孔,公,男,52,1245-01-01,1328-01-01,是,开州,训导,,,,,,孔公侹，孔子第52代孙。,
孔公侺,孔,公,男,52,1245-01-01,1322-01-01,是,长垣,教谕,,,,,,孔公侺，孔子第52代孙。,
孔公侻,孔,公,男,52,1252-01-01,1312-01-01,是,东明,商人,,,,,,孔公侻，孔子第52代孙。,
孔公侼,孔,公,男,52,1250-01-01,1315-01-01,是,荷泽,官员,,,,,,孔公侼，孔子第52代孙。,
孔公侽,孔,公,男,52,1250-01-01,1330-01-01,是,曹州,学者,,,,,,孔公侽，孔子第52代孙。,
张姑,孔,公,女,52,1248-01-01,1318-01-01,是,定陶,大夫,,,,,,张姑，孔子第52代孙。,
王氏,孔,公,女,52,1247-01-01,1307-01-01,是,单县,士,,,,,,王氏，孔子第52代孙。,
孔公俀,孔,公,男,52,1249-01-01,1313-01-01,是,成武,农,,,,,,孔公俀，孔子第52代孙。,
孔公俁,孔,公,男,52,1251-01-01,1327-01-01,是,巨野,商,,,,,,孔公俁，孔子第52代孙。,
孔公係,孔,公,男,52,1247-01-01,1319-01-01,是,郓城,儒,,,,,,孔公係，孔子第52代孙。,
孔公促,孔,公,男,52,1245-01-01,1315-01-01,是,鄄城,工部侍郎,,,,,,孔公促，孔子第52代孙。,
孔公俄,孔,公,男,52,1245-01-01,1309-01-01,是,曲阜,礼部尚书,,,,,,孔公俄，孔子第52代孙。,
孔公俅,孔,公,男,52,1245-01-01,1310-01-01,是,滋阳,知州,,,,,,孔公俅，孔子第52代孙。,
周娘,孔,公,女,52,1250-01-01,1320-01-01,是,济宁,知县,,,,,,周娘，孔子第52代孙。,
吴姑,孔,公,女,52,1248-01-01,1331-01-01,是,邹县,举人,,,,,,吴姑，孔子第52代孙。,
徐氏,孔,公,女,52,1246-01-01,1330-01-01,是,滕县,进士,,,,,,徐氏，孔子第52代孙。,
孔公俉,孔,公,男,52,1246-01-01,1326-01-01,是,峄县,太学生,,,,,,孔公俉，孔子第52代孙。,
孔公俊,孔,公,男,52,1245-01-01,1328-01-01,是,金乡,县丞,,,,,,孔公俊，孔子第52代孙。,
朱氏,孔,公,女,52,1246-01-01,1321-01-01,是,鱼台,主簿,,,,,,朱氏，孔子第52代孙。,
孔公俌,孔,公,男,52,1250-01-01,1326-01-01,是,嘉祥,训导,,,,,,孔公俌，孔子第52代孙。,
孔公俍,孔,公,男,52,1246-01-01,1326-01-01,是,汶上,教谕,,,,,,孔公俍，孔子第52代孙。,
孔公俎,孔,公,男,52,1252-01-01,1326-01-01,是,泗水,商人,,,,,,孔公俎，孔子第52代孙。,
孔公俏,孔,公,男,52,1247-01-01,1314-01-01,是,宁阳,官员,,,,,,孔公俏，孔子第52代孙。,
孔公俐,孔,公,男,52,1246-01-01,1329-01-01,是,兖州,学者,,,,,,孔公俐，孔子第52代孙。,
张氏,孔,公,女,52,1250-01-01,1330-01-01,是,东平,大夫,,,,,,张氏，孔子第52代孙。,
王娘,孔,公,女,52,1246-01-01,1323-01-01,是,寿张,士,,,,,,王娘，孔子第52代孙。,
孔公俓,孔,公,男,52,1246-01-01,1307-01-01,是,范县,农,,,,,,孔公俓，孔子第52代孙。,
刘氏,孔,公,女,52,1252-01-01,1316-01-01,是,濮州,商,,,,,,刘氏，孔子第52代孙。,
陈娘,孔,公,女,52,1252-01-01,1333-01-01,是,开州,儒,,,,,,陈娘，孔子第52代孙。,
孔公俖,孔,公,男,52,1249-01-01,1330-01-01,是,长垣,工部侍郎,,,,,,孔公俖，孔子第52代孙。,
赵氏,孔,公,女,52,1248-01-01,1312-01-01,是,东明,礼部尚书,,,,,,赵氏，孔子第52代孙。,
孔公俘,孔,公,男,52,1245-01-01,1316-01-01,是,荷泽,知州,,,,,,孔公俘，孔子第52代孙。,
孔公俙,孔,公,男,52,1249-01-01,1311-01-01,是,曹州,知县,,,,,,孔公俙，孔子第52代孙。,
孔公俚,孔,公,男,52,1250-01-01,1333-01-01,是,定陶,举人,,,,,,孔公俚，孔子第52代孙。,
孔公俛,孔,公,男,52,1252-01-01,1328-01-01,是,单县,进士,,,,,,孔公俛，孔子第52代孙。,
孔公俜,孔,公,男,52,1252-01-01,1315-01-01,是,成武,太学生,,,,,,孔公俜，孔子第52代孙。,
胡氏,孔,公,女,52,1251-01-01,1323-01-01,是,巨野,县丞,,,,,,胡氏，孔子第52代孙。,
孔公俞,孔,公,男,52,1249-01-01,1314-01-01,是,郓城,主簿,,,,,,孔公俞，孔子第52代孙。,
高姑,孔,公,女,52,1251-01-01,1317-01-01,是,鄄城,训导,,,,,,高姑，孔子第52代孙。,
孔公俠,孔,公,男,52,1252-01-01,1323-01-01,是,曲阜,教谕,,,,,,孔公俠，孔子第52代孙。,
何娘,孔,公,女,52,1249-01-01,1312-01-01,是,滋阳,商人,,,,,,何娘，孔子第52代孙。,
孔公俢,孔,公,男,52,1246-01-01,1318-01-01,是,济宁,官员,,,,,,孔公俢，孔子第52代孙。,
孔公俣,孔,公,男,52,1246-01-01,1325-01-01,是,邹县,学者,,,,,,孔公俣，孔子第52代孙。,
张娘,孔,公,女,52,1251-01-01,1331-01-01,是,滕县,大夫,,,,,,张娘，孔子第52代孙。,
孔公俥,孔,公,男,52,1246-01-01,1320-01-01,是,峄县,士,,,,,,孔公俥，孔子第52代孙。,
孔公俦,孔,公,男,52,1246-01-01,1317-01-01,是,金乡,农,,,,,,孔公俦，孔子第52代孙。,
孔公俧,孔,公,男,52,1251-01-01,1334-01-01,是,鱼台,商,,,,,,孔公俧，孔子第52代孙。,
陈姑,孔,公,女,52,1250-01-01,1310-01-01,是,嘉祥,儒,,,,,,陈姑，孔子第52代孙。,
杨氏,孔,公,女,52,1250-01-01,1317-01-01,是,汶上,工部侍郎,,,,,,杨氏，孔子第52代孙。,
赵娘,孔,公,女,52,1246-01-01,1323-01-01,是,泗水,礼部尚书,,,,,,赵娘，孔子第52代孙。,
孔公俫,孔,公,男,52,1248-01-01,1325-01-01,是,宁阳,知州,,,,,,孔公俫，孔子第52代孙。,
孔公俬,孔,公,男,52,1251-01-01,1324-01-01,是,兖州,知县,,,,,,孔公俬，孔子第52代孙。,
吴娘,孔,公,女,52,1247-01-01,1323-01-01,是,东平,举人,,,,,,吴娘，孔子第52代孙。,
孔公修,孔,公,男,52,1250-01-01,1314-01-01,是,寿张,进士,,,,,,孔公修，孔子第52代孙。,
孔公俯,孔,公,男,52,1249-01-01,1311-01-01,是,范县,太学生,,,,,,孔公俯，孔子第52代孙。,
孔公俰,孔,公,男,52,1251-01-01,1316-01-01,是,濮州,县丞,,,,,,孔公俰，孔子第52代孙。,
孔公俱,孔,公,男,52,1247-01-01,1324-01-01,是,开州,主簿,,,,,,孔公俱，孔子第52代孙。,
高氏,孔,公,女,52,1247-01-01,1320-01-01,是,长垣,训导,,,,,,高氏，孔子第52代孙。,
孔公俳,孔,公,男,52,1250-01-01,1330-01-01,是,东明,教谕,,,,,,孔公俳，孔子第52代孙。,
孔公俴,孔,公,男,52,1248-01-01,1327-01-01,是,荷泽,商人,,,,,,孔公俴，孔子第52代孙。,
孔公俵,孔,公,男,52,1247-01-01,1322-01-01,是,曹州,官员,,,,,,孔公俵，孔子第52代孙。,
马娘,孔,公,女,52,1249-01-01,1326-01-01,是,定陶,学者,,,,,,马娘，孔子第52代孙。,
孔公俷,孔,公,男,52,1247-01-01,1320-01-01,是,单县,大夫,,,,,,孔公俷，孔子第52代孙。,
孔公俸,孔,公,男,52,1251-01-01,1332-01-01,是,成武,士,,,,,,孔公俸，孔子第52代孙。,
李娘,孔,公,女,52,1251-01-01,1333-01-01,是,巨野,农,,,,,,李娘，孔子第52代孙。,
孔公俺,孔,公,男,52,1247-01-01,1318-01-01,是,郓城,商,,,,,,孔公俺，孔子第52代孙。,
孔公俻,孔,公,男,52,1251-01-01,1327-01-01,是,鄄城,儒,,,,,,孔公俻，孔子第52代孙。,
孔公俼,孔,公,男,52,1251-01-01,1333-01-01,是,曲阜,工部侍郎,,,,,,孔公俼，孔子第52代孙。,
赵姑,孔,公,女,52,1251-01-01,1325-01-01,是,滋阳,礼部尚书,,,,,,赵姑，孔子第52代孙。,
孔彦俾,孔,彦,男,53,1280-01-01,1360-01-01,是,济宁,知州,,,,,,孔彦俾，孔子第53代孙。,
孔彦俿,孔,彦,男,53,1277-01-01,1349-01-01,是,邹县,知县,,,,,,孔彦俿，孔子第53代孙。,
孔彦倀,孔,彦,男,53,1278-01-01,1343-01-01,是,滕县,举人,,,,,,孔彦倀，孔子第53代孙。,
徐氏,孔,彦,女,53,1273-01-01,1350-01-01,是,峄县,进士,,,,,,徐氏，孔子第53代孙。,
孔彦倂,孔,彦,男,53,1273-01-01,1344-01-01,是,金乡,太学生,,,,,,孔彦倂，孔子第53代孙。,
孔彦倃,孔,彦,男,53,1278-01-01,1357-01-01,是,鱼台,县丞,,,,,,孔彦倃，孔子第53代孙。,
朱氏,孔,彦,女,53,1279-01-01,1348-01-01,是,嘉祥,主簿,,,,,,朱氏，孔子第53代孙。,
孔彦倅,孔,彦,男,53,1275-01-01,1335-01-01,是,汶上,训导,,,,,,孔彦倅，孔子第53代孙。,
孔彦倆,孔,彦,男,53,1273-01-01,1343-01-01,是,泗水,教谕,,,,,,孔彦倆，孔子第53代孙。,
孔彦倇,孔,彦,男,53,1273-01-01,1343-01-01,是,宁阳,商人,,,,,,孔彦倇，孔子第53代孙。,
孔彦倈,孔,彦,男,53,1275-01-01,1343-01-01,是,兖州,官员,,,,,,孔彦倈，孔子第53代孙。,
马姑,孔,彦,女,53,1273-01-01,1357-01-01,是,东平,学者,,,,,,马姑，孔子第53代孙。,
张氏,孔,彦,女,53,1274-01-01,1358-01-01,是,寿张,大夫,,,,,,张氏，孔子第53代孙。,
孔彦個,孔,彦,男,53,1278-01-01,1345-01-01,是,范县,士,,,,,,孔彦個，孔子第53代孙。,
孔彦倌,孔,彦,男,53,1280-01-01,1349-01-01,是,濮州,农,,,,,,孔彦倌，孔子第53代孙。,
孔彦倍,孔,彦,男,53,1275-01-01,1356-01-01,是,开州,商,,,,,,孔彦倍，孔子第53代孙。,
陈娘,孔,彦,女,53,1276-01-01,1355-01-01,是,长垣,儒,,,,,,陈娘，孔子第53代孙。,
孔彦倏,孔,彦,男,53,1278-01-01,1349-01-01,是,东明,工部侍郎,,,,,,孔彦倏，孔子第53代孙。,
赵氏,孔,彦,女,53,1275-01-01,1353-01-01,是,荷泽,礼部尚书,,,,,,赵氏，孔子第53代孙。,
孔彦們,孔,彦,男,53,1274-01-01,1343-01-01,是,曹州,知州,,,,,,孔彦們，孔子第53代孙。,
孔彦倒,孔,彦,男,53,1276-01-01,1347-01-01,是,定陶,知县,,,,,,孔彦倒，孔子第53代孙。,
吴氏,孔,彦,女,53,1274-01-01,1355-01-01,是,单县,举人,,,,,,吴氏，孔子第53代孙。,
孔彦倔,孔,彦,男,53,1280-01-01,1353-01-01,是,成武,进士,,,,,,孔彦倔，孔子第53代孙。,
孔彦倕,孔,彦,男,53,1273-01-01,1342-01-01,是,巨野,太学生,,,,,,孔彦倕，孔子第53代孙。,
孔彦倖,孔,彦,男,53,1279-01-01,1345-01-01,是,郓城,县丞,,,,,,孔彦倖，孔子第53代孙。,
孔彦倗,孔,彦,男,53,1280-01-01,1355-01-01,是,鄄城,主簿,,,,,,孔彦倗，孔子第53代孙。,
高姑,孔,彦,女,53,1279-01-01,1346-01-01,是,曲阜,训导,,,,,,高姑，孔子第53代孙。,
孔彦候,孔,彦,男,53,1278-01-01,1338-01-01,是,滋阳,教谕,,,,,,孔彦候，孔子第53代孙。,
孔彦倚,孔,彦,男,53,1279-01-01,1360-01-01,是,济宁,商人,,,,,,孔彦倚，孔子第53代孙。,
孔彦倛,孔,彦,男,53,1279-01-01,1349-01-01,是,邹县,官员,,,,,,孔彦倛，孔子第53代孙。,
马氏,孔,彦,女,53,1273-01-01,1354-01-01,是,滕县,学者,,,,,,马氏，孔子第53代孙。,
孔彦倝,孔,彦,男,53,1278-01-01,1355-01-01,是,峄县,大夫,,,,,,孔彦倝，孔子第53代孙。,
王姑,孔,彦,女,53,1277-01-01,1361-01-01,是,金乡,士,,,,,,王姑，孔子第53代孙。,
李氏,孔,彦,女,53,1276-01-01,1350-01-01,是,鱼台,农,,,,,,李氏，孔子第53代孙。,
孔彦倠,孔,彦,男,53,1278-01-01,1352-01-01,是,嘉祥,商,,,,,,孔彦倠，孔子第53代孙。,
陈姑,孔,彦,女,53,1274-01-01,1346-01-01,是,汶上,儒,,,,,,陈姑，孔子第53代孙。,
杨氏,孔,彦,女,53,1278-01-01,1338-01-01,是,泗水,工部侍郎,,,,,,杨氏，孔子第53代孙。,
赵娘,孔,彦,女,53,1278-01-01,1341-01-01,是,宁阳,礼部尚书,,,,,,赵娘，孔子第53代孙。,
黄姑,孔,彦,女,53,1276-01-01,1354-01-01,是,兖州,知州,,,,,,黄姑，孔子第53代孙。,
孔彦倥,孔,彦,男,53,1280-01-01,1360-01-01,是,东平,知县,,,,,,孔彦倥，孔子第53代孙。,
孔彦倦,孔,彦,男,53,1279-01-01,1349-01-01,是,寿张,举人,,,,,,孔彦倦，孔子第53代孙。,
徐姑,孔,彦,女,53,1275-01-01,1356-01-01,是,范县,进士,,,,,,徐姑，孔子第53代孙。,
孔彦倨,孔,彦,男,53,1277-01-01,1359-01-01,是,濮州,太学生,,,,,,孔彦倨，孔子第53代孙。,
孔彦倩,孔,彦,男,53,1274-01-01,1335-01-01,是,开州,县丞,,,,,,孔彦倩，孔子第53代孙。,
朱姑,孔,彦,女,53,1280-01-01,1343-01-01,是,长垣,主簿,,,,,,朱姑，孔子第53代孙。,
孔彦倫,孔,彦,男,53,1275-01-01,1341-01-01,是,东明,训导,,,,,,孔彦倫，孔子第53代孙。,
孔彦倬,孔,彦,男,53,1275-01-01,1336-01-01,是,荷泽,教谕,,,,,,孔彦倬，孔子第53代孙。,
孔彦倭,孔,彦,男,53,1279-01-01,1344-01-01,是,曹州,商人,,,,,,孔彦倭，孔子第53代孙。,
孔彦倮,孔,彦,男,53,1276-01-01,1343-01-01,是,定陶,官员,,,,,,孔彦倮，孔子第53代孙。,
马娘,孔,彦,女,53,1279-01-01,1353-01-01,是,单县,学者,,,,,,马娘，孔子第53代孙。,
张姑,孔,彦,女,53,1279-01-01,1357-01-01,是,成武,大夫,,,,,,张姑，孔子第53代孙。,
孔彦倱,孔,彦,男,53,1278-01-01,1362-01-01,是,巨野,士,,,,,,孔彦倱，孔子第53代孙。,
李娘,孔,彦,女,53,1277-01-01,1346-01-01,是,郓城,农,,,,,,李娘，孔子第53代孙。,
孔彦倳,孔,彦,男,53,1276-01-01,1342-01-01,是,鄄城,商,,,,,,孔彦倳，孔子第53代孙。,
孔彦倴,孔,彦,男,53,1275-01-01,1339-01-01,是,曲阜,儒,,,,,,孔彦倴，孔子第53代孙。,
杨娘,孔,彦,女,53,1276-01-01,1353-01-01,是,滋阳,工部侍郎,,,,,,杨娘，孔子第53代孙。,
赵姑,孔,彦,女,53,1275-01-01,1355-01-01,是,济宁,礼部尚书,,,,,,赵姑，孔子第53代孙。,
孔彦倷,孔,彦,男,53,1279-01-01,1362-01-01,是,邹县,知州,,,,,,孔彦倷，孔子第53代孙。,
周娘,孔,彦,女,53,1276-01-01,1339-01-01,是,滕县,知县,,,,,,周娘，孔子第53代孙。,
孔彦倹,孔,彦,男,53,1273-01-01,1342-01-01,是,峄县,举人,,,,,,孔彦倹，孔子第53代孙。,
孔彦债,孔,彦,男,53,1280-01-01,1353-01-01,是,金乡,进士,,,,,,孔彦债，孔子第53代孙。,
孔彦倻,孔,彦,男,53,1279-01-01,1363-01-01,是,鱼台,太学生,,,,,,孔彦倻，孔子第53代孙。,
孔彦值,孔,彦,男,53,1276-01-01,1345-01-01,是,嘉祥,县丞,,,,,,孔彦值，孔子第53代孙。,
孔彦倽,孔,彦,男,53,1273-01-01,1337-01-01,是,汶上,主簿,,,,,,孔彦倽，孔子第53代孙。,
孔彦倾,孔,彦,男,53,1276-01-01,1351-01-01,是,泗水,训导,,,,,,孔彦倾，孔子第53代孙。,
孔彦倿,孔,彦,男,53,1276-01-01,1338-01-01,是,宁阳,教谕,,,,,,孔彦倿，孔子第53代孙。,
孔彦偀,孔,彦,男,53,1277-01-01,1343-01-01,是,兖州,商人,,,,,,孔彦偀，孔子第53代孙。,
郭娘,孔,彦,女,53,1274-01-01,1345-01-01,是,东平,官员,,,,,,郭娘，孔子第53代孙。,
孔彦偂,孔,彦,男,53,1275-01-01,1340-01-01,是,寿张,学者,,,,,,孔彦偂，孔子第53代孙。,
孔彦偃,孔,彦,男,53,1277-01-01,1357-01-01,是,范县,大夫,,,,,,孔彦偃，孔子第53代孙。,
孔彦偄,孔,彦,男,53,1275-01-01,1353-01-01,是,濮州,士,,,,,,孔彦偄，孔子第53代孙。,
孔彦偅,孔,彦,男,53,1279-01-01,1360-01-01,是,开州,农,,,,,,孔彦偅，孔子第53代孙。,
孔彦偆,孔,彦,男,53,1278-01-01,1342-01-01,是,长垣,商,,,,,,孔彦偆，孔子第53代孙。,
孔彦假,孔,彦,男,53,1279-01-01,1361-01-01,是,东明,儒,,,,,,孔彦假，孔子第53代孙。,
孔彦偈,孔,彦,男,53,1280-01-01,1363-01-01,是,荷泽,工部侍郎,,,,,,孔彦偈，孔子第53代孙。,
赵氏,孔,彦,女,53,1274-01-01,1346-01-01,是,曹州,礼部尚书,,,,,,赵氏，孔子第53代孙。,
孔彦偊,孔,彦,男,53,1274-01-01,1354-01-01,是,定陶,知州,,,,,,孔彦偊，孔子第53代孙。,
周姑,孔,彦,女,53,1280-01-01,1340-01-01,是,单县,知县,,,,,,周姑，孔子第53代孙。,
吴氏,孔,彦,女,53,1280-01-01,1349-01-01,是,成武,举人,,,,,,吴氏，孔子第53代孙。,
孔彦偍,孔,彦,男,53,1278-01-01,1353-01-01,是,巨野,进士,,,,,,孔彦偍，孔子第53代孙。,
孔彦偎,孔,彦,男,53,1279-01-01,1353-01-01,是,郓城,太学生,,,,,,孔彦偎，孔子第53代孙。,
孔彦偏,孔,彦,男,53,1275-01-01,1344-01-01,是,鄄城,县丞,,,,,,孔彦偏，孔子第53代孙。,
孔彦偐,孔,彦,男,53,1276-01-01,1351-01-01,是,曲阜,主簿,,,,,,孔彦偐，孔子第53代孙。,
高姑,孔,彦,女,53,1279-01-01,1341-01-01,是,滋阳,训导,,,,,,高姑，孔子第53代孙。,
林氏,孔,彦,女,53,1279-01-01,1345-01-01,是,济宁,教谕,,,,,,林氏，孔子第53代孙。,
孔彦偓,孔,彦,男,53,1274-01-01,1354-01-01,是,邹县,商人,,,,,,孔彦偓，孔子第53代孙。,
郭姑,孔,彦,女,53,1276-01-01,1338-01-01,是,滕县,官员,,,,,,郭姑，孔子第53代孙。,
马氏,孔,彦,女,53,1278-01-01,1349-01-01,是,峄县,学者,,,,,,马氏，孔子第53代孙。,
孔彦偖,孔,彦,男,53,1274-01-01,1353-01-01,是,金乡,大夫,,,,,,孔彦偖，孔子第53代孙。,
王姑,孔,彦,女,53,1278-01-01,1358-01-01,是,鱼台,士,,,,,,王姑，孔子第53代孙。,
孔彦偘,孔,彦,男,53,1280-01-01,1356-01-01,是,嘉祥,农,,,,,,孔彦偘，孔子第53代孙。,
孔彦偙,孔,彦,男,53,1277-01-01,1359-01-01,是,汶上,商,,,,,,孔彦偙，孔子第53代孙。,
孔彦做,孔,彦,男,53,1279-01-01,1342-01-01,是,泗水,儒,,,,,,孔彦做，孔子第53代孙。,
杨氏,孔,彦,女,53,1277-01-01,1344-01-01,是,宁阳,工部侍郎,,,,,,杨氏，孔子第53代孙。,
孔彦停,孔,彦,男,53,1277-01-01,1361-01-01,是,兖州,礼部尚书,,,,,,孔彦停，孔子第53代孙。,
孔彦偝,孔,彦,男,53,1277-01-01,1344-01-01,是,东平,知州,,,,,,孔彦偝，孔子第53代孙。,
孔彦偞,孔,彦,男,53,1278-01-01,1341-01-01,是,寿张,知县,,,,,,孔彦偞，孔子第53代孙。,
孔彦偟,孔,彦,男,53,1280-01-01,1343-01-01,是,范县,举人,,,,,,孔彦偟，孔子第53代孙。,
孔彦偠,孔,彦,男,53,1275-01-01,1358-01-01,是,濮州,进士,,,,,,孔彦偠，孔子第53代孙。,
孔彦偡,孔,彦,男,53,1276-01-01,1350-01-01,是,开州,太学生,,,,,,孔彦偡，孔子第53代孙。,
孔彦偢,孔,彦,男,53,1273-01-01,1356-01-01,是,长垣,县丞,,,,,,孔彦偢，孔子第53代孙。,
孔彦偣,孔,彦,男,53,1275-01-01,1347-01-01,是,东明,主簿,,,,,,孔彦偣，孔子第53代孙。,
高氏,孔,彦,女,53,1277-01-01,1357-01-01,是,荷泽,训导,,,,,,高氏，孔子第53代孙。,
林娘,孔,彦,女,53,1279-01-01,1349-01-01,是,曹州,教谕,,,,,,林娘，孔子第53代孙。,
孔彦偦,孔,彦,男,53,1276-01-01,1349-01-01,是,定陶,商人,,,,,,孔彦偦，孔子第53代孙。,
孔彦偧,孔,彦,男,53,1280-01-01,1363-01-01,是,单县,官员,,,,,,孔彦偧，孔子第53代孙。,
孔彦偨,孔,彦,男,53,1274-01-01,1348-01-01,是,成武,学者,,,,,,孔彦偨，孔子第53代孙。,
孔彦偩,孔,彦,男,53,1280-01-01,1354-01-01,是,巨野,大夫,,,,,,孔彦偩，孔子第53代孙。,
王氏,孔,彦,女,53,1274-01-01,1358-01-01,是,郓城,士,,,,,,王氏，孔子第53代孙。,
孔彦偫,孔,彦,男,53,1274-01-01,1337-01-01,是,鄄城,农,,,,,,孔彦偫，孔子第53代孙。,
孔彦偬,孔,彦,男,53,1276-01-01,1340-01-01,是,曲阜,商,,,,,,孔彦偬，孔子第53代孙。,
孔彦偭,孔,彦,男,53,1276-01-01,1358-01-01,是,滋阳,儒,,,,,,孔彦偭，孔子第53代孙。,
杨娘,孔,彦,女,53,1277-01-01,1350-01-01,是,济宁,工部侍郎,,,,,,杨娘，孔子第53代孙。,
赵姑,孔,彦,女,53,1279-01-01,1341-01-01,是,邹县,礼部尚书,,,,,,赵姑，孔子第53代孙。,
孔彦偰,孔,彦,男,53,1276-01-01,1352-01-01,是,滕县,知州,,,,,,孔彦偰，孔子第53代孙。,
孔彦偱,孔,彦,男,53,1273-01-01,1334-01-01,是,峄县,知县,,,,,,孔彦偱，孔子第53代孙。,
孔彦偲,孔,彦,男,53,1278-01-01,1351-01-01,是,金乡,举人,,,,,,孔彦偲，孔子第53代孙。,
孔彦偳,孔,彦,男,53,1275-01-01,1352-01-01,是,鱼台,进士,,,,,,孔彦偳，孔子第53代孙。,
孔彦側,孔,彦,男,53,1279-01-01,1355-01-01,是,嘉祥,太学生,,,,,,孔彦側，孔子第53代孙。,
孔彦偵,孔,彦,男,53,1276-01-01,1351-01-01,是,汶上,县丞,,,,,,孔彦偵，孔子第53代孙。,
孔彦偶,孔,彦,男,53,1280-01-01,1358-01-01,是,泗水,主簿,,,,,,孔彦偶，孔子第53代孙。,
孔彦偷,孔,彦,男,53,1276-01-01,1339-01-01,是,宁阳,训导,,,,,,孔彦偷，孔子第53代孙。,
林姑,孔,彦,女,53,1280-01-01,1357-01-01,是,兖州,教谕,,,,,,林姑，孔子第53代孙。,
孔彦偹,孔,彦,男,53,1274-01-01,1344-01-01,是,东平,商人,,,,,,孔彦偹，孔子第53代孙。,
孔彦偺,孔,彦,男,53,1278-01-01,1362-01-01,是,寿张,官员,,,,,,孔彦偺，孔子第53代孙。,
孔彦偻,孔,彦,男,53,1277-01-01,1355-01-01,是,范县,学者,,,,,,孔彦偻，孔子第53代孙。,
孔彦偼,孔,彦,男,53,1278-01-01,1361-01-01,是,濮州,大夫,,,,,,孔彦偼，孔子第53代孙。,
孔彦偽,孔,彦,男,53,1273-01-01,1350-01-01,是,开州,士,,,,,,孔彦偽，孔子第53代孙。,
孔彦偾,孔,彦,男,53,1274-01-01,1336-01-01,是,长垣,农,,,,,,孔彦偾，孔子第53代孙。,
孔彦偿,孔,彦,男,53,1276-01-01,1357-01-01,是,东明,商,,,,,,孔彦偿，孔子第53代孙。,
孔彦傀,孔,彦,男,53,1275-01-01,1347-01-01,是,荷泽,儒,,,,,,孔彦傀，孔子第53代孙。,
孔彦傁,孔,彦,男,53,1277-01-01,1352-01-01,是,曹州,工部侍郎,,,,,,孔彦傁，孔子第53代孙。,
赵氏,孔,彦,女,53,1277-01-01,1356-01-01,是,定陶,礼部尚书,,,,,,赵氏，孔子第53代孙。,
孔彦傃,孔,彦,男,53,1280-01-01,1340-01-01,是,单县,知州,,,,,,孔彦傃，孔子第53代孙。,
孔彦傄,孔,彦,男,53,1274-01-01,1358-01-01,是,成武,知县,,,,,,孔彦傄，孔子第53代孙。,
孔彦傅,孔,彦,男,53,1280-01-01,1363-01-01,是,巨野,举人,,,,,,孔彦傅，孔子第53代孙。,
孔彦傆,孔,彦,男,53,1274-01-01,1343-01-01,是,郓城,进士,,,,,,孔彦傆，孔子第53代孙。,
孔彦傇,孔,彦,男,53,1273-01-01,1345-01-01,是,鄄城,太学生,,,,,,孔彦傇，孔子第53代孙。,
胡氏,孔,彦,女,53,1278-01-01,1352-01-01,是,曲阜,县丞,,,,,,胡氏，孔子第53代孙。,
朱娘,孔,彦,女,53,1278-01-01,1352-01-01,是,滋阳,主簿,,,,,,朱娘，孔子第53代孙。,
孔彦傊,孔,彦,男,53,1279-01-01,1359-01-01,是,济宁,训导,,,,,,孔彦傊，孔子第53代孙。,
孔彦傋,孔,彦,男,53,1280-01-01,1345-01-01,是,邹县,教谕,,,,,,孔彦傋，孔子第53代孙。,
孔彦傌,孔,彦,男,53,1275-01-01,1356-01-01,是,滕县,商人,,,,,,孔彦傌，孔子第53代孙。,
孔彦傍,孔,彦,男,53,1275-01-01,1350-01-01,是,峄县,官员,,,,,,孔彦傍，孔子第53代孙。,
孔彦傎,孔,彦,男,53,1279-01-01,1349-01-01,是,金乡,学者,,,,,,孔彦傎，孔子第53代孙。,
孔彦傏,孔,彦,男,53,1274-01-01,1340-01-01,是,鱼台,大夫,,,,,,孔彦傏，孔子第53代孙。,
王姑,孔,彦,女,53,1275-01-01,1341-01-01,是,嘉祥,士,,,,,,王姑，孔子第53代孙。,
孔彦傑,孔,彦,男,53,1278-01-01,1339-01-01,是,汶上,农,,,,,,孔彦傑，孔子第53代孙。,
刘娘,孔,彦,女,53,1279-01-01,1363-01-01,是,泗水,商,,,,,,刘娘，孔子第53代孙。,
孔彦傓,孔,彦,男,53,1278-01-01,1347-01-01,是,宁阳,儒,,,,,,孔彦傓，孔子第53代孙。,
孔彦傔,孔,彦,男,53,1275-01-01,1359-01-01,是,兖州,工部侍郎,,,,,,孔彦傔，孔子第53代孙。,
孔彦傕,孔,彦,男,53,1278-01-01,1343-01-01,是,东平,礼部尚书,,,,,,孔彦傕，孔子第53代孙。,
孔彦傖,孔,彦,男,53,1273-01-01,1344-01-01,是,寿张,知州,,,,,,孔彦傖，孔子第53代孙。,
周氏,孔,彦,女,53,1277-01-01,1349-01-01,是,范县,知县,,,,,,周氏，孔子第53代孙。,
吴娘,孔,彦,女,53,1277-01-01,1343-01-01,是,濮州,举人,,,,,,吴娘，孔子第53代孙。,
孔彦備,孔,彦,男,53,1276-01-01,1357-01-01,是,开州,进士,,,,,,孔彦備，孔子第53代孙。,
孔彦傚,孔,彦,男,53,1277-01-01,1351-01-01,是,长垣,太学生,,,,,,孔彦傚，孔子第53代孙。,
孔彦傛,孔,彦,男,53,1278-01-01,1359-01-01,是,东明,县丞,,,,,,孔彦傛，孔子第53代孙。,
孔彦傜,孔,彦,男,53,1273-01-01,1334-01-01,是,荷泽,主簿,,,,,,孔彦傜，孔子第53代孙。,
孔彦傝,孔,彦,男,53,1279-01-01,1359-01-01,是,曹州,训导,,,,,,孔彦傝，孔子第53代孙。,
林娘,孔,彦,女,53,1275-01-01,1341-01-01,是,定陶,教谕,,,,,,林娘，孔子第53代孙。,
何姑,孔,彦,女,53,1275-01-01,1338-01-01,是,单县,商人,,,,,,何姑，孔子第53代孙。,
孔彦傠,孔,彦,男,53,1273-01-01,1340-01-01,是,成武,官员,,,,,,孔彦傠，孔子第53代孙。,
孔彦傡,孔,彦,男,53,1279-01-01,1351-01-01,是,巨野,学者,,,,,,孔彦傡，孔子第53代孙。,
孔彦傢,孔,彦,男,53,1273-01-01,1348-01-01,是,郓城,大夫,,,,,,孔彦傢，孔子第53代孙。,
王氏,孔,彦,女,53,1278-01-01,1351-01-01,是,鄄城,士,,,,,,王氏，孔子第53代孙。,
孔彦傤,孔,彦,男,53,1276-01-01,1357-01-01,是,曲阜,农,,,,,,孔彦傤，孔子第53代孙。,
孔彦傥,孔,彦,男,53,1277-01-01,1337-01-01,是,滋阳,商,,,,,,孔彦傥，孔子第53代孙。,
孔彦傦,孔,彦,男,53,1280-01-01,1342-01-01,是,济宁,儒,,,,,,孔彦傦，孔子第53代孙。,
孔彦傧,孔,彦,男,53,1277-01-01,1361-01-01,是,邹县,工部侍郎,,,,,,孔彦傧，孔子第53代孙。,
赵姑,孔,彦,女,53,1278-01-01,1348-01-01,是,滕县,礼部尚书,,,,,,赵姑，孔子第53代孙。,
黄氏,孔,彦,女,53,1277-01-01,1340-01-01,是,峄县,知州,,,,,,黄氏，孔子第53代孙。,
周娘,孔,彦,女,53,1278-01-01,1351-01-01,是,金乡,知县,,,,,,周娘，孔子第53代孙。,
孔彦傫,孔,彦,男,53,1273-01-01,1346-01-01,是,鱼台,举人,,,,,,孔彦傫，孔子第53代孙。,
孔彦催,孔,彦,男,53,1278-01-01,1339-01-01,是,嘉祥,进士,,,,,,孔彦催，孔子第53代孙。,
孔彦傭,孔,彦,男,53,1280-01-01,1341-01-01,是,汶上,太学生,,,,,,孔彦傭，孔子第53代孙。,
胡姑,孔,彦,女,53,1273-01-01,1346-01-01,是,泗水,县丞,,,,,,胡姑，孔子第53代孙。,
孔彦傯,孔,彦,男,53,1277-01-01,1344-01-01,是,宁阳,主簿,,,,,,孔彦傯，孔子第53代孙。,
孔彦傰,孔,彦,男,53,1274-01-01,1340-01-01,是,兖州,训导,,,,,,孔彦傰，孔子第53代孙。,
孔彦傱,孔,彦,男,53,1280-01-01,1341-01-01,是,东平,教谕,,,,,,孔彦傱，孔子第53代孙。,
何氏,孔,彦,女,53,1274-01-01,1342-01-01,是,寿张,商人,,,,,,何氏，孔子第53代孙。,
郭娘,孔,彦,女,53,1276-01-01,1338-01-01,是,范县,官员,,,,,,郭娘，孔子第53代孙。,
孔彦傴,孔,彦,男,53,1278-01-01,1342-01-01,是,濮州,学者,,,,,,孔彦傴，孔子第53代孙。,
孔彦債,孔,彦,男,53,1276-01-01,1345-01-01,是,开州,大夫,,,,,,孔彦債，孔子第53代孙。,
王娘,孔,彦,女,53,1280-01-01,1357-01-01,是,长垣,士,,,,,,王娘，孔子第53代孙。,
李姑,孔,彦,女,53,1277-01-01,1359-01-01,是,东明,农,,,,,,李姑，孔子第53代孙。,
刘氏,孔,彦,女,53,1273-01-01,1338-01-01,是,荷泽,商,,,,,,刘氏，孔子第53代孙。,
孔彦傹,孔,彦,男,53,1274-01-01,1337-01-01,是,曹州,儒,,,,,,孔彦傹，孔子第53代孙。,
孔彦傺,孔,彦,男,53,1277-01-01,1350-01-01,是,定陶,工部侍郎,,,,,,孔彦傺，孔子第53代孙。,
赵氏,孔,彦,女,53,1275-01-01,1341-01-01,是,单县,礼部尚书,,,,,,赵氏，孔子第53代孙。,
孔彦傼,孔,彦,男,53,1279-01-01,1354-01-01,是,成武,知州,,,,,,孔彦傼，孔子第53代孙。,
孔彦傽,孔,彦,男,53,1276-01-01,1357-01-01,是,巨野,知县,,,,,,孔彦傽，孔子第53代孙。,
吴氏,孔,彦,女,53,1273-01-01,1356-01-01,是,郓城,举人,,,,,,吴氏，孔子第53代孙。,
徐娘,孔,彦,女,53,1279-01-01,1340-01-01,是,鄄城,进士,,,,,,徐娘，孔子第53代孙。,
孙姑,孔,彦,女,53,1277-01-01,1358-01-01,是,曲阜,太学生,,,,,,孙姑，孔子第53代孙。,
胡氏,孔,彦,女,53,1279-01-01,1362-01-01,是,滋阳,县丞,,,,,,胡氏，孔子第53代孙。,
孔彦僂,孔,彦,男,53,1273-01-01,1337-01-01,是,济宁,主簿,,,,,,孔彦僂，孔子第53代孙。,
高姑,孔,彦,女,53,1273-01-01,1352-01-01,是,邹县,训导,,,,,,高姑，孔子第53代孙。,
孔彦僄,孔,彦,男,53,1273-01-01,1342-01-01,是,滕县,教谕,,,,,,孔彦僄，孔子第53代孙。,
孔彦僅,孔,彦,男,53,1278-01-01,1350-01-01,是,峄县,商人,,,,,,孔彦僅，孔子第53代孙。,
孔彦僆,孔,彦,男,53,1273-01-01,1351-01-01,是,金乡,官员,,,,,,孔彦僆，孔子第53代孙。,
孔彦僇,孔,彦,男,53,1277-01-01,1339-01-01,是,鱼台,学者,,,,,,孔彦僇，孔子第53代孙。,
孔彦僈,孔,彦,男,53,1278-01-01,1360-01-01,是,嘉祥,大夫,,,,,,孔彦僈，孔子第53代孙。,
孔彦僉,孔,彦,男,53,1278-01-01,1353-01-01,是,汶上,士,,,,,,孔彦僉，孔子第53代孙。,
孔彦僊,孔,彦,男,53,1280-01-01,1362-01-01,是,泗水,农,,,,,,孔彦僊，孔子第53代孙。,
孔彦僋,孔,彦,男,53,1280-01-01,1346-01-01,是,宁阳,商,,,,,,孔彦僋，孔子第53代孙。,
陈姑,孔,彦,女,53,1276-01-01,1342-01-01,是,兖州,儒,,,,,,陈姑，孔子第53代孙。,
孔彦働,孔,彦,男,53,1278-01-01,1359-01-01,是,东平,工部侍郎,,,,,,孔彦働，孔子第53代孙。,
赵娘,孔,彦,女,53,1279-01-01,1345-01-01,是,寿张,礼部尚书,,,,,,赵娘，孔子第53代孙。,
孔彦像,孔,彦,男,53,1278-01-01,1347-01-01,是,范县,知州,,,,,,孔彦像，孔子第53代孙。,
孔彦僐,孔,彦,男,53,1280-01-01,1362-01-01,是,濮州,知县,,,,,,孔彦僐，孔子第53代孙。,
孔彦僑,孔,彦,男,53,1279-01-01,1361-01-01,是,开州,举人,,,,,,孔彦僑，孔子第53代孙。,
孔彦僒,孔,彦,男,53,1279-01-01,1358-01-01,是,长垣,进士,,,,,,孔彦僒，孔子第53代孙。,
孙氏,孔,彦,女,53,1279-01-01,1340-01-01,是,东明,太学生,,,,,,孙氏，孔子第53代孙。,
胡娘,孔,彦,女,53,1275-01-01,1355-01-01,是,荷泽,县丞,,,,,,胡娘，孔子第53代孙。,
朱姑,孔,彦,女,53,1275-01-01,1335-01-01,是,曹州,主簿,,,,,,朱姑，孔子第53代孙。,
孔彦僖,孔,彦,男,53,1273-01-01,1354-01-01,是,定陶,训导,,,,,,孔彦僖，孔子第53代孙。,
孔彦僗,孔,彦,男,53,1275-01-01,1344-01-01,是,单县,教谕,,,,,,孔彦僗，孔子第53代孙。,
孔彦僘,孔,彦,男,53,1279-01-01,1351-01-01,是,成武,商人,,,,,,孔彦僘，孔子第53代孙。,
孔彦僙,孔,彦,男,53,1274-01-01,1340-01-01,是,巨野,官员,,,,,,孔彦僙，孔子第53代孙。,
孔彦僚,孔,彦,男,53,1278-01-01,1353-01-01,是,郓城,学者,,,,,,孔彦僚，孔子第53代孙。,
孔彦僛,孔,彦,男,53,1276-01-01,1346-01-01,是,鄄城,大夫,,,,,,孔彦僛，孔子第53代孙。,
孔彦僜,孔,彦,男,53,1273-01-01,1351-01-01,是,曲阜,士,,,,,,孔彦僜，孔子第53代孙。,
李娘,孔,彦,女,53,1279-01-01,1357-01-01,是,滋阳,农,,,,,,李娘，孔子第53代孙。,
刘姑,孔,彦,女,53,1273-01-01,1347-01-01,是,济宁,商,,,,,,刘姑，孔子第53代孙。,
陈氏,孔,彦,女,53,1278-01-01,1352-01-01,是,邹县,儒,,,,,,陈氏，孔子第53代孙。,
孔彦僠,孔,彦,男,53,1277-01-01,1357-01-01,是,滕县,工部侍郎,,,,,,孔彦僠，孔子第53代孙。,
孔彦僡,孔,彦,男,53,1280-01-01,1353-01-01,是,峄县,礼部尚书,,,,,,孔彦僡，孔子第53代孙。,
孔彦僢,孔,彦,男,53,1277-01-01,1344-01-01,是,金乡,知州,,,,,,孔彦僢，孔子第53代孙。,
孔彦僣,孔,彦,男,53,1278-01-01,1341-01-01,是,鱼台,知县,,,,,,孔彦僣，孔子第53代孙。,
吴姑,孔,彦,女,53,1275-01-01,1344-01-01,是,嘉祥,举人,,,,,,吴姑，孔子第53代孙。,
徐氏,孔,彦,女,53,1276-01-01,1354-01-01,是,汶上,进士,,,,,,徐氏，孔子第53代孙。,
孙娘,孔,彦,女,53,1278-01-01,1339-01-01,是,泗水,太学生,,,,,,孙娘，孔子第53代孙。,
胡姑,孔,彦,女,53,1273-01-01,1347-01-01,是,宁阳,县丞,,,,,,胡姑，孔子第53代孙。,
朱氏,孔,彦,女,53,1277-01-01,1351-01-01,是,兖州,主簿,,,,,,朱氏，孔子第53代孙。,
高娘,孔,彦,女,53,1273-01-01,1349-01-01,是,东平,训导,,,,,,高娘，孔子第53代孙。,
林姑,孔,彦,女,53,1278-01-01,1345-01-01,是,寿张,教谕,,,,,,林姑，孔子第53代孙。,
孔彦僫,孔,彦,男,53,1279-01-01,1362-01-01,是,范县,商人,,,,,,孔彦僫，孔子第53代孙。,
孔彦僬,孔,彦,男,53,1278-01-01,1360-01-01,是,濮州,官员,,,,,,孔彦僬，孔子第53代孙。,
孔彦僭,孔,彦,男,53,1274-01-01,1356-01-01,是,开州,学者,,,,,,孔彦僭，孔子第53代孙。,
孔彦僮,孔,彦,男,53,1273-01-01,1337-01-01,是,长垣,大夫,,,,,,孔彦僮，孔子第53代孙。,
孔彦僯,孔,彦,男,53,1278-01-01,1350-01-01,是,东明,士,,,,,,孔彦僯，孔子第53代孙。,
孔彦僰,孔,彦,男,53,1275-01-01,1335-01-01,是,荷泽,农,,,,,,孔彦僰，孔子第53代孙。,
孔彦僱,孔,彦,男,53,1278-01-01,1353-01-01,是,曹州,商,,,,,,孔彦僱，孔子第53代孙。,
孔彦僲,孔,彦,男,53,1279-01-01,1343-01-01,是,定陶,儒,,,,,,孔彦僲，孔子第53代孙。,
孔彦僳,孔,彦,男,53,1276-01-01,1354-01-01,是,单县,工部侍郎,,,,,,孔彦僳，孔子第53代孙。,
赵氏,孔,彦,女,53,1279-01-01,1340-01-01,是,成武,礼部尚书,,,,,,赵氏，孔子第53代孙。,
黄娘,孔,彦,女,53,1274-01-01,1342-01-01,是,巨野,知州,,,,,,黄娘，孔子第53代孙。,
孔彦僶,孔,彦,男,53,1275-01-01,1345-01-01,是,郓城,知县,,,,,,孔彦僶，孔子第53代孙。,
孔彦僷,孔,彦,男,53,1276-01-01,1348-01-01,是,鄄城,举人,,,,,,孔彦僷，孔子第53代孙。,
孔彦僸,孔,彦,男,53,1277-01-01,1352-01-01,是,曲阜,进士,,,,,,孔彦僸，孔子第53代孙。,
孔彦價,孔,彦,男,53,1279-01-01,1359-01-01,是,滋阳,太学生,,,,,,孔彦價，孔子第53代孙。,
孔彦僺,孔,彦,男,53,1277-01-01,1339-01-01,是,济宁,县丞,,,,,,孔彦僺，孔子第53代孙。,
朱娘,孔,彦,女,53,1280-01-01,1360-01-01,是,邹县,主簿,,,,,,朱娘，孔子第53代孙。,
孔彦僼,孔,彦,男,53,1273-01-01,1339-01-01,是,滕县,训导,,,,,,孔彦僼，孔子第53代孙。,
孔彦僽,孔,彦,男,53,1276-01-01,1351-01-01,是,峄县,教谕,,,,,,孔彦僽，孔子第53代孙。,
孔彦僾,孔,彦,男,53,1277-01-01,1354-01-01,是,金乡,商人,,,,,,孔彦僾，孔子第53代孙。,
孔彦僿,孔,彦,男,53,1279-01-01,1353-01-01,是,鱼台,官员,,,,,,孔彦僿，孔子第53代孙。,
孔彦儀,孔,彦,男,53,1280-01-01,1364-01-01,是,嘉祥,学者,,,,,,孔彦儀，孔子第53代孙。,
孔彦儁,孔,彦,男,53,1278-01-01,1362-01-01,是,汶上,大夫,,,,,,孔彦儁，孔子第53代孙。,
孔彦儂,孔,彦,男,53,1276-01-01,1351-01-01,是,泗水,士,,,,,,孔彦儂，孔子第53代孙。,
孔彦儃,孔,彦,男,53,1273-01-01,1354-01-01,是,宁阳,农,,,,,,孔彦儃，孔子第53代孙。,
孔彦億,孔,彦,男,53,1273-01-01,1343-01-01,是,兖州,商,,,,,,孔彦億，孔子第53代孙。,
孔彦儅,孔,彦,男,53,1276-01-01,1349-01-01,是,东平,儒,,,,,,孔彦儅，孔子第53代孙。,
孔彦儆,孔,彦,男,53,1274-01-01,1341-01-01,是,寿张,工部侍郎,,,,,,孔彦儆，孔子第53代孙。,
孔彦儇,孔,彦,男,53,1279-01-01,1349-01-01,是,范县,礼部尚书,,,,,,孔彦儇，孔子第53代孙。,
黄姑,孔,彦,女,53,1275-01-01,1346-01-01,是,濮州,知州,,,,,,黄姑，孔子第53代孙。,
孔彦儉,孔,彦,男,53,1279-01-01,1349-01-01,是,开州,知县,,,,,,孔彦儉，孔子第53代孙。,
吴娘,孔,彦,女,53,1278-01-01,1351-01-01,是,长垣,举人,,,,,,吴娘，孔子第53代孙。,
孔彦儋,孔,彦,男,53,1279-01-01,1357-01-01,是,东明,进士,,,,,,孔彦儋，孔子第53代孙。,
孙氏,孔,彦,女,53,1279-01-01,1350-01-01,是,荷泽,太学生,,,,,,孙氏，孔子第53代孙。,
孔彦儍,孔,彦,男,53,1279-01-01,1344-01-01,是,曹州,县丞,,,,,,孔彦儍，孔子第53代孙。,
孔彦儎,孔,彦,男,53,1279-01-01,1353-01-01,是,定陶,主簿,,,,,,孔彦儎，孔子第53代孙。,
高氏,孔,彦,女,53,1275-01-01,1355-01-01,是,单县,训导,,,,,,高氏，孔子第53代孙。,
孔彦儐,孔,彦,男,53,1277-01-01,1353-01-01,是,成武,教谕,,,,,,孔彦儐，孔子第53代孙。,
何姑,孔,彦,女,53,1273-01-01,1342-01-01,是,巨野,商人,,,,,,何姑，孔子第53代孙。,
孔彦儒,孔,彦,男,53,1276-01-01,1345-01-01,是,郓城,官员,,,,,,孔彦儒，孔子第53代孙。,
孔彦儓,孔,彦,男,53,1278-01-01,1357-01-01,是,鄄城,学者,,,,,,孔彦儓，孔子第53代孙。,
张姑,孔,彦,女,53,1277-01-01,1353-01-01,是,曲阜,大夫,,,,,,张姑，孔子第53代孙。,
王氏,孔,彦,女,53,1277-01-01,1346-01-01,是,滋阳,士,,,,,,王氏，孔子第53代孙。,
孔彦儖,孔,彦,男,53,1275-01-01,1347-01-01,是,济宁,农,,,,,,孔彦儖，孔子第53代孙。,
刘姑,孔,彦,女,53,1274-01-01,1335-01-01,是,邹县,商,,,,,,刘姑，孔子第53代孙。,
陈氏,孔,彦,女,53,1273-01-01,1355-01-01,是,滕县,儒,,,,,,陈氏，孔子第53代孙。,
孔彦儙,孔,彦,男,53,1278-01-01,1361-01-01,是,峄县,工部侍郎,,,,,,孔彦儙，孔子第53代孙。,
孔彦儚,孔,彦,男,53,1274-01-01,1355-01-01,是,金乡,礼部尚书,,,,,,孔彦儚，孔子第53代孙。,
孔彦儛,孔,彦,男,53,1280-01-01,1344-01-01,是,鱼台,知州,,,,,,孔彦儛，孔子第53代孙。,
孔彦儜,孔,彦,男,53,1279-01-01,1363-01-01,是,嘉祥,知县,,,,,,孔彦儜，孔子第53代孙。,
孔彦儝,孔,彦,男,53,1278-01-01,1360-01-01,是,汶上,举人,,,,,,孔彦儝，孔子第53代孙。,
孔彦儞,孔,彦,男,53,1276-01-01,1336-01-01,是,泗水,进士,,,,,,孔彦儞，孔子第53代孙。,
孔彦償,孔,彦,男,53,1278-01-01,1348-01-01,是,宁阳,太学生,,,,,,孔彦償，孔子第53代孙。,
胡姑,孔,彦,女,53,1277-01-01,1359-01-01,是,兖州,县丞,,,,,,胡姑，孔子第53代孙。,
孔彦儡,孔,彦,男,53,1274-01-01,1344-01-01,是,东平,主簿,,,,,,孔彦儡，孔子第53代孙。,
孔彦儢,孔,彦,男,53,1278-01-01,1357-01-01,是,寿张,训导,,,,,,孔彦儢，孔子第53代孙。,
林姑,孔,彦,女,53,1273-01-01,1333-01-01,是,范县,教谕,,,,,,林姑，孔子第53代孙。,
孔彦儤,孔,彦,男,53,1273-01-01,1341-01-01,是,濮州,商人,,,,,,孔彦儤，孔子第53代孙。,
郭娘,孔,彦,女,53,1273-01-01,1340-01-01,是,开州,官员,,,,,,郭娘，孔子第53代孙。,
孔彦儦,孔,彦,男,53,1279-01-01,1357-01-01,是,长垣,学者,,,,,,孔彦儦，孔子第53代孙。,
张氏,孔,彦,女,53,1277-01-01,1357-01-01,是,东明,大夫,,,,,,张氏，孔子第53代孙。,
王娘,孔,彦,女,53,1275-01-01,1342-01-01,是,荷泽,士,,,,,,王娘，孔子第53代孙。,
孔彦儩,孔,彦,男,53,1274-01-01,1348-01-01,是,曹州,农,,,,,,孔彦儩，孔子第53代孙。,
刘氏,孔,彦,女,53,1276-01-01,1352-01-01,是,定陶,商,,,,,,刘氏，孔子第53代孙。,
孔彦儫,孔,彦,男,53,1273-01-01,1354-01-01,是,单县,儒,,,,,,孔彦儫，孔子第53代孙。,
孔彦儬,孔,彦,男,53,1273-01-01,1355-01-01,是,成武,工部侍郎,,,,,,孔彦儬，孔子第53代孙。,
赵氏,孔,彦,女,53,1274-01-01,1354-01-01,是,巨野,礼部尚书,,,,,,赵氏，孔子第53代孙。,
孔彦儮,孔,彦,男,53,1279-01-01,1350-01-01,是,郓城,知州,,,,,,孔彦儮，孔子第53代孙。,
孔彦儯,孔,彦,男,53,1280-01-01,1351-01-01,是,鄄城,知县,,,,,,孔彦儯，孔子第53代孙。,
吴氏,孔,彦,女,53,1278-01-01,1341-01-01,是,曲阜,举人,,,,,,吴氏，孔子第53代孙。,
徐娘,孔,彦,女,53,1274-01-01,1350-01-01,是,滋阳,进士,,,,,,徐娘，孔子第53代孙。,
孙姑,孔,彦,女,53,1276-01-01,1341-01-01,是,济宁,太学生,,,,,,孙姑，孔子第53代孙。,
胡氏,孔,彦,女,53,1276-01-01,1354-01-01,是,邹县,县丞,,,,,,胡氏，孔子第53代孙。,
孔彦儴,孔,彦,男,53,1280-01-01,1360-01-01,是,滕县,主簿,,,,,,孔彦儴，孔子第53代孙。,
孔彦儵,孔,彦,男,53,1279-01-01,1363-01-01,是,峄县,训导,,,,,,孔彦儵，孔子第53代孙。,
林氏,孔,彦,女,53,1273-01-01,1353-01-01,是,金乡,教谕,,,,,,林氏，孔子第53代孙。,
孔彦儷,孔,彦,男,53,1273-01-01,1357-01-01,是,鱼台,商人,,,,,,孔彦儷，孔子第53代孙。,
郭姑,孔,彦,女,53,1275-01-01,1350-01-01,是,嘉祥,官员,,,,,,郭姑，孔子第53代孙。,
孔彦儹,孔,彦,男,53,1276-01-01,1339-01-01,是,汶上,学者,,,,,,孔彦儹，孔子第53代孙。,
张娘,孔,彦,女,53,1276-01-01,1343-01-01,是,泗水,大夫,,,,,,张娘，孔子第53代孙。,
孔彦儻,孔,彦,男,53,1274-01-01,1353-01-01,是,宁阳,士,,,,,,孔彦儻，孔子第53代孙。,
孔彦儼,孔,彦,男,53,1274-01-01,1358-01-01,是,兖州,农,,,,,,孔彦儼，孔子第53代孙。,
刘娘,孔,彦,女,53,1276-01-01,1355-01-01,是,东平,商,,,,,,刘娘，孔子第53代孙。,
孔彦儾,孔,彦,男,53,1278-01-01,1354-01-01,是,寿张,儒,,,,,,孔彦儾，孔子第53代孙。,
孔彦儿,孔,彦,男,53,1274-01-01,1335-01-01,是,范县,工部侍郎,,,,,,孔彦儿，孔子第53代孙。,
孔彦兀,孔,彦,男,53,1274-01-01,1342-01-01,是,濮州,礼部尚书,,,,,,孔彦兀，孔子第53代孙。,
孔彦允,孔,彦,男,53,1277-01-01,1348-01-01,是,开州,知州,,,,,,孔彦允，孔子第53代孙。,
孔彦兂,孔,彦,男,53,1274-01-01,1355-01-01,是,长垣,知县,,,,,,孔彦兂，孔子第53代孙。,
孔彦元,孔,彦,男,53,1280-01-01,1347-01-01,是,东明,举人,,,,,,孔彦元，孔子第53代孙。,
孔彦兄,孔,彦,男,53,1277-01-01,1352-01-01,是,荷泽,进士,,,,,,孔彦兄，孔子第53代孙。,
孙氏,孔,彦,女,53,1278-01-01,1361-01-01,是,曹州,太学生,,,,,,孙氏，孔子第53代孙。,
孔彦兆,孔,彦,男,53,1273-01-01,1336-01-01,是,定陶,县丞,,,,,,孔彦兆，孔子第53代孙。,
孔彦兇,孔,彦,男,53,1274-01-01,1357-01-01,是,单县,主簿,,,,,,孔彦兇，孔子第53代孙。,
孔彦先,孔,彦,男,53,1278-01-01,1351-01-01,是,成武,训导,,,,,,孔彦先，孔子第53代孙。,
孔彦光,孔,彦,男,53,1280-01-01,1358-01-01,是,巨野,教谕,,,,,,孔彦光，孔子第53代孙。,
孔彦兊,孔,彦,男,53,1278-01-01,1355-01-01,是,郓城,商人,,,,,,孔彦兊，孔子第53代孙。,
郭氏,孔,彦,女,53,1273-01-01,1354-01-01,是,鄄城,官员,,,,,,郭氏，孔子第53代孙。,
马娘,孔,彦,女,53,1277-01-01,1352-01-01,是,曲阜,学者,,,,,,马娘，孔子第53代孙。,
孔彦免,孔,彦,男,53,1279-01-01,1355-01-01,是,滋阳,大夫,,,,,,孔彦免，孔子第53代孙。,
孔彦兎,孔,彦,男,53,1277-01-01,1353-01-01,是,济宁,士,,,,,,孔彦兎，孔子第53代孙。,
李娘,孔,彦,女,53,1280-01-01,1353-01-01,是,邹县,农,,,,,,李娘，孔子第53代孙。,
刘姑,孔,彦,女,53,1278-01-01,1352-01-01,是,滕县,商,,,,,,刘姑，孔子第53代孙。,
孔彦兑,孔,彦,男,53,1277-01-01,1339-01-01,是,峄县,儒,,,,,,孔彦兑，孔子第53代孙。,
杨娘,孔,彦,女,53,1276-01-01,1348-01-01,是,金乡,工部侍郎,,,,,,杨娘，孔子第53代孙。,
孔彦兓,孔,彦,男,53,1276-01-01,1336-01-01,是,鱼台,礼部尚书,,,,,,孔彦兓，孔子第53代孙。,
孔彦兔,孔,彦,男,53,1274-01-01,1349-01-01,是,嘉祥,知州,,,,,,孔彦兔，孔子第53代孙。,
孔彦兕,孔,彦,男,53,1278-01-01,1345-01-01,是,汶上,知县,,,,,,孔彦兕，孔子第53代孙。,
孔彦兖,孔,彦,男,53,1273-01-01,1341-01-01,是,泗水,举人,,,,,,孔彦兖，孔子第53代孙。,
孔彦兗,孔,彦,男,53,1278-01-01,1358-01-01,是,宁阳,进士,,,,,,孔彦兗，孔子第53代孙。,
孔彦兘,孔,彦,男,53,1276-01-01,1345-01-01,是,兖州,太学生,,,,,,孔彦兘，孔子第53代孙。,
孔彦兙,孔,彦,男,53,1277-01-01,1357-01-01,是,东平,县丞,,,,,,孔彦兙，孔子第53代孙。,
孔彦党,孔,彦,男,53,1276-01-01,1339-01-01,是,寿张,主簿,,,,,,孔彦党，孔子第53代孙。,
高娘,孔,彦,女,53,1276-01-01,1355-01-01,是,范县,训导,,,,,,高娘，孔子第53代孙。,
林姑,孔,彦,女,53,1280-01-01,1356-01-01,是,濮州,教谕,,,,,,林姑，孔子第53代孙。,
何氏,孔,彦,女,53,1276-01-01,1355-01-01,是,开州,商人,,,,,,何氏，孔子第53代孙。,
孔彦兞,孔,彦,男,53,1276-01-01,1339-01-01,是,长垣,官员,,,,,,孔彦兞，孔子第53代孙。,
孔彦兟,孔,彦,男,53,1278-01-01,1348-01-01,是,东明,学者,,,,,,孔彦兟，孔子第53代孙。,
孔彦兠,孔,彦,男,53,1276-01-01,1338-01-01,是,荷泽,大夫,,,,,,孔彦兠，孔子第53代孙。,
孔彦兡,孔,彦,男,53,1276-01-01,1351-01-01,是,曹州,士,,,,,,孔彦兡，孔子第53代孙。,
孔彦兢,孔,彦,男,53,1276-01-01,1355-01-01,是,定陶,农,,,,,,孔彦兢，孔子第53代孙。,
孔彦兣,孔,彦,男,53,1278-01-01,1339-01-01,是,单县,商,,,,,,孔彦兣，孔子第53代孙。,
孔彦兤,孔,彦,男,53,1276-01-01,1348-01-01,是,成武,儒,,,,,,孔彦兤，孔子第53代孙。,
孔彦入,孔,彦,男,53,1280-01-01,1352-01-01,是,巨野,工部侍郎,,,,,,孔彦入，孔子第53代孙。,
孔彦兦,孔,彦,男,53,1273-01-01,1348-01-01,是,郓城,礼部尚书,,,,,,孔彦兦，孔子第53代孙。,
黄娘,孔,彦,女,53,1280-01-01,1340-01-01,是,鄄城,知州,,,,,,黄娘，孔子第53代孙。,
孔彦全,孔,彦,男,53,1279-01-01,1357-01-01,是,曲阜,知县,,,,,,孔彦全，孔子第53代孙。,
吴氏,孔,彦,女,53,1275-01-01,1339-01-01,是,滋阳,举人,,,,,,吴氏，孔子第53代孙。,
孔彦兪,孔,彦,男,53,1274-01-01,1349-01-01,是,济宁,进士,,,,,,孔彦兪，孔子第53代孙。,
孙姑,孔,彦,女,53,1273-01-01,1341-01-01,是,邹县,太学生,,,,,,孙姑，孔子第53代孙。,
胡氏,孔,彦,女,53,1276-01-01,1353-01-01,是,滕县,县丞,,,,,,胡氏，孔子第53代孙。,
孔彦六,孔,彦,男,53,1273-01-01,1349-01-01,是,峄县,主簿,,,,,,孔彦六，孔子第53代孙。,
孔彦兮,孔,彦,男,53,1273-01-01,1355-01-01,是,金乡,训导,,,,,,孔彦兮，孔子第53代孙。,
孔彦兯,孔,彦,男,53,1274-01-01,1353-01-01,是,鱼台,教谕,,,,,,孔彦兯，孔子第53代孙。,
何娘,孔,彦,女,53,1280-01-01,1353-01-01,是,嘉祥,商人,,,,,,何娘，孔子第53代孙。,
孔彦共,孔,彦,男,53,1273-01-01,1338-01-01,是,汶上,官员,,,,,,孔彦共，孔子第53代孙。,
孔彦兲,孔,彦,男,53,1275-01-01,1352-01-01,是,泗水,学者,,,,,,孔彦兲，孔子第53代孙。,
孔彦关,孔,彦,男,53,1275-01-01,1340-01-01,是,宁阳,大夫,,,,,,孔彦关，孔子第53代孙。,
孔彦兴,孔,彦,男,53,1279-01-01,1341-01-01,是,兖州,士,,,,,,孔彦兴，孔子第53代孙。,
孔彦兵,孔,彦,男,53,1274-01-01,1345-01-01,是,东平,农,,,,,,孔彦兵，孔子第53代孙。,
刘娘,孔,彦,女,53,1278-01-01,1357-01-01,是,寿张,商,,,,,,刘娘，孔子第53代孙。,
陈姑,孔,彦,女,53,1273-01-01,1345-01-01,是,范县,儒,,,,,,陈姑，孔子第53代孙。,
孔彦典,孔,彦,男,53,1280-01-01,1343-01-01,是,濮州,工部侍郎,,,,,,孔彦典，孔子第53代孙。,
孔彦兹,孔,彦,男,53,1274-01-01,1352-01-01,是,开州,礼部尚书,,,,,,孔彦兹，孔子第53代孙。,
孔彦兺,孔,彦,男,53,1277-01-01,1350-01-01,是,长垣,知州,,,,,,孔彦兺，孔子第53代孙。,
周氏,孔,彦,女,53,1278-01-01,1339-01-01,是,东明,知县,,,,,,周氏，孔子第53代孙。,
吴娘,孔,彦,女,53,1276-01-01,1357-01-01,是,荷泽,举人,,,,,,吴娘，孔子第53代孙。,
孔彦兽,孔,彦,男,53,1275-01-01,1336-01-01,是,曹州,进士,,,,,,孔彦兽，孔子第53代孙。,
孔彦兾,孔,彦,男,53,1278-01-01,1355-01-01,是,定陶,太学生,,,,,,孔彦兾，孔子第53代孙。,
胡娘,孔,彦,女,53,1279-01-01,1347-01-01,是,单县,县丞,,,,,,胡娘，孔子第53代孙。,
朱姑,孔,彦,女,53,1277-01-01,1340-01-01,是,成武,主簿,,,,,,朱姑，孔子第53代孙。,
高氏,孔,彦,女,53,1279-01-01,1355-01-01,是,巨野,训导,,,,,,高氏，孔子第53代孙。,
孔彦冂,孔,彦,男,53,1276-01-01,1341-01-01,是,郓城,教谕,,,,,,孔彦冂，孔子第53代孙。,
孔彦冃,孔,彦,男,53,1278-01-01,1342-01-01,是,鄄城,商人,,,,,,孔彦冃，孔子第53代孙。,
孔彦冄,孔,彦,男,53,1276-01-01,1338-01-01,是,曲阜,官员,,,,,,孔彦冄，孔子第53代孙。,
孔彦内,孔,彦,男,53,1279-01-01,1355-01-01,是,滋阳,学者,,,,,,孔彦内，孔子第53代孙。,
张姑,孔,彦,女,53,1278-01-01,1361-01-01,是,济宁,大夫,,,,,,张姑，孔子第53代孙。,
孔彦冇,孔,彦,男,53,1275-01-01,1348-01-01,是,邹县,士,,,,,,孔彦冇，孔子第53代孙。,
李娘,孔,彦,女,53,1276-01-01,1342-01-01,是,滕县,农,,,,,,李娘，孔子第53代孙。,
孔彦冉,孔,彦,男,53,1273-01-01,1350-01-01,是,峄县,商,,,,,,孔彦冉，孔子第53代孙。,
陈氏,孔,彦,女,53,1274-01-01,1347-01-01,是,金乡,儒,,,,,,陈氏，孔子第53代孙。,
孔彦冋,孔,彦,男,53,1278-01-01,1345-01-01,是,鱼台,工部侍郎,,,,,,孔彦冋，孔子第53代孙。,
孔彦册,孔,彦,男,53,1278-01-01,1344-01-01,是,嘉祥,礼部尚书,,,,,,孔彦册，孔子第53代孙。,
黄氏,孔,彦,女,53,1277-01-01,1342-01-01,是,汶上,知州,,,,,,黄氏，孔子第53代孙。,
周娘,孔,彦,女,53,1277-01-01,1354-01-01,是,泗水,知县,,,,,,周娘，孔子第53代孙。,
孔彦冏,孔,彦,男,53,1277-01-01,1349-01-01,是,宁阳,举人,,,,,,孔彦冏，孔子第53代孙。,
孔彦冐,孔,彦,男,53,1280-01-01,1360-01-01,是,兖州,进士,,,,,,孔彦冐，孔子第53代孙。,
孙娘,孔,彦,女,53,1277-01-01,1346-01-01,是,东平,太学生,,,,,,孙娘，孔子第53代孙。,
孔彦冒,孔,彦,男,53,1273-01-01,1339-01-01,是,寿张,县丞,,,,,,孔彦冒，孔子第53代孙。,
朱氏,孔,彦,女,53,1274-01-01,1347-01-01,是,范县,主簿,,,,,,朱氏，孔子第53代孙。,
孔彦冔,孔,彦,男,53,1280-01-01,1340-01-01,是,濮州,训导,,,,,,孔彦冔，孔子第53代孙。,
孔彦冕,孔,彦,男,53,1278-01-01,1343-01-01,是,开州,教谕,,,,,,孔彦冕，孔子第53代孙。,
何氏,孔,彦,女,53,1274-01-01,1347-01-01,是,长垣,商人,,,,,,何氏，孔子第53代孙。,
孔彦冗,孔,彦,男,53,1275-01-01,1339-01-01,是,东明,官员,,,,,,孔彦冗，孔子第53代孙。,
孔彦冘,孔,彦,男,53,1278-01-01,1339-01-01,是,荷泽,学者,,,,,,孔彦冘，孔子第53代孙。,
孔彦写,孔,彦,男,53,1276-01-01,1358-01-01,是,曹州,大夫,,,,,,孔彦写，孔子第53代孙。,
孔彦冚,孔,彦,男,53,1274-01-01,1348-01-01,是,定陶,士,,,,,,孔彦冚，孔子第53代孙。,
孔彦军,孔,彦,男,53,1273-01-01,1333-01-01,是,单县,农,,,,,,孔彦军，孔子第53代孙。,
孔彦农,孔,彦,男,53,1279-01-01,1349-01-01,是,成武,商,,,,,,孔彦农，孔子第53代孙。,
孔彦冝,孔,彦,男,53,1275-01-01,1359-01-01,是,巨野,儒,,,,,,孔彦冝，孔子第53代孙。,
孔彦冞,孔,彦,男,53,1279-01-01,1359-01-01,是,郓城,工部侍郎,,,,,,孔彦冞，孔子第53代孙。,
孔彦冟,孔,彦,男,53,1280-01-01,1345-01-01,是,鄄城,礼部尚书,,,,,,孔彦冟，孔子第53代孙。,
孔彦冠,孔,彦,男,53,1276-01-01,1359-01-01,是,曲阜,知州,,,,,,孔彦冠，孔子第53代孙。,
周姑,孔,彦,女,53,1273-01-01,1342-01-01,是,滋阳,知县,,,,,,周姑，孔子第53代孙。,
孔彦冢,孔,彦,男,53,1278-01-01,1338-01-01,是,济宁,举人,,,,,,孔彦冢，孔子第53代孙。,
孔彦冣,孔,彦,男,53,1277-01-01,1358-01-01,是,邹县,进士,,,,,,孔彦冣，孔子第53代孙。,
孔彦冤,孔,彦,男,53,1277-01-01,1345-01-01,是,滕县,太学生,,,,,,孔彦冤，孔子第53代孙。,
胡氏,孔,彦,女,53,1274-01-01,1344-01-01,是,峄县,县丞,,,,,,胡氏，孔子第53代孙。,
孔彦冦,孔,彦,男,53,1280-01-01,1364-01-01,是,金乡,主簿,,,,,,孔彦冦，孔子第53代孙。,
高姑,孔,彦,女,53,1274-01-01,1345-01-01,是,鱼台,训导,,,,,,高姑，孔子第53代孙。,
林氏,孔,彦,女,53,1273-01-01,1341-01-01,是,嘉祥,教谕,,,,,,林氏，孔子第53代孙。,
何娘,孔,彦,女,53,1275-01-01,1353-01-01,是,汶上,商人,,,,,,何娘，孔子第53代孙。,
郭姑,孔,彦,女,53,1277-01-01,1346-01-01,是,泗水,官员,,,,,,郭姑，孔子第53代孙。,
孔彦冫,孔,彦,男,53,1280-01-01,1350-01-01,是,宁阳,学者,,,,,,孔彦冫，孔子第53代孙。,
张娘,孔,彦,女,53,1280-01-01,1359-01-01,是,兖州,大夫,,,,,,张娘，孔子第53代孙。,
孔彦冭,孔,彦,男,53,1278-01-01,1357-01-01,是,东平,士,,,,,,孔彦冭，孔子第53代孙。,
孔彦冮,孔,彦,男,53,1277-01-01,1349-01-01,是,寿张,农,,,,,,孔彦冮，孔子第53代孙。,
刘娘,孔,彦,女,53,1275-01-01,1344-01-01,是,范县,商,,,,,,刘娘，孔子第53代孙。,
陈姑,孔,彦,女,53,1277-01-01,1360-01-01,是,濮州,儒,,,,,,陈姑，孔子第53代孙。,
杨氏,孔,彦,女,53,1279-01-01,1363-01-01,是,开州,工部侍郎,,,,,,杨氏，孔子第53代孙。,
赵娘,孔,彦,女,53,1273-01-01,1351-01-01,是,长垣,礼部尚书,,,,,,赵娘，孔子第53代孙。,
黄姑,孔,彦,女,53,1273-01-01,1346-01-01,是,东明,知州,,,,,,黄姑，孔子第53代孙。,
周氏,孔,彦,女,53,1278-01-01,1355-01-01,是,荷泽,知县,,,,,,周氏，孔子第53代孙。,
孔彦况,孔,彦,男,53,1273-01-01,1354-01-01,是,曹州,举人,,,,,,孔彦况，孔子第53代孙。,
孔彦冶,孔,彦,男,53,1278-01-01,1362-01-01,是,定陶,进士,,,,,,孔彦冶，孔子第53代孙。,
孙氏,孔,彦,女,53,1277-01-01,1359-01-01,是,单县,太学生,,,,,,孙氏，孔子第53代孙。,
孔彦冸,孔,彦,男,53,1274-01-01,1346-01-01,是,成武,县丞,,,,,,孔彦冸，孔子第53代孙。,
朱姑,孔,彦,女,53,1273-01-01,1334-01-01,是,巨野,主簿,,,,,,朱姑，孔子第53代孙。,
孔彦冺,孔,彦,男,53,1279-01-01,1358-01-01,是,郓城,训导,,,,,,孔彦冺，孔子第53代孙。,
孔彦冻,孔,彦,男,53,1277-01-01,1343-01-01,是,鄄城,教谕,,,,,,孔彦冻，孔子第53代孙。,
孔彦冼,孔,彦,男,53,1274-01-01,1336-01-01,是,曲阜,商人,,,,,,孔彦冼，孔子第53代孙。,
孔彦冽,孔,彦,男,53,1279-01-01,1352-01-01,是,滋阳,官员,,,,,,孔彦冽，孔子第53代孙。,
马娘,孔,彦,女,53,1278-01-01,1352-01-01,是,济宁,学者,,,,,,马娘，孔子第53代孙。,
孔彦冿,孔,彦,男,53,1273-01-01,1356-01-01,是,邹县,大夫,,,,,,孔彦冿，孔子第53代孙。,
孔承净,孔,承,男,54,1308-01-01,1390-01-01,是,滕县,士,,,,,,孔承净，孔子第54代孙。,
孔承凁,孔,承,男,54,1307-01-01,1385-01-01,是,峄县,农,,,,,,孔承凁，孔子第54代孙。,
孔承凂,孔,承,男,54,1303-01-01,1365-01-01,是,金乡,商,,,,,,孔承凂，孔子第54代孙。,
陈氏,孔,承,女,54,1302-01-01,1362-01-01,是,鱼台,儒,,,,,,陈氏，孔子第54代孙。,
孔承凄,孔,承,男,54,1303-01-01,1373-01-01,是,嘉祥,工部侍郎,,,,,,孔承凄，孔子第54代孙。,
孔承凅,孔,承,男,54,1302-01-01,1382-01-01,是,汶上,礼部尚书,,,,,,孔承凅，孔子第54代孙。,
孔承准,孔,承,男,54,1306-01-01,1380-01-01,是,泗水,知州,,,,,,孔承准，孔子第54代孙。,
周娘,孔,承,女,54,1308-01-01,1375-01-01,是,宁阳,知县,,,,,,周娘，孔子第54代孙。,
孔承凈,孔,承,男,54,1302-01-01,1366-01-01,是,兖州,举人,,,,,,孔承凈，孔子第54代孙。,
徐氏,孔,承,女,54,1305-01-01,1375-01-01,是,东平,进士,,,,,,徐氏，孔子第54代孙。,
孔承凊,孔,承,男,54,1308-01-01,1386-01-01,是,寿张,太学生,,,,,,孔承凊，孔子第54代孙。,
孔承凋,孔,承,男,54,1301-01-01,1372-01-01,是,范县,县丞,,,,,,孔承凋，孔子第54代孙。,
孔承凌,孔,承,男,54,1306-01-01,1367-01-01,是,濮州,主簿,,,,,,孔承凌，孔子第54代孙。,
孔承凍,孔,承,男,54,1307-01-01,1367-01-01,是,开州,训导,,,,,,孔承凍，孔子第54代孙。,
孔承凎,孔,承,男,54,1306-01-01,1386-01-01,是,长垣,教谕,,,,,,孔承凎，孔子第54代孙。,
孔承减,孔,承,男,54,1308-01-01,1372-01-01,是,东明,商人,,,,,,孔承减，孔子第54代孙。,
郭娘,孔,承,女,54,1303-01-01,1371-01-01,是,荷泽,官员,,,,,,郭娘，孔子第54代孙。,
孔承凑,孔,承,男,54,1306-01-01,1368-01-01,是,曹州,学者,,,,,,孔承凑，孔子第54代孙。,
张氏,孔,承,女,54,1303-01-01,1387-01-01,是,定陶,大夫,,,,,,张氏，孔子第54代孙。,
孔承凓,孔,承,男,54,1302-01-01,1384-01-01,是,单县,士,,,,,,孔承凓，孔子第54代孙。,
孔承凔,孔,承,男,54,1307-01-01,1374-01-01,是,成武,农,,,,,,孔承凔，孔子第54代孙。,
刘氏,孔,承,女,54,1302-01-01,1367-01-01,是,巨野,商,,,,,,刘氏，孔子第54代孙。,
孔承凖,孔,承,男,54,1308-01-01,1391-01-01,是,郓城,儒,,,,,,孔承凖，孔子第54代孙。,
孔承凗,孔,承,男,54,1305-01-01,1366-01-01,是,鄄城,工部侍郎,,,,,,孔承凗，孔子第54代孙。,
赵氏,孔,承,女,54,1308-01-01,1382-01-01,是,曲阜,礼部尚书,,,,,,赵氏，孔子第54代孙。,
孔承凙,孔,承,男,54,1303-01-01,1367-01-01,是,滋阳,知州,,,,,,孔承凙，孔子第54代孙。,
孔承凚,孔,承,男,54,1307-01-01,1369-01-01,是,济宁,知县,,,,,,孔承凚，孔子第54代孙。,
吴氏,孔,承,女,54,1308-01-01,1380-01-01,是,邹县,举人,,,,,,吴氏，孔子第54代孙。,
孔承凜,孔,承,男,54,1305-01-01,1375-01-01,是,滕县,进士,,,,,,孔承凜，孔子第54代孙。,
孙姑,孔,承,女,54,1302-01-01,1381-01-01,是,峄县,太学生,,,,,,孙姑，孔子第54代孙。,
孔承凞,孔,承,男,54,1305-01-01,1378-01-01,是,金乡,县丞,,,,,,孔承凞，孔子第54代孙。,
朱娘,孔,承,女,54,1305-01-01,1382-01-01,是,鱼台,主簿,,,,,,朱娘，孔子第54代孙。,
孔承几,孔,承,男,54,1304-01-01,1367-01-01,是,嘉祥,训导,,,,,,孔承几，孔子第54代孙。,
孔承凡,孔,承,男,54,1302-01-01,1363-01-01,是,汶上,教谕,,,,,,孔承凡，孔子第54代孙。,
孔承凢,孔,承,男,54,1302-01-01,1368-01-01,是,泗水,商人,,,,,,孔承凢，孔子第54代孙。,
孔承凣,孔,承,男,54,1306-01-01,1382-01-01,是,宁阳,官员,,,,,,孔承凣，孔子第54代孙。,
孔承凤,孔,承,男,54,1303-01-01,1374-01-01,是,兖州,学者,,,,,,孔承凤，孔子第54代孙。,
张娘,孔,承,女,54,1308-01-01,1378-01-01,是,东平,大夫,,,,,,张娘，孔子第54代孙。,
王姑,孔,承,女,54,1302-01-01,1365-01-01,是,寿张,士,,,,,,王姑，孔子第54代孙。,
李氏,孔,承,女,54,1301-01-01,1375-01-01,是,范县,农,,,,,,李氏，孔子第54代孙。,
孔承一,孔,承,男,54,1306-01-01,1382-01-01,是,濮州,商,,,,,,孔承一，孔子第54代孙。,
孔承丁,孔,承,男,54,1302-01-01,1373-01-01,是,开州,儒,,,,,,孔承丁，孔子第54代孙。,
杨氏,孔,承,女,54,1302-01-01,1363-01-01,是,长垣,工部侍郎,,,,,,杨氏，孔子第54代孙。,
孔承七,孔,承,男,54,1306-01-01,1383-01-01,是,东明,礼部尚书,,,,,,孔承七，孔子第54代孙。,
黄姑,孔,承,女,54,1304-01-01,1375-01-01,是,荷泽,知州,,,,,,黄姑，孔子第54代孙。,
周氏,孔,承,女,54,1304-01-01,1387-01-01,是,曹州,知县,,,,,,周氏，孔子第54代孙。,
孔承丆,孔,承,男,54,1301-01-01,1367-01-01,是,定陶,举人,,,,,,孔承丆，孔子第54代孙。,
徐姑,孔,承,女,54,1305-01-01,1388-01-01,是,单县,进士,,,,,,徐姑，孔子第54代孙。,
孙氏,孔,承,女,54,1301-01-01,1371-01-01,是,成武,太学生,,,,,,孙氏，孔子第54代孙。,
胡娘,孔,承,女,54,1307-01-01,1375-01-01,是,巨野,县丞,,,,,,胡娘，孔子第54代孙。,
孔承上,孔,承,男,54,1303-01-01,1373-01-01,是,郓城,主簿,,,,,,孔承上，孔子第54代孙。,
高氏,孔,承,女,54,1308-01-01,1374-01-01,是,鄄城,训导,,,,,,高氏，孔子第54代孙。,
林娘,孔,承,女,54,1308-01-01,1377-01-01,是,曲阜,教谕,,,,,,林娘，孔子第54代孙。,
何姑,孔,承,女,54,1305-01-01,1372-01-01,是,滋阳,商人,,,,,,何姑，孔子第54代孙。,
郭氏,孔,承,女,54,1304-01-01,1381-01-01,是,济宁,官员,,,,,,郭氏，孔子第54代孙。,
孔承丏,孔,承,男,54,1305-01-01,1366-01-01,是,邹县,学者,,,,,,孔承丏，孔子第54代孙。,
孔承丐,孔,承,男,54,1301-01-01,1368-01-01,是,滕县,大夫,,,,,,孔承丐，孔子第54代孙。,
孔承丑,孔,承,男,54,1303-01-01,1383-01-01,是,峄县,士,,,,,,孔承丑，孔子第54代孙。,
李娘,孔,承,女,54,1302-01-01,1362-01-01,是,金乡,农,,,,,,李娘，孔子第54代孙。,
刘姑,孔,承,女,54,1302-01-01,1369-01-01,是,鱼台,商,,,,,,刘姑，孔子第54代孙。,
孔承且,孔,承,男,54,1307-01-01,1374-01-01,是,嘉祥,儒,,,,,,孔承且，孔子第54代孙。,
孔承丕,孔,承,男,54,1305-01-01,1386-01-01,是,汶上,工部侍郎,,,,,,孔承丕，孔子第54代孙。,
孔承世,孔,承,男,54,1305-01-01,1387-01-01,是,泗水,礼部尚书,,,,,,孔承世，孔子第54代孙。,
黄氏,孔,承,女,54,1303-01-01,1369-01-01,是,宁阳,知州,,,,,,黄氏，孔子第54代孙。,
孔承丘,孔,承,男,54,1302-01-01,1379-01-01,是,兖州,知县,,,,,,孔承丘，孔子第54代孙。,
孔承丙,孔,承,男,54,1302-01-01,1377-01-01,是,东平,举人,,,,,,孔承丙，孔子第54代孙。,
孔承业,孔,承,男,54,1302-01-01,1381-01-01,是,寿张,进士,,,,,,孔承业，孔子第54代孙。,
孔承丛,孔,承,男,54,1304-01-01,1379-01-01,是,范县,太学生,,,,,,孔承丛，孔子第54代孙。,
胡姑,孔,承,女,54,1307-01-01,1379-01-01,是,濮州,县丞,,,,,,胡姑，孔子第54代孙。,
孔承丝,孔,承,男,54,1302-01-01,1363-01-01,是,开州,主簿,,,,,,孔承丝，孔子第54代孙。,
孔承丞,孔,承,男,54,1308-01-01,1370-01-01,是,长垣,训导,,,,,,孔承丞，孔子第54代孙。,
孔承丟,孔,承,男,54,1307-01-01,1371-01-01,是,东明,教谕,,,,,,孔承丟，孔子第54代孙。,
何氏,孔,承,女,54,1305-01-01,1386-01-01,是,荷泽,商人,,,,,,何氏，孔子第54代孙。,
郭娘,孔,承,女,54,1301-01-01,1361-01-01,是,曹州,官员,,,,,,郭娘，孔子第54代孙。,
孔承丢,孔,承,男,54,1304-01-01,1381-01-01,是,定陶,学者,,,,,,孔承丢，孔子第54代孙。,
孔承丣,孔,承,男,54,1307-01-01,1385-01-01,是,单县,大夫,,,,,,孔承丣，孔子第54代孙。,
孔承两,孔,承,男,54,1303-01-01,1372-01-01,是,成武,士,,,,,,孔承两，孔子第54代孙。,
孔承严,孔,承,男,54,1308-01-01,1374-01-01,是,巨野,农,,,,,,孔承严，孔子第54代孙。,
刘氏,孔,承,女,54,1303-01-01,1365-01-01,是,郓城,商,,,,,,刘氏，孔子第54代孙。,
陈娘,孔,承,女,54,1306-01-01,1383-01-01,是,鄄城,儒,,,,,,陈娘，孔子第54代孙。,
孔承丨,孔,承,男,54,1307-01-01,1386-01-01,是,曲阜,工部侍郎,,,,,,孔承丨，孔子第54代孙。,
孔承丩,孔,承,男,54,1305-01-01,1383-01-01,是,滋阳,礼部尚书,,,,,,孔承丩，孔子第54代孙。,
孔承个,孔,承,男,54,1304-01-01,1386-01-01,是,济宁,知州,,,,,,孔承个，孔子第54代孙。,
孔承丫,孔,承,男,54,1302-01-01,1370-01-01,是,邹县,知县,,,,,,孔承丫，孔子第54代孙。,
孔承丬,孔,承,男,54,1303-01-01,1384-01-01,是,滕县,举人,,,,,,孔承丬，孔子第54代孙。,
徐娘,孔,承,女,54,1308-01-01,1372-01-01,是,峄县,进士,,,,,,徐娘，孔子第54代孙。,
孔承丮,孔,承,男,54,1307-01-01,1386-01-01,是,金乡,太学生,,,,,,孔承丮，孔子第54代孙。,
孔承丯,孔,承,男,54,1307-01-01,1374-01-01,是,鱼台,县丞,,,,,,孔承丯，孔子第54代孙。,
朱娘,孔,承,女,54,1306-01-01,1366-01-01,是,嘉祥,主簿,,,,,,朱娘，孔子第54代孙。,
高姑,孔,承,女,54,1308-01-01,1386-01-01,是,汶上,训导,,,,,,高姑，孔子第54代孙。,
林氏,孔,承,女,54,1303-01-01,1370-01-01,是,泗水,教谕,,,,,,林氏，孔子第54代孙。,
何娘,孔,承,女,54,1304-01-01,1382-01-01,是,宁阳,商人,,,,,,何娘，孔子第54代孙。,
孔承临,孔,承,男,54,1302-01-01,1363-01-01,是,兖州,官员,,,,,,孔承临，孔子第54代孙。,
孔承丵,孔,承,男,54,1305-01-01,1376-01-01,是,东平,学者,,,,,,孔承丵，孔子第54代孙。,
孔承丶,孔,承,男,54,1301-01-01,1385-01-01,是,寿张,大夫,,,,,,孔承丶，孔子第54代孙。,
王姑,孔,承,女,54,1304-01-01,1388-01-01,是,范县,士,,,,,,王姑，孔子第54代孙。,
孔承丸,孔,承,男,54,1304-01-01,1374-01-01,是,濮州,农,,,,,,孔承丸，孔子第54代孙。,
孔承丹,孔,承,男,54,1304-01-01,1375-01-01,是,开州,商,,,,,,孔承丹，孔子第54代孙。,
孔承为,孔,承,男,54,1304-01-01,1364-01-01,是,长垣,儒,,,,,,孔承为，孔子第54代孙。,
孔承主,孔,承,男,54,1304-01-01,1385-01-01,是,东明,工部侍郎,,,,,,孔承主，孔子第54代孙。,
孔承丼,孔,承,男,54,1306-01-01,1390-01-01,是,荷泽,礼部尚书,,,,,,孔承丼，孔子第54代孙。,
孔承丽,孔,承,男,54,1304-01-01,1371-01-01,是,曹州,知州,,,,,,孔承丽，孔子第54代孙。,
周氏,孔,承,女,54,1302-01-01,1369-01-01,是,定陶,知县,,,,,,周氏，孔子第54代孙。,
孔承丿,孔,承,男,54,1306-01-01,1387-01-01,是,单县,举人,,,,,,孔承丿，孔子第54代孙。,
孔承乀,孔,承,男,54,1303-01-01,1372-01-01,是,成武,进士,,,,,,孔承乀，孔子第54代孙。,
孔承乁,孔,承,男,54,1302-01-01,1379-01-01,是,巨野,太学生,,,,,,孔承乁，孔子第54代孙。,
胡娘,孔,承,女,54,1303-01-01,1380-01-01,是,郓城,县丞,,,,,,胡娘，孔子第54代孙。,
孔承乃,孔,承,男,54,1301-01-01,1377-01-01,是,鄄城,主簿,,,,,,孔承乃，孔子第54代孙。,
孔承乄,孔,承,男,54,1307-01-01,1391-01-01,是,曲阜,训导,,,,,,孔承乄，孔子第54代孙。,
孔承久,孔,承,男,54,1308-01-01,1383-01-01,是,滋阳,教谕,,,,,,孔承久，孔子第54代孙。,
孔承乆,孔,承,男,54,1302-01-01,1378-01-01,是,济宁,商人,,,,,,孔承乆，孔子第54代孙。,
孔承乇,孔,承,男,54,1308-01-01,1374-01-01,是,邹县,官员,,,,,,孔承乇，孔子第54代孙。,
马娘,孔,承,女,54,1304-01-01,1376-01-01,是,滕县,学者,,,,,,马娘，孔子第54代孙。,
孔承义,孔,承,男,54,1301-01-01,1372-01-01,是,峄县,大夫,,,,,,孔承义，孔子第54代孙。,
孔承乊,孔,承,男,54,1304-01-01,1385-01-01,是,金乡,士,,,,,,孔承乊，孔子第54代孙。,
孔承之,孔,承,男,54,1304-01-01,1384-01-01,是,鱼台,农,,,,,,孔承之，孔子第54代孙。,
刘姑,孔,承,女,54,1305-01-01,1372-01-01,是,嘉祥,商,,,,,,刘姑，孔子第54代孙。,
陈氏,孔,承,女,54,1308-01-01,1385-01-01,是,汶上,儒,,,,,,陈氏，孔子第54代孙。,
杨娘,孔,承,女,54,1302-01-01,1385-01-01,是,泗水,工部侍郎,,,,,,杨娘，孔子第54代孙。,
孔承乏,孔,承,男,54,1305-01-01,1380-01-01,是,宁阳,礼部尚书,,,,,,孔承乏，孔子第54代孙。,
黄氏,孔,承,女,54,1305-01-01,1369-01-01,是,兖州,知州,,,,,,黄氏，孔子第54代孙。,
孔承乑,孔,承,男,54,1301-01-01,1364-01-01,是,东平,知县,,,,,,孔承乑，孔子第54代孙。,
吴姑,孔,承,女,54,1308-01-01,1380-01-01,是,寿张,举人,,,,,,吴姑，孔子第54代孙。,
孔承乓,孔,承,男,54,1304-01-01,1368-01-01,是,范县,进士,,,,,,孔承乓，孔子第54代孙。,
孔承乔,孔,承,男,54,1308-01-01,1371-01-01,是,濮州,太学生,,,,,,孔承乔，孔子第54代孙。,
胡姑,孔,承,女,54,1303-01-01,1380-01-01,是,开州,县丞,,,,,,胡姑，孔子第54代孙。,
朱氏,孔,承,女,54,1304-01-01,1371-01-01,是,长垣,主簿,,,,,,朱氏，孔子第54代孙。,
高娘,孔,承,女,54,1303-01-01,1381-01-01,是,东明,训导,,,,,,高娘，孔子第54代孙。,
林姑,孔,承,女,54,1306-01-01,1385-01-01,是,荷泽,教谕,,,,,,林姑，孔子第54代孙。,
何氏,孔,承,女,54,1305-01-01,1381-01-01,是,曹州,商人,,,,,,何氏，孔子第54代孙。,
孔承乚,孔,承,男,54,1308-01-01,1381-01-01,是,定陶,官员,,,,,,孔承乚，孔子第54代孙。,
马姑,孔,承,女,54,1308-01-01,1375-01-01,是,单县,学者,,,,,,马姑，孔子第54代孙。,
张氏,孔,承,女,54,1306-01-01,1390-01-01,是,成武,大夫,,,,,,张氏，孔子第54代孙。,
孔承九,孔,承,男,54,1305-01-01,1368-01-01,是,巨野,士,,,,,,孔承九，孔子第54代孙。,
孔承乞,孔,承,男,54,1308-01-01,1389-01-01,是,郓城,农,,,,,,孔承乞，孔子第54代孙。,
孔承也,孔,承,男,54,1304-01-01,1383-01-01,是,鄄城,商,,,,,,孔承也，孔子第54代孙。,
孔承习,孔,承,男,54,1307-01-01,1382-01-01,是,曲阜,儒,,,,,,孔承习，孔子第54代孙。,
孔承乡,孔,承,男,54,1305-01-01,1374-01-01,是,滋阳,工部侍郎,,,,,,孔承乡，孔子第54代孙。,
孔承乢,孔,承,男,54,1305-01-01,1371-01-01,是,济宁,礼部尚书,,,,,,孔承乢，孔子第54代孙。,
孔承乣,孔,承,男,54,1306-01-01,1367-01-01,是,邹县,知州,,,,,,孔承乣，孔子第54代孙。,
孔承乤,孔,承,男,54,1304-01-01,1383-01-01,是,滕县,知县,,,,,,孔承乤，孔子第54代孙。,
吴氏,孔,承,女,54,1304-01-01,1375-01-01,是,峄县,举人,,,,,,吴氏，孔子第54代孙。,
孔承书,孔,承,男,54,1307-01-01,1383-01-01,是,金乡,进士,,,,,,孔承书，孔子第54代孙。,
孔承乧,孔,承,男,54,1303-01-01,1384-01-01,是,鱼台,太学生,,,,,,孔承乧，孔子第54代孙。,
胡氏,孔,承,女,54,1303-01-01,1376-01-01,是,嘉祥,县丞,,,,,,胡氏，孔子第54代孙。,
朱娘,孔,承,女,54,1306-01-01,1390-01-01,是,汶上,主簿,,,,,,朱娘，孔子第54代孙。,
高姑,孔,承,女,54,1308-01-01,1378-01-01,是,泗水,训导,,,,,,高姑，孔子第54代孙。,
林氏,孔,承,女,54,1306-01-01,1381-01-01,是,宁阳,教谕,,,,,,林氏，孔子第54代孙。,
孔承乬,孔,承,男,54,1307-01-01,1382-01-01,是,兖州,商人,,,,,,孔承乬，孔子第54代孙。,
孔承乭,孔,承,男,54,1303-01-01,1372-01-01,是,东平,官员,,,,,,孔承乭，孔子第54代孙。,
孔承乮,孔,承,男,54,1302-01-01,1386-01-01,是,寿张,学者,,,,,,孔承乮，孔子第54代孙。,
孔承乯,孔,承,男,54,1306-01-01,1379-01-01,是,范县,大夫,,,,,,孔承乯，孔子第54代孙。,
孔承买,孔,承,男,54,1301-01-01,1363-01-01,是,濮州,士,,,,,,孔承买，孔子第54代孙。,
孔承乱,孔,承,男,54,1301-01-01,1382-01-01,是,开州,农,,,,,,孔承乱，孔子第54代孙。,
孔承乲,孔,承,男,54,1305-01-01,1374-01-01,是,长垣,商,,,,,,孔承乲，孔子第54代孙。,
孔承乳,孔,承,男,54,1307-01-01,1378-01-01,是,东明,儒,,,,,,孔承乳，孔子第54代孙。,
杨氏,孔,承,女,54,1303-01-01,1368-01-01,是,荷泽,工部侍郎,,,,,,杨氏，孔子第54代孙。,
孔承乵,孔,承,男,54,1308-01-01,1373-01-01,是,曹州,礼部尚书,,,,,,孔承乵，孔子第54代孙。,
孔承乶,孔,承,男,54,1303-01-01,1363-01-01,是,定陶,知州,,,,,,孔承乶，孔子第54代孙。,
孔承乷,孔,承,男,54,1301-01-01,1374-01-01,是,单县,知县,,,,,,孔承乷，孔子第54代孙。,
孔承乸,孔,承,男,54,1302-01-01,1369-01-01,是,成武,举人,,,,,,孔承乸，孔子第54代孙。,
孔承乹,孔,承,男,54,1306-01-01,1371-01-01,是,巨野,进士,,,,,,孔承乹，孔子第54代孙。,
孔承乺,孔,承,男,54,1304-01-01,1376-01-01,是,郓城,太学生,,,,,,孔承乺，孔子第54代孙。,
胡娘,孔,承,女,54,1305-01-01,1383-01-01,是,鄄城,县丞,,,,,,胡娘，孔子第54代孙。,
孔承乼,孔,承,男,54,1302-01-01,1366-01-01,是,曲阜,主簿,,,,,,孔承乼，孔子第54代孙。,
高氏,孔,承,女,54,1301-01-01,1373-01-01,是,滋阳,训导,,,,,,高氏，孔子第54代孙。,
林娘,孔,承,女,54,1303-01-01,1372-01-01,是,济宁,教谕,,,,,,林娘，孔子第54代孙。,
何姑,孔,承,女,54,1301-01-01,1364-01-01,是,邹县,商人,,,,,,何姑，孔子第54代孙。,
孔承亀,孔,承,男,54,1307-01-01,1378-01-01,是,滕县,官员,,,,,,孔承亀，孔子第54代孙。,
孔承亁,孔,承,男,54,1301-01-01,1380-01-01,是,峄县,学者,,,,,,孔承亁，孔子第54代孙。,
张姑,孔,承,女,54,1305-01-01,1385-01-01,是,金乡,大夫,,,,,,张姑，孔子第54代孙。,
孔承亃,孔,承,男,54,1306-01-01,1371-01-01,是,鱼台,士,,,,,,孔承亃，孔子第54代孙。,
孔承亄,孔,承,男,54,1307-01-01,1388-01-01,是,嘉祥,农,,,,,,孔承亄，孔子第54代孙。,
刘姑,孔,承,女,54,1301-01-01,1362-01-01,是,汶上,商,,,,,,刘姑，孔子第54代孙。,
孔承了,孔,承,男,54,1306-01-01,1384-01-01,是,泗水,儒,,,,,,孔承了，孔子第54代孙。,
孔承亇,孔,承,男,54,1303-01-01,1372-01-01,是,宁阳,工部侍郎,,,,,,孔承亇，孔子第54代孙。,
孔承予,孔,承,男,54,1305-01-01,1373-01-01,是,兖州,礼部尚书,,,,,,孔承予，孔子第54代孙。,
孔承争,孔,承,男,54,1302-01-01,1378-01-01,是,东平,知州,,,,,,孔承争，孔子第54代孙。,
周娘,孔,承,女,54,1301-01-01,1362-01-01,是,寿张,知县,,,,,,周娘，孔子第54代孙。,
吴姑,孔,承,女,54,1305-01-01,1383-01-01,是,范县,举人,,,,,,吴姑，孔子第54代孙。,
徐氏,孔,承,女,54,1306-01-01,1379-01-01,是,濮州,进士,,,,,,徐氏，孔子第54代孙。,
孔承亍,孔,承,男,54,1307-01-01,1384-01-01,是,开州,太学生,,,,,,孔承亍，孔子第54代孙。,
孔承于,孔,承,男,54,1302-01-01,1371-01-01,是,长垣,县丞,,,,,,孔承于，孔子第54代孙。,
孔承亏,孔,承,男,54,1301-01-01,1382-01-01,是,东明,主簿,,,,,,孔承亏，孔子第54代孙。,
孔承亐,孔,承,男,54,1303-01-01,1363-01-01,是,荷泽,训导,,,,,,孔承亐，孔子第54代孙。,
林姑,孔,承,女,54,1307-01-01,1369-01-01,是,曹州,教谕,,,,,,林姑，孔子第54代孙。,
孔承互,孔,承,男,54,1306-01-01,1383-01-01,是,定陶,商人,,,,,,孔承互，孔子第54代孙。,
孔承亓,孔,承,男,54,1307-01-01,1372-01-01,是,单县,官员,,,,,,孔承亓，孔子第54代孙。,
马姑,孔,承,女,54,1303-01-01,1381-01-01,是,成武,学者,,,,,,马姑，孔子第54代孙。,
张氏,孔,承,女,54,1302-01-01,1366-01-01,是,巨野,大夫,,,,,,张氏，孔子第54代孙。,
王娘,孔,承,女,54,1308-01-01,1385-01-01,是,郓城,士,,,,,,王娘，孔子第54代孙。,
孔承亗,孔,承,男,54,1307-01-01,1371-01-01,是,鄄城,农,,,,,,孔承亗，孔子第54代孙。,
刘氏,孔,承,女,54,1304-01-01,1377-01-01,是,曲阜,商,,,,,,刘氏，孔子第54代孙。,
孔承亙,孔,承,男,54,1302-01-01,1385-01-01,是,滋阳,儒,,,,,,孔承亙，孔子第54代孙。,
杨姑,孔,承,女,54,1306-01-01,1374-01-01,是,济宁,工部侍郎,,,,,,杨姑，孔子第54代孙。,
孔承些,孔,承,男,54,1304-01-01,1385-01-01,是,邹县,礼部尚书,,,,,,孔承些，孔子第54代孙。,
黄娘,孔,承,女,54,1304-01-01,1373-01-01,是,滕县,知州,,,,,,黄娘，孔子第54代孙。,
孔承亝,孔,承,男,54,1307-01-01,1380-01-01,是,峄县,知县,,,,,,孔承亝，孔子第54代孙。,
孔承亞,孔,承,男,54,1306-01-01,1376-01-01,是,金乡,举人,,,,,,孔承亞，孔子第54代孙。,
孔承亟,孔,承,男,54,1304-01-01,1371-01-01,是,鱼台,进士,,,,,,孔承亟，孔子第54代孙。,
孔承亠,孔,承,男,54,1302-01-01,1362-01-01,是,嘉祥,太学生,,,,,,孔承亠，孔子第54代孙。,
孔承亡,孔,承,男,54,1303-01-01,1377-01-01,是,汶上,县丞,,,,,,孔承亡，孔子第54代孙。,
孔承亢,孔,承,男,54,1302-01-01,1368-01-01,是,泗水,主簿,,,,,,孔承亢，孔子第54代孙。,
高姑,孔,承,女,54,1306-01-01,1381-01-01,是,宁阳,训导,,,,,,高姑，孔子第54代孙。,
林氏,孔,承,女,54,1306-01-01,1381-01-01,是,兖州,教谕,,,,,,林氏，孔子第54代孙。,
孔承亥,孔,承,男,54,1307-01-01,1382-01-01,是,东平,商人,,,,,,孔承亥，孔子第54代孙。,
郭姑,孔,承,女,54,1305-01-01,1387-01-01,是,寿张,官员,,,,,,郭姑，孔子第54代孙。,
马氏,孔,承,女,54,1308-01-01,1380-01-01,是,范县,学者,,,,,,马氏，孔子第54代孙。,
孔承亨,孔,承,男,54,1304-01-01,1376-01-01,是,濮州,大夫,,,,,,孔承亨，孔子第54代孙。,
孔承亩,孔,承,男,54,1303-01-01,1382-01-01,是,开州,士,,,,,,孔承亩，孔子第54代孙。,
孔承亪,孔,承,男,54,1305-01-01,1378-01-01,是,长垣,农,,,,,,孔承亪，孔子第54代孙。,
孔承享,孔,承,男,54,1301-01-01,1361-01-01,是,东明,商,,,,,,孔承享，孔子第54代孙。,
孔承京,孔,承,男,54,1304-01-01,1368-01-01,是,荷泽,儒,,,,,,孔承京，孔子第54代孙。,
孔承亭,孔,承,男,54,1305-01-01,1375-01-01,是,曹州,工部侍郎,,,,,,孔承亭，孔子第54代孙。,
赵娘,孔,承,女,54,1301-01-01,1379-01-01,是,定陶,礼部尚书,,,,,,赵娘，孔子第54代孙。,
孔承亯,孔,承,男,54,1306-01-01,1389-01-01,是,单县,知州,,,,,,孔承亯，孔子第54代孙。,
周氏,孔,承,女,54,1306-01-01,1382-01-01,是,成武,知县,,,,,,周氏，孔子第54代孙。,
孔承亱,孔,承,男,54,1305-01-01,1376-01-01,是,巨野,举人,,,,,,孔承亱，孔子第54代孙。,
孔承亲,孔,承,男,54,1302-01-01,1370-01-01,是,郓城,进士,,,,,,孔承亲，孔子第54代孙。,
孔承亳,孔,承,男,54,1304-01-01,1388-01-01,是,鄄城,太学生,,,,,,孔承亳，孔子第54代孙。,
胡娘,孔,承,女,54,1305-01-01,1367-01-01,是,曲阜,县丞,,,,,,胡娘，孔子第54代孙。,
朱姑,孔,承,女,54,1307-01-01,1369-01-01,是,滋阳,主簿,,,,,,朱姑，孔子第54代孙。,
孔承亶,孔,承,男,54,1308-01-01,1374-01-01,是,济宁,训导,,,,,,孔承亶，孔子第54代孙。,
林娘,孔,承,女,54,1303-01-01,1383-01-01,是,邹县,教谕,,,,,,林娘，孔子第54代孙。,
孔承亸,孔,承,男,54,1301-01-01,1377-01-01,是,滕县,商人,,,,,,孔承亸，孔子第54代孙。,
郭氏,孔,承,女,54,1307-01-01,1380-01-01,是,峄县,官员,,,,,,郭氏，孔子第54代孙。,
孔承人,孔,承,男,54,1307-01-01,1383-01-01,是,金乡,学者,,,,,,孔承人，孔子第54代孙。,
孔承亻,孔,承,男,54,1308-01-01,1377-01-01,是,鱼台,大夫,,,,,,孔承亻，孔子第54代孙。,
王氏,孔,承,女,54,1301-01-01,1365-01-01,是,嘉祥,士,,,,,,王氏，孔子第54代孙。,
孔承亽,孔,承,男,54,1307-01-01,1380-01-01,是,汶上,农,,,,,,孔承亽，孔子第54代孙。,
孔承亾,孔,承,男,54,1301-01-01,1385-01-01,是,泗水,商,,,,,,孔承亾，孔子第54代孙。,
孔承亿,孔,承,男,54,1302-01-01,1384-01-01,是,宁阳,儒,,,,,,孔承亿，孔子第54代孙。,
杨娘,孔,承,女,54,1301-01-01,1371-01-01,是,兖州,工部侍郎,,,,,,杨娘，孔子第54代孙。,
孔承仁,孔,承,男,54,1301-01-01,1366-01-01,是,东平,礼部尚书,,,,,,孔承仁，孔子第54代孙。,
孔承仂,孔,承,男,54,1301-01-01,1371-01-01,是,寿张,知州,,,,,,孔承仂，孔子第54代孙。,
周娘,孔,承,女,54,1305-01-01,1371-01-01,是,范县,知县,,,,,,周娘，孔子第54代孙。,
孔承仄,孔,承,男,54,1307-01-01,1377-01-01,是,濮州,举人,,,,,,孔承仄，孔子第54代孙。,
徐氏,孔,承,女,54,1306-01-01,1388-01-01,是,开州,进士,,,,,,徐氏，孔子第54代孙。,
孔承仆,孔,承,男,54,1306-01-01,1383-01-01,是,长垣,太学生,,,,,,孔承仆，孔子第54代孙。,
孔承仇,孔,承,男,54,1303-01-01,1379-01-01,是,东明,县丞,,,,,,孔承仇，孔子第54代孙。,
朱氏,孔,承,女,54,1305-01-01,1369-01-01,是,荷泽,主簿,,,,,,朱氏，孔子第54代孙。,
高娘,孔,承,女,54,1307-01-01,1384-01-01,是,曹州,训导,,,,,,高娘，孔子第54代孙。,
孔承今,孔,承,男,54,1305-01-01,1370-01-01,是,定陶,教谕,,,,,,孔承今，孔子第54代孙。,
孔承介,孔,承,男,54,1305-01-01,1366-01-01,是,单县,商人,,,,,,孔承介，孔子第54代孙。,
孔承仌,孔,承,男,54,1305-01-01,1381-01-01,是,成武,官员,,,,,,孔承仌，孔子第54代孙。,
孔承仍,孔,承,男,54,1306-01-01,1380-01-01,是,巨野,学者,,,,,,孔承仍，孔子第54代孙。,
孔承从,孔,承,男,54,1302-01-01,1374-01-01,是,郓城,大夫,,,,,,孔承从，孔子第54代孙。,
孔承仏,孔,承,男,54,1305-01-01,1385-01-01,是,鄄城,士,,,,,,孔承仏，孔子第54代孙。,
李姑,孔,承,女,54,1305-01-01,1386-01-01,是,曲阜,农,,,,,,李姑，孔子第54代孙。,
刘氏,孔,承,女,54,1305-01-01,1369-01-01,是,滋阳,商,,,,,,刘氏，孔子第54代孙。,
孔承仒,孔,承,男,54,1305-01-01,1376-01-01,是,济宁,儒,,,,,,孔承仒，孔子第54代孙。,
孔承仓,孔,承,男,54,1304-01-01,1383-01-01,是,邹县,工部侍郎,,,,,,孔承仓，孔子第54代孙。,
孔承仔,孔,承,男,54,1301-01-01,1364-01-01,是,滕县,礼部尚书,,,,,,孔承仔，孔子第54代孙。,
孔承仕,孔,承,男,54,1307-01-01,1382-01-01,是,峄县,知州,,,,,,孔承仕，孔子第54代孙。,
孔承他,孔,承,男,54,1303-01-01,1364-01-01,是,金乡,知县,,,,,,孔承他，孔子第54代孙。,
孔承仗,孔,承,男,54,1306-01-01,1385-01-01,是,鱼台,举人,,,,,,孔承仗，孔子第54代孙。,
徐娘,孔,承,女,54,1305-01-01,1383-01-01,是,嘉祥,进士,,,,,,徐娘，孔子第54代孙。,
孔承仙,孔,承,男,54,1308-01-01,1390-01-01,是,汶上,太学生,,,,,,孔承仙，孔子第54代孙。,
胡氏,孔,承,女,54,1305-01-01,1375-01-01,是,泗水,县丞,,,,,,胡氏，孔子第54代孙。,
朱娘,孔,承,女,54,1304-01-01,1387-01-01,是,宁阳,主簿,,,,,,朱娘，孔子第54代孙。,
高姑,孔,承,女,54,1307-01-01,1390-01-01,是,兖州,训导,,,,,,高姑，孔子第54代孙。,
孔承仝,孔,承,男,54,1305-01-01,1376-01-01,是,东平,教谕,,,,,,孔承仝，孔子第54代孙。,
何娘,孔,承,女,54,1303-01-01,1382-01-01,是,寿张,商人,,,,,,何娘，孔子第54代孙。,
孔承仟,孔,承,男,54,1302-01-01,1381-01-01,是,范县,官员,,,,,,孔承仟，孔子第54代孙。,
孔承仠,孔,承,男,54,1303-01-01,1378-01-01,是,濮州,学者,,,,,,孔承仠，孔子第54代孙。,
孔承仡,孔,承,男,54,1308-01-01,1384-01-01,是,开州,大夫,,,,,,孔承仡，孔子第54代孙。,
王姑,孔,承,女,54,1305-01-01,1374-01-01,是,长垣,士,,,,,,王姑，孔子第54代孙。,
孔承代,孔,承,男,54,1301-01-01,1371-01-01,是,东明,农,,,,,,孔承代，孔子第54代孙。,
孔承令,孔,承,男,54,1307-01-01,1368-01-01,是,荷泽,商,,,,,,孔承令，孔子第54代孙。,
陈姑,孔,承,女,54,1302-01-01,1376-01-01,是,曹州,儒,,,,,,陈姑，孔子第54代孙。,
杨氏,孔,承,女,54,1308-01-01,1377-01-01,是,定陶,工部侍郎,,,,,,杨氏，孔子第54代孙。,
孔承仧,孔,承,男,54,1303-01-01,1379-01-01,是,单县,礼部尚书,,,,,,孔承仧，孔子第54代孙。,
孔承仨,孔,承,男,54,1308-01-01,1372-01-01,是,成武,知州,,,,,,孔承仨，孔子第54代孙。,
孔承仩,孔,承,男,54,1304-01-01,1374-01-01,是,巨野,知县,,,,,,孔承仩，孔子第54代孙。,
孔承仪,孔,承,男,54,1305-01-01,1387-01-01,是,郓城,举人,,,,,,孔承仪，孔子第54代孙。,
徐姑,孔,承,女,54,1307-01-01,1369-01-01,是,鄄城,进士,,,,,,徐姑，孔子第54代孙。,
孔承们,孔,承,男,54,1301-01-01,1379-01-01,是,曲阜,太学生,,,,,,孔承们，孔子第54代孙。,
孔承仭,孔,承,男,54,1306-01-01,1372-01-01,是,滋阳,县丞,,,,,,孔承仭，孔子第54代孙。,
孔承仮,孔,承,男,54,1301-01-01,1372-01-01,是,济宁,主簿,,,,,,孔承仮，孔子第54代孙。,
孔承仯,孔,承,男,54,1304-01-01,1386-01-01,是,邹县,训导,,,,,,孔承仯，孔子第54代孙。,
林娘,孔,承,女,54,1303-01-01,1386-01-01,是,滕县,教谕,,,,,,林娘，孔子第54代孙。,
孔承仱,孔,承,男,54,1304-01-01,1381-01-01,是,峄县,商人,,,,,,孔承仱，孔子第54代孙。,
郭氏,孔,承,女,54,1303-01-01,1366-01-01,是,金乡,官员,,,,,,郭氏，孔子第54代孙。,
孔承仳,孔,承,男,54,1307-01-01,1375-01-01,是,鱼台,学者,,,,,,孔承仳，孔子第54代孙。,
张姑,孔,承,女,54,1302-01-01,1383-01-01,是,嘉祥,大夫,,,,,,张姑，孔子第54代孙。,
孔承仵,孔,承,男,54,1307-01-01,1382-01-01,是,汶上,士,,,,,,孔承仵，孔子第54代孙。,
孔承件,孔,承,男,54,1301-01-01,1382-01-01,是,泗水,农,,,,,,孔承件，孔子第54代孙。,
刘姑,孔,承,女,54,1302-01-01,1385-01-01,是,宁阳,商,,,,,,刘姑，孔子第54代孙。,
陈氏,孔,承,女,54,1306-01-01,1366-01-01,是,兖州,儒,,,,,,陈氏，孔子第54代孙。,
杨娘,孔,承,女,54,1305-01-01,1380-01-01,是,东平,工部侍郎,,,,,,杨娘，孔子第54代孙。,
赵姑,孔,承,女,54,1302-01-01,1371-01-01,是,寿张,礼部尚书,,,,,,赵姑，孔子第54代孙。,
黄氏,孔,承,女,54,1302-01-01,1368-01-01,是,范县,知州,,,,,,黄氏，孔子第54代孙。,
周娘,孔,承,女,54,1301-01-01,1369-01-01,是,濮州,知县,,,,,,周娘，孔子第54代孙。,
孔承份,孔,承,男,54,1307-01-01,1374-01-01,是,开州,举人,,,,,,孔承份，孔子第54代孙。,
孔承仾,孔,承,男,54,1308-01-01,1379-01-01,是,长垣,进士,,,,,,孔承仾，孔子第54代孙。,
孔承仿,孔,承,男,54,1302-01-01,1381-01-01,是,东明,太学生,,,,,,孔承仿，孔子第54代孙。,
孔承伀,孔,承,男,54,1307-01-01,1380-01-01,是,荷泽,县丞,,,,,,孔承伀，孔子第54代孙。,
朱氏,孔,承,女,54,1304-01-01,1370-01-01,是,曹州,主簿,,,,,,朱氏，孔子第54代孙。,
高娘,孔,承,女,54,1304-01-01,1371-01-01,是,定陶,训导,,,,,,高娘，孔子第54代孙。,
孔承伃,孔,承,男,54,1305-01-01,1368-01-01,是,单县,教谕,,,,,,孔承伃，孔子第54代孙。,
孔承伄,孔,承,男,54,1306-01-01,1388-01-01,是,成武,商人,,,,,,孔承伄，孔子第54代孙。,
孔承伅,孔,承,男,54,1305-01-01,1389-01-01,是,巨野,官员,,,,,,孔承伅，孔子第54代孙。,
马姑,孔,承,女,54,1305-01-01,1376-01-01,是,郓城,学者,,,,,,马姑，孔子第54代孙。,
孔承伇,孔,承,男,54,1304-01-01,1382-01-01,是,鄄城,大夫,,,,,,孔承伇，孔子第54代孙。,
孔承伈,孔,承,男,54,1305-01-01,1373-01-01,是,曲阜,士,,,,,,孔承伈，孔子第54代孙。,
孔承伉,孔,承,男,54,1305-01-01,1368-01-01,是,滋阳,农,,,,,,孔承伉，孔子第54代孙。,
孔承伊,孔,承,男,54,1307-01-01,1368-01-01,是,济宁,商,,,,,,孔承伊，孔子第54代孙。,
陈娘,孔,承,女,54,1304-01-01,1371-01-01,是,邹县,儒,,,,,,陈娘，孔子第54代孙。,
孔承伌,孔,承,男,54,1308-01-01,1377-01-01,是,滕县,工部侍郎,,,,,,孔承伌，孔子第54代孙。,
孔承伍,孔,承,男,54,1304-01-01,1366-01-01,是,峄县,礼部尚书,,,,,,孔承伍，孔子第54代孙。,
孔承伎,孔,承,男,54,1305-01-01,1384-01-01,是,金乡,知州,,,,,,孔承伎，孔子第54代孙。,
孔承伏,孔,承,男,54,1302-01-01,1376-01-01,是,鱼台,知县,,,,,,孔承伏，孔子第54代孙。,
孔承伐,孔,承,男,54,1301-01-01,1362-01-01,是,嘉祥,举人,,,,,,孔承伐，孔子第54代孙。,
徐娘,孔,承,女,54,1308-01-01,1370-01-01,是,汶上,进士,,,,,,徐娘，孔子第54代孙。,
孙姑,孔,承,女,54,1302-01-01,1376-01-01,是,泗水,太学生,,,,,,孙姑，孔子第54代孙。,
孔承伓,孔,承,男,54,1301-01-01,1378-01-01,是,宁阳,县丞,,,,,,孔承伓，孔子第54代孙。,
孔承伔,孔,承,男,54,1307-01-01,1375-01-01,是,兖州,主簿,,,,,,孔承伔，孔子第54代孙。,
孔承伕,孔,承,男,54,1301-01-01,1361-01-01,是,东平,训导,,,,,,孔承伕，孔子第54代孙。,
孔承伖,孔,承,男,54,1306-01-01,1372-01-01,是,寿张,教谕,,,,,,孔承伖，孔子第54代孙。,
孔承众,孔,承,男,54,1303-01-01,1377-01-01,是,范县,商人,,,,,,孔承众，孔子第54代孙。,
孔承优,孔,承,男,54,1302-01-01,1369-01-01,是,濮州,官员,,,,,,孔承优，孔子第54代孙。,
孔承伙,孔,承,男,54,1303-01-01,1367-01-01,是,开州,学者,,,,,,孔承伙，孔子第54代孙。,
孔承会,孔,承,男,54,1303-01-01,1367-01-01,是,长垣,大夫,,,,,,孔承会，孔子第54代孙。,
孔承伛,孔,承,男,54,1306-01-01,1367-01-01,是,东明,士,,,,,,孔承伛，孔子第54代孙。,
李氏,孔,承,女,54,1304-01-01,1371-01-01,是,荷泽,农,,,,,,李氏，孔子第54代孙。,
孔承伝,孔,承,男,54,1303-01-01,1384-01-01,是,曹州,商,,,,,,孔承伝，孔子第54代孙。,
孔承伞,孔,承,男,54,1307-01-01,1385-01-01,是,定陶,儒,,,,,,孔承伞，孔子第54代孙。,
杨氏,孔,承,女,54,1308-01-01,1389-01-01,是,单县,工部侍郎,,,,,,杨氏，孔子第54代孙。,
孔承传,孔,承,男,54,1304-01-01,1387-01-01,是,成武,礼部尚书,,,,,,孔承传，孔子第54代孙。,
黄姑,孔,承,女,54,1301-01-01,1361-01-01,是,巨野,知州,,,,,,黄姑，孔子第54代孙。,
孔承伢,孔,承,男,54,1301-01-01,1380-01-01,是,郓城,知县,,,,,,孔承伢，孔子第54代孙。,
吴娘,孔,承,女,54,1305-01-01,1381-01-01,是,鄄城,举人,,,,,,吴娘，孔子第54代孙。,
徐姑,孔,承,女,54,1303-01-01,1365-01-01,是,曲阜,进士,,,,,,徐姑，孔子第54代孙。,
孙氏,孔,承,女,54,1308-01-01,1375-01-01,是,滋阳,太学生,,,,,,孙氏，孔子第54代孙。,
胡娘,孔,承,女,54,1301-01-01,1362-01-01,是,济宁,县丞,,,,,,胡娘，孔子第54代孙。,
朱姑,孔,承,女,54,1306-01-01,1366-01-01,是,邹县,主簿,,,,,,朱姑，孔子第54代孙。,
高氏,孔,承,女,54,1306-01-01,1388-01-01,是,滕县,训导,,,,,,高氏，孔子第54代孙。,
孔承伩,孔,承,男,54,1304-01-01,1382-01-01,是,峄县,教谕,,,,,,孔承伩，孔子第54代孙。,
何姑,孔,承,女,54,1306-01-01,1370-01-01,是,金乡,商人,,,,,,何姑，孔子第54代孙。,
孔承伫,孔,承,男,54,1305-01-01,1379-01-01,是,鱼台,官员,,,,,,孔承伫，孔子第54代孙。,
孔承伬,孔,承,男,54,1302-01-01,1369-01-01,是,嘉祥,学者,,,,,,孔承伬，孔子第54代孙。,
孔承伭,孔,承,男,54,1308-01-01,1390-01-01,是,汶上,大夫,,,,,,孔承伭，孔子第54代孙。,
孔承伮,孔,承,男,54,1305-01-01,1366-01-01,是,泗水,士,,,,,,孔承伮，孔子第54代孙。,
孔承伯,孔,承,男,54,1307-01-01,1382-01-01,是,宁阳,农,,,,,,孔承伯，孔子第54代孙。,
孔承估,孔,承,男,54,1303-01-01,1380-01-01,是,兖州,商,,,,,,孔承估，孔子第54代孙。,
陈氏,孔,承,女,54,1308-01-01,1376-01-01,是,东平,儒,,,,,,陈氏，孔子第54代孙。,
孔承伲,孔,承,男,54,1303-01-01,1386-01-01,是,寿张,工部侍郎,,,,,,孔承伲，孔子第54代孙。,
孔承伳,孔,承,男,54,1302-01-01,1363-01-01,是,范县,礼部尚书,,,,,,孔承伳，孔子第54代孙。,
孔承伴,孔,承,男,54,1303-01-01,1382-01-01,是,濮州,知州,,,,,,孔承伴，孔子第54代孙。,
孔承伵,孔,承,男,54,1303-01-01,1377-01-01,是,开州,知县,,,,,,孔承伵，孔子第54代孙。,
吴姑,孔,承,女,54,1302-01-01,1370-01-01,是,长垣,举人,,,,,,吴姑，孔子第54代孙。,
孔承伷,孔,承,男,54,1302-01-01,1371-01-01,是,东明,进士,,,,,,孔承伷，孔子第54代孙。,
孔承伸,孔,承,男,54,1302-01-01,1383-01-01,是,荷泽,太学生,,,,,,孔承伸，孔子第54代孙。,
胡姑,孔,承,女,54,1302-01-01,1384-01-01,是,曹州,县丞,,,,,,胡姑，孔子第54代孙。,
孔承伺,孔,承,男,54,1308-01-01,1371-01-01,是,定陶,主簿,,,,,,孔承伺，孔子第54代孙。,
高娘,孔,承,女,54,1306-01-01,1389-01-01,是,单县,训导,,,,,,高娘，孔子第54代孙。,
林姑,孔,承,女,54,1307-01-01,1376-01-01,是,成武,教谕,,,,,,林姑，孔子第54代孙。,
何氏,孔,承,女,54,1304-01-01,1369-01-01,是,巨野,商人,,,,,,何氏，孔子第54代孙。,
孔承伾,孔,承,男,54,1305-01-01,1389-01-01,是,郓城,官员,,,,,,孔承伾，孔子第54代孙。,
马姑,孔,承,女,54,1307-01-01,1381-01-01,是,鄄城,学者,,,,,,马姑，孔子第54代孙。,
张氏,孔,承,女,54,1306-01-01,1381-01-01,是,曲阜,大夫,,,,,,张氏，孔子第54代孙。,
孔承佁,孔,承,男,54,1304-01-01,1368-01-01,是,滋阳,士,,,,,,孔承佁，孔子第54代孙。,
孔承佂,孔,承,男,54,1302-01-01,1374-01-01,是,济宁,农,,,,,,孔承佂，孔子第54代孙。,
孔承佃,孔,承,男,54,1308-01-01,1369-01-01,是,邹县,商,,,,,,孔承佃，孔子第54代孙。,
孔承佄,孔,承,男,54,1304-01-01,1377-01-01,是,滕县,儒,,,,,,孔承佄，孔子第54代孙。,
孔承佅,孔,承,男,54,1306-01-01,1368-01-01,是,峄县,工部侍郎,,,,,,孔承佅，孔子第54代孙。,
孔承但,孔,承,男,54,1303-01-01,1375-01-01,是,金乡,礼部尚书,,,,,,孔承但，孔子第54代孙。,
孔承佇,孔,承,男,54,1301-01-01,1368-01-01,是,鱼台,知州,,,,,,孔承佇，孔子第54代孙。,
孔承佈,孔,承,男,54,1301-01-01,1380-01-01,是,嘉祥,知县,,,,,,孔承佈，孔子第54代孙。,
孔承佉,孔,承,男,54,1301-01-01,1381-01-01,是,汶上,举人,,,,,,孔承佉，孔子第54代孙。,
孔承佊,孔,承,男,54,1307-01-01,1378-01-01,是,泗水,进士,,,,,,孔承佊，孔子第54代孙。,
孙姑,孔,承,女,54,1301-01-01,1368-01-01,是,宁阳,太学生,,,,,,孙姑，孔子第54代孙。,
孔承佌,孔,承,男,54,1307-01-01,1379-01-01,是,兖州,县丞,,,,,,孔承佌，孔子第54代孙。,
孔承位,孔,承,男,54,1302-01-01,1375-01-01,是,东平,主簿,,,,,,孔承位，孔子第54代孙。,
孔承低,孔,承,男,54,1305-01-01,1374-01-01,是,寿张,训导,,,,,,孔承低，孔子第54代孙。,
孔承住,孔,承,男,54,1306-01-01,1371-01-01,是,范县,教谕,,,,,,孔承住，孔子第54代孙。,
孔承佐,孔,承,男,54,1304-01-01,1388-01-01,是,濮州,商人,,,,,,孔承佐，孔子第54代孙。,
孔承佑,孔,承,男,54,1305-01-01,1365-01-01,是,开州,官员,,,,,,孔承佑，孔子第54代孙。,
孔承佒,孔,承,男,54,1304-01-01,1366-01-01,是,长垣,学者,,,,,,孔承佒，孔子第54代孙。,
张娘,孔,承,女,54,1306-01-01,1369-01-01,是,东明,大夫,,,,,,张娘，孔子第54代孙。,
孔承佔,孔,承,男,54,1306-01-01,1374-01-01,是,荷泽,士,,,,,,孔承佔，孔子第54代孙。,
李氏,孔,承,女,54,1307-01-01,1367-01-01,是,曹州,农,,,,,,李氏，孔子第54代孙。,
刘娘,孔,承,女,54,1302-01-01,1369-01-01,是,定陶,商,,,,,,刘娘，孔子第54代孙。,
陈姑,孔,承,女,54,1302-01-01,1366-01-01,是,单县,儒,,,,,,陈姑，孔子第54代孙。,
孔承佘,孔,承,男,54,1304-01-01,1369-01-01,是,成武,工部侍郎,,,,,,孔承佘，孔子第54代孙。,
孔承余,孔,承,男,54,1301-01-01,1383-01-01,是,巨野,礼部尚书,,,,,,孔承余，孔子第54代孙。,
孔承佚,孔,承,男,54,1308-01-01,1382-01-01,是,郓城,知州,,,,,,孔承佚，孔子第54代孙。,
孔承佛,孔,承,男,54,1306-01-01,1375-01-01,是,鄄城,知县,,,,,,孔承佛，孔子第54代孙。,
吴娘,孔,承,女,54,1307-01-01,1372-01-01,是,曲阜,举人,,,,,,吴娘，孔子第54代孙。,
孔承佝,孔,承,男,54,1307-01-01,1375-01-01,是,滋阳,进士,,,,,,孔承佝，孔子第54代孙。,
孔承佞,孔,承,男,54,1303-01-01,1385-01-01,是,济宁,太学生,,,,,,孔承佞，孔子第54代孙。,
孔承佟,孔,承,男,54,1304-01-01,1377-01-01,是,邹县,县丞,,,,,,孔承佟，孔子第54代孙。,
朱姑,孔,承,女,54,1306-01-01,1382-01-01,是,滕县,主簿,,,,,,朱姑，孔子第54代孙。,
高氏,孔,承,女,54,1306-01-01,1366-01-01,是,峄县,训导,,,,,,高氏，孔子第54代孙。,
林娘,孔,承,女,54,1306-01-01,1387-01-01,是,金乡,教谕,,,,,,林娘，孔子第54代孙。,
孔承佣,孔,承,男,54,1301-01-01,1385-01-01,是,鱼台,商人,,,,,,孔承佣，孔子第54代孙。,
孔承佤,孔,承,男,54,1305-01-01,1386-01-01,是,嘉祥,官员,,,,,,孔承佤，孔子第54代孙。,
马娘,孔,承,女,54,1306-01-01,1372-01-01,是,汶上,学者,,,,,,马娘，孔子第54代孙。,
张姑,孔,承,女,54,1306-01-01,1383-01-01,是,泗水,大夫,,,,,,张姑，孔子第54代孙。,
王氏,孔,承,女,54,1302-01-01,1384-01-01,是,宁阳,士,,,,,,王氏，孔子第54代孙。,
孔承佨,孔,承,男,54,1306-01-01,1377-01-01,是,兖州,农,,,,,,孔承佨，孔子第54代孙。,
刘姑,孔,承,女,54,1302-01-01,1379-01-01,是,东平,商,,,,,,刘姑，孔子第54代孙。,
陈氏,孔,承,女,54,1306-01-01,1369-01-01,是,寿张,儒,,,,,,陈氏，孔子第54代孙。,
孔承佫,孔,承,男,54,1305-01-01,1368-01-01,是,范县,工部侍郎,,,,,,孔承佫，孔子第54代孙。,
赵姑,孔,承,女,54,1307-01-01,1381-01-01,是,濮州,礼部尚书,,,,,,赵姑，孔子第54代孙。,
黄氏,孔,承,女,54,1308-01-01,1378-01-01,是,开州,知州,,,,,,黄氏，孔子第54代孙。,
孔承佮,孔,承,男,54,1304-01-01,1370-01-01,是,长垣,知县,,,,,,孔承佮，孔子第54代孙。,
吴姑,孔,承,女,54,1304-01-01,1387-01-01,是,东明,举人,,,,,,吴姑，孔子第54代孙。,
孔承佰,孔,承,男,54,1308-01-01,1380-01-01,是,荷泽,进士,,,,,,孔承佰，孔子第54代孙。,
孙娘,孔,承,女,54,1305-01-01,1382-01-01,是,曹州,太学生,,,,,,孙娘，孔子第54代孙。,
胡姑,孔,承,女,54,1302-01-01,1372-01-01,是,定陶,县丞,,,,,,胡姑，孔子第54代孙。,
朱氏,孔,承,女,54,1307-01-01,1382-01-01,是,单县,主簿,,,,,,朱氏，孔子第54代孙。,
孔承佴,孔,承,男,54,1307-01-01,1384-01-01,是,成武,训导,,,,,,孔承佴，孔子第54代孙。,
林姑,孔,承,女,54,1305-01-01,1374-01-01,是,巨野,教谕,,,,,,林姑，孔子第54代孙。,
孔承佶,孔,承,男,54,1303-01-01,1382-01-01,是,郓城,商人,,,,,,孔承佶，孔子第54代孙。,
郭娘,孔,承,女,54,1304-01-01,1370-01-01,是,鄄城,官员,,,,,,郭娘，孔子第54代孙。,
马姑,孔,承,女,54,1308-01-01,1377-01-01,是,曲阜,学者,,,,,,马姑，孔子第54代孙。,
孔承佹,孔,承,男,54,1303-01-01,1381-01-01,是,滋阳,大夫,,,,,,孔承佹，孔子第54代孙。,
王娘,孔,承,女,54,1305-01-01,1379-01-01,是,济宁,士,,,,,,王娘，孔子第54代孙。,
孔承佻,孔,承,男,54,1303-01-01,1385-01-01,是,邹县,农,,,,,,孔承佻，孔子第54代孙。,
孔承佼,孔,承,男,54,1301-01-01,1366-01-01,是,滕县,商,,,,,,孔承佼，孔子第54代孙。,
陈娘,孔,承,女,54,1307-01-01,1388-01-01,是,峄县,儒,,,,,,陈娘，孔子第54代孙。,
杨姑,孔,承,女,54,1301-01-01,1384-01-01,是,金乡,工部侍郎,,,,,,杨姑，孔子第54代孙。,
赵氏,孔,承,女,54,1306-01-01,1367-01-01,是,鱼台,礼部尚书,,,,,,赵氏，孔子第54代孙。,
孔承侀,孔,承,男,54,1301-01-01,1377-01-01,是,嘉祥,知州,,,,,,孔承侀，孔子第54代孙。,
周姑,孔,承,女,54,1301-01-01,1372-01-01,是,汶上,知县,,,,,,周姑，孔子第54代孙。,
孔承侂,孔,承,男,54,1307-01-01,1371-01-01,是,泗水,举人,,,,,,孔承侂，孔子第54代孙。,
孔承侃,孔,承,男,54,1304-01-01,1373-01-01,是,宁阳,进士,,,,,,孔承侃，孔子第54代孙。,
孔承侄,孔,承,男,54,1308-01-01,1390-01-01,是,兖州,太学生,,,,,,孔承侄，孔子第54代孙。,
孔承侅,孔,承,男,54,1301-01-01,1369-01-01,是,东平,县丞,,,,,,孔承侅，孔子第54代孙。,
孔承來,孔,承,男,54,1303-01-01,1379-01-01,是,寿张,主簿,,,,,,孔承來，孔子第54代孙。,
孔承侇,孔,承,男,54,1303-01-01,1387-01-01,是,范县,训导,,,,,,孔承侇，孔子第54代孙。,
孔承侈,孔,承,男,54,1303-01-01,1383-01-01,是,濮州,教谕,,,,,,孔承侈，孔子第54代孙。,
何娘,孔,承,女,54,1301-01-01,1362-01-01,是,开州,商人,,,,,,何娘，孔子第54代孙。,
郭姑,孔,承,女,54,1304-01-01,1385-01-01,是,长垣,官员,,,,,,郭姑，孔子第54代孙。,
孔承例,孔,承,男,54,1305-01-01,1369-01-01,是,东明,学者,,,,,,孔承例，孔子第54代孙。,
孔承侌,孔,承,男,54,1306-01-01,1383-01-01,是,荷泽,大夫,,,,,,孔承侌，孔子第54代孙。,
孔承侍,孔,承,男,54,1307-01-01,1380-01-01,是,曹州,士,,,,,,孔承侍，孔子第54代孙。,
李氏,孔,承,女,54,1304-01-01,1383-01-01,是,定陶,农,,,,,,李氏，孔子第54代孙。,
孔承侏,孔,承,男,54,1308-01-01,1375-01-01,是,单县,商,,,,,,孔承侏，孔子第54代孙。,
陈姑,孔,承,女,54,1306-01-01,1389-01-01,是,成武,儒,,,,,,陈姑，孔子第54代孙。,
杨氏,孔,承,女,54,1307-01-01,1370-01-01,是,巨野,工部侍郎,,,,,,杨氏，孔子第54代孙。,
孔承侒,孔,承,男,54,1308-01-01,1380-01-01,是,郓城,礼部尚书,,,,,,孔承侒，孔子第54代孙。,
孔承侓,孔,承,男,54,1305-01-01,1385-01-01,是,鄄城,知州,,,,,,孔承侓，孔子第54代孙。,
孔承侔,孔,承,男,54,1307-01-01,1377-01-01,是,曲阜,知县,,,,,,孔承侔，孔子第54代孙。,
吴娘,孔,承,女,54,1304-01-01,1381-01-01,是,滋阳,举人,,,,,,吴娘，孔子第54代孙。,
徐姑,孔,承,女,54,1303-01-01,1386-01-01,是,济宁,进士,,,,,,徐姑，孔子第54代孙。,
孔承侗,孔,承,男,54,1301-01-01,1379-01-01,是,邹县,太学生,,,,,,孔承侗，孔子第54代孙。,
孔承侘,孔,承,男,54,1301-01-01,1383-01-01,是,滕县,县丞,,,,,,孔承侘，孔子第54代孙。,
朱姑,孔,承,女,54,1307-01-01,1385-01-01,是,峄县,主簿,,,,,,朱姑，孔子第54代孙。,
孔宏侚,孔,宏,男,55,1329-01-01,1413-01-01,是,金乡,训导,,,,,,孔宏侚，孔子第55代孙。,
林娘,孔,宏,女,55,1334-01-01,1414-01-01,是,鱼台,教谕,,,,,,林娘，孔子第55代孙。,
何姑,孔,宏,女,55,1334-01-01,1397-01-01,是,嘉祥,商人,,,,,,何姑，孔子第55代孙。,
孔宏依,孔,宏,男,55,1331-01-01,1407-01-01,是,汶上,官员,,,,,,孔宏依，孔子第55代孙。,
孔宏侞,孔,宏,男,55,1331-01-01,1393-01-01,是,泗水,学者,,,,,,孔宏侞，孔子第55代孙。,
孔宏侟,孔,宏,男,55,1334-01-01,1400-01-01,是,宁阳,大夫,,,,,,孔宏侟，孔子第55代孙。,
孔宏侠,孔,宏,男,55,1335-01-01,1399-01-01,是,兖州,士,,,,,,孔宏侠，孔子第55代孙。,
孔宏価,孔,宏,男,55,1329-01-01,1391-01-01,是,东平,农,,,,,,孔宏価，孔子第55代孙。,
刘姑,孔,宏,女,55,1330-01-01,1407-01-01,是,寿张,商,,,,,,刘姑，孔子第55代孙。,
孔宏侣,孔,宏,男,55,1336-01-01,1420-01-01,是,范县,儒,,,,,,孔宏侣，孔子第55代孙。,
杨娘,孔,宏,女,55,1335-01-01,1401-01-01,是,濮州,工部侍郎,,,,,,杨娘，孔子第55代孙。,
赵姑,孔,宏,女,55,1335-01-01,1401-01-01,是,开州,礼部尚书,,,,,,赵姑，孔子第55代孙。,
黄氏,孔,宏,女,55,1333-01-01,1405-01-01,是,长垣,知州,,,,,,黄氏，孔子第55代孙。,
孔宏侧,孔,宏,男,55,1329-01-01,1398-01-01,是,东明,知县,,,,,,孔宏侧，孔子第55代孙。,
孔宏侨,孔,宏,男,55,1330-01-01,1397-01-01,是,荷泽,举人,,,,,,孔宏侨，孔子第55代孙。,
徐氏,孔,宏,女,55,1332-01-01,1406-01-01,是,曹州,进士,,,,,,徐氏，孔子第55代孙。,
孔宏侪,孔,宏,男,55,1329-01-01,1404-01-01,是,定陶,太学生,,,,,,孔宏侪，孔子第55代孙。,
胡姑,孔,宏,女,55,1329-01-01,1407-01-01,是,单县,县丞,,,,,,胡姑，孔子第55代孙。,
朱氏,孔,宏,女,55,1331-01-01,1415-01-01,是,成武,主簿,,,,,,朱氏，孔子第55代孙。,
高娘,孔,宏,女,55,1335-01-01,1404-01-01,是,巨野,训导,,,,,,高娘，孔子第55代孙。,
林姑,孔,宏,女,55,1336-01-01,1412-01-01,是,郓城,教谕,,,,,,林姑，孔子第55代孙。,
何氏,孔,宏,女,55,1330-01-01,1397-01-01,是,鄄城,商人,,,,,,何氏，孔子第55代孙。,
孔宏侰,孔,宏,男,55,1335-01-01,1395-01-01,是,曲阜,官员,,,,,,孔宏侰，孔子第55代孙。,
孔宏侱,孔,宏,男,55,1334-01-01,1394-01-01,是,滋阳,学者,,,,,,孔宏侱，孔子第55代孙。,
张氏,孔,宏,女,55,1329-01-01,1397-01-01,是,济宁,大夫,,,,,,张氏，孔子第55代孙。,
孔宏侳,孔,宏,男,55,1329-01-01,1411-01-01,是,邹县,士,,,,,,孔宏侳，孔子第55代孙。,
孔宏侴,孔,宏,男,55,1331-01-01,1399-01-01,是,滕县,农,,,,,,孔宏侴，孔子第55代孙。,
孔宏侵,孔,宏,男,55,1330-01-01,1405-01-01,是,峄县,商,,,,,,孔宏侵，孔子第55代孙。,
陈娘,孔,宏,女,55,1329-01-01,1394-01-01,是,金乡,儒,,,,,,陈娘，孔子第55代孙。,
孔宏侷,孔,宏,男,55,1334-01-01,1402-01-01,是,鱼台,工部侍郎,,,,,,孔宏侷，孔子第55代孙。,
孔宏侸,孔,宏,男,55,1333-01-01,1408-01-01,是,嘉祥,礼部尚书,,,,,,孔宏侸，孔子第55代孙。,
孔宏侹,孔,宏,男,55,1334-01-01,1409-01-01,是,汶上,知州,,,,,,孔宏侹，孔子第55代孙。,
孔宏侺,孔,宏,男,55,1329-01-01,1397-01-01,是,泗水,知县,,,,,,孔宏侺，孔子第55代孙。,
吴氏,孔,宏,女,55,1335-01-01,1395-01-01,是,宁阳,举人,,,,,,吴氏，孔子第55代孙。,
孔宏侼,孔,宏,男,55,1334-01-01,1412-01-01,是,兖州,进士,,,,,,孔宏侼，孔子第55代孙。,
孙姑,孔,宏,女,55,1330-01-01,1402-01-01,是,东平,太学生,,,,,,孙姑，孔子第55代孙。,
胡氏,孔,宏,女,55,1336-01-01,1402-01-01,是,寿张,县丞,,,,,,胡氏，孔子第55代孙。,
朱娘,孔,宏,女,55,1334-01-01,1408-01-01,是,范县,主簿,,,,,,朱娘，孔子第55代孙。,
孔宏俀,孔,宏,男,55,1330-01-01,1412-01-01,是,濮州,训导,,,,,,孔宏俀，孔子第55代孙。,
林氏,孔,宏,女,55,1335-01-01,1410-01-01,是,开州,教谕,,,,,,林氏，孔子第55代孙。,
孔宏係,孔,宏,男,55,1330-01-01,1405-01-01,是,长垣,商人,,,,,,孔宏係，孔子第55代孙。,
孔宏促,孔,宏,男,55,1331-01-01,1399-01-01,是,东明,官员,,,,,,孔宏促，孔子第55代孙。,
孔宏俄,孔,宏,男,55,1335-01-01,1409-01-01,是,荷泽,学者,,,,,,孔宏俄，孔子第55代孙。,
孔宏俅,孔,宏,男,55,1329-01-01,1390-01-01,是,曹州,大夫,,,,,,孔宏俅，孔子第55代孙。,
孔宏俆,孔,宏,男,55,1329-01-01,1412-01-01,是,定陶,士,,,,,,孔宏俆，孔子第55代孙。,
孔宏俇,孔,宏,男,55,1335-01-01,1405-01-01,是,单县,农,,,,,,孔宏俇，孔子第55代孙。,
孔宏俈,孔,宏,男,55,1329-01-01,1393-01-01,是,成武,商,,,,,,孔宏俈，孔子第55代孙。,
孔宏俉,孔,宏,男,55,1332-01-01,1411-01-01,是,巨野,儒,,,,,,孔宏俉，孔子第55代孙。,
杨氏,孔,宏,女,55,1331-01-01,1399-01-01,是,郓城,工部侍郎,,,,,,杨氏，孔子第55代孙。,
孔宏俋,孔,宏,男,55,1334-01-01,1397-01-01,是,鄄城,礼部尚书,,,,,,孔宏俋，孔子第55代孙。,
孔宏俌,孔,宏,男,55,1336-01-01,1413-01-01,是,曲阜,知州,,,,,,孔宏俌，孔子第55代孙。,
周氏,孔,宏,女,55,1331-01-01,1397-01-01,是,滋阳,知县,,,,,,周氏，孔子第55代孙。,
吴娘,孔,宏,女,55,1330-01-01,1400-01-01,是,济宁,举人,,,,,,吴娘，孔子第55代孙。,
徐姑,孔,宏,女,55,1335-01-01,1418-01-01,是,邹县,进士,,,,,,徐姑，孔子第55代孙。,
孙氏,孔,宏,女,55,1333-01-01,1415-01-01,是,滕县,太学生,,,,,,孙氏，孔子第55代孙。,
胡娘,孔,宏,女,55,1332-01-01,1414-01-01,是,峄县,县丞,,,,,,胡娘，孔子第55代孙。,
朱姑,孔,宏,女,55,1331-01-01,1415-01-01,是,金乡,主簿,,,,,,朱姑，孔子第55代孙。,
孔宏俓,孔,宏,男,55,1331-01-01,1410-01-01,是,鱼台,训导,,,,,,孔宏俓，孔子第55代孙。,
孔宏俔,孔,宏,男,55,1333-01-01,1400-01-01,是,嘉祥,教谕,,,,,,孔宏俔，孔子第55代孙。,
孔宏俕,孔,宏,男,55,1335-01-01,1413-01-01,是,汶上,商人,,,,,,孔宏俕，孔子第55代孙。,
孔宏俖,孔,宏,男,55,1332-01-01,1399-01-01,是,泗水,官员,,,,,,孔宏俖，孔子第55代孙。,
孔宏俗,孔,宏,男,55,1334-01-01,1394-01-01,是,宁阳,学者,,,,,,孔宏俗，孔子第55代孙。,
孔宏俘,孔,宏,男,55,1333-01-01,1405-01-01,是,兖州,大夫,,,,,,孔宏俘，孔子第55代孙。,
孔宏俙,孔,宏,男,55,1334-01-01,1418-01-01,是,东平,士,,,,,,孔宏俙，孔子第55代孙。,
孔宏俚,孔,宏,男,55,1331-01-01,1402-01-01,是,寿张,农,,,,,,孔宏俚，孔子第55代孙。,
刘姑,孔,宏,女,55,1329-01-01,1400-01-01,是,范县,商,,,,,,刘姑，孔子第55代孙。,
陈氏,孔,宏,女,55,1331-01-01,1399-01-01,是,濮州,儒,,,,,,陈氏，孔子第55代孙。,
孔宏保,孔,宏,男,55,1336-01-01,1397-01-01,是,开州,工部侍郎,,,,,,孔宏保，孔子第55代孙。,
孔宏俞,孔,宏,男,55,1336-01-01,1415-01-01,是,长垣,礼部尚书,,,,,,孔宏俞，孔子第55代孙。,
孔宏俟,孔,宏,男,55,1334-01-01,1399-01-01,是,东明,知州,,,,,,孔宏俟，孔子第55代孙。,
周娘,孔,宏,女,55,1335-01-01,1410-01-01,是,荷泽,知县,,,,,,周娘，孔子第55代孙。,
孔宏信,孔,宏,男,55,1336-01-01,1398-01-01,是,曹州,举人,,,,,,孔宏信，孔子第55代孙。,
徐氏,孔,宏,女,55,1335-01-01,1417-01-01,是,定陶,进士,,,,,,徐氏，孔子第55代孙。,
孔宏俣,孔,宏,男,55,1335-01-01,1405-01-01,是,单县,太学生,,,,,,孔宏俣，孔子第55代孙。,
胡姑,孔,宏,女,55,1332-01-01,1408-01-01,是,成武,县丞,,,,,,胡姑，孔子第55代孙。,
孔宏俥,孔,宏,男,55,1330-01-01,1404-01-01,是,巨野,主簿,,,,,,孔宏俥，孔子第55代孙。,
孔宏俦,孔,宏,男,55,1336-01-01,1406-01-01,是,郓城,训导,,,,,,孔宏俦，孔子第55代孙。,
孔宏俧,孔,宏,男,55,1336-01-01,1415-01-01,是,鄄城,教谕,,,,,,孔宏俧，孔子第55代孙。,
孔宏俨,孔,宏,男,55,1330-01-01,1413-01-01,是,曲阜,商人,,,,,,孔宏俨，孔子第55代孙。,
孔宏俩,孔,宏,男,55,1329-01-01,1400-01-01,是,滋阳,官员,,,,,,孔宏俩，孔子第55代孙。,
孔宏俪,孔,宏,男,55,1329-01-01,1410-01-01,是,济宁,学者,,,,,,孔宏俪，孔子第55代孙。,
孔宏俫,孔,宏,男,55,1331-01-01,1415-01-01,是,邹县,大夫,,,,,,孔宏俫，孔子第55代孙。,
孔宏俬,孔,宏,男,55,1332-01-01,1408-01-01,是,滕县,士,,,,,,孔宏俬，孔子第55代孙。,
李姑,孔,宏,女,55,1329-01-01,1402-01-01,是,峄县,农,,,,,,李姑，孔子第55代孙。,
孔宏修,孔,宏,男,55,1335-01-01,1413-01-01,是,金乡,商,,,,,,孔宏修，孔子第55代孙。,
孔宏俯,孔,宏,男,55,1331-01-01,1399-01-01,是,鱼台,儒,,,,,,孔宏俯，孔子第55代孙。,
杨姑,孔,宏,女,55,1331-01-01,1400-01-01,是,嘉祥,工部侍郎,,,,,,杨姑，孔子第55代孙。,
孔宏俱,孔,宏,男,55,1335-01-01,1414-01-01,是,汶上,礼部尚书,,,,,,孔宏俱，孔子第55代孙。,
黄娘,孔,宏,女,55,1330-01-01,1401-01-01,是,泗水,知州,,,,,,黄娘，孔子第55代孙。,
孔宏俳,孔,宏,男,55,1334-01-01,1395-01-01,是,宁阳,知县,,,,,,孔宏俳，孔子第55代孙。,
孔宏俴,孔,宏,男,55,1330-01-01,1414-01-01,是,兖州,举人,,,,,,孔宏俴，孔子第55代孙。,
孔宏俵,孔,宏,男,55,1334-01-01,1415-01-01,是,东平,进士,,,,,,孔宏俵，孔子第55代孙。,
孔宏俶,孔,宏,男,55,1329-01-01,1397-01-01,是,寿张,太学生,,,,,,孔宏俶，孔子第55代孙。,
孔宏俷,孔,宏,男,55,1336-01-01,1413-01-01,是,范县,县丞,,,,,,孔宏俷，孔子第55代孙。,
孔宏俸,孔,宏,男,55,1332-01-01,1402-01-01,是,濮州,主簿,,,,,,孔宏俸，孔子第55代孙。,
高姑,孔,宏,女,55,1336-01-01,1416-01-01,是,开州,训导,,,,,,高姑，孔子第55代孙。,
孔宏俺,孔,宏,男,55,1329-01-01,1392-01-01,是,长垣,教谕,,,,,,孔宏俺，孔子第55代孙。,
何娘,孔,宏,女,55,1333-01-01,1414-01-01,是,东明,商人,,,,,,何娘，孔子第55代孙。,
孔宏俼,孔,宏,男,55,1334-01-01,1396-01-01,是,荷泽,官员,,,,,,孔宏俼，孔子第55代孙。,
孔宏俽,孔,宏,男,55,1334-01-01,1417-01-01,是,曹州,学者,,,,,,孔宏俽，孔子第55代孙。,
孔宏俾,孔,宏,男,55,1331-01-01,1406-01-01,是,定陶,大夫,,,,,,孔宏俾，孔子第55代孙。,
王姑,孔,宏,女,55,1333-01-01,1413-01-01,是,单县,士,,,,,,王姑，孔子第55代孙。,
李氏,孔,宏,女,55,1329-01-01,1412-01-01,是,成武,农,,,,,,李氏，孔子第55代孙。,
刘娘,孔,宏,女,55,1333-01-01,1404-01-01,是,巨野,商,,,,,,刘娘，孔子第55代孙。,
孔宏倂,孔,宏,男,55,1333-01-01,1417-01-01,是,郓城,儒,,,,,,孔宏倂，孔子第55代孙。,
杨氏,孔,宏,女,55,1336-01-01,1399-01-01,是,鄄城,工部侍郎,,,,,,杨氏，孔子第55代孙。,
孔宏倄,孔,宏,男,55,1332-01-01,1414-01-01,是,曲阜,礼部尚书,,,,,,孔宏倄，孔子第55代孙。,
孔宏倅,孔,宏,男,55,1336-01-01,1413-01-01,是,滋阳,知州,,,,,,孔宏倅，孔子第55代孙。,
孔宏倆,孔,宏,男,55,1335-01-01,1399-01-01,是,济宁,知县,,,,,,孔宏倆，孔子第55代孙。,
吴娘,孔,宏,女,55,1335-01-01,1404-01-01,是,邹县,举人,,,,,,吴娘，孔子第55代孙。,
孔宏倈,孔,宏,男,55,1331-01-01,1414-01-01,是,滕县,进士,,,,,,孔宏倈，孔子第55代孙。,
孙氏,孔,宏,女,55,1329-01-01,1410-01-01,是,峄县,太学生,,,,,,孙氏，孔子第55代孙。,
胡娘,孔,宏,女,55,1330-01-01,1401-01-01,是,金乡,县丞,,,,,,胡娘，孔子第55代孙。,
朱姑,孔,宏,女,55,1333-01-01,1402-01-01,是,鱼台,主簿,,,,,,朱姑，孔子第55代孙。,
高氏,孔,宏,女,55,1334-01-01,1412-01-01,是,嘉祥,训导,,,,,,高氏，孔子第55代孙。,
孔宏倍,孔,宏,男,55,1335-01-01,1409-01-01,是,汶上,教谕,,,,,,孔宏倍，孔子第55代孙。,
孔宏倎,孔,宏,男,55,1332-01-01,1414-01-01,是,泗水,商人,,,,,,孔宏倎，孔子第55代孙。,
孔宏倏,孔,宏,男,55,1333-01-01,1402-01-01,是,宁阳,官员,,,,,,孔宏倏，孔子第55代孙。,
孔宏倐,孔,宏,男,55,1332-01-01,1402-01-01,是,兖州,学者,,,,,,孔宏倐，孔子第55代孙。,
孔宏們,孔,宏,男,55,1334-01-01,1417-01-01,是,东平,大夫,,,,,,孔宏們，孔子第55代孙。,
孔宏倒,孔,宏,男,55,1329-01-01,1404-01-01,是,寿张,士,,,,,,孔宏倒，孔子第55代孙。,
孔宏倓,孔,宏,男,55,1334-01-01,1413-01-01,是,范县,农,,,,,,孔宏倓，孔子第55代孙。,
孔宏倔,孔,宏,男,55,1329-01-01,1413-01-01,是,濮州,商,,,,,,孔宏倔，孔子第55代孙。,
孔宏倕,孔,宏,男,55,1336-01-01,1420-01-01,是,开州,儒,,,,,,孔宏倕，孔子第55代孙。,
孔宏倖,孔,宏,男,55,1336-01-01,1401-01-01,是,长垣,工部侍郎,,,,,,孔宏倖，孔子第55代孙。,
孔宏倗,孔,宏,男,55,1335-01-01,1396-01-01,是,东明,礼部尚书,,,,,,孔宏倗，孔子第55代孙。,
黄氏,孔,宏,女,55,1329-01-01,1392-01-01,是,荷泽,知州,,,,,,黄氏，孔子第55代孙。,
周娘,孔,宏,女,55,1335-01-01,1404-01-01,是,曹州,知县,,,,,,周娘，孔子第55代孙。,
吴姑,孔,宏,女,55,1331-01-01,1400-01-01,是,定陶,举人,,,,,,吴姑，孔子第55代孙。,
孔宏倛,孔,宏,男,55,1336-01-01,1407-01-01,是,单县,进士,,,,,,孔宏倛，孔子第55代孙。,
孔宏倜,孔,宏,男,55,1333-01-01,1413-01-01,是,成武,太学生,,,,,,孔宏倜，孔子第55代孙。,
孔宏倝,孔,宏,男,55,1332-01-01,1411-01-01,是,巨野,县丞,,,,,,孔宏倝，孔子第55代孙。,
孔宏倞,孔,宏,男,55,1333-01-01,1405-01-01,是,郓城,主簿,,,,,,孔宏倞，孔子第55代孙。,
高娘,孔,宏,女,55,1329-01-01,1404-01-01,是,鄄城,训导,,,,,,高娘，孔子第55代孙。,
林姑,孔,宏,女,55,1336-01-01,1410-01-01,是,曲阜,教谕,,,,,,林姑，孔子第55代孙。,
孔宏倡,孔,宏,男,55,1333-01-01,1410-01-01,是,滋阳,商人,,,,,,孔宏倡，孔子第55代孙。,
孔宏倢,孔,宏,男,55,1332-01-01,1402-01-01,是,济宁,官员,,,,,,孔宏倢，孔子第55代孙。,
孔宏倣,孔,宏,男,55,1335-01-01,1415-01-01,是,邹县,学者,,,,,,孔宏倣，孔子第55代孙。,
孔宏値,孔,宏,男,55,1330-01-01,1393-01-01,是,滕县,大夫,,,,,,孔宏値，孔子第55代孙。,
孔宏倥,孔,宏,男,55,1336-01-01,1415-01-01,是,峄县,士,,,,,,孔宏倥，孔子第55代孙。,
孔宏倦,孔,宏,男,55,1330-01-01,1413-01-01,是,金乡,农,,,,,,孔宏倦，孔子第55代孙。,
孔宏倧,孔,宏,男,55,1333-01-01,1406-01-01,是,鱼台,商,,,,,,孔宏倧，孔子第55代孙。,
陈娘,孔,宏,女,55,1329-01-01,1390-01-01,是,嘉祥,儒,,,,,,陈娘，孔子第55代孙。,
孔宏倩,孔,宏,男,55,1333-01-01,1405-01-01,是,汶上,工部侍郎,,,,,,孔宏倩，孔子第55代孙。,
孔宏倪,孔,宏,男,55,1329-01-01,1397-01-01,是,泗水,礼部尚书,,,,,,孔宏倪，孔子第55代孙。,
黄娘,孔,宏,女,55,1331-01-01,1409-01-01,是,宁阳,知州,,,,,,黄娘，孔子第55代孙。,
孔宏倬,孔,宏,男,55,1333-01-01,1405-01-01,是,兖州,知县,,,,,,孔宏倬，孔子第55代孙。,
孔宏倭,孔,宏,男,55,1329-01-01,1397-01-01,是,东平,举人,,,,,,孔宏倭，孔子第55代孙。,
孔宏倮,孔,宏,男,55,1333-01-01,1414-01-01,是,寿张,进士,,,,,,孔宏倮，孔子第55代孙。,
孙姑,孔,宏,女,55,1331-01-01,1408-01-01,是,范县,太学生,,,,,,孙姑，孔子第55代孙。,
胡氏,孔,宏,女,55,1335-01-01,1409-01-01,是,濮州,县丞,,,,,,胡氏，孔子第55代孙。,
朱娘,孔,宏,女,55,1329-01-01,1404-01-01,是,开州,主簿,,,,,,朱娘，孔子第55代孙。,
孔宏倲,孔,宏,男,55,1336-01-01,1405-01-01,是,长垣,训导,,,,,,孔宏倲，孔子第55代孙。,
林氏,孔,宏,女,55,1329-01-01,1403-01-01,是,东明,教谕,,,,,,林氏，孔子第55代孙。,
孔宏倴,孔,宏,男,55,1330-01-01,1406-01-01,是,荷泽,商人,,,,,,孔宏倴，孔子第55代孙。,
孔宏倵,孔,宏,男,55,1336-01-01,1397-01-01,是,曹州,官员,,,,,,孔宏倵，孔子第55代孙。,
孔宏倶,孔,宏,男,55,1330-01-01,1402-01-01,是,定陶,学者,,,,,,孔宏倶，孔子第55代孙。,
张娘,孔,宏,女,55,1331-01-01,1410-01-01,是,单县,大夫,,,,,,张娘，孔子第55代孙。,
王姑,孔,宏,女,55,1336-01-01,1402-01-01,是,成武,士,,,,,,王姑，孔子第55代孙。,
李氏,孔,宏,女,55,1334-01-01,1407-01-01,是,巨野,农,,,,,,李氏，孔子第55代孙。,
刘娘,孔,宏,女,55,1330-01-01,1411-01-01,是,郓城,商,,,,,,刘娘，孔子第55代孙。,
孔宏倻,孔,宏,男,55,1329-01-01,1403-01-01,是,鄄城,儒,,,,,,孔宏倻，孔子第55代孙。,
孔宏值,孔,宏,男,55,1329-01-01,1408-01-01,是,曲阜,工部侍郎,,,,,,孔宏值，孔子第55代孙。,
孔宏倽,孔,宏,男,55,1332-01-01,1392-01-01,是,滋阳,礼部尚书,,,,,,孔宏倽，孔子第55代孙。,
孔宏倾,孔,宏,男,55,1329-01-01,1394-01-01,是,济宁,知州,,,,,,孔宏倾，孔子第55代孙。,
孔宏倿,孔,宏,男,55,1331-01-01,1402-01-01,是,邹县,知县,,,,,,孔宏倿，孔子第55代孙。,
孔宏偀,孔,宏,男,55,1331-01-01,1413-01-01,是,滕县,举人,,,,,,孔宏偀，孔子第55代孙。,
孔宏偁,孔,宏,男,55,1329-01-01,1403-01-01,是,峄县,进士,,,,,,孔宏偁，孔子第55代孙。,
孔宏偂,孔,宏,男,55,1334-01-01,1407-01-01,是,金乡,太学生,,,,,,孔宏偂，孔子第55代孙。,
孔宏偃,孔,宏,男,55,1336-01-01,1398-01-01,是,鱼台,县丞,,,,,,孔宏偃，孔子第55代孙。,
孔宏偄,孔,宏,男,55,1334-01-01,1416-01-01,是,嘉祥,主簿,,,,,,孔宏偄，孔子第55代孙。,
孔宏偅,孔,宏,男,55,1334-01-01,1395-01-01,是,汶上,训导,,,,,,孔宏偅，孔子第55代孙。,
林娘,孔,宏,女,55,1335-01-01,1405-01-01,是,泗水,教谕,,,,,,林娘，孔子第55代孙。,
何姑,孔,宏,女,55,1332-01-01,1415-01-01,是,宁阳,商人,,,,,,何姑，孔子第55代孙。,
孔宏偈,孔,宏,男,55,1335-01-01,1401-01-01,是,兖州,官员,,,,,,孔宏偈，孔子第55代孙。,
孔宏偉,孔,宏,男,55,1335-01-01,1416-01-01,是,东平,学者,,,,,,孔宏偉，孔子第55代孙。,
张姑,孔,宏,女,55,1335-01-01,1395-01-01,是,寿张,大夫,,,,,,张姑，孔子第55代孙。,
孔宏偋,孔,宏,男,55,1333-01-01,1403-01-01,是,范县,士,,,,,,孔宏偋，孔子第55代孙。,
李娘,孔,宏,女,55,1336-01-01,1397-01-01,是,濮州,农,,,,,,李娘，孔子第55代孙。,
孔宏偍,孔,宏,男,55,1329-01-01,1412-01-01,是,开州,商,,,,,,孔宏偍，孔子第55代孙。,
陈氏,孔,宏,女,55,1332-01-01,1397-01-01,是,长垣,儒,,,,,,陈氏，孔子第55代孙。,
孔宏偏,孔,宏,男,55,1332-01-01,1408-01-01,是,东明,工部侍郎,,,,,,孔宏偏，孔子第55代孙。,
孔宏偐,孔,宏,男,55,1333-01-01,1403-01-01,是,荷泽,礼部尚书,,,,,,孔宏偐，孔子第55代孙。,
黄氏,孔,宏,女,55,1334-01-01,1418-01-01,是,曹州,知州,,,,,,黄氏，孔子第55代孙。,
孔宏偒,孔,宏,男,55,1334-01-01,1394-01-01,是,定陶,知县,,,,,,孔宏偒，孔子第55代孙。,
孔宏偓,孔,宏,男,55,1331-01-01,1391-01-01,是,单县,举人,,,,,,孔宏偓，孔子第55代孙。,
孔宏偔,孔,宏,男,55,1332-01-01,1411-01-01,是,成武,进士,,,,,,孔宏偔，孔子第55代孙。,
孔宏偕,孔,宏,男,55,1330-01-01,1412-01-01,是,巨野,太学生,,,,,,孔宏偕，孔子第55代孙。,
孔宏偖,孔,宏,男,55,1335-01-01,1410-01-01,是,郓城,县丞,,,,,,孔宏偖，孔子第55代孙。,
孔宏偗,孔,宏,男,55,1329-01-01,1393-01-01,是,鄄城,主簿,,,,,,孔宏偗，孔子第55代孙。,
孔宏偘,孔,宏,男,55,1330-01-01,1406-01-01,是,曲阜,训导,,,,,,孔宏偘，孔子第55代孙。,
林姑,孔,宏,女,55,1331-01-01,1405-01-01,是,滋阳,教谕,,,,,,林姑，孔子第55代孙。,
孔宏做,孔,宏,男,55,1330-01-01,1393-01-01,是,济宁,商人,,,,,,孔宏做，孔子第55代孙。,
孔宏偛,孔,宏,男,55,1330-01-01,1402-01-01,是,邹县,官员,,,,,,孔宏偛，孔子第55代孙。,
孔宏停,孔,宏,男,55,1331-01-01,1400-01-01,是,滕县,学者,,,,,,孔宏停，孔子第55代孙。,
孔宏偝,孔,宏,男,55,1336-01-01,1398-01-01,是,峄县,大夫,,,,,,孔宏偝，孔子第55代孙。,
孔宏偞,孔,宏,男,55,1329-01-01,1412-01-01,是,金乡,士,,,,,,孔宏偞，孔子第55代孙。,
孔宏偟,孔,宏,男,55,1335-01-01,1418-01-01,是,鱼台,农,,,,,,孔宏偟，孔子第55代孙。,
孔宏偠,孔,宏,男,55,1335-01-01,1398-01-01,是,嘉祥,商,,,,,,孔宏偠，孔子第55代孙。,
孔宏偡,孔,宏,男,55,1329-01-01,1400-01-01,是,汶上,儒,,,,,,孔宏偡，孔子第55代孙。,
杨姑,孔,宏,女,55,1332-01-01,1415-01-01,是,泗水,工部侍郎,,,,,,杨姑，孔子第55代孙。,
孔宏偣,孔,宏,男,55,1330-01-01,1393-01-01,是,宁阳,礼部尚书,,,,,,孔宏偣，孔子第55代孙。,
孔宏偤,孔,宏,男,55,1331-01-01,1414-01-01,是,兖州,知州,,,,,,孔宏偤，孔子第55代孙。,
周姑,孔,宏,女,55,1335-01-01,1409-01-01,是,东平,知县,,,,,,周姑，孔子第55代孙。,
吴氏,孔,宏,女,55,1331-01-01,1411-01-01,是,寿张,举人,,,,,,吴氏，孔子第55代孙。,
孔宏偧,孔,宏,男,55,1336-01-01,1415-01-01,是,范县,进士,,,,,,孔宏偧，孔子第55代孙。,
孔宏偨,孔,宏,男,55,1330-01-01,1399-01-01,是,濮州,太学生,,,,,,孔宏偨，孔子第55代孙。,
孔宏偩,孔,宏,男,55,1330-01-01,1413-01-01,是,开州,县丞,,,,,,孔宏偩，孔子第55代孙。,
孔宏偪,孔,宏,男,55,1330-01-01,1410-01-01,是,长垣,主簿,,,,,,孔宏偪，孔子第55代孙。,
孔宏偫,孔,宏,男,55,1330-01-01,1403-01-01,是,东明,训导,,,,,,孔宏偫，孔子第55代孙。,
孔宏偬,孔,宏,男,55,1332-01-01,1402-01-01,是,荷泽,教谕,,,,,,孔宏偬，孔子第55代孙。,
何娘,孔,宏,女,55,1335-01-01,1412-01-01,是,曹州,商人,,,,,,何娘，孔子第55代孙。,
郭姑,孔,宏,女,55,1329-01-01,1399-01-01,是,定陶,官员,,,,,,郭姑，孔子第55代孙。,
孔宏偯,孔,宏,男,55,1332-01-01,1398-01-01,是,单县,学者,,,,,,孔宏偯，孔子第55代孙。,
孔宏偰,孔,宏,男,55,1330-01-01,1399-01-01,是,成武,大夫,,,,,,孔宏偰，孔子第55代孙。,
王姑,孔,宏,女,55,1334-01-01,1402-01-01,是,巨野,士,,,,,,王姑，孔子第55代孙。,
李氏,孔,宏,女,55,1329-01-01,1400-01-01,是,郓城,农,,,,,,李氏，孔子第55代孙。,
孔宏偳,孔,宏,男,55,1333-01-01,1404-01-01,是,鄄城,商,,,,,,孔宏偳，孔子第55代孙。,
孔宏側,孔,宏,男,55,1331-01-01,1399-01-01,是,曲阜,儒,,,,,,孔宏側，孔子第55代孙。,
孔宏偵,孔,宏,男,55,1331-01-01,1394-01-01,是,滋阳,工部侍郎,,,,,,孔宏偵，孔子第55代孙。,
孔宏偶,孔,宏,男,55,1336-01-01,1415-01-01,是,济宁,礼部尚书,,,,,,孔宏偶，孔子第55代孙。,
孔宏偷,孔,宏,男,55,1336-01-01,1400-01-01,是,邹县,知州,,,,,,孔宏偷，孔子第55代孙。,
周氏,孔,宏,女,55,1336-01-01,1398-01-01,是,滕县,知县,,,,,,周氏，孔子第55代孙。,
孔宏偹,孔,宏,男,55,1330-01-01,1405-01-01,是,峄县,举人,,,,,,孔宏偹，孔子第55代孙。,
孔宏偺,孔,宏,男,55,1329-01-01,1395-01-01,是,金乡,进士,,,,,,孔宏偺，孔子第55代孙。,
孔宏偻,孔,宏,男,55,1333-01-01,1395-01-01,是,鱼台,太学生,,,,,,孔宏偻，孔子第55代孙。,
胡娘,孔,宏,女,55,1332-01-01,1400-01-01,是,嘉祥,县丞,,,,,,胡娘，孔子第55代孙。,
朱姑,孔,宏,女,55,1335-01-01,1407-01-01,是,汶上,主簿,,,,,,朱姑，孔子第55代孙。,
孔宏偾,孔,宏,男,55,1333-01-01,1417-01-01,是,泗水,训导,,,,,,孔宏偾，孔子第55代孙。,
孔宏偿,孔,宏,男,55,1335-01-01,1416-01-01,是,宁阳,教谕,,,,,,孔宏偿，孔子第55代孙。,
孔宏傀,孔,宏,男,55,1332-01-01,1410-01-01,是,兖州,商人,,,,,,孔宏傀，孔子第55代孙。,
孔宏傁,孔,宏,男,55,1333-01-01,1398-01-01,是,东平,官员,,,,,,孔宏傁，孔子第55代孙。,
马娘,孔,宏,女,55,1333-01-01,1400-01-01,是,寿张,学者,,,,,,马娘，孔子第55代孙。,
张姑,孔,宏,女,55,1330-01-01,1410-01-01,是,范县,大夫,,,,,,张姑，孔子第55代孙。,
王氏,孔,宏,女,55,1335-01-01,1413-01-01,是,濮州,士,,,,,,王氏，孔子第55代孙。,
孔宏傅,孔,宏,男,55,1331-01-01,1411-01-01,是,开州,农,,,,,,孔宏傅，孔子第55代孙。,
刘姑,孔,宏,女,55,1336-01-01,1404-01-01,是,长垣,商,,,,,,刘姑，孔子第55代孙。,
孔宏傇,孔,宏,男,55,1334-01-01,1394-01-01,是,东明,儒,,,,,,孔宏傇，孔子第55代孙。,
孔宏傈,孔,宏,男,55,1331-01-01,1394-01-01,是,荷泽,工部侍郎,,,,,,孔宏傈，孔子第55代孙。,
孔宏傉,孔,宏,男,55,1333-01-01,1400-01-01,是,曹州,礼部尚书,,,,,,孔宏傉，孔子第55代孙。,
孔宏傊,孔,宏,男,55,1329-01-01,1390-01-01,是,定陶,知州,,,,,,孔宏傊，孔子第55代孙。,
周娘,孔,宏,女,55,1335-01-01,1404-01-01,是,单县,知县,,,,,,周娘，孔子第55代孙。,
孔宏傌,孔,宏,男,55,1332-01-01,1403-01-01,是,成武,举人,,,,,,孔宏傌，孔子第55代孙。,
徐氏,孔,宏,女,55,1333-01-01,1395-01-01,是,巨野,进士,,,,,,徐氏，孔子第55代孙。,
孙娘,孔,宏,女,55,1330-01-01,1400-01-01,是,郓城,太学生,,,,,,孙娘，孔子第55代孙。,
胡姑,孔,宏,女,55,1333-01-01,1394-01-01,是,鄄城,县丞,,,,,,胡姑，孔子第55代孙。,
朱氏,孔,宏,女,55,1332-01-01,1414-01-01,是,曲阜,主簿,,,,,,朱氏，孔子第55代孙。,
孔宏傑,孔,宏,男,55,1330-01-01,1393-01-01,是,滋阳,训导,,,,,,孔宏傑，孔子第55代孙。,
林姑,孔,宏,女,55,1333-01-01,1394-01-01,是,济宁,教谕,,,,,,林姑，孔子第55代孙。,
孔宏傓,孔,宏,男,55,1334-01-01,1406-01-01,是,邹县,商人,,,,,,孔宏傓，孔子第55代孙。,
孔宏傔,孔,宏,男,55,1336-01-01,1410-01-01,是,滕县,官员,,,,,,孔宏傔，孔子第55代孙。,
马姑,孔,宏,女,55,1332-01-01,1399-01-01,是,峄县,学者,,,,,,马姑，孔子第55代孙。,
孔宏傖,孔,宏,男,55,1335-01-01,1397-01-01,是,金乡,大夫,,,,,,孔宏傖，孔子第55代孙。,
孔宏傗,孔,宏,男,55,1332-01-01,1393-01-01,是,鱼台,士,,,,,,孔宏傗，孔子第55代孙。,
孔宏傘,孔,宏,男,55,1336-01-01,1415-01-01,是,嘉祥,农,,,,,,孔宏傘，孔子第55代孙。,
孔宏備,孔,宏,男,55,1333-01-01,1404-01-01,是,汶上,商,,,,,,孔宏備，孔子第55代孙。,
陈娘,孔,宏,女,55,1334-01-01,1406-01-01,是,泗水,儒,,,,,,陈娘，孔子第55代孙。,
孔宏傛,孔,宏,男,55,1329-01-01,1412-01-01,是,宁阳,工部侍郎,,,,,,孔宏傛，孔子第55代孙。,
赵氏,孔,宏,女,55,1335-01-01,1398-01-01,是,兖州,礼部尚书,,,,,,赵氏，孔子第55代孙。,
孔宏傝,孔,宏,男,55,1332-01-01,1393-01-01,是,东平,知州,,,,,,孔宏傝，孔子第55代孙。,
孔宏傞,孔,宏,男,55,1330-01-01,1413-01-01,是,寿张,知县,,,,,,孔宏傞，孔子第55代孙。,
吴氏,孔,宏,女,55,1331-01-01,1391-01-01,是,范县,举人,,,,,,吴氏，孔子第55代孙。,
孔宏傠,孔,宏,男,55,1335-01-01,1406-01-01,是,濮州,进士,,,,,,孔宏傠，孔子第55代孙。,
孔宏傡,孔,宏,男,55,1332-01-01,1399-01-01,是,开州,太学生,,,,,,孔宏傡，孔子第55代孙。,
孔宏傢,孔,宏,男,55,1335-01-01,1409-01-01,是,长垣,县丞,,,,,,孔宏傢，孔子第55代孙。,
孔宏傣,孔,宏,男,55,1329-01-01,1402-01-01,是,东明,主簿,,,,,,孔宏傣，孔子第55代孙。,
孔宏傤,孔,宏,男,55,1335-01-01,1415-01-01,是,荷泽,训导,,,,,,孔宏傤，孔子第55代孙。,
孔宏傥,孔,宏,男,55,1334-01-01,1396-01-01,是,曹州,教谕,,,,,,孔宏傥，孔子第55代孙。,
孔宏傦,孔,宏,男,55,1333-01-01,1397-01-01,是,定陶,商人,,,,,,孔宏傦，孔子第55代孙。,
郭姑,孔,宏,女,55,1329-01-01,1405-01-01,是,单县,官员,,,,,,郭姑，孔子第55代孙。,
孔宏储,孔,宏,男,55,1332-01-01,1409-01-01,是,成武,学者,,,,,,孔宏储，孔子第55代孙。,
张娘,孔,宏,女,55,1329-01-01,1404-01-01,是,巨野,大夫,,,,,,张娘，孔子第55代孙。,
孔宏傪,孔,宏,男,55,1336-01-01,1396-01-01,是,郓城,士,,,,,,孔宏傪，孔子第55代孙。,
孔宏傫,孔,宏,男,55,1332-01-01,1410-01-01,是,鄄城,农,,,,,,孔宏傫，孔子第55代孙。,
孔宏催,孔,宏,男,55,1332-01-01,1397-01-01,是,曲阜,商,,,,,,孔宏催，孔子第55代孙。,
孔宏傭,孔,宏,男,55,1334-01-01,1408-01-01,是,滋阳,儒,,,,,,孔宏傭，孔子第55代孙。,
孔宏傮,孔,宏,男,55,1330-01-01,1400-01-01,是,济宁,工部侍郎,,,,,,孔宏傮，孔子第55代孙。,
赵娘,孔,宏,女,55,1334-01-01,1399-01-01,是,邹县,礼部尚书,,,,,,赵娘，孔子第55代孙。,
孔宏傰,孔,宏,男,55,1330-01-01,1408-01-01,是,滕县,知州,,,,,,孔宏傰，孔子第55代孙。,
周氏,孔,宏,女,55,1332-01-01,1407-01-01,是,峄县,知县,,,,,,周氏，孔子第55代孙。,
孔宏傲,孔,宏,男,55,1331-01-01,1414-01-01,是,金乡,举人,,,,,,孔宏傲，孔子第55代孙。,
孔宏傳,孔,宏,男,55,1332-01-01,1405-01-01,是,鱼台,进士,,,,,,孔宏傳，孔子第55代孙。,
孙氏,孔,宏,女,55,1329-01-01,1397-01-01,是,嘉祥,太学生,,,,,,孙氏，孔子第55代孙。,
孔宏債,孔,宏,男,55,1330-01-01,1402-01-01,是,汶上,县丞,,,,,,孔宏債，孔子第55代孙。,
朱姑,孔,宏,女,55,1330-01-01,1403-01-01,是,泗水,主簿,,,,,,朱姑，孔子第55代孙。,
孔宏傷,孔,宏,男,55,1334-01-01,1395-01-01,是,宁阳,训导,,,,,,孔宏傷，孔子第55代孙。,
孔宏傸,孔,宏,男,55,1329-01-01,1391-01-01,是,兖州,教谕,,,,,,孔宏傸，孔子第55代孙。,
孔宏傹,孔,宏,男,55,1336-01-01,1398-01-01,是,东平,商人,,,,,,孔宏傹，孔子第55代孙。,
孔宏傺,孔,宏,男,55,1334-01-01,1401-01-01,是,寿张,官员,,,,,,孔宏傺，孔子第55代孙。,
马娘,孔,宏,女,55,1334-01-01,1404-01-01,是,范县,学者,,,,,,马娘，孔子第55代孙。,
孔宏傼,孔,宏,男,55,1333-01-01,1402-01-01,是,濮州,大夫,,,,,,孔宏傼，孔子第55代孙。,
孔宏傽,孔,宏,男,55,1333-01-01,1410-01-01,是,开州,士,,,,,,孔宏傽，孔子第55代孙。,
孔宏傾,孔,宏,男,55,1335-01-01,1396-01-01,是,长垣,农,,,,,,孔宏傾，孔子第55代孙。,
刘姑,孔,宏,女,55,1331-01-01,1395-01-01,是,东明,商,,,,,,刘姑，孔子第55代孙。,
孔宏僀,孔,宏,男,55,1336-01-01,1417-01-01,是,荷泽,儒,,,,,,孔宏僀，孔子第55代孙。,
杨娘,孔,宏,女,55,1329-01-01,1411-01-01,是,曹州,工部侍郎,,,,,,杨娘，孔子第55代孙。,
赵姑,孔,宏,女,55,1329-01-01,1404-01-01,是,定陶,礼部尚书,,,,,,赵姑，孔子第55代孙。,
孔宏僃,孔,宏,男,55,1334-01-01,1394-01-01,是,单县,知州,,,,,,孔宏僃，孔子第55代孙。,
孔宏僄,孔,宏,男,55,1332-01-01,1400-01-01,是,成武,知县,,,,,,孔宏僄，孔子第55代孙。,
孔宏僅,孔,宏,男,55,1332-01-01,1412-01-01,是,巨野,举人,,,,,,孔宏僅，孔子第55代孙。,
孔宏僆,孔,宏,男,55,1332-01-01,1394-01-01,是,郓城,进士,,,,,,孔宏僆，孔子第55代孙。,
孙娘,孔,宏,女,55,1334-01-01,1402-01-01,是,鄄城,太学生,,,,,,孙娘，孔子第55代孙。,
胡姑,孔,宏,女,55,1333-01-01,1412-01-01,是,曲阜,县丞,,,,,,胡姑，孔子第55代孙。,
孔宏僉,孔,宏,男,55,1332-01-01,1396-01-01,是,滋阳,主簿,,,,,,孔宏僉，孔子第55代孙。,
高娘,孔,宏,女,55,1330-01-01,1413-01-01,是,济宁,训导,,,,,,高娘，孔子第55代孙。,
孔宏僋,孔,宏,男,55,1329-01-01,1389-01-01,是,邹县,教谕,,,,,,孔宏僋，孔子第55代孙。,
孔宏僌,孔,宏,男,55,1331-01-01,1406-01-01,是,滕县,商人,,,,,,孔宏僌，孔子第55代孙。,
孔宏働,孔,宏,男,55,1329-01-01,1404-01-01,是,峄县,官员,,,,,,孔宏働，孔子第55代孙。,
孔宏僎,孔,宏,男,55,1329-01-01,1398-01-01,是,金乡,学者,,,,,,孔宏僎，孔子第55代孙。,
张氏,孔,宏,女,55,1336-01-01,1407-01-01,是,鱼台,大夫,,,,,,张氏，孔子第55代孙。,
孔宏僐,孔,宏,男,55,1331-01-01,1394-01-01,是,嘉祥,士,,,,,,孔宏僐，孔子第55代孙。,
孔宏僑,孔,宏,男,55,1334-01-01,1394-01-01,是,汶上,农,,,,,,孔宏僑，孔子第55代孙。,
孔宏僒,孔,宏,男,55,1336-01-01,1416-01-01,是,泗水,商,,,,,,孔宏僒，孔子第55代孙。,
孔宏僓,孔,宏,男,55,1335-01-01,1406-01-01,是,宁阳,儒,,,,,,孔宏僓，孔子第55代孙。,
孔宏僔,孔,宏,男,55,1336-01-01,1396-01-01,是,兖州,工部侍郎,,,,,,孔宏僔，孔子第55代孙。,
赵氏,孔,宏,女,55,1330-01-01,1411-01-01,是,东平,礼部尚书,,,,,,赵氏，孔子第55代孙。,
孔宏僖,孔,宏,男,55,1331-01-01,1405-01-01,是,寿张,知州,,,,,,孔宏僖，孔子第55代孙。,
孔宏僗,孔,宏,男,55,1329-01-01,1392-01-01,是,范县,知县,,,,,,孔宏僗，孔子第55代孙。,
孔宏僘,孔,宏,男,55,1331-01-01,1400-01-01,是,濮州,举人,,,,,,孔宏僘，孔子第55代孙。,
孔宏僙,孔,宏,男,55,1333-01-01,1399-01-01,是,开州,进士,,,,,,孔宏僙，孔子第55代孙。,
孙姑,孔,宏,女,55,1336-01-01,1396-01-01,是,长垣,太学生,,,,,,孙姑，孔子第55代孙。,
孔宏僛,孔,宏,男,55,1330-01-01,1397-01-01,是,东明,县丞,,,,,,孔宏僛，孔子第55代孙。,
孔宏僜,孔,宏,男,55,1330-01-01,1405-01-01,是,荷泽,主簿,,,,,,孔宏僜，孔子第55代孙。,
孔宏僝,孔,宏,男,55,1331-01-01,1415-01-01,是,曹州,训导,,,,,,孔宏僝，孔子第55代孙。,
孔宏僞,孔,宏,男,55,1331-01-01,1412-01-01,是,定陶,教谕,,,,,,孔宏僞，孔子第55代孙。,
何娘,孔,宏,女,55,1330-01-01,1400-01-01,是,单县,商人,,,,,,何娘，孔子第55代孙。,
孔宏僠,孔,宏,男,55,1331-01-01,1401-01-01,是,成武,官员,,,,,,孔宏僠，孔子第55代孙。,
孔宏僡,孔,宏,男,55,1335-01-01,1419-01-01,是,巨野,学者,,,,,,孔宏僡，孔子第55代孙。,
孔宏僢,孔,宏,男,55,1330-01-01,1407-01-01,是,郓城,大夫,,,,,,孔宏僢，孔子第55代孙。,
王姑,孔,宏,女,55,1336-01-01,1408-01-01,是,鄄城,士,,,,,,王姑，孔子第55代孙。,
孔宏僤,孔,宏,男,55,1335-01-01,1412-01-01,是,曲阜,农,,,,,,孔宏僤，孔子第55代孙。,
孔宏僥,孔,宏,男,55,1332-01-01,1410-01-01,是,滋阳,商,,,,,,孔宏僥，孔子第55代孙。,
孔宏僦,孔,宏,男,55,1329-01-01,1407-01-01,是,济宁,儒,,,,,,孔宏僦，孔子第55代孙。,
孔宏僧,孔,宏,男,55,1333-01-01,1398-01-01,是,邹县,工部侍郎,,,,,,孔宏僧，孔子第55代孙。,
孔宏僨,孔,宏,男,55,1334-01-01,1395-01-01,是,滕县,礼部尚书,,,,,,孔宏僨，孔子第55代孙。,
孔宏僩,孔,宏,男,55,1330-01-01,1396-01-01,是,峄县,知州,,,,,,孔宏僩，孔子第55代孙。,
周氏,孔,宏,女,55,1331-01-01,1398-01-01,是,金乡,知县,,,,,,周氏，孔子第55代孙。,
孔宏僫,孔,宏,男,55,1332-01-01,1395-01-01,是,鱼台,举人,,,,,,孔宏僫，孔子第55代孙。,
孔宏僬,孔,宏,男,55,1332-01-01,1414-01-01,是,嘉祥,进士,,,,,,孔宏僬，孔子第55代孙。,
孔宏僭,孔,宏,男,55,1334-01-01,1417-01-01,是,汶上,太学生,,,,,,孔宏僭，孔子第55代孙。,
胡娘,孔,宏,女,55,1332-01-01,1409-01-01,是,泗水,县丞,,,,,,胡娘，孔子第55代孙。,
孔宏僯,孔,宏,男,55,1334-01-01,1408-01-01,是,宁阳,主簿,,,,,,孔宏僯，孔子第55代孙。,
孔宏僰,孔,宏,男,55,1331-01-01,1411-01-01,是,兖州,训导,,,,,,孔宏僰，孔子第55代孙。,
孔宏僱,孔,宏,男,55,1330-01-01,1401-01-01,是,东平,教谕,,,,,,孔宏僱，孔子第55代孙。,
何姑,孔,宏,女,55,1336-01-01,1406-01-01,是,寿张,商人,,,,,,何姑，孔子第55代孙。,
孔宏僳,孔,宏,男,55,1335-01-01,1408-01-01,是,范县,官员,,,,,,孔宏僳，孔子第55代孙。,
马娘,孔,宏,女,55,1334-01-01,1401-01-01,是,濮州,学者,,,,,,马娘，孔子第55代孙。,
孔宏僵,孔,宏,男,55,1331-01-01,1395-01-01,是,开州,大夫,,,,,,孔宏僵，孔子第55代孙。,
王氏,孔,宏,女,55,1330-01-01,1402-01-01,是,长垣,士,,,,,,王氏，孔子第55代孙。,
孔宏僷,孔,宏,男,55,1334-01-01,1418-01-01,是,东明,农,,,,,,孔宏僷，孔子第55代孙。,
孔宏僸,孔,宏,男,55,1336-01-01,1418-01-01,是,荷泽,商,,,,,,孔宏僸，孔子第55代孙。,
孔宏價,孔,宏,男,55,1333-01-01,1409-01-01,是,曹州,儒,,,,,,孔宏價，孔子第55代孙。,
杨娘,孔,宏,女,55,1333-01-01,1406-01-01,是,定陶,工部侍郎,,,,,,杨娘，孔子第55代孙。,
孔宏僻,孔,宏,男,55,1332-01-01,1397-01-01,是,单县,礼部尚书,,,,,,孔宏僻，孔子第55代孙。,
孔宏僼,孔,宏,男,55,1331-01-01,1402-01-01,是,成武,知州,,,,,,孔宏僼，孔子第55代孙。,
孔宏僽,孔,宏,男,55,1334-01-01,1407-01-01,是,巨野,知县,,,,,,孔宏僽，孔子第55代孙。,
吴姑,孔,宏,女,55,1331-01-01,1405-01-01,是,郓城,举人,,,,,,吴姑，孔子第55代孙。,
孔宏僿,孔,宏,男,55,1329-01-01,1408-01-01,是,鄄城,进士,,,,,,孔宏僿，孔子第55代孙。,
孔宏儀,孔,宏,男,55,1332-01-01,1411-01-01,是,曲阜,太学生,,,,,,孔宏儀，孔子第55代孙。,
孔宏儁,孔,宏,男,55,1333-01-01,1401-01-01,是,滋阳,县丞,,,,,,孔宏儁，孔子第55代孙。,
孔宏儂,孔,宏,男,55,1334-01-01,1402-01-01,是,济宁,主簿,,,,,,孔宏儂，孔子第55代孙。,
高娘,孔,宏,女,55,1329-01-01,1396-01-01,是,邹县,训导,,,,,,高娘，孔子第55代孙。,
孔宏億,孔,宏,男,55,1330-01-01,1392-01-01,是,滕县,教谕,,,,,,孔宏億，孔子第55代孙。,
何氏,孔,宏,女,55,1335-01-01,1412-01-01,是,峄县,商人,,,,,,何氏，孔子第55代孙。,
孔宏儆,孔,宏,男,55,1336-01-01,1406-01-01,是,金乡,官员,,,,,,孔宏儆，孔子第55代孙。,
孔宏儇,孔,宏,男,55,1331-01-01,1414-01-01,是,鱼台,学者,,,,,,孔宏儇，孔子第55代孙。,
孔宏儈,孔,宏,男,55,1336-01-01,1419-01-01,是,嘉祥,大夫,,,,,,孔宏儈，孔子第55代孙。,
王娘,孔,宏,女,55,1333-01-01,1412-01-01,是,汶上,士,,,,,,王娘，孔子第55代孙。,
李姑,孔,宏,女,55,1329-01-01,1412-01-01,是,泗水,农,,,,,,李姑，孔子第55代孙。,
刘氏,孔,宏,女,55,1332-01-01,1394-01-01,是,宁阳,商,,,,,,刘氏，孔子第55代孙。,
陈娘,孔,宏,女,55,1336-01-01,1408-01-01,是,兖州,儒,,,,,,陈娘，孔子第55代孙。,
孔宏儍,孔,宏,男,55,1331-01-01,1394-01-01,是,东平,工部侍郎,,,,,,孔宏儍，孔子第55代孙。,
孔宏儎,孔,宏,男,55,1334-01-01,1413-01-01,是,寿张,礼部尚书,,,,,,孔宏儎，孔子第55代孙。,
黄娘,孔,宏,女,55,1335-01-01,1397-01-01,是,范县,知州,,,,,,黄娘，孔子第55代孙。,
孔宏儐,孔,宏,男,55,1333-01-01,1398-01-01,是,濮州,知县,,,,,,孔宏儐，孔子第55代孙。,
吴氏,孔,宏,女,55,1335-01-01,1399-01-01,是,开州,举人,,,,,,吴氏，孔子第55代孙。,
孔宏儒,孔,宏,男,55,1336-01-01,1416-01-01,是,长垣,进士,,,,,,孔宏儒，孔子第55代孙。,
孙姑,孔,宏,女,55,1333-01-01,1416-01-01,是,东明,太学生,,,,,,孙姑，孔子第55代孙。,
孔宏儔,孔,宏,男,55,1334-01-01,1402-01-01,是,荷泽,县丞,,,,,,孔宏儔，孔子第55代孙。,
孔宏儕,孔,宏,男,55,1331-01-01,1403-01-01,是,曹州,主簿,,,,,,孔宏儕，孔子第55代孙。,
孔宏儖,孔,宏,男,55,1336-01-01,1414-01-01,是,定陶,训导,,,,,,孔宏儖，孔子第55代孙。,
孔宏儗,孔,宏,男,55,1329-01-01,1397-01-01,是,单县,教谕,,,,,,孔宏儗，孔子第55代孙。,
孔宏儘,孔,宏,男,55,1336-01-01,1403-01-01,是,成武,商人,,,,,,孔宏儘，孔子第55代孙。,
孔宏儙,孔,宏,男,55,1331-01-01,1405-01-01,是,巨野,官员,,,,,,孔宏儙，孔子第55代孙。,
马氏,孔,宏,女,55,1333-01-01,1398-01-01,是,郓城,学者,,,,,,马氏，孔子第55代孙。,
张娘,孔,宏,女,55,1334-01-01,1412-01-01,是,鄄城,大夫,,,,,,张娘，孔子第55代孙。,
孔宏儜,孔,宏,男,55,1330-01-01,1394-01-01,是,曲阜,士,,,,,,孔宏儜，孔子第55代孙。,
孔宏儝,孔,宏,男,55,1336-01-01,1401-01-01,是,滋阳,农,,,,,,孔宏儝，孔子第55代孙。,
刘娘,孔,宏,女,55,1331-01-01,1398-01-01,是,济宁,商,,,,,,刘娘，孔子第55代孙。,
陈姑,孔,宏,女,55,1335-01-01,1412-01-01,是,邹县,儒,,,,,,陈姑，孔子第55代孙。,
孔宏儠,孔,宏,男,55,1331-01-01,1393-01-01,是,滕县,工部侍郎,,,,,,孔宏儠，孔子第55代孙。,
赵娘,孔,宏,女,55,1336-01-01,1419-01-01,是,峄县,礼部尚书,,,,,,赵娘，孔子第55代孙。,
黄姑,孔,宏,女,55,1332-01-01,1411-01-01,是,金乡,知州,,,,,,黄姑，孔子第55代孙。,
周氏,孔,宏,女,55,1335-01-01,1398-01-01,是,鱼台,知县,,,,,,周氏，孔子第55代孙。,
吴娘,孔,宏,女,55,1329-01-01,1392-01-01,是,嘉祥,举人,,,,,,吴娘，孔子第55代孙。,
孔宏儥,孔,宏,男,55,1332-01-01,1405-01-01,是,汶上,进士,,,,,,孔宏儥，孔子第55代孙。,
孔宏儦,孔,宏,男,55,1333-01-01,1402-01-01,是,泗水,太学生,,,,,,孔宏儦，孔子第55代孙。,
孔宏儧,孔,宏,男,55,1333-01-01,1412-01-01,是,宁阳,县丞,,,,,,孔宏儧，孔子第55代孙。,
孔宏儨,孔,宏,男,55,1336-01-01,1415-01-01,是,兖州,主簿,,,,,,孔宏儨，孔子第55代孙。,
孔宏儩,孔,宏,男,55,1332-01-01,1410-01-01,是,东平,训导,,,,,,孔宏儩，孔子第55代孙。,
孔宏優,孔,宏,男,55,1331-01-01,1397-01-01,是,寿张,教谕,,,,,,孔宏優，孔子第55代孙。,
孔宏儫,孔,宏,男,55,1333-01-01,1410-01-01,是,范县,商人,,,,,,孔宏儫，孔子第55代孙。,
孔宏儬,孔,宏,男,55,1330-01-01,1414-01-01,是,濮州,官员,,,,,,孔宏儬，孔子第55代孙。,
孔宏儭,孔,宏,男,55,1336-01-01,1408-01-01,是,开州,学者,,,,,,孔宏儭，孔子第55代孙。,
孔宏儮,孔,宏,男,55,1336-01-01,1417-01-01,是,长垣,大夫,,,,,,孔宏儮，孔子第55代孙。,
孔宏儯,孔,宏,男,55,1332-01-01,1405-01-01,是,东明,士,,,,,,孔宏儯，孔子第55代孙。,
李娘,孔,宏,女,55,1336-01-01,1406-01-01,是,荷泽,农,,,,,,李娘，孔子第55代孙。,
孔宏儱,孔,宏,男,55,1336-01-01,1396-01-01,是,曹州,商,,,,,,孔宏儱，孔子第55代孙。,
孔宏儲,孔,宏,男,55,1332-01-01,1405-01-01,是,定陶,儒,,,,,,孔宏儲，孔子第55代孙。,
杨娘,孔,宏,女,55,1329-01-01,1400-01-01,是,单县,工部侍郎,,,,,,杨娘，孔子第55代孙。,
孔宏儴,孔,宏,男,55,1334-01-01,1411-01-01,是,成武,礼部尚书,,,,,,孔宏儴，孔子第55代孙。,
黄氏,孔,宏,女,55,1335-01-01,1398-01-01,是,巨野,知州,,,,,,黄氏，孔子第55代孙。,
孔宏儶,孔,宏,男,55,1336-01-01,1413-01-01,是,郓城,知县,,,,,,孔宏儶，孔子第55代孙。,
孔宏儷,孔,宏,男,55,1333-01-01,1404-01-01,是,鄄城,举人,,,,,,孔宏儷，孔子第55代孙。,
徐氏,孔,宏,女,55,1333-01-01,1393-01-01,是,曲阜,进士,,,,,,徐氏，孔子第55代孙。,
孙娘,孔,宏,女,55,1335-01-01,1413-01-01,是,滋阳,太学生,,,,,,孙娘，孔子第55代孙。,
孔宏儺,孔,宏,男,55,1332-01-01,1401-01-01,是,济宁,县丞,,,,,,孔宏儺，孔子第55代孙。,
孔宏儻,孔,宏,男,55,1334-01-01,1401-01-01,是,邹县,主簿,,,,,,孔宏儻，孔子第55代孙。,
高娘,孔,宏,女,55,1331-01-01,1402-01-01,是,滕县,训导,,,,,,高娘，孔子第55代孙。,
孔宏儽,孔,宏,男,55,1334-01-01,1398-01-01,是,峄县,教谕,,,,,,孔宏儽，孔子第55代孙。,
何氏,孔,宏,女,55,1336-01-01,1413-01-01,是,金乡,商人,,,,,,何氏，孔子第55代孙。,
郭娘,孔,宏,女,55,1332-01-01,1398-01-01,是,鱼台,官员,,,,,,郭娘，孔子第55代孙。,
孔宏兀,孔,宏,男,55,1336-01-01,1408-01-01,是,嘉祥,学者,,,,,,孔宏兀，孔子第55代孙。,
孔宏允,孔,宏,男,55,1332-01-01,1401-01-01,是,汶上,大夫,,,,,,孔宏允，孔子第55代孙。,
王娘,孔,宏,女,55,1332-01-01,1394-01-01,是,泗水,士,,,,,,王娘，孔子第55代孙。,
李姑,孔,宏,女,55,1333-01-01,1409-01-01,是,宁阳,农,,,,,,李姑，孔子第55代孙。,
刘氏,孔,宏,女,55,1331-01-01,1410-01-01,是,兖州,商,,,,,,刘氏，孔子第55代孙。,
孔宏充,孔,宏,男,55,1331-01-01,1395-01-01,是,东平,儒,,,,,,孔宏充，孔子第55代孙。,
杨姑,孔,宏,女,55,1331-01-01,1406-01-01,是,寿张,工部侍郎,,,,,,杨姑，孔子第55代孙。,
孔宏兇,孔,宏,男,55,1330-01-01,1394-01-01,是,范县,礼部尚书,,,,,,孔宏兇，孔子第55代孙。,
孔宏先,孔,宏,男,55,1329-01-01,1389-01-01,是,濮州,知州,,,,,,孔宏先，孔子第55代孙。,
周姑,孔,宏,女,55,1335-01-01,1398-01-01,是,开州,知县,,,,,,周姑，孔子第55代孙。,
孔宏兊,孔,宏,男,55,1331-01-01,1392-01-01,是,长垣,举人,,,,,,孔宏兊，孔子第55代孙。,
徐娘,孔,宏,女,55,1329-01-01,1405-01-01,是,东明,进士,,,,,,徐娘，孔子第55代孙。,
孔宏兌,孔,宏,男,55,1333-01-01,1395-01-01,是,荷泽,太学生,,,,,,孔宏兌，孔子第55代孙。,
胡氏,孔,宏,女,55,1336-01-01,1414-01-01,是,曹州,县丞,,,,,,胡氏，孔子第55代孙。,
孔宏兎,孔,宏,男,55,1332-01-01,1411-01-01,是,定陶,主簿,,,,,,孔宏兎，孔子第55代孙。,
高姑,孔,宏,女,55,1334-01-01,1404-01-01,是,单县,训导,,,,,,高姑，孔子第55代孙。,
林氏,孔,宏,女,55,1329-01-01,1390-01-01,是,成武,教谕,,,,,,林氏，孔子第55代孙。,
孔宏兑,孔,宏,男,55,1335-01-01,1401-01-01,是,巨野,商人,,,,,,孔宏兑，孔子第55代孙。,
郭姑,孔,宏,女,55,1334-01-01,1400-01-01,是,郓城,官员,,,,,,郭姑，孔子第55代孙。,
孔宏兓,孔,宏,男,55,1334-01-01,1401-01-01,是,鄄城,学者,,,,,,孔宏兓，孔子第55代孙。,
孔宏兔,孔,宏,男,55,1335-01-01,1403-01-01,是,曲阜,大夫,,,,,,孔宏兔，孔子第55代孙。,
王姑,孔,宏,女,55,1330-01-01,1405-01-01,是,滋阳,士,,,,,,王姑，孔子第55代孙。,
孔宏兖,孔,宏,男,55,1331-01-01,1393-01-01,是,济宁,农,,,,,,孔宏兖，孔子第55代孙。,
孔宏兗,孔,宏,男,55,1333-01-01,1400-01-01,是,邹县,商,,,,,,孔宏兗，孔子第55代孙。,
孔宏兘,孔,宏,男,55,1330-01-01,1411-01-01,是,滕县,儒,,,,,,孔宏兘，孔子第55代孙。,
孔宏兙,孔,宏,男,55,1330-01-01,1413-01-01,是,峄县,工部侍郎,,,,,,孔宏兙，孔子第55代孙。,
孔宏党,孔,宏,男,55,1331-01-01,1404-01-01,是,金乡,礼部尚书,,,,,,孔宏党，孔子第55代孙。,
孔宏兛,孔,宏,男,55,1330-01-01,1393-01-01,是,鱼台,知州,,,,,,孔宏兛，孔子第55代孙。,
孔闻兜,孔,闻,男,56,1359-01-01,1419-01-01,是,嘉祥,知县,,,,,,孔闻兜，孔子第56代孙。,
孔闻兝,孔,闻,男,56,1361-01-01,1436-01-01,是,汶上,举人,,,,,,孔闻兝，孔子第56代孙。,
孔闻兞,孔,闻,男,56,1363-01-01,1430-01-01,是,泗水,进士,,,,,,孔闻兞，孔子第56代孙。,
孙氏,孔,闻,女,56,1363-01-01,1439-01-01,是,宁阳,太学生,,,,,,孙氏，孔子第56代孙。,
孔闻兠,孔,闻,男,56,1359-01-01,1441-01-01,是,兖州,县丞,,,,,,孔闻兠，孔子第56代孙。,
孔闻兡,孔,闻,男,56,1358-01-01,1422-01-01,是,东平,主簿,,,,,,孔闻兡，孔子第56代孙。,
高氏,孔,闻,女,56,1357-01-01,1432-01-01,是,寿张,训导,,,,,,高氏，孔子第56代孙。,
孔闻兣,孔,闻,男,56,1364-01-01,1428-01-01,是,范县,教谕,,,,,,孔闻兣，孔子第56代孙。,
孔闻兤,孔,闻,男,56,1364-01-01,1434-01-01,是,濮州,商人,,,,,,孔闻兤，孔子第56代孙。,
郭氏,孔,闻,女,56,1358-01-01,1425-01-01,是,开州,官员,,,,,,郭氏，孔子第56代孙。,
孔闻兦,孔,闻,男,56,1360-01-01,1443-01-01,是,长垣,学者,,,,,,孔闻兦，孔子第56代孙。,
孔闻內,孔,闻,男,56,1360-01-01,1433-01-01,是,东明,大夫,,,,,,孔闻內，孔子第56代孙。,
王氏,孔,闻,女,56,1358-01-01,1427-01-01,是,荷泽,士,,,,,,王氏，孔子第56代孙。,
李娘,孔,闻,女,56,1363-01-01,1427-01-01,是,曹州,农,,,,,,李娘，孔子第56代孙。,
孔闻兪,孔,闻,男,56,1363-01-01,1441-01-01,是,定陶,商,,,,,,孔闻兪，孔子第56代孙。,
陈氏,孔,闻,女,56,1359-01-01,1442-01-01,是,单县,儒,,,,,,陈氏，孔子第56代孙。,
杨娘,孔,闻,女,56,1358-01-01,1418-01-01,是,成武,工部侍郎,,,,,,杨娘，孔子第56代孙。,
赵姑,孔,闻,女,56,1359-01-01,1436-01-01,是,巨野,礼部尚书,,,,,,赵姑，孔子第56代孙。,
黄氏,孔,闻,女,56,1360-01-01,1428-01-01,是,郓城,知州,,,,,,黄氏，孔子第56代孙。,
孔闻兯,孔,闻,男,56,1358-01-01,1440-01-01,是,鄄城,知县,,,,,,孔闻兯，孔子第56代孙。,
孔闻兰,孔,闻,男,56,1361-01-01,1424-01-01,是,曲阜,举人,,,,,,孔闻兰，孔子第56代孙。,
孔闻共,孔,闻,男,56,1359-01-01,1429-01-01,是,滋阳,进士,,,,,,孔闻共，孔子第56代孙。,
孔闻兲,孔,闻,男,56,1361-01-01,1445-01-01,是,济宁,太学生,,,,,,孔闻兲，孔子第56代孙。,
孔闻关,孔,闻,男,56,1363-01-01,1441-01-01,是,邹县,县丞,,,,,,孔闻关，孔子第56代孙。,
朱氏,孔,闻,女,56,1361-01-01,1422-01-01,是,滕县,主簿,,,,,,朱氏，孔子第56代孙。,
孔闻兵,孔,闻,男,56,1363-01-01,1447-01-01,是,峄县,训导,,,,,,孔闻兵，孔子第56代孙。,
孔闻其,孔,闻,男,56,1362-01-01,1432-01-01,是,金乡,教谕,,,,,,孔闻其，孔子第56代孙。,
孔闻具,孔,闻,男,56,1364-01-01,1425-01-01,是,鱼台,商人,,,,,,孔闻具，孔子第56代孙。,
孔闻典,孔,闻,男,56,1362-01-01,1443-01-01,是,嘉祥,官员,,,,,,孔闻典，孔子第56代孙。,
孔闻兹,孔,闻,男,56,1358-01-01,1427-01-01,是,汶上,学者,,,,,,孔闻兹，孔子第56代孙。,
张氏,孔,闻,女,56,1357-01-01,1418-01-01,是,泗水,大夫,,,,,,张氏，孔子第56代孙。,
孔闻养,孔,闻,男,56,1363-01-01,1427-01-01,是,宁阳,士,,,,,,孔闻养，孔子第56代孙。,
孔闻兼,孔,闻,男,56,1359-01-01,1425-01-01,是,兖州,农,,,,,,孔闻兼，孔子第56代孙。,
孔闻兽,孔,闻,男,56,1359-01-01,1437-01-01,是,东平,商,,,,,,孔闻兽，孔子第56代孙。,
孔闻兾,孔,闻,男,56,1364-01-01,1436-01-01,是,寿张,儒,,,,,,孔闻兾，孔子第56代孙。,
孔闻兿,孔,闻,男,56,1357-01-01,1426-01-01,是,范县,工部侍郎,,,,,,孔闻兿，孔子第56代孙。,
赵氏,孔,闻,女,56,1362-01-01,1445-01-01,是,濮州,礼部尚书,,,,,,赵氏，孔子第56代孙。,
孔闻冁,孔,闻,男,56,1361-01-01,1425-01-01,是,开州,知州,,,,,,孔闻冁，孔子第56代孙。,
孔闻冂,孔,闻,男,56,1361-01-01,1440-01-01,是,长垣,知县,,,,,,孔闻冂，孔子第56代孙。,
孔闻冃,孔,闻,男,56,1358-01-01,1422-01-01,是,东明,举人,,,,,,孔闻冃，孔子第56代孙。,
徐娘,孔,闻,女,56,1362-01-01,1439-01-01,是,荷泽,进士,,,,,,徐娘，孔子第56代孙。,
孔闻内,孔,闻,男,56,1361-01-01,1433-01-01,是,曹州,太学生,,,,,,孔闻内，孔子第56代孙。,
孔闻円,孔,闻,男,56,1362-01-01,1431-01-01,是,定陶,县丞,,,,,,孔闻円，孔子第56代孙。,
孔闻冇,孔,闻,男,56,1357-01-01,1435-01-01,是,单县,主簿,,,,,,孔闻冇，孔子第56代孙。,
孔闻冈,孔,闻,男,56,1363-01-01,1433-01-01,是,成武,训导,,,,,,孔闻冈，孔子第56代孙。,
孔闻冉,孔,闻,男,56,1357-01-01,1430-01-01,是,巨野,教谕,,,,,,孔闻冉，孔子第56代孙。,
孔闻冊,孔,闻,男,56,1357-01-01,1417-01-01,是,郓城,商人,,,,,,孔闻冊，孔子第56代孙。,
孔闻冋,孔,闻,男,56,1362-01-01,1427-01-01,是,鄄城,官员,,,,,,孔闻冋，孔子第56代孙。,
孔闻册,孔,闻,男,56,1364-01-01,1424-01-01,是,曲阜,学者,,,,,,孔闻册，孔子第56代孙。,
张娘,孔,闻,女,56,1363-01-01,1438-01-01,是,滋阳,大夫,,,,,,张娘，孔子第56代孙。,
孔闻冎,孔,闻,男,56,1359-01-01,1435-01-01,是,济宁,士,,,,,,孔闻冎，孔子第56代孙。,
李氏,孔,闻,女,56,1361-01-01,1424-01-01,是,邹县,农,,,,,,李氏，孔子第56代孙。,
孔闻冐,孔,闻,男,56,1361-01-01,1425-01-01,是,滕县,商,,,,,,孔闻冐，孔子第56代孙。,
孔闻冑,孔,闻,男,56,1359-01-01,1426-01-01,是,峄县,儒,,,,,,孔闻冑，孔子第56代孙。,
孔闻冒,孔,闻,男,56,1363-01-01,1435-01-01,是,金乡,工部侍郎,,,,,,孔闻冒，孔子第56代孙。,
孔闻冓,孔,闻,男,56,1361-01-01,1426-01-01,是,鱼台,礼部尚书,,,,,,孔闻冓，孔子第56代孙。,
孔闻冔,孔,闻,男,56,1363-01-01,1431-01-01,是,嘉祥,知州,,,,,,孔闻冔，孔子第56代孙。,
孔闻冕,孔,闻,男,56,1359-01-01,1435-01-01,是,汶上,知县,,,,,,孔闻冕，孔子第56代孙。,
吴娘,孔,闻,女,56,1362-01-01,1446-01-01,是,泗水,举人,,,,,,吴娘，孔子第56代孙。,
徐姑,孔,闻,女,56,1361-01-01,1443-01-01,是,宁阳,进士,,,,,,徐姑，孔子第56代孙。,
孙氏,孔,闻,女,56,1358-01-01,1434-01-01,是,兖州,太学生,,,,,,孙氏，孔子第56代孙。,
孔闻写,孔,闻,男,56,1360-01-01,1439-01-01,是,东平,县丞,,,,,,孔闻写，孔子第56代孙。,
孔闻冚,孔,闻,男,56,1362-01-01,1444-01-01,是,寿张,主簿,,,,,,孔闻冚，孔子第56代孙。,
孔闻军,孔,闻,男,56,1364-01-01,1427-01-01,是,范县,训导,,,,,,孔闻军，孔子第56代孙。,
孔闻农,孔,闻,男,56,1362-01-01,1425-01-01,是,濮州,教谕,,,,,,孔闻农，孔子第56代孙。,
孔闻冝,孔,闻,男,56,1363-01-01,1436-01-01,是,开州,商人,,,,,,孔闻冝，孔子第56代孙。,
郭氏,孔,闻,女,56,1364-01-01,1442-01-01,是,长垣,官员,,,,,,郭氏，孔子第56代孙。,
孔闻冟,孔,闻,男,56,1360-01-01,1435-01-01,是,东明,学者,,,,,,孔闻冟，孔子第56代孙。,
张姑,孔,闻,女,56,1357-01-01,1419-01-01,是,荷泽,大夫,,,,,,张姑，孔子第56代孙。,
王氏,孔,闻,女,56,1359-01-01,1424-01-01,是,曹州,士,,,,,,王氏，孔子第56代孙。,
孔闻冢,孔,闻,男,56,1360-01-01,1428-01-01,是,定陶,农,,,,,,孔闻冢，孔子第56代孙。,
孔闻冣,孔,闻,男,56,1363-01-01,1423-01-01,是,单县,商,,,,,,孔闻冣，孔子第56代孙。,
孔闻冤,孔,闻,男,56,1357-01-01,1421-01-01,是,成武,儒,,,,,,孔闻冤，孔子第56代孙。,
孔闻冥,孔,闻,男,56,1360-01-01,1425-01-01,是,巨野,工部侍郎,,,,,,孔闻冥，孔子第56代孙。,
赵姑,孔,闻,女,56,1363-01-01,1433-01-01,是,郓城,礼部尚书,,,,,,赵姑，孔子第56代孙。,
孔闻冧,孔,闻,男,56,1359-01-01,1432-01-01,是,鄄城,知州,,,,,,孔闻冧，孔子第56代孙。,
孔闻冨,孔,闻,男,56,1362-01-01,1437-01-01,是,曲阜,知县,,,,,,孔闻冨，孔子第56代孙。,
吴姑,孔,闻,女,56,1359-01-01,1421-01-01,是,滋阳,举人,,,,,,吴姑，孔子第56代孙。,
孔闻冪,孔,闻,男,56,1358-01-01,1425-01-01,是,济宁,进士,,,,,,孔闻冪，孔子第56代孙。,
孔闻冫,孔,闻,男,56,1357-01-01,1424-01-01,是,邹县,太学生,,,,,,孔闻冫，孔子第56代孙。,
孔闻冬,孔,闻,男,56,1361-01-01,1428-01-01,是,滕县,县丞,,,,,,孔闻冬，孔子第56代孙。,
朱氏,孔,闻,女,56,1362-01-01,1440-01-01,是,峄县,主簿,,,,,,朱氏，孔子第56代孙。,
孔闻冮,孔,闻,男,56,1362-01-01,1438-01-01,是,金乡,训导,,,,,,孔闻冮，孔子第56代孙。,
林姑,孔,闻,女,56,1364-01-01,1439-01-01,是,鱼台,教谕,,,,,,林姑，孔子第56代孙。,
孔闻冰,孔,闻,男,56,1360-01-01,1433-01-01,是,嘉祥,商人,,,,,,孔闻冰，孔子第56代孙。,
郭娘,孔,闻,女,56,1364-01-01,1438-01-01,是,汶上,官员,,,,,,郭娘，孔子第56代孙。,
孔闻冲,孔,闻,男,56,1361-01-01,1427-01-01,是,泗水,学者,,,,,,孔闻冲，孔子第56代孙。,
孔闻决,孔,闻,男,56,1361-01-01,1437-01-01,是,宁阳,大夫,,,,,,孔闻决，孔子第56代孙。,
王娘,孔,闻,女,56,1357-01-01,1437-01-01,是,兖州,士,,,,,,王娘，孔子第56代孙。,
孔闻况,孔,闻,男,56,1363-01-01,1439-01-01,是,东平,农,,,,,,孔闻况，孔子第56代孙。,
孔闻冶,孔,闻,男,56,1358-01-01,1439-01-01,是,寿张,商,,,,,,孔闻冶，孔子第56代孙。,
陈娘,孔,闻,女,56,1364-01-01,1439-01-01,是,范县,儒,,,,,,陈娘，孔子第56代孙。,
孔闻冸,孔,闻,男,56,1358-01-01,1433-01-01,是,濮州,工部侍郎,,,,,,孔闻冸，孔子第56代孙。,
孔闻冹,孔,闻,男,56,1361-01-01,1443-01-01,是,开州,礼部尚书,,,,,,孔闻冹，孔子第56代孙。,
黄娘,孔,闻,女,56,1363-01-01,1440-01-01,是,长垣,知州,,,,,,黄娘，孔子第56代孙。,
孔闻冻,孔,闻,男,56,1364-01-01,1434-01-01,是,东明,知县,,,,,,孔闻冻，孔子第56代孙。,
孔闻冼,孔,闻,男,56,1362-01-01,1440-01-01,是,荷泽,举人,,,,,,孔闻冼，孔子第56代孙。,
孔闻冽,孔,闻,男,56,1362-01-01,1427-01-01,是,曹州,进士,,,,,,孔闻冽，孔子第56代孙。,
孙姑,孔,闻,女,56,1360-01-01,1427-01-01,是,定陶,太学生,,,,,,孙姑，孔子第56代孙。,
孔闻冿,孔,闻,男,56,1360-01-01,1436-01-01,是,单县,县丞,,,,,,孔闻冿，孔子第56代孙。,
孔闻净,孔,闻,男,56,1362-01-01,1446-01-01,是,成武,主簿,,,,,,孔闻净，孔子第56代孙。,
高姑,孔,闻,女,56,1360-01-01,1441-01-01,是,巨野,训导,,,,,,高姑，孔子第56代孙。,
林氏,孔,闻,女,56,1363-01-01,1432-01-01,是,郓城,教谕,,,,,,林氏，孔子第56代孙。,
何娘,孔,闻,女,56,1357-01-01,1427-01-01,是,鄄城,商人,,,,,,何娘，孔子第56代孙。,
孔闻凄,孔,闻,男,56,1364-01-01,1444-01-01,是,曲阜,官员,,,,,,孔闻凄，孔子第56代孙。,
马氏,孔,闻,女,56,1362-01-01,1427-01-01,是,滋阳,学者,,,,,,马氏，孔子第56代孙。,
张娘,孔,闻,女,56,1358-01-01,1440-01-01,是,济宁,大夫,,,,,,张娘，孔子第56代孙。,
孔闻凇,孔,闻,男,56,1359-01-01,1419-01-01,是,邹县,士,,,,,,孔闻凇，孔子第56代孙。,
孔闻凈,孔,闻,男,56,1359-01-01,1435-01-01,是,滕县,农,,,,,,孔闻凈，孔子第56代孙。,
刘娘,孔,闻,女,56,1362-01-01,1437-01-01,是,峄县,商,,,,,,刘娘，孔子第56代孙。,
孔闻凊,孔,闻,男,56,1359-01-01,1443-01-01,是,金乡,儒,,,,,,孔闻凊，孔子第56代孙。,
孔闻凋,孔,闻,男,56,1361-01-01,1436-01-01,是,鱼台,工部侍郎,,,,,,孔闻凋，孔子第56代孙。,
孔闻凌,孔,闻,男,56,1360-01-01,1442-01-01,是,嘉祥,礼部尚书,,,,,,孔闻凌，孔子第56代孙。,
孔闻凍,孔,闻,男,56,1362-01-01,1424-01-01,是,汶上,知州,,,,,,孔闻凍，孔子第56代孙。,
孔闻凎,孔,闻,男,56,1360-01-01,1422-01-01,是,泗水,知县,,,,,,孔闻凎，孔子第56代孙。,
孔闻减,孔,闻,男,56,1357-01-01,1427-01-01,是,宁阳,举人,,,,,,孔闻减，孔子第56代孙。,
徐姑,孔,闻,女,56,1358-01-01,1425-01-01,是,兖州,进士,,,,,,徐姑，孔子第56代孙。,
孔闻凑,孔,闻,男,56,1362-01-01,1424-01-01,是,东平,太学生,,,,,,孔闻凑，孔子第56代孙。,
孔闻凒,孔,闻,男,56,1362-01-01,1428-01-01,是,寿张,县丞,,,,,,孔闻凒，孔子第56代孙。,
朱姑,孔,闻,女,56,1361-01-01,1431-01-01,是,范县,主簿,,,,,,朱姑，孔子第56代孙。,
孔闻凔,孔,闻,男,56,1362-01-01,1425-01-01,是,濮州,训导,,,,,,孔闻凔，孔子第56代孙。,
林娘,孔,闻,女,56,1362-01-01,1426-01-01,是,开州,教谕,,,,,,林娘，孔子第56代孙。,
孔闻凖,孔,闻,男,56,1359-01-01,1438-01-01,是,长垣,商人,,,,,,孔闻凖，孔子第56代孙。,
孔闻凗,孔,闻,男,56,1363-01-01,1443-01-01,是,东明,官员,,,,,,孔闻凗，孔子第56代孙。,
孔闻凘,孔,闻,男,56,1364-01-01,1446-01-01,是,荷泽,学者,,,,,,孔闻凘，孔子第56代孙。,
孔闻凙,孔,闻,男,56,1363-01-01,1447-01-01,是,曹州,大夫,,,,,,孔闻凙，孔子第56代孙。,
孔闻凚,孔,闻,男,56,1358-01-01,1418-01-01,是,定陶,士,,,,,,孔闻凚，孔子第56代孙。,
孔闻凛,孔,闻,男,56,1364-01-01,1429-01-01,是,单县,农,,,,,,孔闻凛，孔子第56代孙。,
刘姑,孔,闻,女,56,1361-01-01,1425-01-01,是,成武,商,,,,,,刘姑，孔子第56代孙。,
孔闻凝,孔,闻,男,56,1360-01-01,1439-01-01,是,巨野,儒,,,,,,孔闻凝，孔子第56代孙。,
孔闻凞,孔,闻,男,56,1360-01-01,1426-01-01,是,郓城,工部侍郎,,,,,,孔闻凞，孔子第56代孙。,
赵姑,孔,闻,女,56,1358-01-01,1437-01-01,是,鄄城,礼部尚书,,,,,,赵姑，孔子第56代孙。,
黄氏,孔,闻,女,56,1357-01-01,1431-01-01,是,曲阜,知州,,,,,,黄氏，孔子第56代孙。,
周娘,孔,闻,女,56,1360-01-01,1429-01-01,是,滋阳,知县,,,,,,周娘，孔子第56代孙。,
孔闻凢,孔,闻,男,56,1359-01-01,1437-01-01,是,济宁,举人,,,,,,孔闻凢，孔子第56代孙。,
孔闻凣,孔,闻,男,56,1362-01-01,1429-01-01,是,邹县,进士,,,,,,孔闻凣，孔子第56代孙。,
孔闻凤,孔,闻,男,56,1362-01-01,1424-01-01,是,滕县,太学生,,,,,,孔闻凤，孔子第56代孙。,
孔闻凥,孔,闻,男,56,1362-01-01,1433-01-01,是,峄县,县丞,,,,,,孔闻凥，孔子第56代孙。,
孔闻処,孔,闻,男,56,1357-01-01,1423-01-01,是,金乡,主簿,,,,,,孔闻処，孔子第56代孙。,
高娘,孔,闻,女,56,1363-01-01,1435-01-01,是,鱼台,训导,,,,,,高娘，孔子第56代孙。,
林姑,孔,闻,女,56,1363-01-01,1441-01-01,是,嘉祥,教谕,,,,,,林姑，孔子第56代孙。,
孔闻丁,孔,闻,男,56,1362-01-01,1429-01-01,是,汶上,商人,,,,,,孔闻丁，孔子第56代孙。,
郭娘,孔,闻,女,56,1361-01-01,1428-01-01,是,泗水,官员,,,,,,郭娘，孔子第56代孙。,
孔闻七,孔,闻,男,56,1362-01-01,1445-01-01,是,宁阳,学者,,,,,,孔闻七，孔子第56代孙。,
孔闻丄,孔,闻,男,56,1361-01-01,1421-01-01,是,兖州,大夫,,,,,,孔闻丄，孔子第56代孙。,
孔闻丅,孔,闻,男,56,1361-01-01,1445-01-01,是,东平,士,,,,,,孔闻丅，孔子第56代孙。,
李姑,孔,闻,女,56,1364-01-01,1431-01-01,是,寿张,农,,,,,,李姑，孔子第56代孙。,
孔闻万,孔,闻,男,56,1364-01-01,1437-01-01,是,范县,商,,,,,,孔闻万，孔子第56代孙。,
陈娘,孔,闻,女,56,1362-01-01,1429-01-01,是,濮州,儒,,,,,,陈娘，孔子第56代孙。,
孔闻三,孔,闻,男,56,1362-01-01,1430-01-01,是,开州,工部侍郎,,,,,,孔闻三，孔子第56代孙。,
孔闻上,孔,闻,男,56,1359-01-01,1432-01-01,是,长垣,礼部尚书,,,,,,孔闻上，孔子第56代孙。,
黄娘,孔,闻,女,56,1362-01-01,1428-01-01,是,东明,知州,,,,,,黄娘，孔子第56代孙。,
周姑,孔,闻,女,56,1364-01-01,1443-01-01,是,荷泽,知县,,,,,,周姑，孔子第56代孙。,
孔闻不,孔,闻,男,56,1359-01-01,1440-01-01,是,曹州,举人,,,,,,孔闻不，孔子第56代孙。,
孔闻与,孔,闻,男,56,1363-01-01,1447-01-01,是,定陶,进士,,,,,,孔闻与，孔子第56代孙。,
孙姑,孔,闻,女,56,1357-01-01,1434-01-01,是,单县,太学生,,,,,,孙姑，孔子第56代孙。,
孔闻丐,孔,闻,男,56,1363-01-01,1435-01-01,是,成武,县丞,,,,,,孔闻丐，孔子第56代孙。,
朱娘,孔,闻,女,56,1357-01-01,1423-01-01,是,巨野,主簿,,,,,,朱娘，孔子第56代孙。,
孔闻丒,孔,闻,男,56,1363-01-01,1432-01-01,是,郓城,训导,,,,,,孔闻丒，孔子第56代孙。,
孔闻专,孔,闻,男,56,1363-01-01,1424-01-01,是,鄄城,教谕,,,,,,孔闻专，孔子第56代孙。,
孔闻且,孔,闻,男,56,1357-01-01,1440-01-01,是,曲阜,商人,,,,,,孔闻且，孔子第56代孙。,
孔闻丕,孔,闻,男,56,1363-01-01,1437-01-01,是,滋阳,官员,,,,,,孔闻丕，孔子第56代孙。,
孔闻世,孔,闻,男,56,1361-01-01,1440-01-01,是,济宁,学者,,,,,,孔闻世，孔子第56代孙。,
张娘,孔,闻,女,56,1357-01-01,1429-01-01,是,邹县,大夫,,,,,,张娘，孔子第56代孙。,
孔闻丘,孔,闻,男,56,1363-01-01,1440-01-01,是,滕县,士,,,,,,孔闻丘，孔子第56代孙。,
李氏,孔,闻,女,56,1358-01-01,1436-01-01,是,峄县,农,,,,,,李氏，孔子第56代孙。,
孔闻业,孔,闻,男,56,1363-01-01,1438-01-01,是,金乡,商,,,,,,孔闻业，孔子第56代孙。,
孔闻丛,孔,闻,男,56,1363-01-01,1441-01-01,是,鱼台,儒,,,,,,孔闻丛，孔子第56代孙。,
杨氏,孔,闻,女,56,1362-01-01,1439-01-01,是,嘉祥,工部侍郎,,,,,,杨氏，孔子第56代孙。,
孔闻丝,孔,闻,男,56,1358-01-01,1441-01-01,是,汶上,礼部尚书,,,,,,孔闻丝，孔子第56代孙。,
孔闻丞,孔,闻,男,56,1358-01-01,1418-01-01,是,泗水,知州,,,,,,孔闻丞，孔子第56代孙。,
孔闻丟,孔,闻,男,56,1361-01-01,1439-01-01,是,宁阳,知县,,,,,,孔闻丟，孔子第56代孙。,
孔闻丠,孔,闻,男,56,1364-01-01,1440-01-01,是,兖州,举人,,,,,,孔闻丠，孔子第56代孙。,
孔闻両,孔,闻,男,56,1364-01-01,1442-01-01,是,东平,进士,,,,,,孔闻両，孔子第56代孙。,
孔闻丢,孔,闻,男,56,1358-01-01,1442-01-01,是,寿张,太学生,,,,,,孔闻丢，孔子第56代孙。,
孔闻丣,孔,闻,男,56,1361-01-01,1427-01-01,是,范县,县丞,,,,,,孔闻丣，孔子第56代孙。,
孔闻两,孔,闻,男,56,1364-01-01,1443-01-01,是,濮州,主簿,,,,,,孔闻两，孔子第56代孙。,
高氏,孔,闻,女,56,1359-01-01,1435-01-01,是,开州,训导,,,,,,高氏，孔子第56代孙。,
孔闻並,孔,闻,男,56,1358-01-01,1424-01-01,是,长垣,教谕,,,,,,孔闻並，孔子第56代孙。,
孔闻丧,孔,闻,男,56,1359-01-01,1435-01-01,是,东明,商人,,,,,,孔闻丧，孔子第56代孙。,
孔闻丨,孔,闻,男,56,1358-01-01,1420-01-01,是,荷泽,官员,,,,,,孔闻丨，孔子第56代孙。,
马娘,孔,闻,女,56,1360-01-01,1433-01-01,是,曹州,学者,,,,,,马娘，孔子第56代孙。,
张姑,孔,闻,女,56,1362-01-01,1431-01-01,是,定陶,大夫,,,,,,张姑，孔子第56代孙。,
王氏,孔,闻,女,56,1361-01-01,1427-01-01,是,单县,士,,,,,,王氏，孔子第56代孙。,
孔闻丬,孔,闻,男,56,1362-01-01,1439-01-01,是,成武,农,,,,,,孔闻丬，孔子第56代孙。,
孔闻中,孔,闻,男,56,1362-01-01,1434-01-01,是,巨野,商,,,,,,孔闻中，孔子第56代孙。,
陈氏,孔,闻,女,56,1364-01-01,1434-01-01,是,郓城,儒,,,,,,陈氏，孔子第56代孙。,
孔闻丯,孔,闻,男,56,1361-01-01,1434-01-01,是,鄄城,工部侍郎,,,,,,孔闻丯，孔子第56代孙。,
孔闻丰,孔,闻,男,56,1362-01-01,1440-01-01,是,曲阜,礼部尚书,,,,,,孔闻丰，孔子第56代孙。,
黄氏,孔,闻,女,56,1357-01-01,1439-01-01,是,滋阳,知州,,,,,,黄氏，孔子第56代孙。,
周娘,孔,闻,女,56,1359-01-01,1427-01-01,是,济宁,知县,,,,,,周娘，孔子第56代孙。,
孔闻丳,孔,闻,男,56,1362-01-01,1424-01-01,是,邹县,举人,,,,,,孔闻丳，孔子第56代孙。,
徐氏,孔,闻,女,56,1363-01-01,1426-01-01,是,滕县,进士,,,,,,徐氏，孔子第56代孙。,
孙娘,孔,闻,女,56,1357-01-01,1423-01-01,是,峄县,太学生,,,,,,孙娘，孔子第56代孙。,
孔闻丶,孔,闻,男,56,1358-01-01,1425-01-01,是,金乡,县丞,,,,,,孔闻丶，孔子第56代孙。,
孔闻丷,孔,闻,男,56,1363-01-01,1435-01-01,是,鱼台,主簿,,,,,,孔闻丷，孔子第56代孙。,
孔闻丸,孔,闻,男,56,1359-01-01,1429-01-01,是,嘉祥,训导,,,,,,孔闻丸，孔子第56代孙。,
孔闻丹,孔,闻,男,56,1361-01-01,1427-01-01,是,汶上,教谕,,,,,,孔闻丹，孔子第56代孙。,
何氏,孔,闻,女,56,1359-01-01,1422-01-01,是,泗水,商人,,,,,,何氏，孔子第56代孙。,
孔闻主,孔,闻,男,56,1363-01-01,1424-01-01,是,宁阳,官员,,,,,,孔闻主，孔子第56代孙。,
孔闻丼,孔,闻,男,56,1357-01-01,1425-01-01,是,兖州,学者,,,,,,孔闻丼，孔子第56代孙。,
孔闻丽,孔,闻,男,56,1363-01-01,1446-01-01,是,东平,大夫,,,,,,孔闻丽，孔子第56代孙。,
王娘,孔,闻,女,56,1358-01-01,1426-01-01,是,寿张,士,,,,,,王娘，孔子第56代孙。,
李姑,孔,闻,女,56,1362-01-01,1438-01-01,是,范县,农,,,,,,李姑，孔子第56代孙。,
刘氏,孔,闻,女,56,1361-01-01,1433-01-01,是,濮州,商,,,,,,刘氏，孔子第56代孙。,
孔闻乁,孔,闻,男,56,1361-01-01,1430-01-01,是,开州,儒,,,,,,孔闻乁，孔子第56代孙。,
孔闻乂,孔,闻,男,56,1360-01-01,1423-01-01,是,长垣,工部侍郎,,,,,,孔闻乂，孔子第56代孙。,
孔闻乃,孔,闻,男,56,1358-01-01,1437-01-01,是,东明,礼部尚书,,,,,,孔闻乃，孔子第56代孙。,
孔闻乄,孔,闻,男,56,1362-01-01,1427-01-01,是,荷泽,知州,,,,,,孔闻乄，孔子第56代孙。,
周姑,孔,闻,女,56,1357-01-01,1432-01-01,是,曹州,知县,,,,,,周姑，孔子第56代孙。,
孔闻乆,孔,闻,男,56,1358-01-01,1440-01-01,是,定陶,举人,,,,,,孔闻乆，孔子第56代孙。,
徐娘,孔,闻,女,56,1362-01-01,1445-01-01,是,单县,进士,,,,,,徐娘，孔子第56代孙。,
孔闻么,孔,闻,男,56,1364-01-01,1445-01-01,是,成武,太学生,,,,,,孔闻么，孔子第56代孙。,
孔闻义,孔,闻,男,56,1357-01-01,1433-01-01,是,巨野,县丞,,,,,,孔闻义，孔子第56代孙。,
孔闻乊,孔,闻,男,56,1362-01-01,1427-01-01,是,郓城,主簿,,,,,,孔闻乊，孔子第56代孙。,
高姑,孔,闻,女,56,1358-01-01,1418-01-01,是,鄄城,训导,,,,,,高姑，孔子第56代孙。,
林氏,孔,闻,女,56,1357-01-01,1430-01-01,是,曲阜,教谕,,,,,,林氏，孔子第56代孙。,
孔闻乍,孔,闻,男,56,1361-01-01,1423-01-01,是,滋阳,商人,,,,,,孔闻乍，孔子第56代孙。,
郭姑,孔,闻,女,56,1364-01-01,1427-01-01,是,济宁,官员,,,,,,郭姑，孔子第56代孙。,
孔闻乏,孔,闻,男,56,1364-01-01,1426-01-01,是,邹县,学者,,,,,,孔闻乏，孔子第56代孙。,
张娘,孔,闻,女,56,1359-01-01,1433-01-01,是,滕县,大夫,,,,,,张娘，孔子第56代孙。,
孔闻乑,孔,闻,男,56,1358-01-01,1422-01-01,是,峄县,士,,,,,,孔闻乑，孔子第56代孙。,
孔闻乒,孔,闻,男,56,1359-01-01,1425-01-01,是,金乡,农,,,,,,孔闻乒，孔子第56代孙。,
孔闻乓,孔,闻,男,56,1357-01-01,1422-01-01,是,鱼台,商,,,,,,孔闻乓，孔子第56代孙。,
孔闻乔,孔,闻,男,56,1364-01-01,1424-01-01,是,嘉祥,儒,,,,,,孔闻乔，孔子第56代孙。,
孔闻乕,孔,闻,男,56,1362-01-01,1432-01-01,是,汶上,工部侍郎,,,,,,孔闻乕，孔子第56代孙。,
赵娘,孔,闻,女,56,1360-01-01,1421-01-01,是,泗水,礼部尚书,,,,,,赵娘，孔子第56代孙。,
孔闻乗,孔,闻,男,56,1361-01-01,1440-01-01,是,宁阳,知州,,,,,,孔闻乗，孔子第56代孙。,
周氏,孔,闻,女,56,1358-01-01,1437-01-01,是,兖州,知县,,,,,,周氏，孔子第56代孙。,
吴娘,孔,闻,女,56,1357-01-01,1424-01-01,是,东平,举人,,,,,,吴娘，孔子第56代孙。,
孔闻乚,孔,闻,男,56,1364-01-01,1441-01-01,是,寿张,进士,,,,,,孔闻乚，孔子第56代孙。,
孔闻乛,孔,闻,男,56,1363-01-01,1443-01-01,是,范县,太学生,,,,,,孔闻乛，孔子第56代孙。,
孔闻乜,孔,闻,男,56,1359-01-01,1427-01-01,是,濮州,县丞,,,,,,孔闻乜，孔子第56代孙。,
孔闻九,孔,闻,男,56,1357-01-01,1419-01-01,是,开州,主簿,,,,,,孔闻九，孔子第56代孙。,
孔闻乞,孔,闻,男,56,1363-01-01,1446-01-01,是,长垣,训导,,,,,,孔闻乞，孔子第56代孙。,
孔闻也,孔,闻,男,56,1361-01-01,1421-01-01,是,东明,教谕,,,,,,孔闻也，孔子第56代孙。,
孔闻习,孔,闻,男,56,1360-01-01,1441-01-01,是,荷泽,商人,,,,,,孔闻习，孔子第56代孙。,
孔闻乡,孔,闻,男,56,1362-01-01,1444-01-01,是,曹州,官员,,,,,,孔闻乡，孔子第56代孙。,
马娘,孔,闻,女,56,1364-01-01,1447-01-01,是,定陶,学者,,,,,,马娘，孔子第56代孙。,
张姑,孔,闻,女,56,1357-01-01,1424-01-01,是,单县,大夫,,,,,,张姑，孔子第56代孙。,
王氏,孔,闻,女,56,1358-01-01,1427-01-01,是,成武,士,,,,,,王氏，孔子第56代孙。,
孔闻乥,孔,闻,男,56,1363-01-01,1446-01-01,是,巨野,农,,,,,,孔闻乥，孔子第56代孙。,
孔闻书,孔,闻,男,56,1360-01-01,1444-01-01,是,郓城,商,,,,,,孔闻书，孔子第56代孙。,
孔闻乧,孔,闻,男,56,1360-01-01,1440-01-01,是,鄄城,儒,,,,,,孔闻乧，孔子第56代孙。,
孔闻乨,孔,闻,男,56,1364-01-01,1430-01-01,是,曲阜,工部侍郎,,,,,,孔闻乨，孔子第56代孙。,
孔闻乩,孔,闻,男,56,1359-01-01,1422-01-01,是,滋阳,礼部尚书,,,,,,孔闻乩，孔子第56代孙。,
孔闻乪,孔,闻,男,56,1360-01-01,1436-01-01,是,济宁,知州,,,,,,孔闻乪，孔子第56代孙。,
孔闻乫,孔,闻,男,56,1358-01-01,1438-01-01,是,邹县,知县,,,,,,孔闻乫，孔子第56代孙。,
吴姑,孔,闻,女,56,1363-01-01,1429-01-01,是,滕县,举人,,,,,,吴姑，孔子第56代孙。,
孔闻乭,孔,闻,男,56,1364-01-01,1424-01-01,是,峄县,进士,,,,,,孔闻乭，孔子第56代孙。,
孙娘,孔,闻,女,56,1363-01-01,1447-01-01,是,金乡,太学生,,,,,,孙娘，孔子第56代孙。,
孔闻乯,孔,闻,男,56,1364-01-01,1439-01-01,是,鱼台,县丞,,,,,,孔闻乯，孔子第56代孙。,
孔闻买,孔,闻,男,56,1359-01-01,1422-01-01,是,嘉祥,主簿,,,,,,孔闻买，孔子第56代孙。,
孔闻乱,孔,闻,男,56,1364-01-01,1430-01-01,是,汶上,训导,,,,,,孔闻乱，孔子第56代孙。,
孔闻乲,孔,闻,男,56,1361-01-01,1436-01-01,是,泗水,教谕,,,,,,孔闻乲，孔子第56代孙。,
孔闻乳,孔,闻,男,56,1363-01-01,1446-01-01,是,宁阳,商人,,,,,,孔闻乳，孔子第56代孙。,
孔闻乴,孔,闻,男,56,1363-01-01,1437-01-01,是,兖州,官员,,,,,,孔闻乴，孔子第56代孙。,
孔闻乵,孔,闻,男,56,1357-01-01,1422-01-01,是,东平,学者,,,,,,孔闻乵，孔子第56代孙。,
张氏,孔,闻,女,56,1364-01-01,1440-01-01,是,寿张,大夫,,,,,,张氏，孔子第56代孙。,
王娘,孔,闻,女,56,1359-01-01,1422-01-01,是,范县,士,,,,,,王娘，孔子第56代孙。,
孔闻乸,孔,闻,男,56,1358-01-01,1440-01-01,是,濮州,农,,,,,,孔闻乸，孔子第56代孙。,
刘氏,孔,闻,女,56,1361-01-01,1434-01-01,是,开州,商,,,,,,刘氏，孔子第56代孙。,
陈娘,孔,闻,女,56,1361-01-01,1430-01-01,是,长垣,儒,,,,,,陈娘，孔子第56代孙。,
孔闻乻,孔,闻,男,56,1358-01-01,1421-01-01,是,东明,工部侍郎,,,,,,孔闻乻，孔子第56代孙。,
孔闻乼,孔,闻,男,56,1364-01-01,1435-01-01,是,荷泽,礼部尚书,,,,,,孔闻乼，孔子第56代孙。,
孔闻乽,孔,闻,男,56,1361-01-01,1430-01-01,是,曹州,知州,,,,,,孔闻乽，孔子第56代孙。,
孔闻乾,孔,闻,男,56,1361-01-01,1443-01-01,是,定陶,知县,,,,,,孔闻乾，孔子第56代孙。,
吴氏,孔,闻,女,56,1364-01-01,1432-01-01,是,单县,举人,,,,,,吴氏，孔子第56代孙。,
孔闻亀,孔,闻,男,56,1360-01-01,1422-01-01,是,成武,进士,,,,,,孔闻亀，孔子第56代孙。,
孔闻亁,孔,闻,男,56,1363-01-01,1423-01-01,是,巨野,太学生,,,,,,孔闻亁，孔子第56代孙。,
孔闻亂,孔,闻,男,56,1357-01-01,1425-01-01,是,郓城,县丞,,,,,,孔闻亂，孔子第56代孙。,
朱娘,孔,闻,女,56,1358-01-01,1427-01-01,是,鄄城,主簿,,,,,,朱娘，孔子第56代孙。,
孔闻亄,孔,闻,男,56,1361-01-01,1439-01-01,是,曲阜,训导,,,,,,孔闻亄，孔子第56代孙。,
林氏,孔,闻,女,56,1362-01-01,1432-01-01,是,滋阳,教谕,,,,,,林氏，孔子第56代孙。,
孔闻了,孔,闻,男,56,1362-01-01,1434-01-01,是,济宁,商人,,,,,,孔闻了，孔子第56代孙。,
孔闻亇,孔,闻,男,56,1364-01-01,1438-01-01,是,邹县,官员,,,,,,孔闻亇，孔子第56代孙。,
孔闻予,孔,闻,男,56,1358-01-01,1421-01-01,是,滕县,学者,,,,,,孔闻予，孔子第56代孙。,
张娘,孔,闻,女,56,1358-01-01,1419-01-01,是,峄县,大夫,,,,,,张娘，孔子第56代孙。,
孔闻亊,孔,闻,男,56,1364-01-01,1426-01-01,是,金乡,士,,,,,,孔闻亊，孔子第56代孙。,
孔闻事,孔,闻,男,56,1357-01-01,1436-01-01,是,鱼台,农,,,,,,孔闻事，孔子第56代孙。,
孔闻二,孔,闻,男,56,1360-01-01,1430-01-01,是,嘉祥,商,,,,,,孔闻二，孔子第56代孙。,
孔闻亍,孔,闻,男,56,1360-01-01,1429-01-01,是,汶上,儒,,,,,,孔闻亍，孔子第56代孙。,
杨氏,孔,闻,女,56,1362-01-01,1439-01-01,是,泗水,工部侍郎,,,,,,杨氏，孔子第56代孙。,
赵娘,孔,闻,女,56,1361-01-01,1423-01-01,是,宁阳,礼部尚书,,,,,,赵娘，孔子第56代孙。,
黄姑,孔,闻,女,56,1359-01-01,1420-01-01,是,兖州,知州,,,,,,黄姑，孔子第56代孙。,
孔闻云,孔,闻,男,56,1357-01-01,1429-01-01,是,东平,知县,,,,,,孔闻云，孔子第56代孙。,
孔闻互,孔,闻,男,56,1358-01-01,1442-01-01,是,寿张,举人,,,,,,孔闻互，孔子第56代孙。,
孔闻亓,孔,闻,男,56,1359-01-01,1431-01-01,是,范县,进士,,,,,,孔闻亓，孔子第56代孙。,
孙氏,孔,闻,女,56,1358-01-01,1440-01-01,是,濮州,太学生,,,,,,孙氏，孔子第56代孙。,
孔闻井,孔,闻,男,56,1358-01-01,1437-01-01,是,开州,县丞,,,,,,孔闻井，孔子第56代孙。,
孔闻亖,孔,闻,男,56,1363-01-01,1446-01-01,是,长垣,主簿,,,,,,孔闻亖，孔子第56代孙。,
高氏,孔,闻,女,56,1358-01-01,1437-01-01,是,东明,训导,,,,,,高氏，孔子第56代孙。,
林娘,孔,闻,女,56,1361-01-01,1444-01-01,是,荷泽,教谕,,,,,,林娘，孔子第56代孙。,
何姑,孔,闻,女,56,1362-01-01,1430-01-01,是,曹州,商人,,,,,,何姑，孔子第56代孙。,
孔闻亚,孔,闻,男,56,1364-01-01,1435-01-01,是,定陶,官员,,,,,,孔闻亚，孔子第56代孙。,
马娘,孔,闻,女,56,1360-01-01,1423-01-01,是,单县,学者,,,,,,马娘，孔子第56代孙。,
张姑,孔,闻,女,56,1362-01-01,1426-01-01,是,成武,大夫,,,,,,张姑，孔子第56代孙。,
孔闻亝,孔,闻,男,56,1364-01-01,1438-01-01,是,巨野,士,,,,,,孔闻亝，孔子第56代孙。,
孔闻亞,孔,闻,男,56,1357-01-01,1437-01-01,是,郓城,农,,,,,,孔闻亞，孔子第56代孙。,
刘姑,孔,闻,女,56,1358-01-01,1421-01-01,是,鄄城,商,,,,,,刘姑，孔子第56代孙。,
孔闻亠,孔,闻,男,56,1359-01-01,1425-01-01,是,曲阜,儒,,,,,,孔闻亠，孔子第56代孙。,
杨娘,孔,闻,女,56,1364-01-01,1436-01-01,是,滋阳,工部侍郎,,,,,,杨娘，孔子第56代孙。,
孔闻亢,孔,闻,男,56,1357-01-01,1434-01-01,是,济宁,礼部尚书,,,,,,孔闻亢，孔子第56代孙。,
孔闻亣,孔,闻,男,56,1362-01-01,1426-01-01,是,邹县,知州,,,,,,孔闻亣，孔子第56代孙。,
孔闻交,孔,闻,男,56,1361-01-01,1436-01-01,是,滕县,知县,,,,,,孔闻交，孔子第56代孙。,
孔闻亥,孔,闻,男,56,1358-01-01,1440-01-01,是,峄县,举人,,,,,,孔闻亥，孔子第56代孙。,
孔闻亦,孔,闻,男,56,1359-01-01,1422-01-01,是,金乡,进士,,,,,,孔闻亦，孔子第56代孙。,
孔闻产,孔,闻,男,56,1362-01-01,1422-01-01,是,鱼台,太学生,,,,,,孔闻产，孔子第56代孙。,
孔闻亨,孔,闻,男,56,1360-01-01,1427-01-01,是,嘉祥,县丞,,,,,,孔闻亨，孔子第56代孙。,
朱氏,孔,闻,女,56,1357-01-01,1420-01-01,是,汶上,主簿,,,,,,朱氏，孔子第56代孙。,
孔闻亪,孔,闻,男,56,1359-01-01,1419-01-01,是,泗水,训导,,,,,,孔闻亪，孔子第56代孙。,
孔闻享,孔,闻,男,56,1359-01-01,1422-01-01,是,宁阳,教谕,,,,,,孔闻享，孔子第56代孙。,
孔闻京,孔,闻,男,56,1361-01-01,1434-01-01,是,兖州,商人,,,,,,孔闻京，孔子第56代孙。,
郭娘,孔,闻,女,56,1364-01-01,1444-01-01,是,东平,官员,,,,,,郭娘，孔子第56代孙。,
孔闻亮,孔,闻,男,56,1361-01-01,1437-01-01,是,寿张,学者,,,,,,孔闻亮，孔子第56代孙。,
孔闻亯,孔,闻,男,56,1357-01-01,1425-01-01,是,范县,大夫,,,,,,孔闻亯，孔子第56代孙。,
王娘,孔,闻,女,56,1364-01-01,1444-01-01,是,濮州,士,,,,,,王娘，孔子第56代孙。,
孔闻亱,孔,闻,男,56,1357-01-01,1438-01-01,是,开州,农,,,,,,孔闻亱，孔子第56代孙。,
孔闻亲,孔,闻,男,56,1360-01-01,1431-01-01,是,长垣,商,,,,,,孔闻亲，孔子第56代孙。,
陈娘,孔,闻,女,56,1359-01-01,1425-01-01,是,东明,儒,,,,,,陈娘，孔子第56代孙。,
杨姑,孔,闻,女,56,1364-01-01,1445-01-01,是,荷泽,工部侍郎,,,,,,杨姑，孔子第56代孙。,
孔闻亵,孔,闻,男,56,1360-01-01,1436-01-01,是,曹州,礼部尚书,,,,,,孔闻亵，孔子第56代孙。,
孔闻亶,孔,闻,男,56,1357-01-01,1419-01-01,是,定陶,知州,,,,,,孔闻亶，孔子第56代孙。,
周姑,孔,闻,女,56,1359-01-01,1435-01-01,是,单县,知县,,,,,,周姑，孔子第56代孙。,
孔闻亸,孔,闻,男,56,1358-01-01,1441-01-01,是,成武,举人,,,,,,孔闻亸，孔子第56代孙。,
孔闻亹,孔,闻,男,56,1359-01-01,1420-01-01,是,巨野,进士,,,,,,孔闻亹，孔子第56代孙。,
孔闻人,孔,闻,男,56,1362-01-01,1430-01-01,是,郓城,太学生,,,,,,孔闻人，孔子第56代孙。,
孔闻亻,孔,闻,男,56,1361-01-01,1432-01-01,是,鄄城,县丞,,,,,,孔闻亻，孔子第56代孙。,
孔闻亼,孔,闻,男,56,1364-01-01,1440-01-01,是,曲阜,主簿,,,,,,孔闻亼，孔子第56代孙。,
孔闻亽,孔,闻,男,56,1358-01-01,1441-01-01,是,滋阳,训导,,,,,,孔闻亽，孔子第56代孙。,
林氏,孔,闻,女,56,1360-01-01,1435-01-01,是,济宁,教谕,,,,,,林氏，孔子第56代孙。,
孔闻亿,孔,闻,男,56,1361-01-01,1432-01-01,是,邹县,商人,,,,,,孔闻亿，孔子第56代孙。,
郭姑,孔,闻,女,56,1357-01-01,1435-01-01,是,滕县,官员,,,,,,郭姑，孔子第56代孙。,
马氏,孔,闻,女,56,1362-01-01,1427-01-01,是,峄县,学者,,,,,,马氏，孔子第56代孙。,
孔闻仂,孔,闻,男,56,1362-01-01,1430-01-01,是,金乡,大夫,,,,,,孔闻仂，孔子第56代孙。,
孔闻仃,孔,闻,男,56,1361-01-01,1434-01-01,是,鱼台,士,,,,,,孔闻仃，孔子第56代孙。,
孔闻仄,孔,闻,男,56,1364-01-01,1441-01-01,是,嘉祥,农,,,,,,孔闻仄，孔子第56代孙。,
刘娘,孔,闻,女,56,1362-01-01,1442-01-01,是,汶上,商,,,,,,刘娘，孔子第56代孙。,
孔闻仆,孔,闻,男,56,1359-01-01,1429-01-01,是,泗水,儒,,,,,,孔闻仆，孔子第56代孙。,
孔闻仇,孔,闻,男,56,1359-01-01,1438-01-01,是,宁阳,工部侍郎,,,,,,孔闻仇，孔子第56代孙。,
孔闻仈,孔,闻,男,56,1358-01-01,1434-01-01,是,兖州,礼部尚书,,,,,,孔闻仈，孔子第56代孙。,
黄姑,孔,闻,女,56,1359-01-01,1441-01-01,是,东平,知州,,,,,,黄姑，孔子第56代孙。,
孔闻今,孔,闻,男,56,1357-01-01,1438-01-01,是,寿张,知县,,,,,,孔闻今，孔子第56代孙。,
孔闻介,孔,闻,男,56,1361-01-01,1434-01-01,是,范县,举人,,,,,,孔闻介，孔子第56代孙。,
徐姑,孔,闻,女,56,1359-01-01,1437-01-01,是,濮州,进士,,,,,,徐姑，孔子第56代孙。,
孔闻仍,孔,闻,男,56,1360-01-01,1435-01-01,是,开州,太学生,,,,,,孔闻仍，孔子第56代孙。,
孔闻从,孔,闻,男,56,1360-01-01,1442-01-01,是,长垣,县丞,,,,,,孔闻从，孔子第56代孙。,
孔闻仏,孔,闻,男,56,1359-01-01,1439-01-01,是,东明,主簿,,,,,,孔闻仏，孔子第56代孙。,
孔闻仐,孔,闻,男,56,1357-01-01,1439-01-01,是,荷泽,训导,,,,,,孔闻仐，孔子第56代孙。,
孔闻仑,孔,闻,男,56,1362-01-01,1425-01-01,是,曹州,教谕,,,,,,孔闻仑，孔子第56代孙。,
孔闻仒,孔,闻,男,56,1361-01-01,1435-01-01,是,定陶,商人,,,,,,孔闻仒，孔子第56代孙。,
孔闻仓,孔,闻,男,56,1361-01-01,1441-01-01,是,单县,官员,,,,,,孔闻仓，孔子第56代孙。,
孔闻仔,孔,闻,男,56,1358-01-01,1421-01-01,是,成武,学者,,,,,,孔闻仔，孔子第56代孙。,
张姑,孔,闻,女,56,1360-01-01,1444-01-01,是,巨野,大夫,,,,,,张姑，孔子第56代孙。,
孔闻他,孔,闻,男,56,1360-01-01,1443-01-01,是,郓城,士,,,,,,孔闻他，孔子第56代孙。,
孔闻仗,孔,闻,男,56,1357-01-01,1424-01-01,是,鄄城,农,,,,,,孔闻仗，孔子第56代孙。,
孔闻付,孔,闻,男,56,1357-01-01,1428-01-01,是,曲阜,商,,,,,,孔闻付，孔子第56代孙。,
陈氏,孔,闻,女,56,1358-01-01,1437-01-01,是,滋阳,儒,,,,,,陈氏，孔子第56代孙。,
杨娘,孔,闻,女,56,1357-01-01,1424-01-01,是,济宁,工部侍郎,,,,,,杨娘，孔子第56代孙。,
赵姑,孔,闻,女,56,1363-01-01,1439-01-01,是,邹县,礼部尚书,,,,,,赵姑，孔子第56代孙。,
黄氏,孔,闻,女,56,1361-01-01,1436-01-01,是,滕县,知州,,,,,,黄氏，孔子第56代孙。,
周娘,孔,闻,女,56,1358-01-01,1431-01-01,是,峄县,知县,,,,,,周娘，孔子第56代孙。,
孔闻仞,孔,闻,男,56,1361-01-01,1427-01-01,是,金乡,举人,,,,,,孔闻仞，孔子第56代孙。,
孔闻仟,孔,闻,男,56,1363-01-01,1428-01-01,是,鱼台,进士,,,,,,孔闻仟，孔子第56代孙。,
孔闻仠,孔,闻,男,56,1357-01-01,1421-01-01,是,嘉祥,太学生,,,,,,孔闻仠，孔子第56代孙。,
胡姑,孔,闻,女,56,1357-01-01,1436-01-01,是,汶上,县丞,,,,,,胡姑，孔子第56代孙。,
孔闻仢,孔,闻,男,56,1357-01-01,1438-01-01,是,泗水,主簿,,,,,,孔闻仢，孔子第56代孙。,
孔闻代,孔,闻,男,56,1358-01-01,1426-01-01,是,宁阳,训导,,,,,,孔闻代，孔子第56代孙。,
孔闻令,孔,闻,男,56,1358-01-01,1427-01-01,是,兖州,教谕,,,,,,孔闻令，孔子第56代孙。,
孔闻以,孔,闻,男,56,1361-01-01,1434-01-01,是,东平,商人,,,,,,孔闻以，孔子第56代孙。,
孔闻仦,孔,闻,男,56,1361-01-01,1432-01-01,是,寿张,官员,,,,,,孔闻仦，孔子第56代孙。,
马姑,孔,闻,女,56,1357-01-01,1437-01-01,是,范县,学者,,,,,,马姑，孔子第56代孙。,
张氏,孔,闻,女,56,1357-01-01,1421-01-01,是,濮州,大夫,,,,,,张氏，孔子第56代孙。,
孔闻仩,孔,闻,男,56,1364-01-01,1430-01-01,是,开州,士,,,,,,孔闻仩，孔子第56代孙。,
李姑,孔,闻,女,56,1360-01-01,1424-01-01,是,长垣,农,,,,,,李姑，孔子第56代孙。,
孔闻仫,孔,闻,男,56,1364-01-01,1434-01-01,是,东明,商,,,,,,孔闻仫，孔子第56代孙。,
孔闻们,孔,闻,男,56,1363-01-01,1435-01-01,是,荷泽,儒,,,,,,孔闻们，孔子第56代孙。,
杨姑,孔,闻,女,56,1361-01-01,1422-01-01,是,曹州,工部侍郎,,,,,,杨姑，孔子第56代孙。,
孔闻仮,孔,闻,男,56,1363-01-01,1432-01-01,是,定陶,礼部尚书,,,,,,孔闻仮，孔子第56代孙。,
黄娘,孔,闻,女,56,1359-01-01,1442-01-01,是,单县,知州,,,,,,黄娘，孔子第56代孙。,
周姑,孔,闻,女,56,1363-01-01,1434-01-01,是,成武,知县,,,,,,周姑，孔子第56代孙。,
吴氏,孔,闻,女,56,1362-01-01,1442-01-01,是,巨野,举人,,,,,,吴氏，孔子第56代孙。,
徐娘,孔,闻,女,56,1361-01-01,1421-01-01,是,郓城,进士,,,,,,徐娘，孔子第56代孙。,
孔闻仳,孔,闻,男,56,1363-01-01,1432-01-01,是,鄄城,太学生,,,,,,孔闻仳，孔子第56代孙。,
孔闻仴,孔,闻,男,56,1359-01-01,1420-01-01,是,曲阜,县丞,,,,,,孔闻仴，孔子第56代孙。,
朱娘,孔,闻,女,56,1357-01-01,1417-01-01,是,滋阳,主簿,,,,,,朱娘，孔子第56代孙。,
孔闻件,孔,闻,男,56,1361-01-01,1433-01-01,是,济宁,训导,,,,,,孔闻件，孔子第56代孙。,
林氏,孔,闻,女,56,1364-01-01,1435-01-01,是,邹县,教谕,,,,,,林氏，孔子第56代孙。,
何娘,孔,闻,女,56,1359-01-01,1438-01-01,是,滕县,商人,,,,,,何娘，孔子第56代孙。,
郭姑,孔,闻,女,56,1358-01-01,1425-01-01,是,峄县,官员,,,,,,郭姑，孔子第56代孙。,
马氏,孔,闻,女,56,1359-01-01,1437-01-01,是,金乡,学者,,,,,,马氏，孔子第56代孙。,
孔闻任,孔,闻,男,56,1359-01-01,1424-01-01,是,鱼台,大夫,,,,,,孔闻任，孔子第56代孙。,
王姑,孔,闻,女,56,1361-01-01,1428-01-01,是,嘉祥,士,,,,,,王姑，孔子第56代孙。,
孔闻份,孔,闻,男,56,1359-01-01,1443-01-01,是,汶上,农,,,,,,孔闻份，孔子第56代孙。,
孔闻仾,孔,闻,男,56,1363-01-01,1446-01-01,是,泗水,商,,,,,,孔闻仾，孔子第56代孙。,
陈姑,孔,闻,女,56,1361-01-01,1433-01-01,是,宁阳,儒,,,,,,陈姑，孔子第56代孙。,
杨氏,孔,闻,女,56,1362-01-01,1436-01-01,是,兖州,工部侍郎,,,,,,杨氏，孔子第56代孙。,
赵娘,孔,闻,女,56,1360-01-01,1435-01-01,是,东平,礼部尚书,,,,,,赵娘，孔子第56代孙。,
黄姑,孔,闻,女,56,1362-01-01,1440-01-01,是,寿张,知州,,,,,,黄姑，孔子第56代孙。,
孔闻伃,孔,闻,男,56,1359-01-01,1424-01-01,是,范县,知县,,,,,,孔闻伃，孔子第56代孙。,
孔闻伄,孔,闻,男,56,1362-01-01,1445-01-01,是,濮州,举人,,,,,,孔闻伄，孔子第56代孙。,
孔闻伅,孔,闻,男,56,1359-01-01,1437-01-01,是,开州,进士,,,,,,孔闻伅，孔子第56代孙。,
孙氏,孔,闻,女,56,1359-01-01,1439-01-01,是,长垣,太学生,,,,,,孙氏，孔子第56代孙。,
胡娘,孔,闻,女,56,1363-01-01,1442-01-01,是,东明,县丞,,,,,,胡娘，孔子第56代孙。,
孔闻伈,孔,闻,男,56,1360-01-01,1420-01-01,是,荷泽,主簿,,,,,,孔闻伈，孔子第56代孙。,
高氏,孔,闻,女,56,1364-01-01,1446-01-01,是,曹州,训导,,,,,,高氏，孔子第56代孙。,
孔闻伊,孔,闻,男,56,1358-01-01,1425-01-01,是,定陶,教谕,,,,,,孔闻伊，孔子第56代孙。,
孔闻伋,孔,闻,男,56,1363-01-01,1447-01-01,是,单县,商人,,,,,,孔闻伋，孔子第56代孙。,
孔闻伌,孔,闻,男,56,1357-01-01,1438-01-01,是,成武,官员,,,,,,孔闻伌，孔子第56代孙。,
马娘,孔,闻,女,56,1360-01-01,1425-01-01,是,巨野,学者,,,,,,马娘，孔子第56代孙。,
张姑,孔,闻,女,56,1357-01-01,1435-01-01,是,郓城,大夫,,,,,,张姑，孔子第56代孙。,
孔闻伏,孔,闻,男,56,1357-01-01,1422-01-01,是,鄄城,士,,,,,,孔闻伏，孔子第56代孙。,
李娘,孔,闻,女,56,1357-01-01,1440-01-01,是,曲阜,农,,,,,,李娘，孔子第56代孙。,
刘姑,孔,闻,女,56,1363-01-01,1442-01-01,是,滋阳,商,,,,,,刘姑，孔子第56代孙。,
孔闻伒,孔,闻,男,56,1359-01-01,1441-01-01,是,济宁,儒,,,,,,孔闻伒，孔子第56代孙。,
孔闻伓,孔,闻,男,56,1357-01-01,1434-01-01,是,邹县,工部侍郎,,,,,,孔闻伓，孔子第56代孙。,
孔闻伔,孔,闻,男,56,1364-01-01,1428-01-01,是,滕县,礼部尚书,,,,,,孔闻伔，孔子第56代孙。,
孔闻伕,孔,闻,男,56,1357-01-01,1424-01-01,是,峄县,知州,,,,,,孔闻伕，孔子第56代孙。,
孔闻伖,孔,闻,男,56,1361-01-01,1427-01-01,是,金乡,知县,,,,,,孔闻伖，孔子第56代孙。,
吴姑,孔,闻,女,56,1362-01-01,1427-01-01,是,鱼台,举人,,,,,,吴姑，孔子第56代孙。,
徐氏,孔,闻,女,56,1363-01-01,1441-01-01,是,嘉祥,进士,,,,,,徐氏，孔子第56代孙。,
孔闻伙,孔,闻,男,56,1357-01-01,1421-01-01,是,汶上,太学生,,,,,,孔闻伙，孔子第56代孙。,
胡姑,孔,闻,女,56,1361-01-01,1436-01-01,是,泗水,县丞,,,,,,胡姑，孔子第56代孙。,
朱氏,孔,闻,女,56,1363-01-01,1425-01-01,是,宁阳,主簿,,,,,,朱氏，孔子第56代孙。,
孔闻伜,孔,闻,男,56,1358-01-01,1436-01-01,是,兖州,训导,,,,,,孔闻伜，孔子第56代孙。,
林姑,孔,闻,女,56,1357-01-01,1427-01-01,是,东平,教谕,,,,,,林姑，孔子第56代孙。,
何氏,孔,闻,女,56,1362-01-01,1446-01-01,是,寿张,商人,,,,,,何氏，孔子第56代孙。,
郭娘,孔,闻,女,56,1363-01-01,1423-01-01,是,范县,官员,,,,,,郭娘，孔子第56代孙。,
孔闻传,孔,闻,男,56,1364-01-01,1441-01-01,是,濮州,学者,,,,,,孔闻传，孔子第56代孙。,
孔闻伡,孔,闻,男,56,1364-01-01,1439-01-01,是,开州,大夫,,,,,,孔闻伡，孔子第56代孙。,
孔闻伢,孔,闻,男,56,1363-01-01,1435-01-01,是,长垣,士,,,,,,孔闻伢，孔子第56代孙。,
孔闻伣,孔,闻,男,56,1363-01-01,1426-01-01,是,东明,农,,,,,,孔闻伣，孔子第56代孙。,
孔闻伤,孔,闻,男,56,1363-01-01,1428-01-01,是,荷泽,商,,,,,,孔闻伤，孔子第56代孙。,
孔闻伥,孔,闻,男,56,1358-01-01,1438-01-01,是,曹州,儒,,,,,,孔闻伥，孔子第56代孙。,
杨姑,孔,闻,女,56,1360-01-01,1422-01-01,是,定陶,工部侍郎,,,,,,杨姑，孔子第56代孙。,
孔闻伧,孔,闻,男,56,1363-01-01,1438-01-01,是,单县,礼部尚书,,,,,,孔闻伧，孔子第56代孙。,
黄娘,孔,闻,女,56,1361-01-01,1421-01-01,是,成武,知州,,,,,,黄娘，孔子第56代孙。,
周姑,孔,闻,女,56,1357-01-01,1424-01-01,是,巨野,知县,,,,,,周姑，孔子第56代孙。,
孔闻伪,孔,闻,男,56,1357-01-01,1438-01-01,是,郓城,举人,,,,,,孔闻伪，孔子第56代孙。,
孔闻伫,孔,闻,男,56,1358-01-01,1434-01-01,是,鄄城,进士,,,,,,孔闻伫，孔子第56代孙。,
孙姑,孔,闻,女,56,1358-01-01,1437-01-01,是,曲阜,太学生,,,,,,孙姑，孔子第56代孙。,
孔闻伭,孔,闻,男,56,1359-01-01,1436-01-01,是,滋阳,县丞,,,,,,孔闻伭，孔子第56代孙。,
孔闻伮,孔,闻,男,56,1358-01-01,1438-01-01,是,济宁,主簿,,,,,,孔闻伮，孔子第56代孙。,
高姑,孔,闻,女,56,1362-01-01,1431-01-01,是,邹县,训导,,,,,,高姑，孔子第56代孙。,
林氏,孔,闻,女,56,1362-01-01,1425-01-01,是,滕县,教谕,,,,,,林氏，孔子第56代孙。,
孔闻伱,孔,闻,男,56,1362-01-01,1442-01-01,是,峄县,商人,,,,,,孔闻伱，孔子第56代孙。,
孔闻伲,孔,闻,男,56,1357-01-01,1437-01-01,是,金乡,官员,,,,,,孔闻伲，孔子第56代孙。,
孔闻伳,孔,闻,男,56,1363-01-01,1444-01-01,是,鱼台,学者,,,,,,孔闻伳，孔子第56代孙。,
孔闻伴,孔,闻,男,56,1361-01-01,1432-01-01,是,嘉祥,大夫,,,,,,孔闻伴，孔子第56代孙。,
孔闻伵,孔,闻,男,56,1363-01-01,1436-01-01,是,汶上,士,,,,,,孔闻伵，孔子第56代孙。,
孔贞伶,孔,贞,男,57,1388-01-01,1451-01-01,是,泗水,农,,,,,,孔贞伶，孔子第57代孙。,
刘娘,孔,贞,女,57,1388-01-01,1451-01-01,是,宁阳,商,,,,,,刘娘，孔子第57代孙。,
孔贞伸,孔,贞,男,57,1385-01-01,1468-01-01,是,兖州,儒,,,,,,孔贞伸，孔子第57代孙。,
杨氏,孔,贞,女,57,1386-01-01,1446-01-01,是,东平,工部侍郎,,,,,,杨氏，孔子第57代孙。,
赵娘,孔,贞,女,57,1389-01-01,1468-01-01,是,寿张,礼部尚书,,,,,,赵娘，孔子第57代孙。,
黄姑,孔,贞,女,57,1388-01-01,1470-01-01,是,范县,知州,,,,,,黄姑，孔子第57代孙。,
周氏,孔,贞,女,57,1387-01-01,1450-01-01,是,濮州,知县,,,,,,周氏，孔子第57代孙。,
吴娘,孔,贞,女,57,1391-01-01,1451-01-01,是,开州,举人,,,,,,吴娘，孔子第57代孙。,
孔贞伾,孔,贞,男,57,1392-01-01,1455-01-01,是,长垣,进士,,,,,,孔贞伾，孔子第57代孙。,
孙氏,孔,贞,女,57,1387-01-01,1466-01-01,是,东明,太学生,,,,,,孙氏，孔子第57代孙。,
胡娘,孔,贞,女,57,1390-01-01,1470-01-01,是,荷泽,县丞,,,,,,胡娘，孔子第57代孙。,
朱姑,孔,贞,女,57,1392-01-01,1465-01-01,是,曹州,主簿,,,,,,朱姑，孔子第57代孙。,
孔贞佂,孔,贞,男,57,1389-01-01,1471-01-01,是,定陶,训导,,,,,,孔贞佂，孔子第57代孙。,
孔贞佃,孔,贞,男,57,1386-01-01,1447-01-01,是,单县,教谕,,,,,,孔贞佃，孔子第57代孙。,
孔贞佄,孔,贞,男,57,1389-01-01,1469-01-01,是,成武,商人,,,,,,孔贞佄，孔子第57代孙。,
孔贞佅,孔,贞,男,57,1392-01-01,1473-01-01,是,巨野,官员,,,,,,孔贞佅，孔子第57代孙。,
马娘,孔,贞,女,57,1390-01-01,1461-01-01,是,郓城,学者,,,,,,马娘，孔子第57代孙。,
孔贞佇,孔,贞,男,57,1392-01-01,1473-01-01,是,鄄城,大夫,,,,,,孔贞佇，孔子第57代孙。,
孔贞佈,孔,贞,男,57,1390-01-01,1455-01-01,是,曲阜,士,,,,,,孔贞佈，孔子第57代孙。,
孔贞佉,孔,贞,男,57,1385-01-01,1445-01-01,是,滋阳,农,,,,,,孔贞佉，孔子第57代孙。,
孔贞佊,孔,贞,男,57,1388-01-01,1453-01-01,是,济宁,商,,,,,,孔贞佊，孔子第57代孙。,
陈氏,孔,贞,女,57,1391-01-01,1470-01-01,是,邹县,儒,,,,,,陈氏，孔子第57代孙。,
杨娘,孔,贞,女,57,1388-01-01,1454-01-01,是,滕县,工部侍郎,,,,,,杨娘，孔子第57代孙。,
赵姑,孔,贞,女,57,1391-01-01,1451-01-01,是,峄县,礼部尚书,,,,,,赵姑，孔子第57代孙。,
黄氏,孔,贞,女,57,1392-01-01,1469-01-01,是,金乡,知州,,,,,,黄氏，孔子第57代孙。,
孔贞住,孔,贞,男,57,1388-01-01,1460-01-01,是,鱼台,知县,,,,,,孔贞住，孔子第57代孙。,
吴姑,孔,贞,女,57,1390-01-01,1473-01-01,是,嘉祥,举人,,,,,,吴姑，孔子第57代孙。,
孔贞佑,孔,贞,男,57,1387-01-01,1447-01-01,是,汶上,进士,,,,,,孔贞佑，孔子第57代孙。,
孔贞佒,孔,贞,男,57,1387-01-01,1466-01-01,是,泗水,太学生,,,,,,孔贞佒，孔子第57代孙。,
孔贞体,孔,贞,男,57,1388-01-01,1463-01-01,是,宁阳,县丞,,,,,,孔贞体，孔子第57代孙。,
孔贞佔,孔,贞,男,57,1390-01-01,1466-01-01,是,兖州,主簿,,,,,,孔贞佔，孔子第57代孙。,
孔贞何,孔,贞,男,57,1391-01-01,1457-01-01,是,东平,训导,,,,,,孔贞何，孔子第57代孙。,
林姑,孔,贞,女,57,1385-01-01,1446-01-01,是,寿张,教谕,,,,,,林姑，孔子第57代孙。,
何氏,孔,贞,女,57,1387-01-01,1462-01-01,是,范县,商人,,,,,,何氏，孔子第57代孙。,
郭娘,孔,贞,女,57,1385-01-01,1456-01-01,是,濮州,官员,,,,,,郭娘，孔子第57代孙。,
孔贞余,孔,贞,男,57,1389-01-01,1451-01-01,是,开州,学者,,,,,,孔贞余，孔子第57代孙。,
孔贞佚,孔,贞,男,57,1388-01-01,1456-01-01,是,长垣,大夫,,,,,,孔贞佚，孔子第57代孙。,
孔贞佛,孔,贞,男,57,1385-01-01,1465-01-01,是,东明,士,,,,,,孔贞佛，孔子第57代孙。,
孔贞作,孔,贞,男,57,1387-01-01,1455-01-01,是,荷泽,农,,,,,,孔贞作，孔子第57代孙。,
刘氏,孔,贞,女,57,1392-01-01,1463-01-01,是,曹州,商,,,,,,刘氏，孔子第57代孙。,
孔贞佞,孔,贞,男,57,1389-01-01,1465-01-01,是,定陶,儒,,,,,,孔贞佞，孔子第57代孙。,
孔贞佟,孔,贞,男,57,1386-01-01,1464-01-01,是,单县,工部侍郎,,,,,,孔贞佟，孔子第57代孙。,
赵氏,孔,贞,女,57,1388-01-01,1462-01-01,是,成武,礼部尚书,,,,,,赵氏，孔子第57代孙。,
黄娘,孔,贞,女,57,1390-01-01,1472-01-01,是,巨野,知州,,,,,,黄娘，孔子第57代孙。,
孔贞佢,孔,贞,男,57,1390-01-01,1461-01-01,是,郓城,知县,,,,,,孔贞佢，孔子第57代孙。,
吴氏,孔,贞,女,57,1390-01-01,1453-01-01,是,鄄城,举人,,,,,,吴氏，孔子第57代孙。,
孔贞佤,孔,贞,男,57,1388-01-01,1470-01-01,是,曲阜,进士,,,,,,孔贞佤，孔子第57代孙。,
孔贞佥,孔,贞,男,57,1392-01-01,1471-01-01,是,滋阳,太学生,,,,,,孔贞佥，孔子第57代孙。,
孔贞佦,孔,贞,男,57,1392-01-01,1462-01-01,是,济宁,县丞,,,,,,孔贞佦，孔子第57代孙。,
朱娘,孔,贞,女,57,1391-01-01,1452-01-01,是,邹县,主簿,,,,,,朱娘，孔子第57代孙。,
高姑,孔,贞,女,57,1386-01-01,1452-01-01,是,滕县,训导,,,,,,高姑，孔子第57代孙。,
孔贞佩,孔,贞,男,57,1386-01-01,1454-01-01,是,峄县,教谕,,,,,,孔贞佩，孔子第57代孙。,
孔贞佪,孔,贞,男,57,1391-01-01,1465-01-01,是,金乡,商人,,,,,,孔贞佪，孔子第57代孙。,
孔贞佫,孔,贞,男,57,1386-01-01,1468-01-01,是,鱼台,官员,,,,,,孔贞佫，孔子第57代孙。,
孔贞佬,孔,贞,男,57,1385-01-01,1445-01-01,是,嘉祥,学者,,,,,,孔贞佬，孔子第57代孙。,
张娘,孔,贞,女,57,1390-01-01,1461-01-01,是,汶上,大夫,,,,,,张娘，孔子第57代孙。,
孔贞佮,孔,贞,男,57,1390-01-01,1469-01-01,是,泗水,士,,,,,,孔贞佮，孔子第57代孙。,
李氏,孔,贞,女,57,1391-01-01,1469-01-01,是,宁阳,农,,,,,,李氏，孔子第57代孙。,
刘娘,孔,贞,女,57,1392-01-01,1459-01-01,是,兖州,商,,,,,,刘娘，孔子第57代孙。,
陈姑,孔,贞,女,57,1389-01-01,1457-01-01,是,东平,儒,,,,,,陈姑，孔子第57代孙。,
孔贞佲,孔,贞,男,57,1389-01-01,1473-01-01,是,寿张,工部侍郎,,,,,,孔贞佲，孔子第57代孙。,
赵娘,孔,贞,女,57,1391-01-01,1454-01-01,是,范县,礼部尚书,,,,,,赵娘，孔子第57代孙。,
黄姑,孔,贞,女,57,1390-01-01,1451-01-01,是,濮州,知州,,,,,,黄姑，孔子第57代孙。,
周氏,孔,贞,女,57,1390-01-01,1450-01-01,是,开州,知县,,,,,,周氏，孔子第57代孙。,
吴娘,孔,贞,女,57,1392-01-01,1472-01-01,是,长垣,举人,,,,,,吴娘，孔子第57代孙。,
徐姑,孔,贞,女,57,1386-01-01,1450-01-01,是,东明,进士,,,,,,徐姑，孔子第57代孙。,
孔贞佸,孔,贞,男,57,1385-01-01,1469-01-01,是,荷泽,太学生,,,,,,孔贞佸，孔子第57代孙。,
孔贞佹,孔,贞,男,57,1385-01-01,1459-01-01,是,曹州,县丞,,,,,,孔贞佹，孔子第57代孙。,
朱姑,孔,贞,女,57,1391-01-01,1457-01-01,是,定陶,主簿,,,,,,朱姑，孔子第57代孙。,
孔贞佻,孔,贞,男,57,1391-01-01,1465-01-01,是,单县,训导,,,,,,孔贞佻，孔子第57代孙。,
孔贞佼,孔,贞,男,57,1385-01-01,1450-01-01,是,成武,教谕,,,,,,孔贞佼，孔子第57代孙。,
何姑,孔,贞,女,57,1387-01-01,1462-01-01,是,巨野,商人,,,,,,何姑，孔子第57代孙。,
郭氏,孔,贞,女,57,1385-01-01,1451-01-01,是,郓城,官员,,,,,,郭氏，孔子第57代孙。,
马娘,孔,贞,女,57,1385-01-01,1448-01-01,是,鄄城,学者,,,,,,马娘，孔子第57代孙。,
孔贞侀,孔,贞,男,57,1388-01-01,1450-01-01,是,曲阜,大夫,,,,,,孔贞侀，孔子第57代孙。,
孔贞侁,孔,贞,男,57,1392-01-01,1468-01-01,是,滋阳,士,,,,,,孔贞侁，孔子第57代孙。,
李娘,孔,贞,女,57,1388-01-01,1472-01-01,是,济宁,农,,,,,,李娘，孔子第57代孙。,
刘姑,孔,贞,女,57,1389-01-01,1455-01-01,是,邹县,商,,,,,,刘姑，孔子第57代孙。,
陈氏,孔,贞,女,57,1387-01-01,1464-01-01,是,滕县,儒,,,,,,陈氏，孔子第57代孙。,
孔贞侅,孔,贞,男,57,1392-01-01,1459-01-01,是,峄县,工部侍郎,,,,,,孔贞侅，孔子第57代孙。,
孔贞來,孔,贞,男,57,1389-01-01,1470-01-01,是,金乡,礼部尚书,,,,,,孔贞來，孔子第57代孙。,
孔贞侇,孔,贞,男,57,1390-01-01,1451-01-01,是,鱼台,知州,,,,,,孔贞侇，孔子第57代孙。,
孔贞侈,孔,贞,男,57,1389-01-01,1457-01-01,是,嘉祥,知县,,,,,,孔贞侈，孔子第57代孙。,
孔贞侉,孔,贞,男,57,1387-01-01,1448-01-01,是,汶上,举人,,,,,,孔贞侉，孔子第57代孙。,
孔贞侊,孔,贞,男,57,1390-01-01,1474-01-01,是,泗水,进士,,,,,,孔贞侊，孔子第57代孙。,
孙娘,孔,贞,女,57,1386-01-01,1447-01-01,是,宁阳,太学生,,,,,,孙娘，孔子第57代孙。,
胡姑,孔,贞,女,57,1391-01-01,1459-01-01,是,兖州,县丞,,,,,,胡姑，孔子第57代孙。,
孔贞侍,孔,贞,男,57,1386-01-01,1460-01-01,是,东平,主簿,,,,,,孔贞侍，孔子第57代孙。,
孔贞侎,孔,贞,男,57,1392-01-01,1469-01-01,是,寿张,训导,,,,,,孔贞侎，孔子第57代孙。,
林姑,孔,贞,女,57,1389-01-01,1454-01-01,是,范县,教谕,,,,,,林姑，孔子第57代孙。,
何氏,孔,贞,女,57,1388-01-01,1459-01-01,是,濮州,商人,,,,,,何氏，孔子第57代孙。,
郭娘,孔,贞,女,57,1385-01-01,1459-01-01,是,开州,官员,,,,,,郭娘，孔子第57代孙。,
马姑,孔,贞,女,57,1391-01-01,1471-01-01,是,长垣,学者,,,,,,马姑，孔子第57代孙。,
孔贞侓,孔,贞,男,57,1388-01-01,1463-01-01,是,东明,大夫,,,,,,孔贞侓，孔子第57代孙。,
孔贞侔,孔,贞,男,57,1387-01-01,1460-01-01,是,荷泽,士,,,,,,孔贞侔，孔子第57代孙。,
孔贞侕,孔,贞,男,57,1388-01-01,1449-01-01,是,曹州,农,,,,,,孔贞侕，孔子第57代孙。,
刘氏,孔,贞,女,57,1386-01-01,1452-01-01,是,定陶,商,,,,,,刘氏，孔子第57代孙。,
孔贞侗,孔,贞,男,57,1386-01-01,1460-01-01,是,单县,儒,,,,,,孔贞侗，孔子第57代孙。,
杨姑,孔,贞,女,57,1390-01-01,1451-01-01,是,成武,工部侍郎,,,,,,杨姑，孔子第57代孙。,
孔贞侙,孔,贞,男,57,1385-01-01,1453-01-01,是,巨野,礼部尚书,,,,,,孔贞侙，孔子第57代孙。,
孔贞侚,孔,贞,男,57,1386-01-01,1457-01-01,是,郓城,知州,,,,,,孔贞侚，孔子第57代孙。,
周姑,孔,贞,女,57,1391-01-01,1459-01-01,是,鄄城,知县,,,,,,周姑，孔子第57代孙。,
孔贞侜,孔,贞,男,57,1391-01-01,1452-01-01,是,曲阜,举人,,,,,,孔贞侜，孔子第57代孙。,
徐娘,孔,贞,女,57,1388-01-01,1458-01-01,是,滋阳,进士,,,,,,徐娘，孔子第57代孙。,
孔贞侞,孔,贞,男,57,1392-01-01,1455-01-01,是,济宁,太学生,,,,,,孔贞侞，孔子第57代孙。,
孔贞侟,孔,贞,男,57,1385-01-01,1451-01-01,是,邹县,县丞,,,,,,孔贞侟，孔子第57代孙。,
孔贞侠,孔,贞,男,57,1387-01-01,1465-01-01,是,滕县,主簿,,,,,,孔贞侠，孔子第57代孙。,
孔贞価,孔,贞,男,57,1392-01-01,1466-01-01,是,峄县,训导,,,,,,孔贞価，孔子第57代孙。,
孔贞侢,孔,贞,男,57,1386-01-01,1465-01-01,是,金乡,教谕,,,,,,孔贞侢，孔子第57代孙。,
孔贞侣,孔,贞,男,57,1386-01-01,1450-01-01,是,鱼台,商人,,,,,,孔贞侣，孔子第57代孙。,
孔贞侤,孔,贞,男,57,1390-01-01,1468-01-01,是,嘉祥,官员,,,,,,孔贞侤，孔子第57代孙。,
孔贞侥,孔,贞,男,57,1390-01-01,1458-01-01,是,汶上,学者,,,,,,孔贞侥，孔子第57代孙。,
张娘,孔,贞,女,57,1389-01-01,1451-01-01,是,泗水,大夫,,,,,,张娘，孔子第57代孙。,
孔贞侧,孔,贞,男,57,1387-01-01,1454-01-01,是,宁阳,士,,,,,,孔贞侧，孔子第57代孙。,
孔贞侨,孔,贞,男,57,1386-01-01,1450-01-01,是,兖州,农,,,,,,孔贞侨，孔子第57代孙。,
刘娘,孔,贞,女,57,1392-01-01,1474-01-01,是,东平,商,,,,,,刘娘，孔子第57代孙。,
孔贞侪,孔,贞,男,57,1388-01-01,1450-01-01,是,寿张,儒,,,,,,孔贞侪，孔子第57代孙。,
杨氏,孔,贞,女,57,1385-01-01,1458-01-01,是,范县,工部侍郎,,,,,,杨氏，孔子第57代孙。,
孔贞侬,孔,贞,男,57,1386-01-01,1467-01-01,是,濮州,礼部尚书,,,,,,孔贞侬，孔子第57代孙。,
孔贞侭,孔,贞,男,57,1385-01-01,1445-01-01,是,开州,知州,,,,,,孔贞侭，孔子第57代孙。,
孔贞侮,孔,贞,男,57,1387-01-01,1470-01-01,是,长垣,知县,,,,,,孔贞侮，孔子第57代孙。,
吴娘,孔,贞,女,57,1389-01-01,1458-01-01,是,东明,举人,,,,,,吴娘，孔子第57代孙。,
孔贞侰,孔,贞,男,57,1388-01-01,1450-01-01,是,荷泽,进士,,,,,,孔贞侰，孔子第57代孙。,
孔贞侱,孔,贞,男,57,1388-01-01,1456-01-01,是,曹州,太学生,,,,,,孔贞侱，孔子第57代孙。,
孔贞侲,孔,贞,男,57,1391-01-01,1475-01-01,是,定陶,县丞,,,,,,孔贞侲，孔子第57代孙。,
孔贞侳,孔,贞,男,57,1385-01-01,1467-01-01,是,单县,主簿,,,,,,孔贞侳，孔子第57代孙。,
高氏,孔,贞,女,57,1389-01-01,1459-01-01,是,成武,训导,,,,,,高氏，孔子第57代孙。,
孔贞侵,孔,贞,男,57,1385-01-01,1451-01-01,是,巨野,教谕,,,,,,孔贞侵，孔子第57代孙。,
孔贞侶,孔,贞,男,57,1391-01-01,1461-01-01,是,郓城,商人,,,,,,孔贞侶，孔子第57代孙。,
孔贞侷,孔,贞,男,57,1389-01-01,1470-01-01,是,鄄城,官员,,,,,,孔贞侷，孔子第57代孙。,
孔贞侸,孔,贞,男,57,1385-01-01,1447-01-01,是,曲阜,学者,,,,,,孔贞侸，孔子第57代孙。,
孔贞侹,孔,贞,男,57,1389-01-01,1456-01-01,是,滋阳,大夫,,,,,,孔贞侹，孔子第57代孙。,
王氏,孔,贞,女,57,1390-01-01,1472-01-01,是,济宁,士,,,,,,王氏，孔子第57代孙。,
李娘,孔,贞,女,57,1391-01-01,1475-01-01,是,邹县,农,,,,,,李娘，孔子第57代孙。,
孔贞侼,孔,贞,男,57,1387-01-01,1450-01-01,是,滕县,商,,,,,,孔贞侼，孔子第57代孙。,
陈氏,孔,贞,女,57,1388-01-01,1456-01-01,是,峄县,儒,,,,,,陈氏，孔子第57代孙。,
孔贞侾,孔,贞,男,57,1388-01-01,1462-01-01,是,金乡,工部侍郎,,,,,,孔贞侾，孔子第57代孙。,
孔贞便,孔,贞,男,57,1389-01-01,1461-01-01,是,鱼台,礼部尚书,,,,,,孔贞便，孔子第57代孙。,
黄氏,孔,贞,女,57,1387-01-01,1471-01-01,是,嘉祥,知州,,,,,,黄氏，孔子第57代孙。,
孔贞俁,孔,贞,男,57,1391-01-01,1467-01-01,是,汶上,知县,,,,,,孔贞俁，孔子第57代孙。,
孔贞係,孔,贞,男,57,1385-01-01,1467-01-01,是,泗水,举人,,,,,,孔贞係，孔子第57代孙。,
孔贞促,孔,贞,男,57,1386-01-01,1453-01-01,是,宁阳,进士,,,,,,孔贞促，孔子第57代孙。,
孔贞俄,孔,贞,男,57,1390-01-01,1469-01-01,是,兖州,太学生,,,,,,孔贞俄，孔子第57代孙。,
胡姑,孔,贞,女,57,1392-01-01,1457-01-01,是,东平,县丞,,,,,,胡姑，孔子第57代孙。,
孔贞俆,孔,贞,男,57,1390-01-01,1458-01-01,是,寿张,主簿,,,,,,孔贞俆，孔子第57代孙。,
孔贞俇,孔,贞,男,57,1386-01-01,1469-01-01,是,范县,训导,,,,,,孔贞俇，孔子第57代孙。,
林姑,孔,贞,女,57,1386-01-01,1460-01-01,是,濮州,教谕,,,,,,林姑，孔子第57代孙。,
孔贞俉,孔,贞,男,57,1392-01-01,1466-01-01,是,开州,商人,,,,,,孔贞俉，孔子第57代孙。,
孔贞俊,孔,贞,男,57,1388-01-01,1449-01-01,是,长垣,官员,,,,,,孔贞俊，孔子第57代孙。,
马姑,孔,贞,女,57,1391-01-01,1466-01-01,是,东明,学者,,,,,,马姑，孔子第57代孙。,
张氏,孔,贞,女,57,1390-01-01,1459-01-01,是,荷泽,大夫,,,,,,张氏，孔子第57代孙。,
孔贞俍,孔,贞,男,57,1389-01-01,1453-01-01,是,曹州,士,,,,,,孔贞俍，孔子第57代孙。,
李姑,孔,贞,女,57,1387-01-01,1451-01-01,是,定陶,农,,,,,,李姑，孔子第57代孙。,
孔贞俏,孔,贞,男,57,1385-01-01,1445-01-01,是,单县,商,,,,,,孔贞俏，孔子第57代孙。,
孔贞俐,孔,贞,男,57,1390-01-01,1452-01-01,是,成武,儒,,,,,,孔贞俐，孔子第57代孙。,
孔贞俑,孔,贞,男,57,1387-01-01,1468-01-01,是,巨野,工部侍郎,,,,,,孔贞俑，孔子第57代孙。,
孔贞俒,孔,贞,男,57,1388-01-01,1470-01-01,是,郓城,礼部尚书,,,,,,孔贞俒，孔子第57代孙。,
孔贞俓,孔,贞,男,57,1391-01-01,1457-01-01,是,鄄城,知州,,,,,,孔贞俓，孔子第57代孙。,
孔贞俔,孔,贞,男,57,1387-01-01,1460-01-01,是,曲阜,知县,,,,,,孔贞俔，孔子第57代孙。,
吴氏,孔,贞,女,57,1390-01-01,1457-01-01,是,滋阳,举人,,,,,,吴氏，孔子第57代孙。,
孔贞俖,孔,贞,男,57,1390-01-01,1457-01-01,是,济宁,进士,,,,,,孔贞俖，孔子第57代孙。,
孙姑,孔,贞,女,57,1386-01-01,1468-01-01,是,邹县,太学生,,,,,,孙姑，孔子第57代孙。,
胡氏,孔,贞,女,57,1387-01-01,1447-01-01,是,滕县,县丞,,,,,,胡氏，孔子第57代孙。,
孔贞俙,孔,贞,男,57,1387-01-01,1469-01-01,是,峄县,主簿,,,,,,孔贞俙，孔子第57代孙。,
高姑,孔,贞,女,57,1390-01-01,1467-01-01,是,金乡,训导,,,,,,高姑，孔子第57代孙。,
孔贞俛,孔,贞,男,57,1386-01-01,1458-01-01,是,鱼台,教谕,,,,,,孔贞俛，孔子第57代孙。,
何娘,孔,贞,女,57,1391-01-01,1461-01-01,是,嘉祥,商人,,,,,,何娘，孔子第57代孙。,
孔贞保,孔,贞,男,57,1389-01-01,1461-01-01,是,汶上,官员,,,,,,孔贞保，孔子第57代孙。,
孔贞俞,孔,贞,男,57,1385-01-01,1455-01-01,是,泗水,学者,,,,,,孔贞俞，孔子第57代孙。,
孔贞俟,孔,贞,男,57,1387-01-01,1468-01-01,是,宁阳,大夫,,,,,,孔贞俟，孔子第57代孙。,
孔贞俠,孔,贞,男,57,1392-01-01,1458-01-01,是,兖州,士,,,,,,孔贞俠，孔子第57代孙。,
李氏,孔,贞,女,57,1391-01-01,1469-01-01,是,东平,农,,,,,,李氏，孔子第57代孙。,
孔贞俢,孔,贞,男,57,1388-01-01,1468-01-01,是,寿张,商,,,,,,孔贞俢，孔子第57代孙。,
孔贞俣,孔,贞,男,57,1389-01-01,1454-01-01,是,范县,儒,,,,,,孔贞俣，孔子第57代孙。,
孔贞俤,孔,贞,男,57,1388-01-01,1472-01-01,是,濮州,工部侍郎,,,,,,孔贞俤，孔子第57代孙。,
孔贞俥,孔,贞,男,57,1386-01-01,1459-01-01,是,开州,礼部尚书,,,,,,孔贞俥，孔子第57代孙。,
黄姑,孔,贞,女,57,1390-01-01,1460-01-01,是,长垣,知州,,,,,,黄姑，孔子第57代孙。,
孔贞俧,孔,贞,男,57,1391-01-01,1459-01-01,是,东明,知县,,,,,,孔贞俧，孔子第57代孙。,
孔贞俨,孔,贞,男,57,1391-01-01,1455-01-01,是,荷泽,举人,,,,,,孔贞俨，孔子第57代孙。,
孔贞俩,孔,贞,男,57,1392-01-01,1461-01-01,是,曹州,进士,,,,,,孔贞俩，孔子第57代孙。,
孔贞俪,孔,贞,男,57,1390-01-01,1459-01-01,是,定陶,太学生,,,,,,孔贞俪，孔子第57代孙。,
孔贞俫,孔,贞,男,57,1387-01-01,1471-01-01,是,单县,县丞,,,,,,孔贞俫，孔子第57代孙。,
朱姑,孔,贞,女,57,1386-01-01,1467-01-01,是,成武,主簿,,,,,,朱姑，孔子第57代孙。,
孔贞俭,孔,贞,男,57,1386-01-01,1452-01-01,是,巨野,训导,,,,,,孔贞俭，孔子第57代孙。,
林娘,孔,贞,女,57,1392-01-01,1464-01-01,是,郓城,教谕,,,,,,林娘，孔子第57代孙。,
何姑,孔,贞,女,57,1392-01-01,1459-01-01,是,鄄城,商人,,,,,,何姑，孔子第57代孙。,
孔贞俰,孔,贞,男,57,1392-01-01,1458-01-01,是,曲阜,官员,,,,,,孔贞俰，孔子第57代孙。,
孔贞俱,孔,贞,男,57,1392-01-01,1467-01-01,是,滋阳,学者,,,,,,孔贞俱，孔子第57代孙。,
孔贞俲,孔,贞,男,57,1389-01-01,1449-01-01,是,济宁,大夫,,,,,,孔贞俲，孔子第57代孙。,
孔贞俳,孔,贞,男,57,1389-01-01,1470-01-01,是,邹县,士,,,,,,孔贞俳，孔子第57代孙。,
李娘,孔,贞,女,57,1391-01-01,1459-01-01,是,滕县,农,,,,,,李娘，孔子第57代孙。,
刘姑,孔,贞,女,57,1388-01-01,1469-01-01,是,峄县,商,,,,,,刘姑，孔子第57代孙。,
孔贞俶,孔,贞,男,57,1390-01-01,1471-01-01,是,金乡,儒,,,,,,孔贞俶，孔子第57代孙。,
杨娘,孔,贞,女,57,1391-01-01,1457-01-01,是,鱼台,工部侍郎,,,,,,杨娘，孔子第57代孙。,
赵姑,孔,贞,女,57,1386-01-01,1455-01-01,是,嘉祥,礼部尚书,,,,,,赵姑，孔子第57代孙。,
孔贞俹,孔,贞,男,57,1385-01-01,1450-01-01,是,汶上,知州,,,,,,孔贞俹，孔子第57代孙。,
周娘,孔,贞,女,57,1388-01-01,1465-01-01,是,泗水,知县,,,,,,周娘，孔子第57代孙。,
吴姑,孔,贞,女,57,1392-01-01,1472-01-01,是,宁阳,举人,,,,,,吴姑，孔子第57代孙。,
徐氏,孔,贞,女,57,1389-01-01,1464-01-01,是,兖州,进士,,,,,,徐氏，孔子第57代孙。,
孔贞俽,孔,贞,男,57,1388-01-01,1450-01-01,是,东平,太学生,,,,,,孔贞俽，孔子第57代孙。,
孔贞俾,孔,贞,男,57,1390-01-01,1460-01-01,是,寿张,县丞,,,,,,孔贞俾，孔子第57代孙。,
孔贞俿,孔,贞,男,57,1385-01-01,1455-01-01,是,范县,主簿,,,,,,孔贞俿，孔子第57代孙。,
孔贞倀,孔,贞,男,57,1385-01-01,1450-01-01,是,濮州,训导,,,,,,孔贞倀，孔子第57代孙。,
林姑,孔,贞,女,57,1391-01-01,1472-01-01,是,开州,教谕,,,,,,林姑，孔子第57代孙。,
何氏,孔,贞,女,57,1391-01-01,1456-01-01,是,长垣,商人,,,,,,何氏，孔子第57代孙。,
郭娘,孔,贞,女,57,1392-01-01,1470-01-01,是,东明,官员,,,,,,郭娘，孔子第57代孙。,
孔贞倄,孔,贞,男,57,1392-01-01,1470-01-01,是,荷泽,学者,,,,,,孔贞倄，孔子第57代孙。,
张氏,孔,贞,女,57,1387-01-01,1452-01-01,是,曹州,大夫,,,,,,张氏，孔子第57代孙。,
孔贞倆,孔,贞,男,57,1390-01-01,1471-01-01,是,定陶,士,,,,,,孔贞倆，孔子第57代孙。,
孔贞倇,孔,贞,男,57,1387-01-01,1456-01-01,是,单县,农,,,,,,孔贞倇，孔子第57代孙。,
孔贞倈,孔,贞,男,57,1388-01-01,1468-01-01,是,成武,商,,,,,,孔贞倈，孔子第57代孙。,
孔贞倉,孔,贞,男,57,1385-01-01,1460-01-01,是,巨野,儒,,,,,,孔贞倉，孔子第57代孙。,
孔贞倊,孔,贞,男,57,1388-01-01,1455-01-01,是,郓城,工部侍郎,,,,,,孔贞倊，孔子第57代孙。,
赵氏,孔,贞,女,57,1389-01-01,1449-01-01,是,鄄城,礼部尚书,,,,,,赵氏，孔子第57代孙。,
孔贞倌,孔,贞,男,57,1392-01-01,1459-01-01,是,曲阜,知州,,,,,,孔贞倌，孔子第57代孙。,
周姑,孔,贞,女,57,1388-01-01,1454-01-01,是,滋阳,知县,,,,,,周姑，孔子第57代孙。,
孔贞倎,孔,贞,男,57,1387-01-01,1461-01-01,是,济宁,举人,,,,,,孔贞倎，孔子第57代孙。,
孔贞倏,孔,贞,男,57,1390-01-01,1460-01-01,是,邹县,进士,,,,,,孔贞倏，孔子第57代孙。,
孔贞倐,孔,贞,男,57,1389-01-01,1471-01-01,是,滕县,太学生,,,,,,孔贞倐，孔子第57代孙。,
孔贞們,孔,贞,男,57,1385-01-01,1468-01-01,是,峄县,县丞,,,,,,孔贞們，孔子第57代孙。,
朱娘,孔,贞,女,57,1390-01-01,1460-01-01,是,金乡,主簿,,,,,,朱娘，孔子第57代孙。,
高姑,孔,贞,女,57,1387-01-01,1459-01-01,是,鱼台,训导,,,,,,高姑，孔子第57代孙。,
孔贞倔,孔,贞,男,57,1385-01-01,1447-01-01,是,嘉祥,教谕,,,,,,孔贞倔，孔子第57代孙。,
孔贞倕,孔,贞,男,57,1391-01-01,1458-01-01,是,汶上,商人,,,,,,孔贞倕，孔子第57代孙。,
孔贞倖,孔,贞,男,57,1385-01-01,1447-01-01,是,泗水,官员,,,,,,孔贞倖，孔子第57代孙。,
马氏,孔,贞,女,57,1392-01-01,1457-01-01,是,宁阳,学者,,,,,,马氏，孔子第57代孙。,
孔贞倘,孔,贞,男,57,1386-01-01,1455-01-01,是,兖州,大夫,,,,,,孔贞倘，孔子第57代孙。,
孔贞候,孔,贞,男,57,1387-01-01,1451-01-01,是,东平,士,,,,,,孔贞候，孔子第57代孙。,
孔贞倚,孔,贞,男,57,1385-01-01,1450-01-01,是,寿张,农,,,,,,孔贞倚，孔子第57代孙。,
孔贞倛,孔,贞,男,57,1385-01-01,1455-01-01,是,范县,商,,,,,,孔贞倛，孔子第57代孙。,
孔贞倜,孔,贞,男,57,1391-01-01,1454-01-01,是,濮州,儒,,,,,,孔贞倜，孔子第57代孙。,
孔贞倝,孔,贞,男,57,1387-01-01,1454-01-01,是,开州,工部侍郎,,,,,,孔贞倝，孔子第57代孙。,
孔贞倞,孔,贞,男,57,1388-01-01,1453-01-01,是,长垣,礼部尚书,,,,,,孔贞倞，孔子第57代孙。,
孔贞借,孔,贞,男,57,1389-01-01,1452-01-01,是,东明,知州,,,,,,孔贞借，孔子第57代孙。,
周氏,孔,贞,女,57,1389-01-01,1470-01-01,是,荷泽,知县,,,,,,周氏，孔子第57代孙。,
孔贞倡,孔,贞,男,57,1391-01-01,1472-01-01,是,曹州,举人,,,,,,孔贞倡，孔子第57代孙。,
孔贞倢,孔,贞,男,57,1387-01-01,1466-01-01,是,定陶,进士,,,,,,孔贞倢，孔子第57代孙。,
孔贞倣,孔,贞,男,57,1387-01-01,1463-01-01,是,单县,太学生,,,,,,孔贞倣，孔子第57代孙。,
孔贞値,孔,贞,男,57,1392-01-01,1472-01-01,是,成武,县丞,,,,,,孔贞値，孔子第57代孙。,
孔贞倥,孔,贞,男,57,1391-01-01,1465-01-01,是,巨野,主簿,,,,,,孔贞倥，孔子第57代孙。,
孔贞倦,孔,贞,男,57,1386-01-01,1446-01-01,是,郓城,训导,,,,,,孔贞倦，孔子第57代孙。,
林娘,孔,贞,女,57,1390-01-01,1472-01-01,是,鄄城,教谕,,,,,,林娘，孔子第57代孙。,
孔贞倨,孔,贞,男,57,1389-01-01,1462-01-01,是,曲阜,商人,,,,,,孔贞倨，孔子第57代孙。,
孔贞倩,孔,贞,男,57,1389-01-01,1469-01-01,是,滋阳,官员,,,,,,孔贞倩，孔子第57代孙。,
孔贞倪,孔,贞,男,57,1391-01-01,1451-01-01,是,济宁,学者,,,,,,孔贞倪，孔子第57代孙。,
孔贞倫,孔,贞,男,57,1385-01-01,1461-01-01,是,邹县,大夫,,,,,,孔贞倫，孔子第57代孙。,
王氏,孔,贞,女,57,1386-01-01,1449-01-01,是,滕县,士,,,,,,王氏，孔子第57代孙。,
孔贞倭,孔,贞,男,57,1390-01-01,1463-01-01,是,峄县,农,,,,,,孔贞倭，孔子第57代孙。,
刘姑,孔,贞,女,57,1387-01-01,1449-01-01,是,金乡,商,,,,,,刘姑，孔子第57代孙。,
孔贞倯,孔,贞,男,57,1391-01-01,1453-01-01,是,鱼台,儒,,,,,,孔贞倯，孔子第57代孙。,
孔贞倰,孔,贞,男,57,1386-01-01,1457-01-01,是,嘉祥,工部侍郎,,,,,,孔贞倰，孔子第57代孙。,
赵姑,孔,贞,女,57,1386-01-01,1451-01-01,是,汶上,礼部尚书,,,,,,赵姑，孔子第57代孙。,
黄氏,孔,贞,女,57,1389-01-01,1469-01-01,是,泗水,知州,,,,,,黄氏，孔子第57代孙。,
孔贞倳,孔,贞,男,57,1386-01-01,1464-01-01,是,宁阳,知县,,,,,,孔贞倳，孔子第57代孙。,
吴姑,孔,贞,女,57,1386-01-01,1446-01-01,是,兖州,举人,,,,,,吴姑，孔子第57代孙。,
徐氏,孔,贞,女,57,1387-01-01,1450-01-01,是,东平,进士,,,,,,徐氏，孔子第57代孙。,
孔贞倶,孔,贞,男,57,1392-01-01,1469-01-01,是,寿张,太学生,,,,,,孔贞倶，孔子第57代孙。,
胡姑,孔,贞,女,57,1390-01-01,1457-01-01,是,范县,县丞,,,,,,胡姑，孔子第57代孙。,
孔贞倸,孔,贞,男,57,1386-01-01,1447-01-01,是,濮州,主簿,,,,,,孔贞倸，孔子第57代孙。,
孔贞倹,孔,贞,男,57,1386-01-01,1452-01-01,是,开州,训导,,,,,,孔贞倹，孔子第57代孙。,
孔贞债,孔,贞,男,57,1386-01-01,1453-01-01,是,长垣,教谕,,,,,,孔贞债，孔子第57代孙。,
何氏,孔,贞,女,57,1386-01-01,1462-01-01,是,东明,商人,,,,,,何氏，孔子第57代孙。,
郭娘,孔,贞,女,57,1392-01-01,1475-01-01,是,荷泽,官员,,,,,,郭娘，孔子第57代孙。,
马姑,孔,贞,女,57,1388-01-01,1448-01-01,是,曹州,学者,,,,,,马姑，孔子第57代孙。,
张氏,孔,贞,女,57,1385-01-01,1460-01-01,是,定陶,大夫,,,,,,张氏，孔子第57代孙。,
孔贞倿,孔,贞,男,57,1387-01-01,1465-01-01,是,单县,士,,,,,,孔贞倿，孔子第57代孙。,
李姑,孔,贞,女,57,1388-01-01,1467-01-01,是,成武,农,,,,,,李姑，孔子第57代孙。,
孔贞偁,孔,贞,男,57,1387-01-01,1457-01-01,是,巨野,商,,,,,,孔贞偁，孔子第57代孙。,
陈娘,孔,贞,女,57,1385-01-01,1445-01-01,是,郓城,儒,,,,,,陈娘，孔子第57代孙。,
孔贞偃,孔,贞,男,57,1389-01-01,1455-01-01,是,鄄城,工部侍郎,,,,,,孔贞偃，孔子第57代孙。,
孔贞偄,孔,贞,男,57,1389-01-01,1473-01-01,是,曲阜,礼部尚书,,,,,,孔贞偄，孔子第57代孙。,
孔贞偅,孔,贞,男,57,1389-01-01,1465-01-01,是,滋阳,知州,,,,,,孔贞偅，孔子第57代孙。,
孔贞偆,孔,贞,男,57,1388-01-01,1470-01-01,是,济宁,知县,,,,,,孔贞偆，孔子第57代孙。,
孔贞假,孔,贞,男,57,1387-01-01,1461-01-01,是,邹县,举人,,,,,,孔贞假，孔子第57代孙。,
徐娘,孔,贞,女,57,1392-01-01,1458-01-01,是,滕县,进士,,,,,,徐娘，孔子第57代孙。,
孔贞偉,孔,贞,男,57,1392-01-01,1467-01-01,是,峄县,太学生,,,,,,孔贞偉，孔子第57代孙。,
孔贞偊,孔,贞,男,57,1385-01-01,1458-01-01,是,金乡,县丞,,,,,,孔贞偊，孔子第57代孙。,
朱娘,孔,贞,女,57,1390-01-01,1462-01-01,是,鱼台,主簿,,,,,,朱娘，孔子第57代孙。,
孔贞偌,孔,贞,男,57,1386-01-01,1455-01-01,是,嘉祥,训导,,,,,,孔贞偌，孔子第57代孙。,
林氏,孔,贞,女,57,1389-01-01,1471-01-01,是,汶上,教谕,,,,,,林氏，孔子第57代孙。,
孔贞偎,孔,贞,男,57,1390-01-01,1454-01-01,是,泗水,商人,,,,,,孔贞偎，孔子第57代孙。,
郭姑,孔,贞,女,57,1389-01-01,1461-01-01,是,宁阳,官员,,,,,,郭姑，孔子第57代孙。,
孔贞偐,孔,贞,男,57,1392-01-01,1468-01-01,是,兖州,学者,,,,,,孔贞偐，孔子第57代孙。,
孔贞偑,孔,贞,男,57,1392-01-01,1474-01-01,是,东平,大夫,,,,,,孔贞偑，孔子第57代孙。,
王姑,孔,贞,女,57,1390-01-01,1472-01-01,是,寿张,士,,,,,,王姑，孔子第57代孙。,
李氏,孔,贞,女,57,1385-01-01,1463-01-01,是,范县,农,,,,,,李氏，孔子第57代孙。,
孔贞偔,孔,贞,男,57,1386-01-01,1468-01-01,是,濮州,商,,,,,,孔贞偔，孔子第57代孙。,
孔贞偕,孔,贞,男,57,1388-01-01,1453-01-01,是,开州,儒,,,,,,孔贞偕，孔子第57代孙。,
孔贞偖,孔,贞,男,57,1385-01-01,1461-01-01,是,长垣,工部侍郎,,,,,,孔贞偖，孔子第57代孙。,
孔贞偗,孔,贞,男,57,1389-01-01,1451-01-01,是,东明,礼部尚书,,,,,,孔贞偗，孔子第57代孙。,
孔贞偘,孔,贞,男,57,1390-01-01,1459-01-01,是,荷泽,知州,,,,,,孔贞偘，孔子第57代孙。,
孔贞偙,孔,贞,男,57,1391-01-01,1464-01-01,是,曹州,知县,,,,,,孔贞偙，孔子第57代孙。,
孔贞做,孔,贞,男,57,1389-01-01,1470-01-01,是,定陶,举人,,,,,,孔贞做，孔子第57代孙。,
徐姑,孔,贞,女,57,1388-01-01,1452-01-01,是,单县,进士,,,,,,徐姑，孔子第57代孙。,
孔贞停,孔,贞,男,57,1386-01-01,1452-01-01,是,成武,太学生,,,,,,孔贞停，孔子第57代孙。,
孔贞偝,孔,贞,男,57,1386-01-01,1464-01-01,是,巨野,县丞,,,,,,孔贞偝，孔子第57代孙。,
朱姑,孔,贞,女,57,1387-01-01,1467-01-01,是,郓城,主簿,,,,,,朱姑，孔子第57代孙。,
高氏,孔,贞,女,57,1387-01-01,1457-01-01,是,鄄城,训导,,,,,,高氏，孔子第57代孙。,
孔贞偠,孔,贞,男,57,1392-01-01,1452-01-01,是,曲阜,教谕,,,,,,孔贞偠，孔子第57代孙。,
何姑,孔,贞,女,57,1389-01-01,1457-01-01,是,滋阳,商人,,,,,,何姑，孔子第57代孙。,
孔贞偢,孔,贞,男,57,1389-01-01,1455-01-01,是,济宁,官员,,,,,,孔贞偢，孔子第57代孙。,
孔贞偣,孔,贞,男,57,1390-01-01,1451-01-01,是,邹县,学者,,,,,,孔贞偣，孔子第57代孙。,
张姑,孔,贞,女,57,1392-01-01,1455-01-01,是,滕县,大夫,,,,,,张姑，孔子第57代孙。,
孔贞健,孔,贞,男,57,1386-01-01,1449-01-01,是,峄县,士,,,,,,孔贞健，孔子第57代孙。,
李娘,孔,贞,女,57,1388-01-01,1465-01-01,是,金乡,农,,,,,,李娘，孔子第57代孙。,
刘姑,孔,贞,女,57,1389-01-01,1472-01-01,是,鱼台,商,,,,,,刘姑，孔子第57代孙。,
陈氏,孔,贞,女,57,1385-01-01,1450-01-01,是,嘉祥,儒,,,,,,陈氏，孔子第57代孙。,
杨娘,孔,贞,女,57,1387-01-01,1449-01-01,是,汶上,工部侍郎,,,,,,杨娘，孔子第57代孙。,
孔贞偪,孔,贞,男,57,1388-01-01,1450-01-01,是,泗水,礼部尚书,,,,,,孔贞偪，孔子第57代孙。,
孔贞偫,孔,贞,男,57,1385-01-01,1463-01-01,是,宁阳,知州,,,,,,孔贞偫，孔子第57代孙。,
孔贞偬,孔,贞,男,57,1389-01-01,1451-01-01,是,兖州,知县,,,,,,孔贞偬，孔子第57代孙。,
吴姑,孔,贞,女,57,1389-01-01,1470-01-01,是,东平,举人,,,,,,吴姑，孔子第57代孙。,
孔贞偮,孔,贞,男,57,1385-01-01,1452-01-01,是,寿张,进士,,,,,,孔贞偮，孔子第57代孙。,
孔贞偯,孔,贞,男,57,1387-01-01,1448-01-01,是,范县,太学生,,,,,,孔贞偯，孔子第57代孙。,
孔贞偰,孔,贞,男,57,1390-01-01,1461-01-01,是,濮州,县丞,,,,,,孔贞偰，孔子第57代孙。,
孔贞偱,孔,贞,男,57,1389-01-01,1472-01-01,是,开州,主簿,,,,,,孔贞偱，孔子第57代孙。,
孔贞偲,孔,贞,男,57,1391-01-01,1453-01-01,是,长垣,训导,,,,,,孔贞偲，孔子第57代孙。,
孔贞偳,孔,贞,男,57,1388-01-01,1468-01-01,是,东明,教谕,,,,,,孔贞偳，孔子第57代孙。,
何氏,孔,贞,女,57,1391-01-01,1454-01-01,是,荷泽,商人,,,,,,何氏，孔子第57代孙。,
孔贞偵,孔,贞,男,57,1392-01-01,1470-01-01,是,曹州,官员,,,,,,孔贞偵，孔子第57代孙。,
孔贞偶,孔,贞,男,57,1387-01-01,1465-01-01,是,定陶,学者,,,,,,孔贞偶，孔子第57代孙。,
张氏,孔,贞,女,57,1391-01-01,1467-01-01,是,单县,大夫,,,,,,张氏，孔子第57代孙。,
孔贞偸,孔,贞,男,57,1388-01-01,1459-01-01,是,成武,士,,,,,,孔贞偸，孔子第57代孙。,
孔贞偹,孔,贞,男,57,1389-01-01,1468-01-01,是,巨野,农,,,,,,孔贞偹，孔子第57代孙。,
刘氏,孔,贞,女,57,1385-01-01,1456-01-01,是,郓城,商,,,,,,刘氏，孔子第57代孙。,
孔贞偻,孔,贞,男,57,1386-01-01,1455-01-01,是,鄄城,儒,,,,,,孔贞偻，孔子第57代孙。,
杨姑,孔,贞,女,57,1386-01-01,1456-01-01,是,曲阜,工部侍郎,,,,,,杨姑，孔子第57代孙。,
孔贞偽,孔,贞,男,57,1388-01-01,1463-01-01,是,滋阳,礼部尚书,,,,,,孔贞偽，孔子第57代孙。,
孔贞偾,孔,贞,男,57,1387-01-01,1453-01-01,是,济宁,知州,,,,,,孔贞偾，孔子第57代孙。,
孔贞偿,孔,贞,男,57,1391-01-01,1454-01-01,是,邹县,知县,,,,,,孔贞偿，孔子第57代孙。,
孔贞傀,孔,贞,男,57,1388-01-01,1450-01-01,是,滕县,举人,,,,,,孔贞傀，孔子第57代孙。,
徐娘,孔,贞,女,57,1387-01-01,1461-01-01,是,峄县,进士,,,,,,徐娘，孔子第57代孙。,
孔贞傂,孔,贞,男,57,1392-01-01,1469-01-01,是,金乡,太学生,,,,,,孔贞傂，孔子第57代孙。,
孔贞傃,孔,贞,男,57,1391-01-01,1460-01-01,是,鱼台,县丞,,,,,,孔贞傃，孔子第57代孙。,
孔贞傄,孔,贞,男,57,1387-01-01,1460-01-01,是,嘉祥,主簿,,,,,,孔贞傄，孔子第57代孙。,
高姑,孔,贞,女,57,1388-01-01,1452-01-01,是,汶上,训导,,,,,,高姑，孔子第57代孙。,
林氏,孔,贞,女,57,1389-01-01,1452-01-01,是,泗水,教谕,,,,,,林氏，孔子第57代孙。,
孔贞傇,孔,贞,男,57,1385-01-01,1451-01-01,是,宁阳,商人,,,,,,孔贞傇，孔子第57代孙。,
郭姑,孔,贞,女,57,1386-01-01,1467-01-01,是,兖州,官员,,,,,,郭姑，孔子第57代孙。,
孔贞傉,孔,贞,男,57,1389-01-01,1451-01-01,是,东平,学者,,,,,,孔贞傉，孔子第57代孙。,
孔贞傊,孔,贞,男,57,1390-01-01,1469-01-01,是,寿张,大夫,,,,,,孔贞傊，孔子第57代孙。,
王姑,孔,贞,女,57,1387-01-01,1455-01-01,是,范县,士,,,,,,王姑，孔子第57代孙。,
李氏,孔,贞,女,57,1390-01-01,1453-01-01,是,濮州,农,,,,,,李氏，孔子第57代孙。,
孔贞傍,孔,贞,男,57,1385-01-01,1455-01-01,是,开州,商,,,,,,孔贞傍，孔子第57代孙。,
陈姑,孔,贞,女,57,1386-01-01,1469-01-01,是,长垣,儒,,,,,,陈姑，孔子第57代孙。,
杨氏,孔,贞,女,57,1390-01-01,1469-01-01,是,东明,工部侍郎,,,,,,杨氏，孔子第57代孙。,
孔贞傐,孔,贞,男,57,1389-01-01,1463-01-01,是,荷泽,礼部尚书,,,,,,孔贞傐，孔子第57代孙。,
孔贞傑,孔,贞,男,57,1390-01-01,1472-01-01,是,曹州,知州,,,,,,孔贞傑，孔子第57代孙。,
周氏,孔,贞,女,57,1387-01-01,1458-01-01,是,定陶,知县,,,,,,周氏，孔子第57代孙。,
孔贞傓,孔,贞,男,57,1391-01-01,1453-01-01,是,单县,举人,,,,,,孔贞傓，孔子第57代孙。,
徐姑,孔,贞,女,57,1386-01-01,1462-01-01,是,成武,进士,,,,,,徐姑，孔子第57代孙。,
孔贞傕,孔,贞,男,57,1385-01-01,1469-01-01,是,巨野,太学生,,,,,,孔贞傕，孔子第57代孙。,
胡娘,孔,贞,女,57,1391-01-01,1466-01-01,是,郓城,县丞,,,,,,胡娘，孔子第57代孙。,
孔贞傗,孔,贞,男,57,1389-01-01,1449-01-01,是,鄄城,主簿,,,,,,孔贞傗，孔子第57代孙。,
高氏,孔,贞,女,57,1386-01-01,1456-01-01,是,曲阜,训导,,,,,,高氏，孔子第57代孙。,
林娘,孔,贞,女,57,1391-01-01,1457-01-01,是,滋阳,教谕,,,,,,林娘，孔子第57代孙。,
何姑,孔,贞,女,57,1391-01-01,1469-01-01,是,济宁,商人,,,,,,何姑，孔子第57代孙。,
孔贞傛,孔,贞,男,57,1386-01-01,1466-01-01,是,邹县,官员,,,,,,孔贞傛，孔子第57代孙。,
马娘,孔,贞,女,57,1391-01-01,1467-01-01,是,滕县,学者,,,,,,马娘，孔子第57代孙。,
孔贞傝,孔,贞,男,57,1388-01-01,1452-01-01,是,峄县,大夫,,,,,,孔贞傝，孔子第57代孙。,
孔贞傞,孔,贞,男,57,1389-01-01,1458-01-01,是,金乡,士,,,,,,孔贞傞，孔子第57代孙。,
李娘,孔,贞,女,57,1391-01-01,1454-01-01,是,鱼台,农,,,,,,李娘，孔子第57代孙。,
孔贞傠,孔,贞,男,57,1386-01-01,1455-01-01,是,嘉祥,商,,,,,,孔贞傠，孔子第57代孙。,
孔贞傡,孔,贞,男,57,1392-01-01,1455-01-01,是,汶上,儒,,,,,,孔贞傡，孔子第57代孙。,
杨娘,孔,贞,女,57,1387-01-01,1463-01-01,是,泗水,工部侍郎,,,,,,杨娘，孔子第57代孙。,
赵姑,孔,贞,女,57,1388-01-01,1448-01-01,是,宁阳,礼部尚书,,,,,,赵姑，孔子第57代孙。,
黄氏,孔,贞,女,57,1391-01-01,1475-01-01,是,兖州,知州,,,,,,黄氏，孔子第57代孙。,
孔贞傥,孔,贞,男,57,1391-01-01,1461-01-01,是,东平,知县,,,,,,孔贞傥，孔子第57代孙。,
吴姑,孔,贞,女,57,1385-01-01,1452-01-01,是,寿张,举人,,,,,,吴姑，孔子第57代孙。,
孔贞傧,孔,贞,男,57,1385-01-01,1454-01-01,是,范县,进士,,,,,,孔贞傧，孔子第57代孙。,
孔贞储,孔,贞,男,57,1391-01-01,1457-01-01,是,濮州,太学生,,,,,,孔贞储，孔子第57代孙。,
胡姑,孔,贞,女,57,1389-01-01,1466-01-01,是,开州,县丞,,,,,,胡姑，孔子第57代孙。,
孔贞傪,孔,贞,男,57,1387-01-01,1456-01-01,是,长垣,主簿,,,,,,孔贞傪，孔子第57代孙。,
孔贞傫,孔,贞,男,57,1388-01-01,1452-01-01,是,东明,训导,,,,,,孔贞傫，孔子第57代孙。,
孔贞催,孔,贞,男,57,1388-01-01,1464-01-01,是,荷泽,教谕,,,,,,孔贞催，孔子第57代孙。,
孔贞傭,孔,贞,男,57,1387-01-01,1466-01-01,是,曹州,商人,,,,,,孔贞傭，孔子第57代孙。,
孔贞傮,孔,贞,男,57,1392-01-01,1472-01-01,是,定陶,官员,,,,,,孔贞傮，孔子第57代孙。,
孔贞傯,孔,贞,男,57,1392-01-01,1453-01-01,是,单县,学者,,,,,,孔贞傯，孔子第57代孙。,
孔贞傰,孔,贞,男,57,1386-01-01,1468-01-01,是,成武,大夫,,,,,,孔贞傰，孔子第57代孙。,
孔贞傱,孔,贞,男,57,1390-01-01,1468-01-01,是,巨野,士,,,,,,孔贞傱，孔子第57代孙。,
孔贞傲,孔,贞,男,57,1392-01-01,1465-01-01,是,郓城,农,,,,,,孔贞傲，孔子第57代孙。,
孔贞傳,孔,贞,男,57,1387-01-01,1454-01-01,是,鄄城,商,,,,,,孔贞傳，孔子第57代孙。,
陈娘,孔,贞,女,57,1391-01-01,1458-01-01,是,曲阜,儒,,,,,,陈娘，孔子第57代孙。,
杨姑,孔,贞,女,57,1385-01-01,1465-01-01,是,滋阳,工部侍郎,,,,,,杨姑，孔子第57代孙。,
赵氏,孔,贞,女,57,1391-01-01,1462-01-01,是,济宁,礼部尚书,,,,,,赵氏，孔子第57代孙。,
孔贞傷,孔,贞,男,57,1388-01-01,1470-01-01,是,邹县,知州,,,,,,孔贞傷，孔子第57代孙。,
孔贞傸,孔,贞,男,57,1392-01-01,1453-01-01,是,滕县,知县,,,,,,孔贞傸，孔子第57代孙。,
孔贞傹,孔,贞,男,57,1392-01-01,1476-01-01,是,峄县,举人,,,,,,孔贞傹，孔子第57代孙。,
孔贞傺,孔,贞,男,57,1390-01-01,1474-01-01,是,金乡,进士,,,,,,孔贞傺，孔子第57代孙。,
孔贞傻,孔,贞,男,57,1387-01-01,1447-01-01,是,鱼台,太学生,,,,,,孔贞傻，孔子第57代孙。,
孔贞傼,孔,贞,男,57,1391-01-01,1461-01-01,是,嘉祥,县丞,,,,,,孔贞傼，孔子第57代孙。,
孔贞傽,孔,贞,男,57,1391-01-01,1458-01-01,是,汶上,主簿,,,,,,孔贞傽，孔子第57代孙。,
高姑,孔,贞,女,57,1386-01-01,1455-01-01,是,泗水,训导,,,,,,高姑，孔子第57代孙。,
孔贞傿,孔,贞,男,57,1385-01-01,1458-01-01,是,宁阳,教谕,,,,,,孔贞傿，孔子第57代孙。,
何娘,孔,贞,女,57,1391-01-01,1462-01-01,是,兖州,商人,,,,,,何娘，孔子第57代孙。,
孔贞僁,孔,贞,男,57,1391-01-01,1453-01-01,是,东平,官员,,,,,,孔贞僁，孔子第57代孙。,
马氏,孔,贞,女,57,1392-01-01,1459-01-01,是,寿张,学者,,,,,,马氏，孔子第57代孙。,
孔贞僃,孔,贞,男,57,1391-01-01,1460-01-01,是,范县,大夫,,,,,,孔贞僃，孔子第57代孙。,
孔贞僄,孔,贞,男,57,1391-01-01,1466-01-01,是,濮州,士,,,,,,孔贞僄，孔子第57代孙。,
李氏,孔,贞,女,57,1385-01-01,1464-01-01,是,开州,农,,,,,,李氏，孔子第57代孙。,
孔贞僆,孔,贞,男,57,1392-01-01,1454-01-01,是,长垣,商,,,,,,孔贞僆，孔子第57代孙。,
陈姑,孔,贞,女,57,1388-01-01,1460-01-01,是,东明,儒,,,,,,陈姑，孔子第57代孙。,
孔贞僈,孔,贞,男,57,1386-01-01,1461-01-01,是,荷泽,工部侍郎,,,,,,孔贞僈，孔子第57代孙。,
孔贞僉,孔,贞,男,57,1388-01-01,1472-01-01,是,曹州,礼部尚书,,,,,,孔贞僉，孔子第57代孙。,
孔贞僊,孔,贞,男,57,1388-01-01,1452-01-01,是,定陶,知州,,,,,,孔贞僊，孔子第57代孙。,
孔贞僋,孔,贞,男,57,1391-01-01,1452-01-01,是,单县,知县,,,,,,孔贞僋，孔子第57代孙。,
吴娘,孔,贞,女,57,1385-01-01,1449-01-01,是,成武,举人,,,,,,吴娘，孔子第57代孙。,
徐姑,孔,贞,女,57,1390-01-01,1474-01-01,是,巨野,进士,,,,,,徐姑，孔子第57代孙。,
孔贞僎,孔,贞,男,57,1386-01-01,1460-01-01,是,郓城,太学生,,,,,,孔贞僎，孔子第57代孙。,
胡娘,孔,贞,女,57,1389-01-01,1456-01-01,是,鄄城,县丞,,,,,,胡娘，孔子第57代孙。,
朱姑,孔,贞,女,57,1385-01-01,1466-01-01,是,曲阜,主簿,,,,,,朱姑，孔子第57代孙。,
高氏,孔,贞,女,57,1391-01-01,1470-01-01,是,滋阳,训导,,,,,,高氏，孔子第57代孙。,
孔贞僒,孔,贞,男,57,1392-01-01,1454-01-01,是,济宁,教谕,,,,,,孔贞僒，孔子第57代孙。,
何姑,孔,贞,女,57,1386-01-01,1457-01-01,是,邹县,商人,,,,,,何姑，孔子第57代孙。,
郭氏,孔,贞,女,57,1386-01-01,1464-01-01,是,滕县,官员,,,,,,郭氏，孔子第57代孙。,
马娘,孔,贞,女,57,1388-01-01,1460-01-01,是,峄县,学者,,,,,,马娘，孔子第57代孙。,
张姑,孔,贞,女,57,1386-01-01,1454-01-01,是,金乡,大夫,,,,,,张姑，孔子第57代孙。,
王氏,孔,贞,女,57,1385-01-01,1447-01-01,是,鱼台,士,,,,,,王氏，孔子第57代孙。,
李娘,孔,贞,女,57,1389-01-01,1457-01-01,是,嘉祥,农,,,,,,李娘，孔子第57代孙。,
刘姑,孔,贞,女,57,1388-01-01,1460-01-01,是,汶上,商,,,,,,刘姑，孔子第57代孙。,
孔贞僚,孔,贞,男,57,1392-01-01,1470-01-01,是,泗水,儒,,,,,,孔贞僚，孔子第57代孙。,
孔贞僛,孔,贞,男,57,1387-01-01,1451-01-01,是,宁阳,工部侍郎,,,,,,孔贞僛，孔子第57代孙。,
孔贞僜,孔,贞,男,57,1390-01-01,1461-01-01,是,兖州,礼部尚书,,,,,,孔贞僜，孔子第57代孙。,
孔贞僝,孔,贞,男,57,1385-01-01,1461-01-01,是,东平,知州,,,,,,孔贞僝，孔子第57代孙。,
周娘,孔,贞,女,57,1385-01-01,1463-01-01,是,寿张,知县,,,,,,周娘，孔子第57代孙。,
吴姑,孔,贞,女,57,1389-01-01,1453-01-01,是,范县,举人,,,,,,吴姑，孔子第57代孙。,
徐氏,孔,贞,女,57,1391-01-01,1465-01-01,是,濮州,进士,,,,,,徐氏，孔子第57代孙。,
孔贞僡,孔,贞,男,57,1391-01-01,1470-01-01,是,开州,太学生,,,,,,孔贞僡，孔子第57代孙。,
孔贞僢,孔,贞,男,57,1387-01-01,1452-01-01,是,长垣,县丞,,,,,,孔贞僢，孔子第57代孙。,
朱氏,孔,贞,女,57,1387-01-01,1459-01-01,是,东明,主簿,,,,,,朱氏，孔子第57代孙。,
孔贞僤,孔,贞,男,57,1388-01-01,1469-01-01,是,荷泽,训导,,,,,,孔贞僤，孔子第57代孙。,
林姑,孔,贞,女,57,1385-01-01,1461-01-01,是,曹州,教谕,,,,,,林姑，孔子第57代孙。,
孔贞僦,孔,贞,男,57,1391-01-01,1468-01-01,是,定陶,商人,,,,,,孔贞僦，孔子第57代孙。,
孔贞僧,孔,贞,男,57,1387-01-01,1448-01-01,是,单县,官员,,,,,,孔贞僧，孔子第57代孙。,
孔贞僨,孔,贞,男,57,1392-01-01,1459-01-01,是,成武,学者,,,,,,孔贞僨，孔子第57代孙。,
孔贞僩,孔,贞,男,57,1389-01-01,1458-01-01,是,巨野,大夫,,,,,,孔贞僩，孔子第57代孙。,
孔贞僪,孔,贞,男,57,1387-01-01,1468-01-01,是,郓城,士,,,,,,孔贞僪，孔子第57代孙。,
李姑,孔,贞,女,57,1392-01-01,1474-01-01,是,鄄城,农,,,,,,李姑，孔子第57代孙。,
孔贞僬,孔,贞,男,57,1388-01-01,1454-01-01,是,曲阜,商,,,,,,孔贞僬，孔子第57代孙。,
陈娘,孔,贞,女,57,1389-01-01,1461-01-01,是,滋阳,儒,,,,,,陈娘，孔子第57代孙。,
孔贞僮,孔,贞,男,57,1389-01-01,1473-01-01,是,济宁,工部侍郎,,,,,,孔贞僮，孔子第57代孙。,
赵氏,孔,贞,女,57,1389-01-01,1458-01-01,是,邹县,礼部尚书,,,,,,赵氏，孔子第57代孙。,
孔贞僰,孔,贞,男,57,1385-01-01,1468-01-01,是,滕县,知州,,,,,,孔贞僰，孔子第57代孙。,
孔贞僱,孔,贞,男,57,1390-01-01,1466-01-01,是,峄县,知县,,,,,,孔贞僱，孔子第57代孙。,
孔贞僲,孔,贞,男,57,1392-01-01,1462-01-01,是,金乡,举人,,,,,,孔贞僲，孔子第57代孙。,
徐娘,孔,贞,女,57,1388-01-01,1456-01-01,是,鱼台,进士,,,,,,徐娘，孔子第57代孙。,
孙姑,孔,贞,女,57,1386-01-01,1448-01-01,是,嘉祥,太学生,,,,,,孙姑，孔子第57代孙。,
孔贞僵,孔,贞,男,57,1388-01-01,1449-01-01,是,汶上,县丞,,,,,,孔贞僵，孔子第57代孙。,
孔贞僶,孔,贞,男,57,1388-01-01,1451-01-01,是,泗水,主簿,,,,,,孔贞僶，孔子第57代孙。,
孔贞僷,孔,贞,男,57,1387-01-01,1469-01-01,是,宁阳,训导,,,,,,孔贞僷，孔子第57代孙。,
孔尚僸,孔,尚,男,58,1415-01-01,1496-01-01,是,兖州,教谕,,,,,,孔尚僸，孔子第58代孙。,
孔尚價,孔,尚,男,58,1418-01-01,1481-01-01,是,东平,商人,,,,,,孔尚價，孔子第58代孙。,
孔尚僺,孔,尚,男,58,1413-01-01,1484-01-01,是,寿张,官员,,,,,,孔尚僺，孔子第58代孙。,
马氏,孔,尚,女,58,1415-01-01,1491-01-01,是,范县,学者,,,,,,马氏，孔子第58代孙。,
孔尚僼,孔,尚,男,58,1416-01-01,1490-01-01,是,濮州,大夫,,,,,,孔尚僼，孔子第58代孙。,
王姑,孔,尚,女,58,1414-01-01,1483-01-01,是,开州,士,,,,,,王姑，孔子第58代孙。,
李氏,孔,尚,女,58,1417-01-01,1485-01-01,是,长垣,农,,,,,,李氏，孔子第58代孙。,
孔尚僿,孔,尚,男,58,1413-01-01,1476-01-01,是,东明,商,,,,,,孔尚僿，孔子第58代孙。,
孔尚儀,孔,尚,男,58,1414-01-01,1489-01-01,是,荷泽,儒,,,,,,孔尚儀，孔子第58代孙。,
孔尚儁,孔,尚,男,58,1414-01-01,1474-01-01,是,曹州,工部侍郎,,,,,,孔尚儁，孔子第58代孙。,
孔尚儂,孔,尚,男,58,1414-01-01,1475-01-01,是,定陶,礼部尚书,,,,,,孔尚儂，孔子第58代孙。,
孔尚儃,孔,尚,男,58,1416-01-01,1481-01-01,是,单县,知州,,,,,,孔尚儃，孔子第58代孙。,
孔尚億,孔,尚,男,58,1414-01-01,1479-01-01,是,成武,知县,,,,,,孔尚億，孔子第58代孙。,
孔尚儅,孔,尚,男,58,1419-01-01,1502-01-01,是,巨野,举人,,,,,,孔尚儅，孔子第58代孙。,
孔尚儆,孔,尚,男,58,1416-01-01,1495-01-01,是,郓城,进士,,,,,,孔尚儆，孔子第58代孙。,
孔尚儇,孔,尚,男,58,1413-01-01,1478-01-01,是,鄄城,太学生,,,,,,孔尚儇，孔子第58代孙。,
孔尚儈,孔,尚,男,58,1418-01-01,1498-01-01,是,曲阜,县丞,,,,,,孔尚儈，孔子第58代孙。,
孔尚儉,孔,尚,男,58,1417-01-01,1478-01-01,是,滋阳,主簿,,,,,,孔尚儉，孔子第58代孙。,
孔尚儊,孔,尚,男,58,1413-01-01,1497-01-01,是,济宁,训导,,,,,,孔尚儊，孔子第58代孙。,
孔尚儋,孔,尚,男,58,1417-01-01,1484-01-01,是,邹县,教谕,,,,,,孔尚儋，孔子第58代孙。,
孔尚儌,孔,尚,男,58,1414-01-01,1477-01-01,是,滕县,商人,,,,,,孔尚儌，孔子第58代孙。,
孔尚儍,孔,尚,男,58,1418-01-01,1485-01-01,是,峄县,官员,,,,,,孔尚儍，孔子第58代孙。,
马娘,孔,尚,女,58,1415-01-01,1485-01-01,是,金乡,学者,,,,,,马娘，孔子第58代孙。,
孔尚儏,孔,尚,男,58,1414-01-01,1480-01-01,是,鱼台,大夫,,,,,,孔尚儏，孔子第58代孙。,
王氏,孔,尚,女,58,1414-01-01,1478-01-01,是,嘉祥,士,,,,,,王氏，孔子第58代孙。,
李娘,孔,尚,女,58,1418-01-01,1481-01-01,是,汶上,农,,,,,,李娘，孔子第58代孙。,
刘姑,孔,尚,女,58,1415-01-01,1491-01-01,是,泗水,商,,,,,,刘姑，孔子第58代孙。,
孔尚儓,孔,尚,男,58,1418-01-01,1494-01-01,是,宁阳,儒,,,,,,孔尚儓，孔子第58代孙。,
杨娘,孔,尚,女,58,1415-01-01,1478-01-01,是,兖州,工部侍郎,,,,,,杨娘，孔子第58代孙。,
孔尚儕,孔,尚,男,58,1413-01-01,1497-01-01,是,东平,礼部尚书,,,,,,孔尚儕，孔子第58代孙。,
黄氏,孔,尚,女,58,1416-01-01,1481-01-01,是,寿张,知州,,,,,,黄氏，孔子第58代孙。,
周娘,孔,尚,女,58,1416-01-01,1496-01-01,是,范县,知县,,,,,,周娘，孔子第58代孙。,
孔尚儘,孔,尚,男,58,1417-01-01,1494-01-01,是,濮州,举人,,,,,,孔尚儘，孔子第58代孙。,
孔尚儙,孔,尚,男,58,1419-01-01,1485-01-01,是,开州,进士,,,,,,孔尚儙，孔子第58代孙。,
孔尚儚,孔,尚,男,58,1419-01-01,1498-01-01,是,长垣,太学生,,,,,,孔尚儚，孔子第58代孙。,
孔尚儛,孔,尚,男,58,1414-01-01,1474-01-01,是,东明,县丞,,,,,,孔尚儛，孔子第58代孙。,
朱氏,孔,尚,女,58,1417-01-01,1479-01-01,是,荷泽,主簿,,,,,,朱氏，孔子第58代孙。,
高娘,孔,尚,女,58,1414-01-01,1486-01-01,是,曹州,训导,,,,,,高娘，孔子第58代孙。,
林姑,孔,尚,女,58,1419-01-01,1486-01-01,是,定陶,教谕,,,,,,林姑，孔子第58代孙。,
孔尚償,孔,尚,男,58,1420-01-01,1491-01-01,是,单县,商人,,,,,,孔尚償，孔子第58代孙。,
郭娘,孔,尚,女,58,1418-01-01,1485-01-01,是,成武,官员,,,,,,郭娘，孔子第58代孙。,
马姑,孔,尚,女,58,1418-01-01,1494-01-01,是,巨野,学者,,,,,,马姑，孔子第58代孙。,
孔尚儢,孔,尚,男,58,1417-01-01,1484-01-01,是,郓城,大夫,,,,,,孔尚儢，孔子第58代孙。,
孔尚儣,孔,尚,男,58,1413-01-01,1479-01-01,是,鄄城,士,,,,,,孔尚儣，孔子第58代孙。,
孔尚儤,孔,尚,男,58,1419-01-01,1492-01-01,是,曲阜,农,,,,,,孔尚儤，孔子第58代孙。,
孔尚儥,孔,尚,男,58,1420-01-01,1499-01-01,是,滋阳,商,,,,,,孔尚儥，孔子第58代孙。,
孔尚儦,孔,尚,男,58,1420-01-01,1484-01-01,是,济宁,儒,,,,,,孔尚儦，孔子第58代孙。,
孔尚儧,孔,尚,男,58,1418-01-01,1478-01-01,是,邹县,工部侍郎,,,,,,孔尚儧，孔子第58代孙。,
孔尚儨,孔,尚,男,58,1419-01-01,1489-01-01,是,滕县,礼部尚书,,,,,,孔尚儨，孔子第58代孙。,
黄娘,孔,尚,女,58,1416-01-01,1477-01-01,是,峄县,知州,,,,,,黄娘，孔子第58代孙。,
周姑,孔,尚,女,58,1414-01-01,1496-01-01,是,金乡,知县,,,,,,周姑，孔子第58代孙。,
吴氏,孔,尚,女,58,1416-01-01,1498-01-01,是,鱼台,举人,,,,,,吴氏，孔子第58代孙。,
孔尚儬,孔,尚,男,58,1420-01-01,1500-01-01,是,嘉祥,进士,,,,,,孔尚儬，孔子第58代孙。,
孔尚儭,孔,尚,男,58,1415-01-01,1491-01-01,是,汶上,太学生,,,,,,孔尚儭，孔子第58代孙。,
胡氏,孔,尚,女,58,1419-01-01,1480-01-01,是,泗水,县丞,,,,,,胡氏，孔子第58代孙。,
孔尚儯,孔,尚,男,58,1420-01-01,1497-01-01,是,宁阳,主簿,,,,,,孔尚儯，孔子第58代孙。,
高姑,孔,尚,女,58,1416-01-01,1478-01-01,是,兖州,训导,,,,,,高姑，孔子第58代孙。,
孔尚儱,孔,尚,男,58,1420-01-01,1482-01-01,是,东平,教谕,,,,,,孔尚儱，孔子第58代孙。,
孔尚儲,孔,尚,男,58,1420-01-01,1486-01-01,是,寿张,商人,,,,,,孔尚儲，孔子第58代孙。,
孔尚儳,孔,尚,男,58,1416-01-01,1500-01-01,是,范县,官员,,,,,,孔尚儳，孔子第58代孙。,
孔尚儴,孔,尚,男,58,1419-01-01,1502-01-01,是,濮州,学者,,,,,,孔尚儴，孔子第58代孙。,
孔尚儵,孔,尚,男,58,1415-01-01,1483-01-01,是,开州,大夫,,,,,,孔尚儵，孔子第58代孙。,
王姑,孔,尚,女,58,1417-01-01,1481-01-01,是,长垣,士,,,,,,王姑，孔子第58代孙。,
李氏,孔,尚,女,58,1419-01-01,1499-01-01,是,东明,农,,,,,,李氏，孔子第58代孙。,
刘娘,孔,尚,女,58,1419-01-01,1487-01-01,是,荷泽,商,,,,,,刘娘，孔子第58代孙。,
陈姑,孔,尚,女,58,1413-01-01,1476-01-01,是,曹州,儒,,,,,,陈姑，孔子第58代孙。,
孔尚儺,孔,尚,男,58,1415-01-01,1486-01-01,是,定陶,工部侍郎,,,,,,孔尚儺，孔子第58代孙。,
赵娘,孔,尚,女,58,1417-01-01,1499-01-01,是,单县,礼部尚书,,,,,,赵娘，孔子第58代孙。,
黄姑,孔,尚,女,58,1417-01-01,1480-01-01,是,成武,知州,,,,,,黄姑，孔子第58代孙。,
周氏,孔,尚,女,58,1420-01-01,1496-01-01,是,巨野,知县,,,,,,周氏，孔子第58代孙。,
孔尚儾,孔,尚,男,58,1414-01-01,1482-01-01,是,郓城,举人,,,,,,孔尚儾，孔子第58代孙。,
徐姑,孔,尚,女,58,1419-01-01,1482-01-01,是,鄄城,进士,,,,,,徐姑，孔子第58代孙。,
孔尚兀,孔,尚,男,58,1420-01-01,1486-01-01,是,曲阜,太学生,,,,,,孔尚兀，孔子第58代孙。,
胡娘,孔,尚,女,58,1420-01-01,1483-01-01,是,滋阳,县丞,,,,,,胡娘，孔子第58代孙。,
孔尚兂,孔,尚,男,58,1415-01-01,1498-01-01,是,济宁,主簿,,,,,,孔尚兂，孔子第58代孙。,
孔尚元,孔,尚,男,58,1420-01-01,1484-01-01,是,邹县,训导,,,,,,孔尚元，孔子第58代孙。,
孔尚兄,孔,尚,男,58,1420-01-01,1489-01-01,是,滕县,教谕,,,,,,孔尚兄，孔子第58代孙。,
孔尚充,孔,尚,男,58,1416-01-01,1499-01-01,是,峄县,商人,,,,,,孔尚充，孔子第58代孙。,
郭氏,孔,尚,女,58,1420-01-01,1501-01-01,是,金乡,官员,,,,,,郭氏，孔子第58代孙。,
孔尚兇,孔,尚,男,58,1419-01-01,1481-01-01,是,鱼台,学者,,,,,,孔尚兇，孔子第58代孙。,
孔尚先,孔,尚,男,58,1417-01-01,1501-01-01,是,嘉祥,大夫,,,,,,孔尚先，孔子第58代孙。,
孔尚光,孔,尚,男,58,1419-01-01,1503-01-01,是,汶上,士,,,,,,孔尚光，孔子第58代孙。,
孔尚兊,孔,尚,男,58,1415-01-01,1498-01-01,是,泗水,农,,,,,,孔尚兊，孔子第58代孙。,
孔尚克,孔,尚,男,58,1416-01-01,1492-01-01,是,宁阳,商,,,,,,孔尚克，孔子第58代孙。,
陈氏,孔,尚,女,58,1419-01-01,1486-01-01,是,兖州,儒,,,,,,陈氏，孔子第58代孙。,
杨娘,孔,尚,女,58,1415-01-01,1491-01-01,是,东平,工部侍郎,,,,,,杨娘，孔子第58代孙。,
赵姑,孔,尚,女,58,1415-01-01,1477-01-01,是,寿张,礼部尚书,,,,,,赵姑，孔子第58代孙。,
孔尚兏,孔,尚,男,58,1418-01-01,1498-01-01,是,范县,知州,,,,,,孔尚兏，孔子第58代孙。,
周娘,孔,尚,女,58,1413-01-01,1491-01-01,是,濮州,知县,,,,,,周娘，孔子第58代孙。,
吴姑,孔,尚,女,58,1418-01-01,1484-01-01,是,开州,举人,,,,,,吴姑，孔子第58代孙。,
孔尚兒,孔,尚,男,58,1413-01-01,1485-01-01,是,长垣,进士,,,,,,孔尚兒，孔子第58代孙。,
孙娘,孔,尚,女,58,1418-01-01,1489-01-01,是,东明,太学生,,,,,,孙娘，孔子第58代孙。,
孔尚兔,孔,尚,男,58,1419-01-01,1502-01-01,是,荷泽,县丞,,,,,,孔尚兔，孔子第58代孙。,
朱氏,孔,尚,女,58,1415-01-01,1495-01-01,是,曹州,主簿,,,,,,朱氏，孔子第58代孙。,
孔尚兖,孔,尚,男,58,1413-01-01,1493-01-01,是,定陶,训导,,,,,,孔尚兖，孔子第58代孙。,
孔尚兗,孔,尚,男,58,1414-01-01,1475-01-01,是,单县,教谕,,,,,,孔尚兗，孔子第58代孙。,
何氏,孔,尚,女,58,1417-01-01,1490-01-01,是,成武,商人,,,,,,何氏，孔子第58代孙。,
孔尚兙,孔,尚,男,58,1418-01-01,1491-01-01,是,巨野,官员,,,,,,孔尚兙，孔子第58代孙。,
马姑,孔,尚,女,58,1417-01-01,1497-01-01,是,郓城,学者,,,,,,马姑，孔子第58代孙。,
孔尚兛,孔,尚,男,58,1420-01-01,1490-01-01,是,鄄城,大夫,,,,,,孔尚兛，孔子第58代孙。,
孔尚兜,孔,尚,男,58,1418-01-01,1486-01-01,是,曲阜,士,,,,,,孔尚兜，孔子第58代孙。,
孔尚兝,孔,尚,男,58,1420-01-01,1485-01-01,是,滋阳,农,,,,,,孔尚兝，孔子第58代孙。,
刘氏,孔,尚,女,58,1418-01-01,1480-01-01,是,济宁,商,,,,,,刘氏，孔子第58代孙。,
孔尚兟,孔,尚,男,58,1420-01-01,1483-01-01,是,邹县,儒,,,,,,孔尚兟，孔子第58代孙。,
杨姑,孔,尚,女,58,1419-01-01,1502-01-01,是,滕县,工部侍郎,,,,,,杨姑，孔子第58代孙。,
孔尚兡,孔,尚,男,58,1416-01-01,1489-01-01,是,峄县,礼部尚书,,,,,,孔尚兡，孔子第58代孙。,
黄娘,孔,尚,女,58,1413-01-01,1496-01-01,是,金乡,知州,,,,,,黄娘，孔子第58代孙。,
孔尚兣,孔,尚,男,58,1419-01-01,1498-01-01,是,鱼台,知县,,,,,,孔尚兣，孔子第58代孙。,
吴氏,孔,尚,女,58,1414-01-01,1491-01-01,是,嘉祥,举人,,,,,,吴氏，孔子第58代孙。,
孔尚入,孔,尚,男,58,1413-01-01,1489-01-01,是,汶上,进士,,,,,,孔尚入，孔子第58代孙。,
孔尚兦,孔,尚,男,58,1419-01-01,1501-01-01,是,泗水,太学生,,,,,,孔尚兦，孔子第58代孙。,
孔尚內,孔,尚,男,58,1417-01-01,1481-01-01,是,宁阳,县丞,,,,,,孔尚內，孔子第58代孙。,
孔尚全,孔,尚,男,58,1418-01-01,1489-01-01,是,兖州,主簿,,,,,,孔尚全，孔子第58代孙。,
高姑,孔,尚,女,58,1413-01-01,1484-01-01,是,东平,训导,,,,,,高姑，孔子第58代孙。,
孔尚兪,孔,尚,男,58,1417-01-01,1495-01-01,是,寿张,教谕,,,,,,孔尚兪，孔子第58代孙。,
何娘,孔,尚,女,58,1420-01-01,1489-01-01,是,范县,商人,,,,,,何娘，孔子第58代孙。,
孔尚公,孔,尚,男,58,1416-01-01,1500-01-01,是,濮州,官员,,,,,,孔尚公，孔子第58代孙。,
孔尚六,孔,尚,男,58,1418-01-01,1496-01-01,是,开州,学者,,,,,,孔尚六，孔子第58代孙。,
张娘,孔,尚,女,58,1414-01-01,1488-01-01,是,长垣,大夫,,,,,,张娘，孔子第58代孙。,
王姑,孔,尚,女,58,1413-01-01,1480-01-01,是,东明,士,,,,,,王姑，孔子第58代孙。,
孔尚兰,孔,尚,男,58,1413-01-01,1490-01-01,是,荷泽,农,,,,,,孔尚兰，孔子第58代孙。,
刘娘,孔,尚,女,58,1417-01-01,1477-01-01,是,曹州,商,,,,,,刘娘，孔子第58代孙。,
孔尚兲,孔,尚,男,58,1416-01-01,1490-01-01,是,定陶,儒,,,,,,孔尚兲，孔子第58代孙。,
杨氏,孔,尚,女,58,1419-01-01,1486-01-01,是,单县,工部侍郎,,,,,,杨氏，孔子第58代孙。,
孔尚兴,孔,尚,男,58,1416-01-01,1476-01-01,是,成武,礼部尚书,,,,,,孔尚兴，孔子第58代孙。,
黄姑,孔,尚,女,58,1418-01-01,1478-01-01,是,巨野,知州,,,,,,黄姑，孔子第58代孙。,
孔尚其,孔,尚,男,58,1419-01-01,1502-01-01,是,郓城,知县,,,,,,孔尚其，孔子第58代孙。,
吴娘,孔,尚,女,58,1413-01-01,1495-01-01,是,鄄城,举人,,,,,,吴娘，孔子第58代孙。,
孔尚典,孔,尚,男,58,1419-01-01,1489-01-01,是,曲阜,进士,,,,,,孔尚典，孔子第58代孙。,
孔尚兹,孔,尚,男,58,1418-01-01,1479-01-01,是,滋阳,太学生,,,,,,孔尚兹，孔子第58代孙。,
孔尚兺,孔,尚,男,58,1414-01-01,1483-01-01,是,济宁,县丞,,,,,,孔尚兺，孔子第58代孙。,
孔尚养,孔,尚,男,58,1420-01-01,1500-01-01,是,邹县,主簿,,,,,,孔尚养，孔子第58代孙。,
孔尚兼,孔,尚,男,58,1413-01-01,1492-01-01,是,滕县,训导,,,,,,孔尚兼，孔子第58代孙。,
孔尚兽,孔,尚,男,58,1413-01-01,1481-01-01,是,峄县,教谕,,,,,,孔尚兽，孔子第58代孙。,
何姑,孔,尚,女,58,1419-01-01,1493-01-01,是,金乡,商人,,,,,,何姑，孔子第58代孙。,
郭氏,孔,尚,女,58,1418-01-01,1490-01-01,是,鱼台,官员,,,,,,郭氏，孔子第58代孙。,
孔尚冀,孔,尚,男,58,1419-01-01,1485-01-01,是,嘉祥,学者,,,,,,孔尚冀，孔子第58代孙。,
张姑,孔,尚,女,58,1420-01-01,1481-01-01,是,汶上,大夫,,,,,,张姑，孔子第58代孙。,
孔尚冂,孔,尚,男,58,1417-01-01,1479-01-01,是,泗水,士,,,,,,孔尚冂，孔子第58代孙。,
孔尚冃,孔,尚,男,58,1416-01-01,1495-01-01,是,宁阳,农,,,,,,孔尚冃，孔子第58代孙。,
孔尚冄,孔,尚,男,58,1414-01-01,1482-01-01,是,兖州,商,,,,,,孔尚冄，孔子第58代孙。,
孔尚内,孔,尚,男,58,1413-01-01,1479-01-01,是,东平,儒,,,,,,孔尚内，孔子第58代孙。,
孔尚円,孔,尚,男,58,1413-01-01,1486-01-01,是,寿张,工部侍郎,,,,,,孔尚円，孔子第58代孙。,
孔尚冇,孔,尚,男,58,1415-01-01,1487-01-01,是,范县,礼部尚书,,,,,,孔尚冇，孔子第58代孙。,
孔尚冈,孔,尚,男,58,1419-01-01,1489-01-01,是,濮州,知州,,,,,,孔尚冈，孔子第58代孙。,
孔尚冉,孔,尚,男,58,1415-01-01,1481-01-01,是,开州,知县,,,,,,孔尚冉，孔子第58代孙。,
吴姑,孔,尚,女,58,1417-01-01,1498-01-01,是,长垣,举人,,,,,,吴姑，孔子第58代孙。,
徐氏,孔,尚,女,58,1413-01-01,1495-01-01,是,东明,进士,,,,,,徐氏，孔子第58代孙。,
孔尚册,孔,尚,男,58,1418-01-01,1502-01-01,是,荷泽,太学生,,,,,,孔尚册，孔子第58代孙。,
孔尚再,孔,尚,男,58,1417-01-01,1492-01-01,是,曹州,县丞,,,,,,孔尚再，孔子第58代孙。,
朱氏,孔,尚,女,58,1413-01-01,1481-01-01,是,定陶,主簿,,,,,,朱氏，孔子第58代孙。,
高娘,孔,尚,女,58,1417-01-01,1496-01-01,是,单县,训导,,,,,,高娘，孔子第58代孙。,
孔尚冐,孔,尚,男,58,1416-01-01,1485-01-01,是,成武,教谕,,,,,,孔尚冐，孔子第58代孙。,
何氏,孔,尚,女,58,1413-01-01,1482-01-01,是,巨野,商人,,,,,,何氏，孔子第58代孙。,
郭娘,孔,尚,女,58,1417-01-01,1497-01-01,是,郓城,官员,,,,,,郭娘，孔子第58代孙。,
孔尚冓,孔,尚,男,58,1415-01-01,1481-01-01,是,鄄城,学者,,,,,,孔尚冓，孔子第58代孙。,
张氏,孔,尚,女,58,1414-01-01,1494-01-01,是,曲阜,大夫,,,,,,张氏，孔子第58代孙。,
孔尚冕,孔,尚,男,58,1419-01-01,1483-01-01,是,滋阳,士,,,,,,孔尚冕，孔子第58代孙。,
孔尚冖,孔,尚,男,58,1415-01-01,1496-01-01,是,济宁,农,,,,,,孔尚冖，孔子第58代孙。,
孔尚冗,孔,尚,男,58,1414-01-01,1492-01-01,是,邹县,商,,,,,,孔尚冗，孔子第58代孙。,
孔尚冘,孔,尚,男,58,1419-01-01,1499-01-01,是,滕县,儒,,,,,,孔尚冘，孔子第58代孙。,
孔尚写,孔,尚,男,58,1417-01-01,1480-01-01,是,峄县,工部侍郎,,,,,,孔尚写，孔子第58代孙。,
赵氏,孔,尚,女,58,1419-01-01,1500-01-01,是,金乡,礼部尚书,,,,,,赵氏，孔子第58代孙。,
孔尚军,孔,尚,男,58,1417-01-01,1479-01-01,是,鱼台,知州,,,,,,孔尚军，孔子第58代孙。,
孔尚农,孔,尚,男,58,1415-01-01,1478-01-01,是,嘉祥,知县,,,,,,孔尚农，孔子第58代孙。,
孔尚冝,孔,尚,男,58,1420-01-01,1492-01-01,是,汶上,举人,,,,,,孔尚冝，孔子第58代孙。,
孔尚冞,孔,尚,男,58,1417-01-01,1497-01-01,是,泗水,进士,,,,,,孔尚冞，孔子第58代孙。,
孔尚冟,孔,尚,男,58,1413-01-01,1491-01-01,是,宁阳,太学生,,,,,,孔尚冟，孔子第58代孙。,
孔尚冠,孔,尚,男,58,1417-01-01,1479-01-01,是,兖州,县丞,,,,,,孔尚冠，孔子第58代孙。,
朱娘,孔,尚,女,58,1417-01-01,1477-01-01,是,东平,主簿,,,,,,朱娘，孔子第58代孙。,
孔尚冢,孔,尚,男,58,1420-01-01,1496-01-01,是,寿张,训导,,,,,,孔尚冢，孔子第58代孙。,
孔尚冣,孔,尚,男,58,1416-01-01,1487-01-01,是,范县,教谕,,,,,,孔尚冣，孔子第58代孙。,
孔尚冤,孔,尚,男,58,1413-01-01,1477-01-01,是,濮州,商人,,,,,,孔尚冤，孔子第58代孙。,
孔尚冥,孔,尚,男,58,1420-01-01,1498-01-01,是,开州,官员,,,,,,孔尚冥，孔子第58代孙。,
孔尚冦,孔,尚,男,58,1416-01-01,1496-01-01,是,长垣,学者,,,,,,孔尚冦，孔子第58代孙。,
孔尚冧,孔,尚,男,58,1415-01-01,1479-01-01,是,东明,大夫,,,,,,孔尚冧，孔子第58代孙。,
王姑,孔,尚,女,58,1418-01-01,1496-01-01,是,荷泽,士,,,,,,王姑，孔子第58代孙。,
孔尚冩,孔,尚,男,58,1420-01-01,1501-01-01,是,曹州,农,,,,,,孔尚冩，孔子第58代孙。,
孔尚冪,孔,尚,男,58,1416-01-01,1498-01-01,是,定陶,商,,,,,,孔尚冪，孔子第58代孙。,
孔尚冫,孔,尚,男,58,1416-01-01,1482-01-01,是,单县,儒,,,,,,孔尚冫，孔子第58代孙。,
杨氏,孔,尚,女,58,1415-01-01,1478-01-01,是,成武,工部侍郎,,,,,,杨氏，孔子第58代孙。,
孔尚冭,孔,尚,男,58,1413-01-01,1491-01-01,是,巨野,礼部尚书,,,,,,孔尚冭，孔子第58代孙。,
孔尚冮,孔,尚,男,58,1413-01-01,1488-01-01,是,郓城,知州,,,,,,孔尚冮，孔子第58代孙。,
孔尚冯,孔,尚,男,58,1415-01-01,1480-01-01,是,鄄城,知县,,,,,,孔尚冯，孔子第58代孙。,
孔尚冰,孔,尚,男,58,1416-01-01,1494-01-01,是,曲阜,举人,,,,,,孔尚冰，孔子第58代孙。,
孔尚冱,孔,尚,男,58,1420-01-01,1480-01-01,是,滋阳,进士,,,,,,孔尚冱，孔子第58代孙。,
孔尚冲,孔,尚,男,58,1413-01-01,1475-01-01,是,济宁,太学生,,,,,,孔尚冲，孔子第58代孙。,
胡娘,孔,尚,女,58,1413-01-01,1473-01-01,是,邹县,县丞,,,,,,胡娘，孔子第58代孙。,
孔尚冴,孔,尚,男,58,1419-01-01,1484-01-01,是,滕县,主簿,,,,,,孔尚冴，孔子第58代孙。,
孔尚况,孔,尚,男,58,1414-01-01,1490-01-01,是,峄县,训导,,,,,,孔尚况，孔子第58代孙。,
孔尚冶,孔,尚,男,58,1413-01-01,1490-01-01,是,金乡,教谕,,,,,,孔尚冶，孔子第58代孙。,
孔尚冷,孔,尚,男,58,1417-01-01,1489-01-01,是,鱼台,商人,,,,,,孔尚冷，孔子第58代孙。,
孔尚冸,孔,尚,男,58,1420-01-01,1503-01-01,是,嘉祥,官员,,,,,,孔尚冸，孔子第58代孙。,
孔尚冹,孔,尚,男,58,1413-01-01,1484-01-01,是,汶上,学者,,,,,,孔尚冹，孔子第58代孙。,
孔尚冺,孔,尚,男,58,1415-01-01,1481-01-01,是,泗水,大夫,,,,,,孔尚冺，孔子第58代孙。,
王氏,孔,尚,女,58,1417-01-01,1495-01-01,是,宁阳,士,,,,,,王氏，孔子第58代孙。,
李娘,孔,尚,女,58,1417-01-01,1479-01-01,是,兖州,农,,,,,,李娘，孔子第58代孙。,
孔尚冽,孔,尚,男,58,1419-01-01,1496-01-01,是,东平,商,,,,,,孔尚冽，孔子第58代孙。,
孔尚冾,孔,尚,男,58,1414-01-01,1483-01-01,是,寿张,儒,,,,,,孔尚冾，孔子第58代孙。,
孔尚冿,孔,尚,男,58,1413-01-01,1475-01-01,是,范县,工部侍郎,,,,,,孔尚冿，孔子第58代孙。,
孔尚净,孔,尚,男,58,1419-01-01,1482-01-01,是,濮州,礼部尚书,,,,,,孔尚净，孔子第58代孙。,
孔尚凁,孔,尚,男,58,1413-01-01,1496-01-01,是,开州,知州,,,,,,孔尚凁，孔子第58代孙。,
周娘,孔,尚,女,58,1417-01-01,1488-01-01,是,长垣,知县,,,,,,周娘，孔子第58代孙。,
孔尚凃,孔,尚,男,58,1416-01-01,1485-01-01,是,东明,举人,,,,,,孔尚凃，孔子第58代孙。,
孔尚凄,孔,尚,男,58,1418-01-01,1483-01-01,是,荷泽,进士,,,,,,孔尚凄，孔子第58代孙。,
孔尚凅,孔,尚,男,58,1416-01-01,1492-01-01,是,曹州,太学生,,,,,,孔尚凅，孔子第58代孙。,
孔尚准,孔,尚,男,58,1415-01-01,1489-01-01,是,定陶,县丞,,,,,,孔尚准，孔子第58代孙。,
孔尚凇,孔,尚,男,58,1416-01-01,1497-01-01,是,单县,主簿,,,,,,孔尚凇，孔子第58代孙。,
高娘,孔,尚,女,58,1417-01-01,1489-01-01,是,成武,训导,,,,,,高娘，孔子第58代孙。,
孔尚凉,孔,尚,男,58,1413-01-01,1494-01-01,是,巨野,教谕,,,,,,孔尚凉，孔子第58代孙。,
孔尚凊,孔,尚,男,58,1420-01-01,1501-01-01,是,郓城,商人,,,,,,孔尚凊，孔子第58代孙。,
孔尚凋,孔,尚,男,58,1419-01-01,1498-01-01,是,鄄城,官员,,,,,,孔尚凋，孔子第58代孙。,
孔尚凌,孔,尚,男,58,1417-01-01,1491-01-01,是,曲阜,学者,,,,,,孔尚凌，孔子第58代孙。,
孔尚凍,孔,尚,男,58,1414-01-01,1488-01-01,是,滋阳,大夫,,,,,,孔尚凍，孔子第58代孙。,
王娘,孔,尚,女,58,1415-01-01,1499-01-01,是,济宁,士,,,,,,王娘，孔子第58代孙。,
李姑,孔,尚,女,58,1417-01-01,1487-01-01,是,邹县,农,,,,,,李姑，孔子第58代孙。,
刘氏,孔,尚,女,58,1414-01-01,1487-01-01,是,滕县,商,,,,,,刘氏，孔子第58代孙。,
陈娘,孔,尚,女,58,1419-01-01,1496-01-01,是,峄县,儒,,,,,,陈娘，孔子第58代孙。,
孔尚凒,孔,尚,男,58,1420-01-01,1481-01-01,是,金乡,工部侍郎,,,,,,孔尚凒，孔子第58代孙。,
孔尚凓,孔,尚,男,58,1418-01-01,1496-01-01,是,鱼台,礼部尚书,,,,,,孔尚凓，孔子第58代孙。,
孔尚凔,孔,尚,男,58,1413-01-01,1480-01-01,是,嘉祥,知州,,,,,,孔尚凔，孔子第58代孙。,
周姑,孔,尚,女,58,1418-01-01,1482-01-01,是,汶上,知县,,,,,,周姑，孔子第58代孙。,
孔尚凖,孔,尚,男,58,1417-01-01,1489-01-01,是,泗水,举人,,,,,,孔尚凖，孔子第58代孙。,
徐娘,孔,尚,女,58,1414-01-01,1489-01-01,是,宁阳,进士,,,,,,徐娘，孔子第58代孙。,
孔尚凘,孔,尚,男,58,1419-01-01,1498-01-01,是,兖州,太学生,,,,,,孔尚凘，孔子第58代孙。,
胡氏,孔,尚,女,58,1418-01-01,1481-01-01,是,东平,县丞,,,,,,胡氏，孔子第58代孙。,
孔尚凚,孔,尚,男,58,1418-01-01,1502-01-01,是,寿张,主簿,,,,,,孔尚凚，孔子第58代孙。,
高姑,孔,尚,女,58,1417-01-01,1497-01-01,是,范县,训导,,,,,,高姑，孔子第58代孙。,
孔尚凜,孔,尚,男,58,1418-01-01,1484-01-01,是,濮州,教谕,,,,,,孔尚凜，孔子第58代孙。,
孔尚凝,孔,尚,男,58,1419-01-01,1482-01-01,是,开州,商人,,,,,,孔尚凝，孔子第58代孙。,
孔尚凞,孔,尚,男,58,1419-01-01,1484-01-01,是,长垣,官员,,,,,,孔尚凞，孔子第58代孙。,
孔尚凟,孔,尚,男,58,1420-01-01,1489-01-01,是,东明,学者,,,,,,孔尚凟，孔子第58代孙。,
孔尚几,孔,尚,男,58,1416-01-01,1480-01-01,是,荷泽,大夫,,,,,,孔尚几，孔子第58代孙。,
孔尚凡,孔,尚,男,58,1419-01-01,1485-01-01,是,曹州,士,,,,,,孔尚凡，孔子第58代孙。,
李氏,孔,尚,女,58,1416-01-01,1486-01-01,是,定陶,农,,,,,,李氏，孔子第58代孙。,
刘娘,孔,尚,女,58,1413-01-01,1490-01-01,是,单县,商,,,,,,刘娘，孔子第58代孙。,
孔尚凤,孔,尚,男,58,1416-01-01,1491-01-01,是,成武,儒,,,,,,孔尚凤，孔子第58代孙。,
孔尚凥,孔,尚,男,58,1417-01-01,1495-01-01,是,巨野,工部侍郎,,,,,,孔尚凥，孔子第58代孙。,
赵娘,孔,尚,女,58,1419-01-01,1484-01-01,是,郓城,礼部尚书,,,,,,赵娘，孔子第58代孙。,
孔尚凧,孔,尚,男,58,1418-01-01,1481-01-01,是,鄄城,知州,,,,,,孔尚凧，孔子第58代孙。,
孔尚一,孔,尚,男,58,1420-01-01,1498-01-01,是,曲阜,知县,,,,,,孔尚一，孔子第58代孙。,
吴娘,孔,尚,女,58,1414-01-01,1497-01-01,是,滋阳,举人,,,,,,吴娘，孔子第58代孙。,
徐姑,孔,尚,女,58,1415-01-01,1482-01-01,是,济宁,进士,,,,,,徐姑，孔子第58代孙。,
孔尚七,孔,尚,男,58,1419-01-01,1496-01-01,是,邹县,太学生,,,,,,孔尚七，孔子第58代孙。,
孔尚丄,孔,尚,男,58,1417-01-01,1492-01-01,是,滕县,县丞,,,,,,孔尚丄，孔子第58代孙。,
朱姑,孔,尚,女,58,1415-01-01,1490-01-01,是,峄县,主簿,,,,,,朱姑，孔子第58代孙。,
孔尚丆,孔,尚,男,58,1418-01-01,1483-01-01,是,金乡,训导,,,,,,孔尚丆，孔子第58代孙。,
孔尚万,孔,尚,男,58,1414-01-01,1494-01-01,是,鱼台,教谕,,,,,,孔尚万，孔子第58代孙。,
孔尚丈,孔,尚,男,58,1417-01-01,1487-01-01,是,嘉祥,商人,,,,,,孔尚丈，孔子第58代孙。,
孔尚三,孔,尚,男,58,1416-01-01,1498-01-01,是,汶上,官员,,,,,,孔尚三，孔子第58代孙。,
孔尚上,孔,尚,男,58,1416-01-01,1500-01-01,是,泗水,学者,,,,,,孔尚上，孔子第58代孙。,
孔尚下,孔,尚,男,58,1415-01-01,1478-01-01,是,宁阳,大夫,,,,,,孔尚下，孔子第58代孙。,
孔尚丌,孔,尚,男,58,1418-01-01,1491-01-01,是,兖州,士,,,,,,孔尚丌，孔子第58代孙。,
孔尚不,孔,尚,男,58,1415-01-01,1497-01-01,是,东平,农,,,,,,孔尚不，孔子第58代孙。,
孔尚与,孔,尚,男,58,1416-01-01,1499-01-01,是,寿张,商,,,,,,孔尚与，孔子第58代孙。,
陈氏,孔,尚,女,58,1420-01-01,1496-01-01,是,范县,儒,,,,,,陈氏，孔子第58代孙。,
杨娘,孔,尚,女,58,1416-01-01,1483-01-01,是,濮州,工部侍郎,,,,,,杨娘，孔子第58代孙。,
赵姑,孔,尚,女,58,1413-01-01,1494-01-01,是,开州,礼部尚书,,,,,,赵姑，孔子第58代孙。,
孔尚丒,孔,尚,男,58,1413-01-01,1492-01-01,是,长垣,知州,,,,,,孔尚丒，孔子第58代孙。,
孔尚专,孔,尚,男,58,1419-01-01,1499-01-01,是,东明,知县,,,,,,孔尚专，孔子第58代孙。,
孔尚且,孔,尚,男,58,1420-01-01,1500-01-01,是,荷泽,举人,,,,,,孔尚且，孔子第58代孙。,
徐氏,孔,尚,女,58,1420-01-01,1481-01-01,是,曹州,进士,,,,,,徐氏，孔子第58代孙。,
孙娘,孔,尚,女,58,1414-01-01,1488-01-01,是,定陶,太学生,,,,,,孙娘，孔子第58代孙。,
胡姑,孔,尚,女,58,1416-01-01,1482-01-01,是,单县,县丞,,,,,,胡姑，孔子第58代孙。,
孔尚丘,孔,尚,男,58,1416-01-01,1495-01-01,是,成武,主簿,,,,,,孔尚丘，孔子第58代孙。,
孔尚丙,孔,尚,男,58,1420-01-01,1497-01-01,是,巨野,训导,,,,,,孔尚丙，孔子第58代孙。,
孔尚业,孔,尚,男,58,1420-01-01,1494-01-01,是,郓城,教谕,,,,,,孔尚业，孔子第58代孙。,
孔尚丛,孔,尚,男,58,1418-01-01,1478-01-01,是,鄄城,商人,,,,,,孔尚丛，孔子第58代孙。,
孔尚东,孔,尚,男,58,1414-01-01,1483-01-01,是,曲阜,官员,,,,,,孔尚东，孔子第58代孙。,
孔尚丝,孔,尚,男,58,1416-01-01,1489-01-01,是,滋阳,学者,,,,,,孔尚丝，孔子第58代孙。,
孔尚丞,孔,尚,男,58,1414-01-01,1475-01-01,是,济宁,大夫,,,,,,孔尚丞，孔子第58代孙。,
王娘,孔,尚,女,58,1420-01-01,1494-01-01,是,邹县,士,,,,,,王娘，孔子第58代孙。,
李姑,孔,尚,女,58,1414-01-01,1496-01-01,是,滕县,农,,,,,,李姑，孔子第58代孙。,
孔尚両,孔,尚,男,58,1419-01-01,1488-01-01,是,峄县,商,,,,,,孔尚両，孔子第58代孙。,
陈娘,孔,尚,女,58,1418-01-01,1494-01-01,是,金乡,儒,,,,,,陈娘，孔子第58代孙。,
孔尚丣,孔,尚,男,58,1417-01-01,1499-01-01,是,鱼台,工部侍郎,,,,,,孔尚丣，孔子第58代孙。,
赵氏,孔,尚,女,58,1418-01-01,1484-01-01,是,嘉祥,礼部尚书,,,,,,赵氏，孔子第58代孙。,
黄娘,孔,尚,女,58,1418-01-01,1491-01-01,是,汶上,知州,,,,,,黄娘，孔子第58代孙。,
孔尚並,孔,尚,男,58,1420-01-01,1491-01-01,是,泗水,知县,,,,,,孔尚並，孔子第58代孙。,
吴氏,孔,尚,女,58,1418-01-01,1484-01-01,是,宁阳,举人,,,,,,吴氏，孔子第58代孙。,
孔尚丨,孔,尚,男,58,1420-01-01,1495-01-01,是,兖州,进士,,,,,,孔尚丨，孔子第58代孙。,
孔尚丩,孔,尚,男,58,1419-01-01,1497-01-01,是,东平,太学生,,,,,,孔尚丩，孔子第58代孙。,
孔尚个,孔,尚,男,58,1416-01-01,1500-01-01,是,寿张,县丞,,,,,,孔尚个，孔子第58代孙。,
孔尚丫,孔,尚,男,58,1419-01-01,1502-01-01,是,范县,主簿,,,,,,孔尚丫，孔子第58代孙。,
孔尚丬,孔,尚,男,58,1419-01-01,1500-01-01,是,濮州,训导,,,,,,孔尚丬，孔子第58代孙。,
孔尚中,孔,尚,男,58,1418-01-01,1487-01-01,是,开州,教谕,,,,,,孔尚中，孔子第58代孙。,
何娘,孔,尚,女,58,1420-01-01,1489-01-01,是,长垣,商人,,,,,,何娘，孔子第58代孙。,
郭姑,孔,尚,女,58,1414-01-01,1487-01-01,是,东明,官员,,,,,,郭姑，孔子第58代孙。,
孔尚丰,孔,尚,男,58,1415-01-01,1496-01-01,是,荷泽,学者,,,,,,孔尚丰，孔子第58代孙。,
张娘,孔,尚,女,58,1414-01-01,1489-01-01,是,曹州,大夫,,,,,,张娘，孔子第58代孙。,
孔尚串,孔,尚,男,58,1417-01-01,1487-01-01,是,定陶,士,,,,,,孔尚串，孔子第58代孙。,
孔尚丳,孔,尚,男,58,1416-01-01,1489-01-01,是,单县,农,,,,,,孔尚丳，孔子第58代孙。,
孔尚临,孔,尚,男,58,1418-01-01,1485-01-01,是,成武,商,,,,,,孔尚临，孔子第58代孙。,
孔尚丵,孔,尚,男,58,1419-01-01,1486-01-01,是,巨野,儒,,,,,,孔尚丵，孔子第58代孙。,
孔尚丶,孔,尚,男,58,1414-01-01,1481-01-01,是,郓城,工部侍郎,,,,,,孔尚丶，孔子第58代孙。,
赵娘,孔,尚,女,58,1413-01-01,1475-01-01,是,鄄城,礼部尚书,,,,,,赵娘，孔子第58代孙。,
孔尚丸,孔,尚,男,58,1417-01-01,1500-01-01,是,曲阜,知州,,,,,,孔尚丸，孔子第58代孙。,
孔尚丹,孔,尚,男,58,1416-01-01,1490-01-01,是,滋阳,知县,,,,,,孔尚丹，孔子第58代孙。,
孔尚为,孔,尚,男,58,1415-01-01,1498-01-01,是,济宁,举人,,,,,,孔尚为，孔子第58代孙。,
孔尚主,孔,尚,男,58,1414-01-01,1496-01-01,是,邹县,进士,,,,,,孔尚主，孔子第58代孙。,
孔尚丼,孔,尚,男,58,1420-01-01,1503-01-01,是,滕县,太学生,,,,,,孔尚丼，孔子第58代孙。,
孔尚丽,孔,尚,男,58,1418-01-01,1480-01-01,是,峄县,县丞,,,,,,孔尚丽，孔子第58代孙。,
朱姑,孔,尚,女,58,1413-01-01,1497-01-01,是,金乡,主簿,,,,,,朱姑，孔子第58代孙。,
孔尚丿,孔,尚,男,58,1417-01-01,1489-01-01,是,鱼台,训导,,,,,,孔尚丿，孔子第58代孙。,
孔尚乀,孔,尚,男,58,1415-01-01,1491-01-01,是,嘉祥,教谕,,,,,,孔尚乀，孔子第58代孙。,
孔尚乁,孔,尚,男,58,1419-01-01,1499-01-01,是,汶上,商人,,,,,,孔尚乁，孔子第58代孙。,
孔尚乂,孔,尚,男,58,1413-01-01,1487-01-01,是,泗水,官员,,,,,,孔尚乂，孔子第58代孙。,
马娘,孔,尚,女,58,1420-01-01,1493-01-01,是,宁阳,学者,,,,,,马娘，孔子第58代孙。,
孔尚乄,孔,尚,男,58,1420-01-01,1504-01-01,是,兖州,大夫,,,,,,孔尚乄，孔子第58代孙。,
王氏,孔,尚,女,58,1417-01-01,1489-01-01,是,东平,士,,,,,,王氏，孔子第58代孙。,
李娘,孔,尚,女,58,1417-01-01,1489-01-01,是,寿张,农,,,,,,李娘，孔子第58代孙。,
孔尚乇,孔,尚,男,58,1418-01-01,1478-01-01,是,范县,商,,,,,,孔尚乇，孔子第58代孙。,
孔尚么,孔,尚,男,58,1417-01-01,1492-01-01,是,濮州,儒,,,,,,孔尚么，孔子第58代孙。,
孔尚义,孔,尚,男,58,1413-01-01,1485-01-01,是,开州,工部侍郎,,,,,,孔尚义，孔子第58代孙。,
孔尚乊,孔,尚,男,58,1417-01-01,1480-01-01,是,长垣,礼部尚书,,,,,,孔尚乊，孔子第58代孙。,
孔尚之,孔,尚,男,58,1414-01-01,1485-01-01,是,东明,知州,,,,,,孔尚之，孔子第58代孙。,
孔尚乌,孔,尚,男,58,1419-01-01,1482-01-01,是,荷泽,知县,,,,,,孔尚乌，孔子第58代孙。,
吴姑,孔,尚,女,58,1420-01-01,1502-01-01,是,曹州,举人,,,,,,吴姑，孔子第58代孙。,
徐氏,孔,尚,女,58,1417-01-01,1485-01-01,是,定陶,进士,,,,,,徐氏，孔子第58代孙。,
孔尚乏,孔,尚,男,58,1420-01-01,1491-01-01,是,单县,太学生,,,,,,孔尚乏，孔子第58代孙。,
孔尚乐,孔,尚,男,58,1419-01-01,1489-01-01,是,成武,县丞,,,,,,孔尚乐，孔子第58代孙。,
孔尚乑,孔,尚,男,58,1415-01-01,1481-01-01,是,巨野,主簿,,,,,,孔尚乑，孔子第58代孙。,
孔尚乒,孔,尚,男,58,1420-01-01,1489-01-01,是,郓城,训导,,,,,,孔尚乒，孔子第58代孙。,
林姑,孔,尚,女,58,1413-01-01,1482-01-01,是,鄄城,教谕,,,,,,林姑，孔子第58代孙。,
孔尚乔,孔,尚,男,58,1415-01-01,1475-01-01,是,曲阜,商人,,,,,,孔尚乔，孔子第58代孙。,
郭娘,孔,尚,女,58,1415-01-01,1485-01-01,是,滋阳,官员,,,,,,郭娘，孔子第58代孙。,
孔尚乖,孔,尚,男,58,1419-01-01,1481-01-01,是,济宁,学者,,,,,,孔尚乖，孔子第58代孙。,
孔尚乗,孔,尚,男,58,1413-01-01,1491-01-01,是,邹县,大夫,,,,,,孔尚乗，孔子第58代孙。,
孔尚乘,孔,尚,男,58,1419-01-01,1483-01-01,是,滕县,士,,,,,,孔尚乘，孔子第58代孙。,
孔尚乙,孔,尚,男,58,1420-01-01,1500-01-01,是,峄县,农,,,,,,孔尚乙，孔子第58代孙。,
孔尚乚,孔,尚,男,58,1413-01-01,1484-01-01,是,金乡,商,,,,,,孔尚乚，孔子第58代孙。,
孔尚乛,孔,尚,男,58,1415-01-01,1493-01-01,是,鱼台,儒,,,,,,孔尚乛，孔子第58代孙。,
孔尚乜,孔,尚,男,58,1418-01-01,1482-01-01,是,嘉祥,工部侍郎,,,,,,孔尚乜，孔子第58代孙。,
孔尚九,孔,尚,男,58,1415-01-01,1493-01-01,是,汶上,礼部尚书,,,,,,孔尚九，孔子第58代孙。,
孔尚乞,孔,尚,男,58,1417-01-01,1500-01-01,是,泗水,知州,,,,,,孔尚乞，孔子第58代孙。,
周姑,孔,尚,女,58,1420-01-01,1495-01-01,是,宁阳,知县,,,,,,周姑，孔子第58代孙。,
吴氏,孔,尚,女,58,1415-01-01,1476-01-01,是,兖州,举人,,,,,,吴氏，孔子第58代孙。,
徐娘,孔,尚,女,58,1419-01-01,1482-01-01,是,东平,进士,,,,,,徐娘，孔子第58代孙。,
孔尚乢,孔,尚,男,58,1414-01-01,1487-01-01,是,寿张,太学生,,,,,,孔尚乢，孔子第58代孙。,
孔尚乣,孔,尚,男,58,1416-01-01,1478-01-01,是,范县,县丞,,,,,,孔尚乣，孔子第58代孙。,
孔尚乤,孔,尚,男,58,1416-01-01,1490-01-01,是,濮州,主簿,,,,,,孔尚乤，孔子第58代孙。,
高姑,孔,尚,女,58,1414-01-01,1496-01-01,是,开州,训导,,,,,,高姑，孔子第58代孙。,
孔尚书,孔,尚,男,58,1417-01-01,1485-01-01,是,长垣,教谕,,,,,,孔尚书，孔子第58代孙。,
孔尚乧,孔,尚,男,58,1415-01-01,1497-01-01,是,东明,商人,,,,,,孔尚乧，孔子第58代孙。,
孔尚乨,孔,尚,男,58,1420-01-01,1503-01-01,是,荷泽,官员,,,,,,孔尚乨，孔子第58代孙。,
孔尚乩,孔,尚,男,58,1417-01-01,1488-01-01,是,曹州,学者,,,,,,孔尚乩，孔子第58代孙。,
张娘,孔,尚,女,58,1413-01-01,1475-01-01,是,定陶,大夫,,,,,,张娘，孔子第58代孙。,
王姑,孔,尚,女,58,1419-01-01,1484-01-01,是,单县,士,,,,,,王姑，孔子第58代孙。,
李氏,孔,尚,女,58,1418-01-01,1502-01-01,是,成武,农,,,,,,李氏，孔子第58代孙。,
孔尚乭,孔,尚,男,58,1419-01-01,1496-01-01,是,巨野,商,,,,,,孔尚乭，孔子第58代孙。,
孔尚乮,孔,尚,男,58,1420-01-01,1500-01-01,是,郓城,儒,,,,,,孔尚乮，孔子第58代孙。,
孔尚乯,孔,尚,男,58,1417-01-01,1498-01-01,是,鄄城,工部侍郎,,,,,,孔尚乯，孔子第58代孙。,
孔尚买,孔,尚,男,58,1413-01-01,1482-01-01,是,曲阜,礼部尚书,,,,,,孔尚买，孔子第58代孙。,
黄姑,孔,尚,女,58,1413-01-01,1490-01-01,是,滋阳,知州,,,,,,黄姑，孔子第58代孙。,
孔尚乲,孔,尚,男,58,1420-01-01,1493-01-01,是,济宁,知县,,,,,,孔尚乲，孔子第58代孙。,
孔尚乳,孔,尚,男,58,1417-01-01,1477-01-01,是,邹县,举人,,,,,,孔尚乳，孔子第58代孙。,
徐姑,孔,尚,女,58,1419-01-01,1492-01-01,是,滕县,进士,,,,,,徐姑，孔子第58代孙。,
孙氏,孔,尚,女,58,1414-01-01,1482-01-01,是,峄县,太学生,,,,,,孙氏，孔子第58代孙。,
胡娘,孔,尚,女,58,1416-01-01,1481-01-01,是,金乡,县丞,,,,,,胡娘，孔子第58代孙。,
朱姑,孔,尚,女,58,1414-01-01,1478-01-01,是,鱼台,主簿,,,,,,朱姑，孔子第58代孙。,
孔尚乸,孔,尚,男,58,1420-01-01,1503-01-01,是,嘉祥,训导,,,,,,孔尚乸，孔子第58代孙。,
孔尚乹,孔,尚,男,58,1418-01-01,1489-01-01,是,汶上,教谕,,,,,,孔尚乹，孔子第58代孙。,
何姑,孔,尚,女,58,1417-01-01,1488-01-01,是,泗水,商人,,,,,,何姑，孔子第58代孙。,
孔尚乻,孔,尚,男,58,1420-01-01,1502-01-01,是,宁阳,官员,,,,,,孔尚乻，孔子第58代孙。,
孔尚乼,孔,尚,男,58,1418-01-01,1490-01-01,是,兖州,学者,,,,,,孔尚乼，孔子第58代孙。,
孔尚乽,孔,尚,男,58,1414-01-01,1476-01-01,是,东平,大夫,,,,,,孔尚乽，孔子第58代孙。,
孔尚乾,孔,尚,男,58,1416-01-01,1496-01-01,是,寿张,士,,,,,,孔尚乾，孔子第58代孙。,
孔尚乿,孔,尚,男,58,1413-01-01,1479-01-01,是,范县,农,,,,,,孔尚乿，孔子第58代孙。,
孔尚亀,孔,尚,男,58,1413-01-01,1475-01-01,是,濮州,商,,,,,,孔尚亀，孔子第58代孙。,
陈氏,孔,尚,女,58,1417-01-01,1498-01-01,是,开州,儒,,,,,,陈氏，孔子第58代孙。,
杨娘,孔,尚,女,58,1419-01-01,1485-01-01,是,长垣,工部侍郎,,,,,,杨娘，孔子第58代孙。,
孔尚亃,孔,尚,男,58,1419-01-01,1489-01-01,是,东明,礼部尚书,,,,,,孔尚亃，孔子第58代孙。,
黄氏,孔,尚,女,58,1419-01-01,1483-01-01,是,荷泽,知州,,,,,,黄氏，孔子第58代孙。,
周娘,孔,尚,女,58,1413-01-01,1484-01-01,是,曹州,知县,,,,,,周娘，孔子第58代孙。,
吴姑,孔,尚,女,58,1420-01-01,1498-01-01,是,定陶,举人,,,,,,吴姑，孔子第58代孙。,
孔尚亇,孔,尚,男,58,1416-01-01,1481-01-01,是,单县,进士,,,,,,孔尚亇，孔子第58代孙。,
孔尚予,孔,尚,男,58,1420-01-01,1495-01-01,是,成武,太学生,,,,,,孔尚予，孔子第58代孙。,
孔尚争,孔,尚,男,58,1418-01-01,1491-01-01,是,巨野,县丞,,,,,,孔尚争，孔子第58代孙。,
孔尚亊,孔,尚,男,58,1420-01-01,1499-01-01,是,郓城,主簿,,,,,,孔尚亊，孔子第58代孙。,
高娘,孔,尚,女,58,1417-01-01,1499-01-01,是,鄄城,训导,,,,,,高娘，孔子第58代孙。,
孔尚二,孔,尚,男,58,1414-01-01,1491-01-01,是,曲阜,教谕,,,,,,孔尚二，孔子第58代孙。,
孔尚亍,孔,尚,男,58,1420-01-01,1494-01-01,是,滋阳,商人,,,,,,孔尚亍，孔子第58代孙。,
孔尚于,孔,尚,男,58,1415-01-01,1475-01-01,是,济宁,官员,,,,,,孔尚于，孔子第58代孙。,
孔尚亏,孔,尚,男,58,1418-01-01,1496-01-01,是,邹县,学者,,,,,,孔尚亏，孔子第58代孙。,
张氏,孔,尚,女,58,1414-01-01,1478-01-01,是,滕县,大夫,,,,,,张氏，孔子第58代孙。,
孔尚云,孔,尚,男,58,1417-01-01,1487-01-01,是,峄县,士,,,,,,孔尚云，孔子第58代孙。,
李姑,孔,尚,女,58,1413-01-01,1495-01-01,是,金乡,农,,,,,,李姑，孔子第58代孙。,
孔尚亓,孔,尚,男,58,1413-01-01,1485-01-01,是,鱼台,商,,,,,,孔尚亓，孔子第58代孙。,
孔尚五,孔,尚,男,58,1416-01-01,1495-01-01,是,嘉祥,儒,,,,,,孔尚五，孔子第58代孙。,
孔尚井,孔,尚,男,58,1418-01-01,1487-01-01,是,汶上,工部侍郎,,,,,,孔尚井，孔子第58代孙。,
赵氏,孔,尚,女,58,1420-01-01,1489-01-01,是,泗水,礼部尚书,,,,,,赵氏，孔子第58代孙。,
黄娘,孔,尚,女,58,1417-01-01,1494-01-01,是,宁阳,知州,,,,,,黄娘，孔子第58代孙。,
周姑,孔,尚,女,58,1418-01-01,1481-01-01,是,兖州,知县,,,,,,周姑，孔子第58代孙。,
孔尚亙,孔,尚,男,58,1418-01-01,1494-01-01,是,东平,举人,,,,,,孔尚亙，孔子第58代孙。,
徐娘,孔,尚,女,58,1416-01-01,1495-01-01,是,寿张,进士,,,,,,徐娘，孔子第58代孙。,
孔尚些,孔,尚,男,58,1416-01-01,1479-01-01,是,范县,太学生,,,,,,孔尚些，孔子第58代孙。,
孔尚亜,孔,尚,男,58,1413-01-01,1486-01-01,是,濮州,县丞,,,,,,孔尚亜，孔子第58代孙。,
朱娘,孔,尚,女,58,1416-01-01,1497-01-01,是,开州,主簿,,,,,,朱娘，孔子第58代孙。,
高姑,孔,尚,女,58,1418-01-01,1485-01-01,是,长垣,训导,,,,,,高姑，孔子第58代孙。,
林氏,孔,尚,女,58,1415-01-01,1490-01-01,是,东明,教谕,,,,,,林氏，孔子第58代孙。,
何娘,孔,尚,女,58,1417-01-01,1486-01-01,是,荷泽,商人,,,,,,何娘，孔子第58代孙。,
孔尚亡,孔,尚,男,58,1414-01-01,1490-01-01,是,曹州,官员,,,,,,孔尚亡，孔子第58代孙。,
孔尚亢,孔,尚,男,58,1416-01-01,1500-01-01,是,定陶,学者,,,,,,孔尚亢，孔子第58代孙。,
孔尚亣,孔,尚,男,58,1420-01-01,1496-01-01,是,单县,大夫,,,,,,孔尚亣，孔子第58代孙。,
孔尚交,孔,尚,男,58,1414-01-01,1494-01-01,是,成武,士,,,,,,孔尚交，孔子第58代孙。,
孔尚亥,孔,尚,男,58,1420-01-01,1485-01-01,是,巨野,农,,,,,,孔尚亥，孔子第58代孙。,
孔尚亦,孔,尚,男,58,1415-01-01,1491-01-01,是,郓城,商,,,,,,孔尚亦，孔子第58代孙。,
孔尚产,孔,尚,男,58,1416-01-01,1480-01-01,是,鄄城,儒,,,,,,孔尚产，孔子第58代孙。,
孔尚亨,孔,尚,男,58,1415-01-01,1497-01-01,是,曲阜,工部侍郎,,,,,,孔尚亨，孔子第58代孙。,
孔尚亩,孔,尚,男,58,1417-01-01,1484-01-01,是,滋阳,礼部尚书,,,,,,孔尚亩，孔子第58代孙。,
孔尚亪,孔,尚,男,58,1419-01-01,1500-01-01,是,济宁,知州,,,,,,孔尚亪，孔子第58代孙。,
周氏,孔,尚,女,58,1414-01-01,1496-01-01,是,邹县,知县,,,,,,周氏，孔子第58代孙。,
孔尚京,孔,尚,男,58,1414-01-01,1480-01-01,是,滕县,举人,,,,,,孔尚京，孔子第58代孙。,
孔尚亭,孔,尚,男,58,1417-01-01,1500-01-01,是,峄县,进士,,,,,,孔尚亭，孔子第58代孙。,
孔尚亮,孔,尚,男,58,1414-01-01,1486-01-01,是,金乡,太学生,,,,,,孔尚亮，孔子第58代孙。,
孔尚亯,孔,尚,男,58,1417-01-01,1488-01-01,是,鱼台,县丞,,,,,,孔尚亯，孔子第58代孙。,
孔尚亰,孔,尚,男,58,1417-01-01,1481-01-01,是,嘉祥,主簿,,,,,,孔尚亰，孔子第58代孙。,
孔尚亱,孔,尚,男,58,1415-01-01,1495-01-01,是,汶上,训导,,,,,,孔尚亱，孔子第58代孙。,
林娘,孔,尚,女,58,1417-01-01,1487-01-01,是,泗水,教谕,,,,,,林娘，孔子第58代孙。,
孔尚亳,孔,尚,男,58,1414-01-01,1497-01-01,是,宁阳,商人,,,,,,孔尚亳，孔子第58代孙。,
孔尚亴,孔,尚,男,58,1415-01-01,1481-01-01,是,兖州,官员,,,,,,孔尚亴，孔子第58代孙。,
马娘,孔,尚,女,58,1419-01-01,1494-01-01,是,东平,学者,,,,,,马娘，孔子第58代孙。,
张姑,孔,尚,女,58,1414-01-01,1480-01-01,是,寿张,大夫,,,,,,张姑，孔子第58代孙。,
孔尚亷,孔,尚,男,58,1420-01-01,1490-01-01,是,范县,士,,,,,,孔尚亷，孔子第58代孙。,
李娘,孔,尚,女,58,1413-01-01,1497-01-01,是,濮州,农,,,,,,李娘，孔子第58代孙。,
孔尚亹,孔,尚,男,58,1418-01-01,1488-01-01,是,开州,商,,,,,,孔尚亹，孔子第58代孙。,
陈氏,孔,尚,女,58,1415-01-01,1483-01-01,是,长垣,儒,,,,,,陈氏，孔子第58代孙。,
孔尚亻,孔,尚,男,58,1413-01-01,1476-01-01,是,东明,工部侍郎,,,,,,孔尚亻，孔子第58代孙。,
孔尚亼,孔,尚,男,58,1416-01-01,1499-01-01,是,荷泽,礼部尚书,,,,,,孔尚亼，孔子第58代孙。,
黄氏,孔,尚,女,58,1413-01-01,1494-01-01,是,曹州,知州,,,,,,黄氏，孔子第58代孙。,
孔尚亾,孔,尚,男,58,1417-01-01,1490-01-01,是,定陶,知县,,,,,,孔尚亾，孔子第58代孙。,
孔尚亿,孔,尚,男,58,1414-01-01,1475-01-01,是,单县,举人,,,,,,孔尚亿，孔子第58代孙。,
孔尚什,孔,尚,男,58,1415-01-01,1483-01-01,是,成武,进士,,,,,,孔尚什，孔子第58代孙。,
孔尚仁,孔,尚,男,58,1415-01-01,1486-01-01,是,巨野,太学生,,,,,,孔尚仁，孔子第58代孙。,
孔尚仂,孔,尚,男,58,1415-01-01,1487-01-01,是,郓城,县丞,,,,,,孔尚仂，孔子第58代孙。,
孔尚仃,孔,尚,男,58,1415-01-01,1490-01-01,是,鄄城,主簿,,,,,,孔尚仃，孔子第58代孙。,
高娘,孔,尚,女,58,1413-01-01,1496-01-01,是,曲阜,训导,,,,,,高娘，孔子第58代孙。,
孔尚仅,孔,尚,男,58,1416-01-01,1496-01-01,是,滋阳,教谕,,,,,,孔尚仅，孔子第58代孙。,
何氏,孔,尚,女,58,1415-01-01,1495-01-01,是,济宁,商人,,,,,,何氏，孔子第58代孙。,
郭娘,孔,尚,女,58,1416-01-01,1498-01-01,是,邹县,官员,,,,,,郭娘，孔子第58代孙。,
孔尚仈,孔,尚,男,58,1416-01-01,1480-01-01,是,滕县,学者,,,,,,孔尚仈，孔子第58代孙。,
孔尚仉,孔,尚,男,58,1415-01-01,1481-01-01,是,峄县,大夫,,,,,,孔尚仉，孔子第58代孙。,
孔尚今,孔,尚,男,58,1417-01-01,1494-01-01,是,金乡,士,,,,,,孔尚今，孔子第58代孙。,
孔尚介,孔,尚,男,58,1415-01-01,1489-01-01,是,鱼台,农,,,,,,孔尚介，孔子第58代孙。,
孔尚仌,孔,尚,男,58,1416-01-01,1493-01-01,是,嘉祥,商,,,,,,孔尚仌，孔子第58代孙。,
孔尚仍,孔,尚,男,58,1417-01-01,1491-01-01,是,汶上,儒,,,,,,孔尚仍，孔子第58代孙。,
孔尚从,孔,尚,男,58,1420-01-01,1481-01-01,是,泗水,工部侍郎,,,,,,孔尚从，孔子第58代孙。,
赵氏,孔,尚,女,58,1418-01-01,1492-01-01,是,宁阳,礼部尚书,,,,,,赵氏，孔子第58代孙。,
孔尚仐,孔,尚,男,58,1419-01-01,1494-01-01,是,兖州,知州,,,,,,孔尚仐，孔子第58代孙。,
孔尚仑,孔,尚,男,58,1414-01-01,1490-01-01,是,东平,知县,,,,,,孔尚仑，孔子第58代孙。,
孔衍仒,孔,衍,男,59,1447-01-01,1516-01-01,是,寿张,举人,,,,,,孔衍仒，孔子第59代孙。,
孔衍仓,孔,衍,男,59,1441-01-01,1515-01-01,是,范县,进士,,,,,,孔衍仓，孔子第59代孙。,
孙姑,孔,衍,女,59,1448-01-01,1532-01-01,是,濮州,太学生,,,,,,孙姑，孔子第59代孙。,
胡氏,孔,衍,女,59,1445-01-01,1529-01-01,是,开州,县丞,,,,,,胡氏，孔子第59代孙。,
朱娘,孔,衍,女,59,1444-01-01,1512-01-01,是,长垣,主簿,,,,,,朱娘，孔子第59代孙。,
孔衍仗,孔,衍,男,59,1447-01-01,1524-01-01,是,东明,训导,,,,,,孔衍仗，孔子第59代孙。,
林氏,孔,衍,女,59,1443-01-01,1509-01-01,是,荷泽,教谕,,,,,,林氏，孔子第59代孙。,
何娘,孔,衍,女,59,1447-01-01,1527-01-01,是,曹州,商人,,,,,,何娘，孔子第59代孙。,
孔衍仚,孔,衍,男,59,1441-01-01,1521-01-01,是,定陶,官员,,,,,,孔衍仚，孔子第59代孙。,
孔衍仛,孔,衍,男,59,1441-01-01,1512-01-01,是,单县,学者,,,,,,孔衍仛，孔子第59代孙。,
孔衍仜,孔,衍,男,59,1445-01-01,1525-01-01,是,成武,大夫,,,,,,孔衍仜，孔子第59代孙。,
孔衍仝,孔,衍,男,59,1447-01-01,1511-01-01,是,巨野,士,,,,,,孔衍仝，孔子第59代孙。,
李氏,孔,衍,女,59,1445-01-01,1507-01-01,是,郓城,农,,,,,,李氏，孔子第59代孙。,
孔衍仟,孔,衍,男,59,1447-01-01,1511-01-01,是,鄄城,商,,,,,,孔衍仟，孔子第59代孙。,
陈姑,孔,衍,女,59,1443-01-01,1508-01-01,是,曲阜,儒,,,,,,陈姑，孔子第59代孙。,
杨氏,孔,衍,女,59,1444-01-01,1522-01-01,是,滋阳,工部侍郎,,,,,,杨氏，孔子第59代孙。,
赵娘,孔,衍,女,59,1443-01-01,1517-01-01,是,济宁,礼部尚书,,,,,,赵娘，孔子第59代孙。,
孔衍代,孔,衍,男,59,1443-01-01,1510-01-01,是,邹县,知州,,,,,,孔衍代，孔子第59代孙。,
孔衍令,孔,衍,男,59,1446-01-01,1513-01-01,是,滕县,知县,,,,,,孔衍令，孔子第59代孙。,
孔衍以,孔,衍,男,59,1443-01-01,1524-01-01,是,峄县,举人,,,,,,孔衍以，孔子第59代孙。,
孔衍仦,孔,衍,男,59,1443-01-01,1509-01-01,是,金乡,进士,,,,,,孔衍仦，孔子第59代孙。,
孔衍仧,孔,衍,男,59,1441-01-01,1511-01-01,是,鱼台,太学生,,,,,,孔衍仧，孔子第59代孙。,
孔衍仨,孔,衍,男,59,1443-01-01,1519-01-01,是,嘉祥,县丞,,,,,,孔衍仨，孔子第59代孙。,
朱姑,孔,衍,女,59,1441-01-01,1506-01-01,是,汶上,主簿,,,,,,朱姑，孔子第59代孙。,
高氏,孔,衍,女,59,1445-01-01,1515-01-01,是,泗水,训导,,,,,,高氏，孔子第59代孙。,
孔衍仫,孔,衍,男,59,1444-01-01,1525-01-01,是,宁阳,教谕,,,,,,孔衍仫，孔子第59代孙。,
何姑,孔,衍,女,59,1445-01-01,1505-01-01,是,兖州,商人,,,,,,何姑，孔子第59代孙。,
孔衍仭,孔,衍,男,59,1445-01-01,1529-01-01,是,东平,官员,,,,,,孔衍仭，孔子第59代孙。,
马娘,孔,衍,女,59,1441-01-01,1514-01-01,是,寿张,学者,,,,,,马娘，孔子第59代孙。,
张姑,孔,衍,女,59,1442-01-01,1504-01-01,是,范县,大夫,,,,,,张姑，孔子第59代孙。,
孔衍仰,孔,衍,男,59,1441-01-01,1511-01-01,是,濮州,士,,,,,,孔衍仰，孔子第59代孙。,
孔衍仱,孔,衍,男,59,1446-01-01,1524-01-01,是,开州,农,,,,,,孔衍仱，孔子第59代孙。,
孔衍仲,孔,衍,男,59,1446-01-01,1528-01-01,是,长垣,商,,,,,,孔衍仲，孔子第59代孙。,
孔衍仳,孔,衍,男,59,1447-01-01,1525-01-01,是,东明,儒,,,,,,孔衍仳，孔子第59代孙。,
孔衍仴,孔,衍,男,59,1444-01-01,1528-01-01,是,荷泽,工部侍郎,,,,,,孔衍仴，孔子第59代孙。,
孔衍仵,孔,衍,男,59,1444-01-01,1511-01-01,是,曹州,礼部尚书,,,,,,孔衍仵，孔子第59代孙。,
黄氏,孔,衍,女,59,1448-01-01,1526-01-01,是,定陶,知州,,,,,,黄氏，孔子第59代孙。,
孔衍价,孔,衍,男,59,1442-01-01,1525-01-01,是,单县,知县,,,,,,孔衍价，孔子第59代孙。,
吴姑,孔,衍,女,59,1443-01-01,1518-01-01,是,成武,举人,,,,,,吴姑，孔子第59代孙。,
徐氏,孔,衍,女,59,1447-01-01,1525-01-01,是,巨野,进士,,,,,,徐氏，孔子第59代孙。,
孙娘,孔,衍,女,59,1445-01-01,1517-01-01,是,郓城,太学生,,,,,,孙娘，孔子第59代孙。,
孔衍任,孔,衍,男,59,1443-01-01,1520-01-01,是,鄄城,县丞,,,,,,孔衍任，孔子第59代孙。,
孔衍仼,孔,衍,男,59,1446-01-01,1515-01-01,是,曲阜,主簿,,,,,,孔衍仼，孔子第59代孙。,
孔衍份,孔,衍,男,59,1445-01-01,1512-01-01,是,滋阳,训导,,,,,,孔衍份，孔子第59代孙。,
孔衍仾,孔,衍,男,59,1441-01-01,1510-01-01,是,济宁,教谕,,,,,,孔衍仾，孔子第59代孙。,
孔衍仿,孔,衍,男,59,1444-01-01,1507-01-01,是,邹县,商人,,,,,,孔衍仿，孔子第59代孙。,
郭娘,孔,衍,女,59,1442-01-01,1509-01-01,是,滕县,官员,,,,,,郭娘，孔子第59代孙。,
孔衍企,孔,衍,男,59,1446-01-01,1528-01-01,是,峄县,学者,,,,,,孔衍企，孔子第59代孙。,
张氏,孔,衍,女,59,1445-01-01,1514-01-01,是,金乡,大夫,,,,,,张氏，孔子第59代孙。,
孔衍伃,孔,衍,男,59,1443-01-01,1503-01-01,是,鱼台,士,,,,,,孔衍伃，孔子第59代孙。,
李姑,孔,衍,女,59,1445-01-01,1519-01-01,是,嘉祥,农,,,,,,李姑，孔子第59代孙。,
刘氏,孔,衍,女,59,1446-01-01,1520-01-01,是,汶上,商,,,,,,刘氏，孔子第59代孙。,
孔衍伆,孔,衍,男,59,1446-01-01,1506-01-01,是,泗水,儒,,,,,,孔衍伆，孔子第59代孙。,
孔衍伇,孔,衍,男,59,1446-01-01,1515-01-01,是,宁阳,工部侍郎,,,,,,孔衍伇，孔子第59代孙。,
孔衍伈,孔,衍,男,59,1444-01-01,1510-01-01,是,兖州,礼部尚书,,,,,,孔衍伈，孔子第59代孙。,
孔衍伉,孔,衍,男,59,1446-01-01,1528-01-01,是,东平,知州,,,,,,孔衍伉，孔子第59代孙。,
周姑,孔,衍,女,59,1445-01-01,1506-01-01,是,寿张,知县,,,,,,周姑，孔子第59代孙。,
孔衍伋,孔,衍,男,59,1443-01-01,1508-01-01,是,范县,举人,,,,,,孔衍伋，孔子第59代孙。,
孔衍伌,孔,衍,男,59,1446-01-01,1509-01-01,是,濮州,进士,,,,,,孔衍伌，孔子第59代孙。,
孔衍伍,孔,衍,男,59,1447-01-01,1517-01-01,是,开州,太学生,,,,,,孔衍伍，孔子第59代孙。,
孔衍伎,孔,衍,男,59,1442-01-01,1509-01-01,是,长垣,县丞,,,,,,孔衍伎，孔子第59代孙。,
朱娘,孔,衍,女,59,1443-01-01,1505-01-01,是,东明,主簿,,,,,,朱娘，孔子第59代孙。,
高姑,孔,衍,女,59,1443-01-01,1515-01-01,是,荷泽,训导,,,,,,高姑，孔子第59代孙。,
孔衍休,孔,衍,男,59,1444-01-01,1525-01-01,是,曹州,教谕,,,,,,孔衍休，孔子第59代孙。,
孔衍伒,孔,衍,男,59,1448-01-01,1530-01-01,是,定陶,商人,,,,,,孔衍伒，孔子第59代孙。,
孔衍伓,孔,衍,男,59,1444-01-01,1504-01-01,是,单县,官员,,,,,,孔衍伓，孔子第59代孙。,
马氏,孔,衍,女,59,1442-01-01,1509-01-01,是,成武,学者,,,,,,马氏，孔子第59代孙。,
孔衍伕,孔,衍,男,59,1445-01-01,1519-01-01,是,巨野,大夫,,,,,,孔衍伕，孔子第59代孙。,
孔衍伖,孔,衍,男,59,1442-01-01,1518-01-01,是,郓城,士,,,,,,孔衍伖，孔子第59代孙。,
孔衍众,孔,衍,男,59,1445-01-01,1524-01-01,是,鄄城,农,,,,,,孔衍众，孔子第59代孙。,
孔衍优,孔,衍,男,59,1445-01-01,1525-01-01,是,曲阜,商,,,,,,孔衍优，孔子第59代孙。,
孔衍伙,孔,衍,男,59,1444-01-01,1522-01-01,是,滋阳,儒,,,,,,孔衍伙，孔子第59代孙。,
杨氏,孔,衍,女,59,1441-01-01,1505-01-01,是,济宁,工部侍郎,,,,,,杨氏，孔子第59代孙。,
孔衍伛,孔,衍,男,59,1442-01-01,1512-01-01,是,邹县,礼部尚书,,,,,,孔衍伛，孔子第59代孙。,
孔衍伜,孔,衍,男,59,1443-01-01,1519-01-01,是,滕县,知州,,,,,,孔衍伜，孔子第59代孙。,
周氏,孔,衍,女,59,1447-01-01,1514-01-01,是,峄县,知县,,,,,,周氏，孔子第59代孙。,
孔衍伞,孔,衍,男,59,1441-01-01,1501-01-01,是,金乡,举人,,,,,,孔衍伞，孔子第59代孙。,
孔衍伟,孔,衍,男,59,1442-01-01,1513-01-01,是,鱼台,进士,,,,,,孔衍伟，孔子第59代孙。,
孔衍传,孔,衍,男,59,1441-01-01,1517-01-01,是,嘉祥,太学生,,,,,,孔衍传，孔子第59代孙。,
孔衍伡,孔,衍,男,59,1446-01-01,1511-01-01,是,汶上,县丞,,,,,,孔衍伡，孔子第59代孙。,
孔衍伢,孔,衍,男,59,1442-01-01,1507-01-01,是,泗水,主簿,,,,,,孔衍伢，孔子第59代孙。,
高氏,孔,衍,女,59,1448-01-01,1530-01-01,是,宁阳,训导,,,,,,高氏，孔子第59代孙。,
林娘,孔,衍,女,59,1441-01-01,1507-01-01,是,兖州,教谕,,,,,,林娘，孔子第59代孙。,
孔衍伥,孔,衍,男,59,1441-01-01,1508-01-01,是,东平,商人,,,,,,孔衍伥，孔子第59代孙。,
孔衍伦,孔,衍,男,59,1447-01-01,1527-01-01,是,寿张,官员,,,,,,孔衍伦，孔子第59代孙。,
孔衍伧,孔,衍,男,59,1442-01-01,1519-01-01,是,范县,学者,,,,,,孔衍伧，孔子第59代孙。,
孔衍伨,孔,衍,男,59,1445-01-01,1528-01-01,是,濮州,大夫,,,,,,孔衍伨，孔子第59代孙。,
王氏,孔,衍,女,59,1448-01-01,1508-01-01,是,开州,士,,,,,,王氏，孔子第59代孙。,
孔衍伪,孔,衍,男,59,1441-01-01,1522-01-01,是,长垣,农,,,,,,孔衍伪，孔子第59代孙。,
孔衍伫,孔,衍,男,59,1447-01-01,1510-01-01,是,东明,商,,,,,,孔衍伫，孔子第59代孙。,
孔衍伬,孔,衍,男,59,1444-01-01,1510-01-01,是,荷泽,儒,,,,,,孔衍伬，孔子第59代孙。,
孔衍伭,孔,衍,男,59,1447-01-01,1526-01-01,是,曹州,工部侍郎,,,,,,孔衍伭，孔子第59代孙。,
孔衍伮,孔,衍,男,59,1448-01-01,1509-01-01,是,定陶,礼部尚书,,,,,,孔衍伮，孔子第59代孙。,
黄氏,孔,衍,女,59,1448-01-01,1528-01-01,是,单县,知州,,,,,,黄氏，孔子第59代孙。,
周娘,孔,衍,女,59,1442-01-01,1512-01-01,是,成武,知县,,,,,,周娘，孔子第59代孙。,
孔衍伱,孔,衍,男,59,1445-01-01,1527-01-01,是,巨野,举人,,,,,,孔衍伱，孔子第59代孙。,
孔衍伲,孔,衍,男,59,1444-01-01,1527-01-01,是,郓城,进士,,,,,,孔衍伲，孔子第59代孙。,
孙娘,孔,衍,女,59,1447-01-01,1517-01-01,是,鄄城,太学生,,,,,,孙娘，孔子第59代孙。,
胡姑,孔,衍,女,59,1442-01-01,1504-01-01,是,曲阜,县丞,,,,,,胡姑，孔子第59代孙。,
朱氏,孔,衍,女,59,1441-01-01,1506-01-01,是,滋阳,主簿,,,,,,朱氏，孔子第59代孙。,
孔衍伶,孔,衍,男,59,1441-01-01,1517-01-01,是,济宁,训导,,,,,,孔衍伶，孔子第59代孙。,
孔衍伷,孔,衍,男,59,1446-01-01,1514-01-01,是,邹县,教谕,,,,,,孔衍伷，孔子第59代孙。,
孔衍伸,孔,衍,男,59,1444-01-01,1505-01-01,是,滕县,商人,,,,,,孔衍伸，孔子第59代孙。,
孔衍伹,孔,衍,男,59,1442-01-01,1502-01-01,是,峄县,官员,,,,,,孔衍伹，孔子第59代孙。,
马姑,孔,衍,女,59,1442-01-01,1511-01-01,是,金乡,学者,,,,,,马姑，孔子第59代孙。,
孔衍伻,孔,衍,男,59,1444-01-01,1524-01-01,是,鱼台,大夫,,,,,,孔衍伻，孔子第59代孙。,
孔衍似,孔,衍,男,59,1448-01-01,1509-01-01,是,嘉祥,士,,,,,,孔衍似，孔子第59代孙。,
李姑,孔,衍,女,59,1444-01-01,1527-01-01,是,汶上,农,,,,,,李姑，孔子第59代孙。,
孔衍伾,孔,衍,男,59,1446-01-01,1523-01-01,是,泗水,商,,,,,,孔衍伾，孔子第59代孙。,
孔衍伿,孔,衍,男,59,1441-01-01,1515-01-01,是,宁阳,儒,,,,,,孔衍伿，孔子第59代孙。,
孔衍佀,孔,衍,男,59,1445-01-01,1515-01-01,是,兖州,工部侍郎,,,,,,孔衍佀，孔子第59代孙。,
赵氏,孔,衍,女,59,1445-01-01,1509-01-01,是,东平,礼部尚书,,,,,,赵氏，孔子第59代孙。,
黄娘,孔,衍,女,59,1445-01-01,1512-01-01,是,寿张,知州,,,,,,黄娘，孔子第59代孙。,
周姑,孔,衍,女,59,1445-01-01,1519-01-01,是,范县,知县,,,,,,周姑，孔子第59代孙。,
孔衍佄,孔,衍,男,59,1447-01-01,1515-01-01,是,濮州,举人,,,,,,孔衍佄，孔子第59代孙。,
孔衍佅,孔,衍,男,59,1441-01-01,1511-01-01,是,开州,进士,,,,,,孔衍佅，孔子第59代孙。,
孙姑,孔,衍,女,59,1442-01-01,1523-01-01,是,长垣,太学生,,,,,,孙姑，孔子第59代孙。,
孔衍佇,孔,衍,男,59,1445-01-01,1506-01-01,是,东明,县丞,,,,,,孔衍佇，孔子第59代孙。,
孔衍佈,孔,衍,男,59,1448-01-01,1516-01-01,是,荷泽,主簿,,,,,,孔衍佈，孔子第59代孙。,
孔衍佉,孔,衍,男,59,1448-01-01,1512-01-01,是,曹州,训导,,,,,,孔衍佉，孔子第59代孙。,
林氏,孔,衍,女,59,1443-01-01,1520-01-01,是,定陶,教谕,,,,,,林氏，孔子第59代孙。,
孔衍佋,孔,衍,男,59,1445-01-01,1511-01-01,是,单县,商人,,,,,,孔衍佋，孔子第59代孙。,
孔衍佌,孔,衍,男,59,1448-01-01,1527-01-01,是,成武,官员,,,,,,孔衍佌，孔子第59代孙。,
孔衍位,孔,衍,男,59,1442-01-01,1521-01-01,是,巨野,学者,,,,,,孔衍位，孔子第59代孙。,
孔衍低,孔,衍,男,59,1442-01-01,1507-01-01,是,郓城,大夫,,,,,,孔衍低，孔子第59代孙。,
王姑,孔,衍,女,59,1445-01-01,1515-01-01,是,鄄城,士,,,,,,王姑，孔子第59代孙。,
李氏,孔,衍,女,59,1445-01-01,1517-01-01,是,曲阜,农,,,,,,李氏，孔子第59代孙。,
刘娘,孔,衍,女,59,1444-01-01,1506-01-01,是,滋阳,商,,,,,,刘娘，孔子第59代孙。,
孔衍佒,孔,衍,男,59,1444-01-01,1519-01-01,是,济宁,儒,,,,,,孔衍佒，孔子第59代孙。,
杨氏,孔,衍,女,59,1442-01-01,1503-01-01,是,邹县,工部侍郎,,,,,,杨氏，孔子第59代孙。,
孔衍佔,孔,衍,男,59,1447-01-01,1528-01-01,是,滕县,礼部尚书,,,,,,孔衍佔，孔子第59代孙。,
黄姑,孔,衍,女,59,1441-01-01,1523-01-01,是,峄县,知州,,,,,,黄姑，孔子第59代孙。,
孔衍佖,孔,衍,男,59,1441-01-01,1501-01-01,是,金乡,知县,,,,,,孔衍佖，孔子第59代孙。,
孔衍佗,孔,衍,男,59,1448-01-01,1517-01-01,是,鱼台,举人,,,,,,孔衍佗，孔子第59代孙。,
孔衍佘,孔,衍,男,59,1442-01-01,1506-01-01,是,嘉祥,进士,,,,,,孔衍佘，孔子第59代孙。,
孔衍余,孔,衍,男,59,1448-01-01,1522-01-01,是,汶上,太学生,,,,,,孔衍余，孔子第59代孙。,
胡娘,孔,衍,女,59,1447-01-01,1519-01-01,是,泗水,县丞,,,,,,胡娘，孔子第59代孙。,
孔衍佛,孔,衍,男,59,1443-01-01,1509-01-01,是,宁阳,主簿,,,,,,孔衍佛，孔子第59代孙。,
孔衍作,孔,衍,男,59,1448-01-01,1532-01-01,是,兖州,训导,,,,,,孔衍作，孔子第59代孙。,
孔衍佝,孔,衍,男,59,1444-01-01,1525-01-01,是,东平,教谕,,,,,,孔衍佝，孔子第59代孙。,
孔衍佞,孔,衍,男,59,1447-01-01,1509-01-01,是,寿张,商人,,,,,,孔衍佞，孔子第59代孙。,
孔衍佟,孔,衍,男,59,1446-01-01,1519-01-01,是,范县,官员,,,,,,孔衍佟，孔子第59代孙。,
孔衍你,孔,衍,男,59,1442-01-01,1504-01-01,是,濮州,学者,,,,,,孔衍你，孔子第59代孙。,
孔衍佡,孔,衍,男,59,1448-01-01,1521-01-01,是,开州,大夫,,,,,,孔衍佡，孔子第59代孙。,
孔衍佢,孔,衍,男,59,1443-01-01,1508-01-01,是,长垣,士,,,,,,孔衍佢，孔子第59代孙。,
李娘,孔,衍,女,59,1442-01-01,1520-01-01,是,东明,农,,,,,,李娘，孔子第59代孙。,
孔衍佤,孔,衍,男,59,1442-01-01,1514-01-01,是,荷泽,商,,,,,,孔衍佤，孔子第59代孙。,
陈氏,孔,衍,女,59,1441-01-01,1520-01-01,是,曹州,儒,,,,,,陈氏，孔子第59代孙。,
杨娘,孔,衍,女,59,1445-01-01,1514-01-01,是,定陶,工部侍郎,,,,,,杨娘，孔子第59代孙。,
孔衍佧,孔,衍,男,59,1444-01-01,1508-01-01,是,单县,礼部尚书,,,,,,孔衍佧，孔子第59代孙。,
黄氏,孔,衍,女,59,1444-01-01,1507-01-01,是,成武,知州,,,,,,黄氏，孔子第59代孙。,
周娘,孔,衍,女,59,1447-01-01,1517-01-01,是,巨野,知县,,,,,,周娘，孔子第59代孙。,
孔衍佪,孔,衍,男,59,1444-01-01,1515-01-01,是,郓城,举人,,,,,,孔衍佪，孔子第59代孙。,
徐氏,孔,衍,女,59,1446-01-01,1522-01-01,是,鄄城,进士,,,,,,徐氏，孔子第59代孙。,
孔衍佬,孔,衍,男,59,1443-01-01,1511-01-01,是,曲阜,太学生,,,,,,孔衍佬，孔子第59代孙。,
孔衍佭,孔,衍,男,59,1443-01-01,1517-01-01,是,滋阳,县丞,,,,,,孔衍佭，孔子第59代孙。,
孔衍佮,孔,衍,男,59,1447-01-01,1515-01-01,是,济宁,主簿,,,,,,孔衍佮，孔子第59代孙。,
高娘,孔,衍,女,59,1444-01-01,1522-01-01,是,邹县,训导,,,,,,高娘，孔子第59代孙。,
孔衍佰,孔,衍,男,59,1448-01-01,1519-01-01,是,滕县,教谕,,,,,,孔衍佰，孔子第59代孙。,
孔衍佱,孔,衍,男,59,1443-01-01,1522-01-01,是,峄县,商人,,,,,,孔衍佱，孔子第59代孙。,
郭娘,孔,衍,女,59,1443-01-01,1515-01-01,是,金乡,官员,,,,,,郭娘，孔子第59代孙。,
孔衍佳,孔,衍,男,59,1447-01-01,1528-01-01,是,鱼台,学者,,,,,,孔衍佳，孔子第59代孙。,
张氏,孔,衍,女,59,1446-01-01,1506-01-01,是,嘉祥,大夫,,,,,,张氏，孔子第59代孙。,
王娘,孔,衍,女,59,1441-01-01,1514-01-01,是,汶上,士,,,,,,王娘，孔子第59代孙。,
孔衍佶,孔,衍,男,59,1443-01-01,1513-01-01,是,泗水,农,,,,,,孔衍佶，孔子第59代孙。,
孔衍佷,孔,衍,男,59,1442-01-01,1511-01-01,是,宁阳,商,,,,,,孔衍佷，孔子第59代孙。,
孔衍佸,孔,衍,男,59,1443-01-01,1505-01-01,是,兖州,儒,,,,,,孔衍佸，孔子第59代孙。,
杨姑,孔,衍,女,59,1442-01-01,1511-01-01,是,东平,工部侍郎,,,,,,杨姑，孔子第59代孙。,
孔衍佺,孔,衍,男,59,1446-01-01,1527-01-01,是,寿张,礼部尚书,,,,,,孔衍佺，孔子第59代孙。,
孔衍佻,孔,衍,男,59,1444-01-01,1516-01-01,是,范县,知州,,,,,,孔衍佻，孔子第59代孙。,
孔衍佼,孔,衍,男,59,1446-01-01,1512-01-01,是,濮州,知县,,,,,,孔衍佼，孔子第59代孙。,
吴氏,孔,衍,女,59,1444-01-01,1524-01-01,是,开州,举人,,,,,,吴氏，孔子第59代孙。,
徐娘,孔,衍,女,59,1446-01-01,1518-01-01,是,长垣,进士,,,,,,徐娘，孔子第59代孙。,
孙姑,孔,衍,女,59,1448-01-01,1511-01-01,是,东明,太学生,,,,,,孙姑，孔子第59代孙。,
孔衍侀,孔,衍,男,59,1443-01-01,1514-01-01,是,荷泽,县丞,,,,,,孔衍侀，孔子第59代孙。,
朱娘,孔,衍,女,59,1441-01-01,1509-01-01,是,曹州,主簿,,,,,,朱娘，孔子第59代孙。,
孔衍侂,孔,衍,男,59,1442-01-01,1525-01-01,是,定陶,训导,,,,,,孔衍侂，孔子第59代孙。,
林氏,孔,衍,女,59,1445-01-01,1515-01-01,是,单县,教谕,,,,,,林氏，孔子第59代孙。,
孔衍侄,孔,衍,男,59,1444-01-01,1513-01-01,是,成武,商人,,,,,,孔衍侄，孔子第59代孙。,
郭姑,孔,衍,女,59,1443-01-01,1521-01-01,是,巨野,官员,,,,,,郭姑，孔子第59代孙。,
孔衍來,孔,衍,男,59,1443-01-01,1519-01-01,是,郓城,学者,,,,,,孔衍來，孔子第59代孙。,
孔衍侇,孔,衍,男,59,1448-01-01,1528-01-01,是,鄄城,大夫,,,,,,孔衍侇，孔子第59代孙。,
孔衍侈,孔,衍,男,59,1445-01-01,1507-01-01,是,曲阜,士,,,,,,孔衍侈，孔子第59代孙。,
孔衍侉,孔,衍,男,59,1444-01-01,1528-01-01,是,滋阳,农,,,,,,孔衍侉，孔子第59代孙。,
孔衍侊,孔,衍,男,59,1445-01-01,1507-01-01,是,济宁,商,,,,,,孔衍侊，孔子第59代孙。,
陈姑,孔,衍,女,59,1441-01-01,1525-01-01,是,邹县,儒,,,,,,陈姑，孔子第59代孙。,
孔衍侌,孔,衍,男,59,1444-01-01,1522-01-01,是,滕县,工部侍郎,,,,,,孔衍侌，孔子第59代孙。,
赵娘,孔,衍,女,59,1442-01-01,1526-01-01,是,峄县,礼部尚书,,,,,,赵娘，孔子第59代孙。,
黄姑,孔,衍,女,59,1444-01-01,1516-01-01,是,金乡,知州,,,,,,黄姑，孔子第59代孙。,
孔衍侏,孔,衍,男,59,1446-01-01,1524-01-01,是,鱼台,知县,,,,,,孔衍侏，孔子第59代孙。,
孔衍侐,孔,衍,男,59,1443-01-01,1518-01-01,是,嘉祥,举人,,,,,,孔衍侐，孔子第59代孙。,
孔衍侑,孔,衍,男,59,1444-01-01,1516-01-01,是,汶上,进士,,,,,,孔衍侑，孔子第59代孙。,
孙氏,孔,衍,女,59,1442-01-01,1519-01-01,是,泗水,太学生,,,,,,孙氏，孔子第59代孙。,
孔衍侓,孔,衍,男,59,1441-01-01,1525-01-01,是,宁阳,县丞,,,,,,孔衍侓，孔子第59代孙。,
朱姑,孔,衍,女,59,1446-01-01,1527-01-01,是,兖州,主簿,,,,,,朱姑，孔子第59代孙。,
高氏,孔,衍,女,59,1446-01-01,1522-01-01,是,东平,训导,,,,,,高氏，孔子第59代孙。,
孔衍侖,孔,衍,男,59,1446-01-01,1517-01-01,是,寿张,教谕,,,,,,孔衍侖，孔子第59代孙。,
何姑,孔,衍,女,59,1446-01-01,1524-01-01,是,范县,商人,,,,,,何姑，孔子第59代孙。,
郭氏,孔,衍,女,59,1445-01-01,1521-01-01,是,濮州,官员,,,,,,郭氏，孔子第59代孙。,
马娘,孔,衍,女,59,1446-01-01,1513-01-01,是,开州,学者,,,,,,马娘，孔子第59代孙。,
孔衍侚,孔,衍,男,59,1444-01-01,1518-01-01,是,长垣,大夫,,,,,,孔衍侚，孔子第59代孙。,
王氏,孔,衍,女,59,1442-01-01,1505-01-01,是,东明,士,,,,,,王氏，孔子第59代孙。,
孔衍侜,孔,衍,男,59,1447-01-01,1520-01-01,是,荷泽,农,,,,,,孔衍侜，孔子第59代孙。,
孔衍依,孔,衍,男,59,1444-01-01,1505-01-01,是,曹州,商,,,,,,孔衍依，孔子第59代孙。,
孔衍侞,孔,衍,男,59,1447-01-01,1515-01-01,是,定陶,儒,,,,,,孔衍侞，孔子第59代孙。,
孔衍侟,孔,衍,男,59,1442-01-01,1507-01-01,是,单县,工部侍郎,,,,,,孔衍侟，孔子第59代孙。,
赵姑,孔,衍,女,59,1441-01-01,1506-01-01,是,成武,礼部尚书,,,,,,赵姑，孔子第59代孙。,
孔衍価,孔,衍,男,59,1443-01-01,1510-01-01,是,巨野,知州,,,,,,孔衍価，孔子第59代孙。,
孔衍侢,孔,衍,男,59,1445-01-01,1510-01-01,是,郓城,知县,,,,,,孔衍侢，孔子第59代孙。,
孔衍侣,孔,衍,男,59,1441-01-01,1505-01-01,是,鄄城,举人,,,,,,孔衍侣，孔子第59代孙。,
孔衍侤,孔,衍,男,59,1448-01-01,1531-01-01,是,曲阜,进士,,,,,,孔衍侤，孔子第59代孙。,
孔衍侥,孔,衍,男,59,1446-01-01,1511-01-01,是,滋阳,太学生,,,,,,孔衍侥，孔子第59代孙。,
胡姑,孔,衍,女,59,1445-01-01,1523-01-01,是,济宁,县丞,,,,,,胡姑，孔子第59代孙。,
朱氏,孔,衍,女,59,1441-01-01,1519-01-01,是,邹县,主簿,,,,,,朱氏，孔子第59代孙。,
孔衍侨,孔,衍,男,59,1442-01-01,1505-01-01,是,滕县,训导,,,,,,孔衍侨，孔子第59代孙。,
孔衍侩,孔,衍,男,59,1443-01-01,1517-01-01,是,峄县,教谕,,,,,,孔衍侩，孔子第59代孙。,
何氏,孔,衍,女,59,1446-01-01,1514-01-01,是,金乡,商人,,,,,,何氏，孔子第59代孙。,
郭娘,孔,衍,女,59,1448-01-01,1531-01-01,是,鱼台,官员,,,,,,郭娘，孔子第59代孙。,
孔衍侬,孔,衍,男,59,1444-01-01,1505-01-01,是,嘉祥,学者,,,,,,孔衍侬，孔子第59代孙。,
孔衍侭,孔,衍,男,59,1445-01-01,1514-01-01,是,汶上,大夫,,,,,,孔衍侭，孔子第59代孙。,
孔衍侮,孔,衍,男,59,1448-01-01,1532-01-01,是,泗水,士,,,,,,孔衍侮，孔子第59代孙。,
孔衍侯,孔,衍,男,59,1443-01-01,1517-01-01,是,宁阳,农,,,,,,孔衍侯，孔子第59代孙。,
孔衍侰,孔,衍,男,59,1447-01-01,1509-01-01,是,兖州,商,,,,,,孔衍侰，孔子第59代孙。,
孔衍侱,孔,衍,男,59,1443-01-01,1514-01-01,是,东平,儒,,,,,,孔衍侱，孔子第59代孙。,
孔衍侲,孔,衍,男,59,1448-01-01,1526-01-01,是,寿张,工部侍郎,,,,,,孔衍侲，孔子第59代孙。,
孔衍侳,孔,衍,男,59,1441-01-01,1514-01-01,是,范县,礼部尚书,,,,,,孔衍侳，孔子第59代孙。,
孔衍侴,孔,衍,男,59,1442-01-01,1502-01-01,是,濮州,知州,,,,,,孔衍侴，孔子第59代孙。,
周姑,孔,衍,女,59,1443-01-01,1525-01-01,是,开州,知县,,,,,,周姑，孔子第59代孙。,
孔衍侶,孔,衍,男,59,1444-01-01,1528-01-01,是,长垣,举人,,,,,,孔衍侶，孔子第59代孙。,
孔衍侷,孔,衍,男,59,1442-01-01,1516-01-01,是,东明,进士,,,,,,孔衍侷，孔子第59代孙。,
孔衍侸,孔,衍,男,59,1447-01-01,1511-01-01,是,荷泽,太学生,,,,,,孔衍侸，孔子第59代孙。,
孔衍侹,孔,衍,男,59,1445-01-01,1526-01-01,是,曹州,县丞,,,,,,孔衍侹，孔子第59代孙。,
孔衍侺,孔,衍,男,59,1441-01-01,1524-01-01,是,定陶,主簿,,,,,,孔衍侺，孔子第59代孙。,
孔衍侻,孔,衍,男,59,1444-01-01,1504-01-01,是,单县,训导,,,,,,孔衍侻，孔子第59代孙。,
孔衍侼,孔,衍,男,59,1441-01-01,1506-01-01,是,成武,教谕,,,,,,孔衍侼，孔子第59代孙。,
孔衍侽,孔,衍,男,59,1447-01-01,1527-01-01,是,巨野,商人,,,,,,孔衍侽，孔子第59代孙。,
郭姑,孔,衍,女,59,1444-01-01,1514-01-01,是,郓城,官员,,,,,,郭姑，孔子第59代孙。,
马氏,孔,衍,女,59,1441-01-01,1518-01-01,是,鄄城,学者,,,,,,马氏，孔子第59代孙。,
张娘,孔,衍,女,59,1444-01-01,1526-01-01,是,曲阜,大夫,,,,,,张娘，孔子第59代孙。,
孔衍俁,孔,衍,男,59,1445-01-01,1527-01-01,是,滋阳,士,,,,,,孔衍俁，孔子第59代孙。,
李氏,孔,衍,女,59,1448-01-01,1526-01-01,是,济宁,农,,,,,,李氏，孔子第59代孙。,
孔衍促,孔,衍,男,59,1448-01-01,1516-01-01,是,邹县,商,,,,,,孔衍促，孔子第59代孙。,
孔衍俄,孔,衍,男,59,1447-01-01,1515-01-01,是,滕县,儒,,,,,,孔衍俄，孔子第59代孙。,
孔衍俅,孔,衍,男,59,1447-01-01,1512-01-01,是,峄县,工部侍郎,,,,,,孔衍俅，孔子第59代孙。,
孔衍俆,孔,衍,男,59,1441-01-01,1513-01-01,是,金乡,礼部尚书,,,,,,孔衍俆，孔子第59代孙。,
孔衍俇,孔,衍,男,59,1441-01-01,1514-01-01,是,鱼台,知州,,,,,,孔衍俇，孔子第59代孙。,
周氏,孔,衍,女,59,1442-01-01,1524-01-01,是,嘉祥,知县,,,,,,周氏，孔子第59代孙。,
孔衍俉,孔,衍,男,59,1447-01-01,1514-01-01,是,汶上,举人,,,,,,孔衍俉，孔子第59代孙。,
孔衍俊,孔,衍,男,59,1446-01-01,1520-01-01,是,泗水,进士,,,,,,孔衍俊，孔子第59代孙。,
孔衍俋,孔,衍,男,59,1444-01-01,1518-01-01,是,宁阳,太学生,,,,,,孔衍俋，孔子第59代孙。,
胡娘,孔,衍,女,59,1442-01-01,1505-01-01,是,兖州,县丞,,,,,,胡娘，孔子第59代孙。,
孔衍俍,孔,衍,男,59,1445-01-01,1507-01-01,是,东平,主簿,,,,,,孔衍俍，孔子第59代孙。,
孔衍俎,孔,衍,男,59,1447-01-01,1513-01-01,是,寿张,训导,,,,,,孔衍俎，孔子第59代孙。,
林娘,孔,衍,女,59,1441-01-01,1514-01-01,是,范县,教谕,,,,,,林娘，孔子第59代孙。,
何姑,孔,衍,女,59,1443-01-01,1507-01-01,是,濮州,商人,,,,,,何姑，孔子第59代孙。,
孔衍俑,孔,衍,男,59,1442-01-01,1510-01-01,是,开州,官员,,,,,,孔衍俑，孔子第59代孙。,
马娘,孔,衍,女,59,1441-01-01,1520-01-01,是,长垣,学者,,,,,,马娘，孔子第59代孙。,
孔衍俓,孔,衍,男,59,1443-01-01,1517-01-01,是,东明,大夫,,,,,,孔衍俓，孔子第59代孙。,
孔衍俔,孔,衍,男,59,1444-01-01,1511-01-01,是,荷泽,士,,,,,,孔衍俔，孔子第59代孙。,
李娘,孔,衍,女,59,1447-01-01,1520-01-01,是,曹州,农,,,,,,李娘，孔子第59代孙。,
孔衍俖,孔,衍,男,59,1448-01-01,1524-01-01,是,定陶,商,,,,,,孔衍俖，孔子第59代孙。,
陈氏,孔,衍,女,59,1448-01-01,1522-01-01,是,单县,儒,,,,,,陈氏，孔子第59代孙。,
孔衍俘,孔,衍,男,59,1446-01-01,1516-01-01,是,成武,工部侍郎,,,,,,孔衍俘，孔子第59代孙。,
孔衍俙,孔,衍,男,59,1446-01-01,1511-01-01,是,巨野,礼部尚书,,,,,,孔衍俙，孔子第59代孙。,
孔衍俚,孔,衍,男,59,1445-01-01,1515-01-01,是,郓城,知州,,,,,,孔衍俚，孔子第59代孙。,
周娘,孔,衍,女,59,1442-01-01,1511-01-01,是,鄄城,知县,,,,,,周娘，孔子第59代孙。,
吴姑,孔,衍,女,59,1446-01-01,1528-01-01,是,曲阜,举人,,,,,,吴姑，孔子第59代孙。,
徐氏,孔,衍,女,59,1442-01-01,1524-01-01,是,滋阳,进士,,,,,,徐氏，孔子第59代孙。,
孔衍俞,孔,衍,男,59,1448-01-01,1530-01-01,是,济宁,太学生,,,,,,孔衍俞，孔子第59代孙。,
胡姑,孔,衍,女,59,1443-01-01,1511-01-01,是,邹县,县丞,,,,,,胡姑，孔子第59代孙。,
孔衍俠,孔,衍,男,59,1445-01-01,1509-01-01,是,滕县,主簿,,,,,,孔衍俠，孔子第59代孙。,
孔衍信,孔,衍,男,59,1446-01-01,1525-01-01,是,峄县,训导,,,,,,孔衍信，孔子第59代孙。,
林姑,孔,衍,女,59,1441-01-01,1504-01-01,是,金乡,教谕,,,,,,林姑，孔子第59代孙。,
孔衍俣,孔,衍,男,59,1446-01-01,1523-01-01,是,鱼台,商人,,,,,,孔衍俣，孔子第59代孙。,
孔衍俤,孔,衍,男,59,1444-01-01,1520-01-01,是,嘉祥,官员,,,,,,孔衍俤，孔子第59代孙。,
马姑,孔,衍,女,59,1443-01-01,1527-01-01,是,汶上,学者,,,,,,马姑，孔子第59代孙。,
张氏,孔,衍,女,59,1447-01-01,1518-01-01,是,泗水,大夫,,,,,,张氏，孔子第59代孙。,
孔衍俧,孔,衍,男,59,1447-01-01,1509-01-01,是,宁阳,士,,,,,,孔衍俧，孔子第59代孙。,
李姑,孔,衍,女,59,1442-01-01,1524-01-01,是,兖州,农,,,,,,李姑，孔子第59代孙。,
孔衍俩,孔,衍,男,59,1443-01-01,1527-01-01,是,东平,商,,,,,,孔衍俩，孔子第59代孙。,
陈娘,孔,衍,女,59,1443-01-01,1509-01-01,是,寿张,儒,,,,,,陈娘，孔子第59代孙。,
孔衍俫,孔,衍,男,59,1441-01-01,1511-01-01,是,范县,工部侍郎,,,,,,孔衍俫，孔子第59代孙。,
赵氏,孔,衍,女,59,1448-01-01,1528-01-01,是,濮州,礼部尚书,,,,,,赵氏，孔子第59代孙。,
孔衍俭,孔,衍,男,59,1448-01-01,1520-01-01,是,开州,知州,,,,,,孔衍俭，孔子第59代孙。,
周姑,孔,衍,女,59,1446-01-01,1525-01-01,是,长垣,知县,,,,,,周姑，孔子第59代孙。,
孔衍俯,孔,衍,男,59,1445-01-01,1528-01-01,是,东明,举人,,,,,,孔衍俯，孔子第59代孙。,
孔衍俰,孔,衍,男,59,1445-01-01,1528-01-01,是,荷泽,进士,,,,,,孔衍俰，孔子第59代孙。,
孔衍俱,孔,衍,男,59,1441-01-01,1505-01-01,是,曹州,太学生,,,,,,孔衍俱，孔子第59代孙。,
孔衍俲,孔,衍,男,59,1448-01-01,1512-01-01,是,定陶,县丞,,,,,,孔衍俲，孔子第59代孙。,
孔衍俳,孔,衍,男,59,1447-01-01,1513-01-01,是,单县,主簿,,,,,,孔衍俳，孔子第59代孙。,
孔衍俴,孔,衍,男,59,1442-01-01,1526-01-01,是,成武,训导,,,,,,孔衍俴，孔子第59代孙。,
孔衍俵,孔,衍,男,59,1446-01-01,1512-01-01,是,巨野,教谕,,,,,,孔衍俵，孔子第59代孙。,
何娘,孔,衍,女,59,1448-01-01,1527-01-01,是,郓城,商人,,,,,,何娘，孔子第59代孙。,
孔衍俷,孔,衍,男,59,1448-01-01,1518-01-01,是,鄄城,官员,,,,,,孔衍俷，孔子第59代孙。,
马氏,孔,衍,女,59,1446-01-01,1520-01-01,是,曲阜,学者,,,,,,马氏，孔子第59代孙。,
张娘,孔,衍,女,59,1442-01-01,1506-01-01,是,滋阳,大夫,,,,,,张娘，孔子第59代孙。,
王姑,孔,衍,女,59,1442-01-01,1525-01-01,是,济宁,士,,,,,,王姑，孔子第59代孙。,
孔衍俻,孔,衍,男,59,1444-01-01,1521-01-01,是,邹县,农,,,,,,孔衍俻，孔子第59代孙。,
刘娘,孔,衍,女,59,1446-01-01,1524-01-01,是,滕县,商,,,,,,刘娘，孔子第59代孙。,
孔衍俽,孔,衍,男,59,1447-01-01,1526-01-01,是,峄县,儒,,,,,,孔衍俽，孔子第59代孙。,
杨氏,孔,衍,女,59,1442-01-01,1503-01-01,是,金乡,工部侍郎,,,,,,杨氏，孔子第59代孙。,
孔衍俿,孔,衍,男,59,1443-01-01,1510-01-01,是,鱼台,礼部尚书,,,,,,孔衍俿，孔子第59代孙。,
孔衍倀,孔,衍,男,59,1446-01-01,1528-01-01,是,嘉祥,知州,,,,,,孔衍倀，孔子第59代孙。,
孔衍倁,孔,衍,男,59,1448-01-01,1524-01-01,是,汶上,知县,,,,,,孔衍倁，孔子第59代孙。,
吴娘,孔,衍,女,59,1442-01-01,1526-01-01,是,泗水,举人,,,,,,吴娘，孔子第59代孙。,
徐姑,孔,衍,女,59,1444-01-01,1511-01-01,是,宁阳,进士,,,,,,徐姑，孔子第59代孙。,
孔衍倄,孔,衍,男,59,1446-01-01,1524-01-01,是,兖州,太学生,,,,,,孔衍倄，孔子第59代孙。,
孔衍倅,孔,衍,男,59,1445-01-01,1506-01-01,是,东平,县丞,,,,,,孔衍倅，孔子第59代孙。,
朱姑,孔,衍,女,59,1448-01-01,1523-01-01,是,寿张,主簿,,,,,,朱姑，孔子第59代孙。,
高氏,孔,衍,女,59,1448-01-01,1520-01-01,是,范县,训导,,,,,,高氏，孔子第59代孙。,
林娘,孔,衍,女,59,1447-01-01,1525-01-01,是,濮州,教谕,,,,,,林娘，孔子第59代孙。,
孔衍倉,孔,衍,男,59,1448-01-01,1520-01-01,是,开州,商人,,,,,,孔衍倉，孔子第59代孙。,
郭氏,孔,衍,女,59,1444-01-01,1526-01-01,是,长垣,官员,,,,,,郭氏，孔子第59代孙。,
孔衍個,孔,衍,男,59,1441-01-01,1506-01-01,是,东明,学者,,,,,,孔衍個，孔子第59代孙。,
孔衍倌,孔,衍,男,59,1443-01-01,1510-01-01,是,荷泽,大夫,,,,,,孔衍倌，孔子第59代孙。,
孔衍倍,孔,衍,男,59,1444-01-01,1516-01-01,是,曹州,士,,,,,,孔衍倍，孔子第59代孙。,
李娘,孔,衍,女,59,1446-01-01,1510-01-01,是,定陶,农,,,,,,李娘，孔子第59代孙。,
孔衍倏,孔,衍,男,59,1446-01-01,1523-01-01,是,单县,商,,,,,,孔衍倏，孔子第59代孙。,
孔衍倐,孔,衍,男,59,1448-01-01,1520-01-01,是,成武,儒,,,,,,孔衍倐，孔子第59代孙。,
孔衍們,孔,衍,男,59,1441-01-01,1522-01-01,是,巨野,工部侍郎,,,,,,孔衍們，孔子第59代孙。,
孔衍倒,孔,衍,男,59,1447-01-01,1512-01-01,是,郓城,礼部尚书,,,,,,孔衍倒，孔子第59代孙。,
黄氏,孔,衍,女,59,1441-01-01,1524-01-01,是,鄄城,知州,,,,,,黄氏，孔子第59代孙。,
孔衍倔,孔,衍,男,59,1447-01-01,1524-01-01,是,曲阜,知县,,,,,,孔衍倔，孔子第59代孙。,
孔衍倕,孔,衍,男,59,1445-01-01,1511-01-01,是,滋阳,举人,,,,,,孔衍倕，孔子第59代孙。,
孔衍倖,孔,衍,男,59,1445-01-01,1519-01-01,是,济宁,进士,,,,,,孔衍倖，孔子第59代孙。,
孙娘,孔,衍,女,59,1447-01-01,1531-01-01,是,邹县,太学生,,,,,,孙娘，孔子第59代孙。,
孔衍倘,孔,衍,男,59,1444-01-01,1510-01-01,是,滕县,县丞,,,,,,孔衍倘，孔子第59代孙。,
朱氏,孔,衍,女,59,1446-01-01,1516-01-01,是,峄县,主簿,,,,,,朱氏，孔子第59代孙。,
孔衍倚,孔,衍,男,59,1442-01-01,1521-01-01,是,金乡,训导,,,,,,孔衍倚，孔子第59代孙。,
孔衍倛,孔,衍,男,59,1447-01-01,1527-01-01,是,鱼台,教谕,,,,,,孔衍倛，孔子第59代孙。,
孔衍倜,孔,衍,男,59,1441-01-01,1516-01-01,是,嘉祥,商人,,,,,,孔衍倜，孔子第59代孙。,
孔衍倝,孔,衍,男,59,1443-01-01,1520-01-01,是,汶上,官员,,,,,,孔衍倝，孔子第59代孙。,
孔衍倞,孔,衍,男,59,1442-01-01,1518-01-01,是,泗水,学者,,,,,,孔衍倞，孔子第59代孙。,
孔衍借,孔,衍,男,59,1442-01-01,1524-01-01,是,宁阳,大夫,,,,,,孔衍借，孔子第59代孙。,
孔衍倠,孔,衍,男,59,1448-01-01,1528-01-01,是,兖州,士,,,,,,孔衍倠，孔子第59代孙。,
孔衍倡,孔,衍,男,59,1442-01-01,1509-01-01,是,东平,农,,,,,,孔衍倡，孔子第59代孙。,
刘氏,孔,衍,女,59,1447-01-01,1513-01-01,是,寿张,商,,,,,,刘氏，孔子第59代孙。,
孔衍倣,孔,衍,男,59,1447-01-01,1508-01-01,是,范县,儒,,,,,,孔衍倣，孔子第59代孙。,
孔衍値,孔,衍,男,59,1441-01-01,1506-01-01,是,濮州,工部侍郎,,,,,,孔衍値，孔子第59代孙。,
孔衍倥,孔,衍,男,59,1442-01-01,1521-01-01,是,开州,礼部尚书,,,,,,孔衍倥，孔子第59代孙。,
孔衍倦,孔,衍,男,59,1447-01-01,1511-01-01,是,长垣,知州,,,,,,孔衍倦，孔子第59代孙。,
周姑,孔,衍,女,59,1442-01-01,1518-01-01,是,东明,知县,,,,,,周姑，孔子第59代孙。,
吴氏,孔,衍,女,59,1448-01-01,1532-01-01,是,荷泽,举人,,,,,,吴氏，孔子第59代孙。,
孔衍倩,孔,衍,男,59,1447-01-01,1523-01-01,是,曹州,进士,,,,,,孔衍倩，孔子第59代孙。,
孔衍倪,孔,衍,男,59,1446-01-01,1509-01-01,是,定陶,太学生,,,,,,孔衍倪，孔子第59代孙。,
胡氏,孔,衍,女,59,1442-01-01,1524-01-01,是,单县,县丞,,,,,,胡氏，孔子第59代孙。,
朱娘,孔,衍,女,59,1447-01-01,1510-01-01,是,成武,主簿,,,,,,朱娘，孔子第59代孙。,
孔衍倭,孔,衍,男,59,1441-01-01,1525-01-01,是,巨野,训导,,,,,,孔衍倭，孔子第59代孙。,
孔衍倮,孔,衍,男,59,1442-01-01,1509-01-01,是,郓城,教谕,,,,,,孔衍倮，孔子第59代孙。,
孔衍倯,孔,衍,男,59,1447-01-01,1518-01-01,是,鄄城,商人,,,,,,孔衍倯，孔子第59代孙。,
孔衍倰,孔,衍,男,59,1445-01-01,1528-01-01,是,曲阜,官员,,,,,,孔衍倰，孔子第59代孙。,
马氏,孔,衍,女,59,1447-01-01,1511-01-01,是,滋阳,学者,,,,,,马氏，孔子第59代孙。,
孔衍倲,孔,衍,男,59,1448-01-01,1514-01-01,是,济宁,大夫,,,,,,孔衍倲，孔子第59代孙。,
孔衍倳,孔,衍,男,59,1448-01-01,1526-01-01,是,邹县,士,,,,,,孔衍倳，孔子第59代孙。,
李氏,孔,衍,女,59,1442-01-01,1512-01-01,是,滕县,农,,,,,,李氏，孔子第59代孙。,
孔衍倵,孔,衍,男,59,1448-01-01,1532-01-01,是,峄县,商,,,,,,孔衍倵，孔子第59代孙。,
孔衍倶,孔,衍,男,59,1441-01-01,1507-01-01,是,金乡,儒,,,,,,孔衍倶，孔子第59代孙。,
孔衍倷,孔,衍,男,59,1444-01-01,1505-01-01,是,鱼台,工部侍郎,,,,,,孔衍倷，孔子第59代孙。,
赵娘,孔,衍,女,59,1442-01-01,1525-01-01,是,嘉祥,礼部尚书,,,,,,赵娘，孔子第59代孙。,
黄姑,孔,衍,女,59,1448-01-01,1532-01-01,是,汶上,知州,,,,,,黄姑，孔子第59代孙。,
孔衍债,孔,衍,男,59,1448-01-01,1517-01-01,是,泗水,知县,,,,,,孔衍债，孔子第59代孙。,
吴娘,孔,衍,女,59,1446-01-01,1506-01-01,是,宁阳,举人,,,,,,吴娘，孔子第59代孙。,
孔衍值,孔,衍,男,59,1447-01-01,1515-01-01,是,兖州,进士,,,,,,孔衍值，孔子第59代孙。,
孙氏,孔,衍,女,59,1442-01-01,1513-01-01,是,东平,太学生,,,,,,孙氏，孔子第59代孙。,
孔衍倾,孔,衍,男,59,1444-01-01,1518-01-01,是,寿张,县丞,,,,,,孔衍倾，孔子第59代孙。,
孔衍倿,孔,衍,男,59,1446-01-01,1528-01-01,是,范县,主簿,,,,,,孔衍倿，孔子第59代孙。,
孔衍偀,孔,衍,男,59,1443-01-01,1527-01-01,是,濮州,训导,,,,,,孔衍偀，孔子第59代孙。,
林娘,孔,衍,女,59,1443-01-01,1504-01-01,是,开州,教谕,,,,,,林娘，孔子第59代孙。,
孔衍偂,孔,衍,男,59,1448-01-01,1517-01-01,是,长垣,商人,,,,,,孔衍偂，孔子第59代孙。,
孔衍偃,孔,衍,男,59,1446-01-01,1520-01-01,是,东明,官员,,,,,,孔衍偃，孔子第59代孙。,
孔衍偄,孔,衍,男,59,1448-01-01,1520-01-01,是,荷泽,学者,,,,,,孔衍偄，孔子第59代孙。,
孔衍偅,孔,衍,男,59,1441-01-01,1515-01-01,是,曹州,大夫,,,,,,孔衍偅，孔子第59代孙。,
王氏,孔,衍,女,59,1445-01-01,1519-01-01,是,定陶,士,,,,,,王氏，孔子第59代孙。,
李娘,孔,衍,女,59,1448-01-01,1528-01-01,是,单县,农,,,,,,李娘，孔子第59代孙。,
孔衍偈,孔,衍,男,59,1445-01-01,1526-01-01,是,成武,商,,,,,,孔衍偈，孔子第59代孙。,
孔衍偉,孔,衍,男,59,1443-01-01,1509-01-01,是,巨野,儒,,,,,,孔衍偉，孔子第59代孙。,
杨娘,孔,衍,女,59,1441-01-01,1516-01-01,是,郓城,工部侍郎,,,,,,杨娘，孔子第59代孙。,
孔衍偋,孔,衍,男,59,1443-01-01,1522-01-01,是,鄄城,礼部尚书,,,,,,孔衍偋，孔子第59代孙。,
黄氏,孔,衍,女,59,1442-01-01,1514-01-01,是,曲阜,知州,,,,,,黄氏，孔子第59代孙。,
周娘,孔,衍,女,59,1445-01-01,1520-01-01,是,滋阳,知县,,,,,,周娘，孔子第59代孙。,
吴姑,孔,衍,女,59,1448-01-01,1528-01-01,是,济宁,举人,,,,,,吴姑，孔子第59代孙。,
孔衍偏,孔,衍,男,59,1447-01-01,1518-01-01,是,邹县,进士,,,,,,孔衍偏，孔子第59代孙。,
孙娘,孔,衍,女,59,1441-01-01,1513-01-01,是,滕县,太学生,,,,,,孙娘，孔子第59代孙。,
孔衍偑,孔,衍,男,59,1447-01-01,1512-01-01,是,峄县,县丞,,,,,,孔衍偑，孔子第59代孙。,
孔衍偒,孔,衍,男,59,1444-01-01,1513-01-01,是,金乡,主簿,,,,,,孔衍偒，孔子第59代孙。,
孔衍偓,孔,衍,男,59,1445-01-01,1509-01-01,是,鱼台,训导,,,,,,孔衍偓，孔子第59代孙。,
孔衍偔,孔,衍,男,59,1448-01-01,1527-01-01,是,嘉祥,教谕,,,,,,孔衍偔，孔子第59代孙。,
何氏,孔,衍,女,59,1445-01-01,1505-01-01,是,汶上,商人,,,,,,何氏，孔子第59代孙。,
孔衍偖,孔,衍,男,59,1445-01-01,1517-01-01,是,泗水,官员,,,,,,孔衍偖，孔子第59代孙。,
孔衍偗,孔,衍,男,59,1441-01-01,1505-01-01,是,宁阳,学者,,,,,,孔衍偗，孔子第59代孙。,
孔衍偘,孔,衍,男,59,1441-01-01,1512-01-01,是,兖州,大夫,,,,,,孔衍偘，孔子第59代孙。,
王娘,孔,衍,女,59,1448-01-01,1512-01-01,是,东平,士,,,,,,王娘，孔子第59代孙。,
孔衍做,孔,衍,男,59,1441-01-01,1506-01-01,是,寿张,农,,,,,,孔衍做，孔子第59代孙。,
刘氏,孔,衍,女,59,1444-01-01,1512-01-01,是,范县,商,,,,,,刘氏，孔子第59代孙。,
陈娘,孔,衍,女,59,1442-01-01,1526-01-01,是,濮州,儒,,,,,,陈娘，孔子第59代孙。,
杨姑,孔,衍,女,59,1443-01-01,1518-01-01,是,开州,工部侍郎,,,,,,杨姑，孔子第59代孙。,
孔衍偞,孔,衍,男,59,1447-01-01,1512-01-01,是,长垣,礼部尚书,,,,,,孔衍偞，孔子第59代孙。,
黄娘,孔,衍,女,59,1448-01-01,1518-01-01,是,东明,知州,,,,,,黄娘，孔子第59代孙。,
孔衍偠,孔,衍,男,59,1448-01-01,1526-01-01,是,荷泽,知县,,,,,,孔衍偠，孔子第59代孙。,
吴氏,孔,衍,女,59,1446-01-01,1516-01-01,是,曹州,举人,,,,,,吴氏，孔子第59代孙。,
孔衍偢,孔,衍,男,59,1442-01-01,1525-01-01,是,定陶,进士,,,,,,孔衍偢，孔子第59代孙。,
孙姑,孔,衍,女,59,1448-01-01,1516-01-01,是,单县,太学生,,,,,,孙姑，孔子第59代孙。,
孔衍偤,孔,衍,男,59,1447-01-01,1527-01-01,是,成武,县丞,,,,,,孔衍偤，孔子第59代孙。,
孔衍健,孔,衍,男,59,1444-01-01,1527-01-01,是,巨野,主簿,,,,,,孔衍健，孔子第59代孙。,
孔衍偦,孔,衍,男,59,1441-01-01,1518-01-01,是,郓城,训导,,,,,,孔衍偦，孔子第59代孙。,
孔衍偧,孔,衍,男,59,1442-01-01,1513-01-01,是,鄄城,教谕,,,,,,孔衍偧，孔子第59代孙。,
孔衍偨,孔,衍,男,59,1443-01-01,1527-01-01,是,曲阜,商人,,,,,,孔衍偨，孔子第59代孙。,
孔衍偩,孔,衍,男,59,1442-01-01,1526-01-01,是,滋阳,官员,,,,,,孔衍偩，孔子第59代孙。,
马氏,孔,衍,女,59,1447-01-01,1520-01-01,是,济宁,学者,,,,,,马氏，孔子第59代孙。,
张娘,孔,衍,女,59,1441-01-01,1520-01-01,是,邹县,大夫,,,,,,张娘，孔子第59代孙。,
王姑,孔,衍,女,59,1444-01-01,1524-01-01,是,滕县,士,,,,,,王姑，孔子第59代孙。,
李氏,孔,衍,女,59,1444-01-01,1524-01-01,是,峄县,农,,,,,,李氏，孔子第59代孙。,
孔衍偮,孔,衍,男,59,1443-01-01,1514-01-01,是,金乡,商,,,,,,孔衍偮，孔子第59代孙。,
孔衍偯,孔,衍,男,59,1447-01-01,1526-01-01,是,鱼台,儒,,,,,,孔衍偯，孔子第59代孙。,
孔衍偰,孔,衍,男,59,1447-01-01,1515-01-01,是,嘉祥,工部侍郎,,,,,,孔衍偰，孔子第59代孙。,
孔衍偱,孔,衍,男,59,1448-01-01,1513-01-01,是,汶上,礼部尚书,,,,,,孔衍偱，孔子第59代孙。,
孔衍偲,孔,衍,男,59,1446-01-01,1516-01-01,是,泗水,知州,,,,,,孔衍偲，孔子第59代孙。,
孔衍偳,孔,衍,男,59,1444-01-01,1521-01-01,是,宁阳,知县,,,,,,孔衍偳，孔子第59代孙。,
吴娘,孔,衍,女,59,1441-01-01,1520-01-01,是,兖州,举人,,,,,,吴娘，孔子第59代孙。,
孔衍偵,孔,衍,男,59,1445-01-01,1527-01-01,是,东平,进士,,,,,,孔衍偵，孔子第59代孙。,
孔衍偶,孔,衍,男,59,1446-01-01,1519-01-01,是,寿张,太学生,,,,,,孔衍偶，孔子第59代孙。,
胡娘,孔,衍,女,59,1446-01-01,1528-01-01,是,范县,县丞,,,,,,胡娘，孔子第59代孙。,
朱姑,孔,衍,女,59,1448-01-01,1509-01-01,是,濮州,主簿,,,,,,朱姑，孔子第59代孙。,
孔衍偹,孔,衍,男,59,1441-01-01,1510-01-01,是,开州,训导,,,,,,孔衍偹，孔子第59代孙。,
林娘,孔,衍,女,59,1442-01-01,1509-01-01,是,长垣,教谕,,,,,,林娘，孔子第59代孙。,
孔衍偻,孔,衍,男,59,1442-01-01,1524-01-01,是,东明,商人,,,,,,孔衍偻，孔子第59代孙。,
郭氏,孔,衍,女,59,1443-01-01,1504-01-01,是,荷泽,官员,,,,,,郭氏，孔子第59代孙。,
孔衍偽,孔,衍,男,59,1447-01-01,1511-01-01,是,曹州,学者,,,,,,孔衍偽，孔子第59代孙。,
张姑,孔,衍,女,59,1444-01-01,1507-01-01,是,定陶,大夫,,,,,,张姑，孔子第59代孙。,
孔衍偿,孔,衍,男,59,1448-01-01,1508-01-01,是,单县,士,,,,,,孔衍偿，孔子第59代孙。,
李娘,孔,衍,女,59,1448-01-01,1522-01-01,是,成武,农,,,,,,李娘，孔子第59代孙。,
刘姑,孔,衍,女,59,1446-01-01,1530-01-01,是,巨野,商,,,,,,刘姑，孔子第59代孙。,
陈氏,孔,衍,女,59,1446-01-01,1516-01-01,是,郓城,儒,,,,,,陈氏，孔子第59代孙。,
孔衍傃,孔,衍,男,59,1444-01-01,1518-01-01,是,鄄城,工部侍郎,,,,,,孔衍傃，孔子第59代孙。,
孔衍傄,孔,衍,男,59,1446-01-01,1510-01-01,是,曲阜,礼部尚书,,,,,,孔衍傄，孔子第59代孙。,
黄氏,孔,衍,女,59,1441-01-01,1517-01-01,是,滋阳,知州,,,,,,黄氏，孔子第59代孙。,
孔衍傆,孔,衍,男,59,1445-01-01,1522-01-01,是,济宁,知县,,,,,,孔衍傆，孔子第59代孙。,
孔衍傇,孔,衍,男,59,1447-01-01,1518-01-01,是,邹县,举人,,,,,,孔衍傇，孔子第59代孙。,
孔衍傈,孔,衍,男,59,1447-01-01,1527-01-01,是,滕县,进士,,,,,,孔衍傈，孔子第59代孙。,
孔衍傉,孔,衍,男,59,1444-01-01,1523-01-01,是,峄县,太学生,,,,,,孔衍傉，孔子第59代孙。,
孔衍傊,孔,衍,男,59,1441-01-01,1503-01-01,是,金乡,县丞,,,,,,孔衍傊，孔子第59代孙。,
孔衍傋,孔,衍,男,59,1443-01-01,1520-01-01,是,鱼台,主簿,,,,,,孔衍傋，孔子第59代孙。,
孔衍傌,孔,衍,男,59,1447-01-01,1518-01-01,是,嘉祥,训导,,,,,,孔衍傌，孔子第59代孙。,
孔衍傍,孔,衍,男,59,1442-01-01,1516-01-01,是,汶上,教谕,,,,,,孔衍傍，孔子第59代孙。,
孔衍傎,孔,衍,男,59,1447-01-01,1525-01-01,是,泗水,商人,,,,,,孔衍傎，孔子第59代孙。,
孔衍傏,孔,衍,男,59,1444-01-01,1516-01-01,是,宁阳,官员,,,,,,孔衍傏，孔子第59代孙。,
马姑,孔,衍,女,59,1445-01-01,1528-01-01,是,兖州,学者,,,,,,马姑，孔子第59代孙。,
孔衍傑,孔,衍,男,59,1447-01-01,1516-01-01,是,东平,大夫,,,,,,孔衍傑，孔子第59代孙。,
孔衍傒,孔,衍,男,59,1446-01-01,1522-01-01,是,寿张,士,,,,,,孔衍傒，孔子第59代孙。,
孔衍傓,孔,衍,男,59,1443-01-01,1512-01-01,是,范县,农,,,,,,孔衍傓，孔子第59代孙。,
孔兴傔,孔,兴,男,60,1476-01-01,1559-01-01,是,濮州,商,,,,,,孔兴傔，孔子第60代孙。,
孔兴傕,孔,兴,男,60,1476-01-01,1557-01-01,是,开州,儒,,,,,,孔兴傕，孔子第60代孙。,
杨姑,孔,兴,女,60,1470-01-01,1531-01-01,是,长垣,工部侍郎,,,,,,杨姑，孔子第60代孙。,
孔兴傗,孔,兴,男,60,1473-01-01,1540-01-01,是,东明,礼部尚书,,,,,,孔兴傗，孔子第60代孙。,
孔兴傘,孔,兴,男,60,1472-01-01,1550-01-01,是,荷泽,知州,,,,,,孔兴傘，孔子第60代孙。,
孔兴備,孔,兴,男,60,1474-01-01,1545-01-01,是,曹州,知县,,,,,,孔兴備，孔子第60代孙。,
孔兴傚,孔,兴,男,60,1476-01-01,1559-01-01,是,定陶,举人,,,,,,孔兴傚，孔子第60代孙。,
孔兴傛,孔,兴,男,60,1472-01-01,1542-01-01,是,单县,进士,,,,,,孔兴傛，孔子第60代孙。,
孔兴傜,孔,兴,男,60,1470-01-01,1554-01-01,是,成武,太学生,,,,,,孔兴傜，孔子第60代孙。,
孔兴傝,孔,兴,男,60,1469-01-01,1540-01-01,是,巨野,县丞,,,,,,孔兴傝，孔子第60代孙。,
孔兴傞,孔,兴,男,60,1470-01-01,1547-01-01,是,郓城,主簿,,,,,,孔兴傞，孔子第60代孙。,
孔兴傟,孔,兴,男,60,1475-01-01,1554-01-01,是,鄄城,训导,,,,,,孔兴傟，孔子第60代孙。,
孔兴傠,孔,兴,男,60,1473-01-01,1552-01-01,是,曲阜,教谕,,,,,,孔兴傠，孔子第60代孙。,
何娘,孔,兴,女,60,1469-01-01,1534-01-01,是,滋阳,商人,,,,,,何娘，孔子第60代孙。,
孔兴傢,孔,兴,男,60,1470-01-01,1549-01-01,是,济宁,官员,,,,,,孔兴傢，孔子第60代孙。,
孔兴傣,孔,兴,男,60,1470-01-01,1532-01-01,是,邹县,学者,,,,,,孔兴傣，孔子第60代孙。,
张娘,孔,兴,女,60,1476-01-01,1556-01-01,是,滕县,大夫,,,,,,张娘，孔子第60代孙。,
孔兴傥,孔,兴,男,60,1472-01-01,1539-01-01,是,峄县,士,,,,,,孔兴傥，孔子第60代孙。,
孔兴傦,孔,兴,男,60,1475-01-01,1536-01-01,是,金乡,农,,,,,,孔兴傦，孔子第60代孙。,
孔兴傧,孔,兴,男,60,1472-01-01,1545-01-01,是,鱼台,商,,,,,,孔兴傧，孔子第60代孙。,
孔兴储,孔,兴,男,60,1471-01-01,1545-01-01,是,嘉祥,儒,,,,,,孔兴储，孔子第60代孙。,
孔兴傩,孔,兴,男,60,1473-01-01,1548-01-01,是,汶上,工部侍郎,,,,,,孔兴傩，孔子第60代孙。,
孔兴傪,孔,兴,男,60,1473-01-01,1542-01-01,是,泗水,礼部尚书,,,,,,孔兴傪，孔子第60代孙。,
孔兴傫,孔,兴,男,60,1474-01-01,1553-01-01,是,宁阳,知州,,,,,,孔兴傫，孔子第60代孙。,
孔兴催,孔,兴,男,60,1475-01-01,1540-01-01,是,兖州,知县,,,,,,孔兴催，孔子第60代孙。,
吴娘,孔,兴,女,60,1474-01-01,1545-01-01,是,东平,举人,,,,,,吴娘，孔子第60代孙。,
徐姑,孔,兴,女,60,1476-01-01,1547-01-01,是,寿张,进士,,,,,,徐姑，孔子第60代孙。,
孙氏,孔,兴,女,60,1474-01-01,1535-01-01,是,范县,太学生,,,,,,孙氏，孔子第60代孙。,
孔兴傰,孔,兴,男,60,1472-01-01,1543-01-01,是,濮州,县丞,,,,,,孔兴傰，孔子第60代孙。,
朱姑,孔,兴,女,60,1474-01-01,1543-01-01,是,开州,主簿,,,,,,朱姑，孔子第60代孙。,
孔兴傲,孔,兴,男,60,1474-01-01,1548-01-01,是,长垣,训导,,,,,,孔兴傲，孔子第60代孙。,
孔兴傳,孔,兴,男,60,1476-01-01,1539-01-01,是,东明,教谕,,,,,,孔兴傳，孔子第60代孙。,
何姑,孔,兴,女,60,1472-01-01,1540-01-01,是,荷泽,商人,,,,,,何姑，孔子第60代孙。,
郭氏,孔,兴,女,60,1474-01-01,1550-01-01,是,曹州,官员,,,,,,郭氏，孔子第60代孙。,
孔兴傶,孔,兴,男,60,1476-01-01,1542-01-01,是,定陶,学者,,,,,,孔兴傶，孔子第60代孙。,
孔兴傷,孔,兴,男,60,1473-01-01,1557-01-01,是,单县,大夫,,,,,,孔兴傷，孔子第60代孙。,
王氏,孔,兴,女,60,1471-01-01,1547-01-01,是,成武,士,,,,,,王氏，孔子第60代孙。,
孔兴傹,孔,兴,男,60,1476-01-01,1552-01-01,是,巨野,农,,,,,,孔兴傹，孔子第60代孙。,
孔兴傺,孔,兴,男,60,1470-01-01,1548-01-01,是,郓城,商,,,,,,孔兴傺，孔子第60代孙。,
孔兴傻,孔,兴,男,60,1469-01-01,1542-01-01,是,鄄城,儒,,,,,,孔兴傻，孔子第60代孙。,
孔兴傼,孔,兴,男,60,1471-01-01,1549-01-01,是,曲阜,工部侍郎,,,,,,孔兴傼，孔子第60代孙。,
赵姑,孔,兴,女,60,1473-01-01,1544-01-01,是,滋阳,礼部尚书,,,,,,赵姑，孔子第60代孙。,
孔兴傾,孔,兴,男,60,1476-01-01,1557-01-01,是,济宁,知州,,,,,,孔兴傾，孔子第60代孙。,
孔兴傿,孔,兴,男,60,1470-01-01,1550-01-01,是,邹县,知县,,,,,,孔兴傿，孔子第60代孙。,
孔兴僀,孔,兴,男,60,1471-01-01,1540-01-01,是,滕县,举人,,,,,,孔兴僀，孔子第60代孙。,
徐氏,孔,兴,女,60,1469-01-01,1549-01-01,是,峄县,进士,,,,,,徐氏，孔子第60代孙。,
孔兴僂,孔,兴,男,60,1475-01-01,1554-01-01,是,金乡,太学生,,,,,,孔兴僂，孔子第60代孙。,
胡姑,孔,兴,女,60,1470-01-01,1532-01-01,是,鱼台,县丞,,,,,,胡姑，孔子第60代孙。,
朱氏,孔,兴,女,60,1474-01-01,1540-01-01,是,嘉祥,主簿,,,,,,朱氏，孔子第60代孙。,
孔兴僅,孔,兴,男,60,1469-01-01,1530-01-01,是,汶上,训导,,,,,,孔兴僅，孔子第60代孙。,
孔兴僆,孔,兴,男,60,1471-01-01,1548-01-01,是,泗水,教谕,,,,,,孔兴僆，孔子第60代孙。,
孔兴僇,孔,兴,男,60,1471-01-01,1553-01-01,是,宁阳,商人,,,,,,孔兴僇，孔子第60代孙。,
孔兴僈,孔,兴,男,60,1476-01-01,1536-01-01,是,兖州,官员,,,,,,孔兴僈，孔子第60代孙。,
马姑,孔,兴,女,60,1473-01-01,1555-01-01,是,东平,学者,,,,,,马姑，孔子第60代孙。,
孔兴僊,孔,兴,男,60,1471-01-01,1542-01-01,是,寿张,大夫,,,,,,孔兴僊，孔子第60代孙。,
孔兴僋,孔,兴,男,60,1476-01-01,1557-01-01,是,范县,士,,,,,,孔兴僋，孔子第60代孙。,
李姑,孔,兴,女,60,1476-01-01,1546-01-01,是,濮州,农,,,,,,李姑，孔子第60代孙。,
孔兴働,孔,兴,男,60,1471-01-01,1552-01-01,是,开州,商,,,,,,孔兴働，孔子第60代孙。,
陈娘,孔,兴,女,60,1474-01-01,1537-01-01,是,长垣,儒,,,,,,陈娘，孔子第60代孙。,
孔兴像,孔,兴,男,60,1469-01-01,1537-01-01,是,东明,工部侍郎,,,,,,孔兴像，孔子第60代孙。,
孔兴僐,孔,兴,男,60,1476-01-01,1560-01-01,是,荷泽,礼部尚书,,,,,,孔兴僐，孔子第60代孙。,
孔兴僑,孔,兴,男,60,1476-01-01,1559-01-01,是,曹州,知州,,,,,,孔兴僑，孔子第60代孙。,
孔兴僒,孔,兴,男,60,1476-01-01,1556-01-01,是,定陶,知县,,,,,,孔兴僒，孔子第60代孙。,
吴氏,孔,兴,女,60,1474-01-01,1537-01-01,是,单县,举人,,,,,,吴氏，孔子第60代孙。,
孔兴僔,孔,兴,男,60,1472-01-01,1538-01-01,是,成武,进士,,,,,,孔兴僔，孔子第60代孙。,
孙姑,孔,兴,女,60,1469-01-01,1544-01-01,是,巨野,太学生,,,,,,孙姑，孔子第60代孙。,
胡氏,孔,兴,女,60,1474-01-01,1554-01-01,是,郓城,县丞,,,,,,胡氏，孔子第60代孙。,
孔兴僗,孔,兴,男,60,1473-01-01,1548-01-01,是,鄄城,主簿,,,,,,孔兴僗，孔子第60代孙。,
孔兴僘,孔,兴,男,60,1474-01-01,1554-01-01,是,曲阜,训导,,,,,,孔兴僘，孔子第60代孙。,
孔兴僙,孔,兴,男,60,1471-01-01,1547-01-01,是,滋阳,教谕,,,,,,孔兴僙，孔子第60代孙。,
何娘,孔,兴,女,60,1474-01-01,1539-01-01,是,济宁,商人,,,,,,何娘，孔子第60代孙。,
郭姑,孔,兴,女,60,1476-01-01,1542-01-01,是,邹县,官员,,,,,,郭姑，孔子第60代孙。,
马氏,孔,兴,女,60,1473-01-01,1544-01-01,是,滕县,学者,,,,,,马氏，孔子第60代孙。,
孔兴僝,孔,兴,男,60,1471-01-01,1546-01-01,是,峄县,大夫,,,,,,孔兴僝，孔子第60代孙。,
孔兴僞,孔,兴,男,60,1471-01-01,1541-01-01,是,金乡,士,,,,,,孔兴僞，孔子第60代孙。,
孔兴僟,孔,兴,男,60,1469-01-01,1545-01-01,是,鱼台,农,,,,,,孔兴僟，孔子第60代孙。,
孔兴僠,孔,兴,男,60,1473-01-01,1538-01-01,是,嘉祥,商,,,,,,孔兴僠，孔子第60代孙。,
孔兴僡,孔,兴,男,60,1472-01-01,1534-01-01,是,汶上,儒,,,,,,孔兴僡，孔子第60代孙。,
孔兴僢,孔,兴,男,60,1475-01-01,1550-01-01,是,泗水,工部侍郎,,,,,,孔兴僢，孔子第60代孙。,
孔兴僣,孔,兴,男,60,1472-01-01,1545-01-01,是,宁阳,礼部尚书,,,,,,孔兴僣，孔子第60代孙。,
孔兴僤,孔,兴,男,60,1473-01-01,1533-01-01,是,兖州,知州,,,,,,孔兴僤，孔子第60代孙。,
孔兴僥,孔,兴,男,60,1471-01-01,1539-01-01,是,东平,知县,,,,,,孔兴僥，孔子第60代孙。,
吴娘,孔,兴,女,60,1469-01-01,1553-01-01,是,寿张,举人,,,,,,吴娘，孔子第60代孙。,
孔兴僧,孔,兴,男,60,1473-01-01,1536-01-01,是,范县,进士,,,,,,孔兴僧，孔子第60代孙。,
孙氏,孔,兴,女,60,1471-01-01,1532-01-01,是,濮州,太学生,,,,,,孙氏，孔子第60代孙。,
孔兴僩,孔,兴,男,60,1476-01-01,1549-01-01,是,开州,县丞,,,,,,孔兴僩，孔子第60代孙。,
朱姑,孔,兴,女,60,1472-01-01,1536-01-01,是,长垣,主簿,,,,,,朱姑，孔子第60代孙。,
孔兴僫,孔,兴,男,60,1471-01-01,1543-01-01,是,东明,训导,,,,,,孔兴僫，孔子第60代孙。,
孔兴僬,孔,兴,男,60,1476-01-01,1539-01-01,是,荷泽,教谕,,,,,,孔兴僬，孔子第60代孙。,
孔兴僭,孔,兴,男,60,1476-01-01,1543-01-01,是,曹州,商人,,,,,,孔兴僭，孔子第60代孙。,
孔兴僮,孔,兴,男,60,1471-01-01,1550-01-01,是,定陶,官员,,,,,,孔兴僮，孔子第60代孙。,
孔兴僯,孔,兴,男,60,1469-01-01,1553-01-01,是,单县,学者,,,,,,孔兴僯，孔子第60代孙。,
孔兴僰,孔,兴,男,60,1470-01-01,1537-01-01,是,成武,大夫,,,,,,孔兴僰，孔子第60代孙。,
王氏,孔,兴,女,60,1469-01-01,1533-01-01,是,巨野,士,,,,,,王氏，孔子第60代孙。,
李娘,孔,兴,女,60,1472-01-01,1538-01-01,是,郓城,农,,,,,,李娘，孔子第60代孙。,
刘姑,孔,兴,女,60,1470-01-01,1545-01-01,是,鄄城,商,,,,,,刘姑，孔子第60代孙。,
陈氏,孔,兴,女,60,1475-01-01,1545-01-01,是,曲阜,儒,,,,,,陈氏，孔子第60代孙。,
杨娘,孔,兴,女,60,1469-01-01,1538-01-01,是,滋阳,工部侍郎,,,,,,杨娘，孔子第60代孙。,
孔兴僶,孔,兴,男,60,1474-01-01,1543-01-01,是,济宁,礼部尚书,,,,,,孔兴僶，孔子第60代孙。,
孔兴僷,孔,兴,男,60,1469-01-01,1541-01-01,是,邹县,知州,,,,,,孔兴僷，孔子第60代孙。,
周娘,孔,兴,女,60,1470-01-01,1544-01-01,是,滕县,知县,,,,,,周娘，孔子第60代孙。,
孔兴價,孔,兴,男,60,1471-01-01,1548-01-01,是,峄县,举人,,,,,,孔兴價，孔子第60代孙。,
徐氏,孔,兴,女,60,1469-01-01,1532-01-01,是,金乡,进士,,,,,,徐氏，孔子第60代孙。,
孙娘,孔,兴,女,60,1469-01-01,1547-01-01,是,鱼台,太学生,,,,,,孙娘，孔子第60代孙。,
孔兴僼,孔,兴,男,60,1475-01-01,1538-01-01,是,嘉祥,县丞,,,,,,孔兴僼，孔子第60代孙。,
孔兴僽,孔,兴,男,60,1475-01-01,1559-01-01,是,汶上,主簿,,,,,,孔兴僽，孔子第60代孙。,
孔兴僾,孔,兴,男,60,1476-01-01,1551-01-01,是,泗水,训导,,,,,,孔兴僾，孔子第60代孙。,
孔兴僿,孔,兴,男,60,1475-01-01,1553-01-01,是,宁阳,教谕,,,,,,孔兴僿，孔子第60代孙。,
孔兴儀,孔,兴,男,60,1470-01-01,1552-01-01,是,兖州,商人,,,,,,孔兴儀，孔子第60代孙。,
孔兴儁,孔,兴,男,60,1476-01-01,1541-01-01,是,东平,官员,,,,,,孔兴儁，孔子第60代孙。,
孔兴儂,孔,兴,男,60,1470-01-01,1539-01-01,是,寿张,学者,,,,,,孔兴儂，孔子第60代孙。,
孔兴儃,孔,兴,男,60,1474-01-01,1550-01-01,是,范县,大夫,,,,,,孔兴儃，孔子第60代孙。,
孔兴億,孔,兴,男,60,1473-01-01,1557-01-01,是,濮州,士,,,,,,孔兴億，孔子第60代孙。,
孔兴儅,孔,兴,男,60,1473-01-01,1552-01-01,是,开州,农,,,,,,孔兴儅，孔子第60代孙。,
孔兴儆,孔,兴,男,60,1473-01-01,1538-01-01,是,长垣,商,,,,,,孔兴儆，孔子第60代孙。,
陈娘,孔,兴,女,60,1475-01-01,1556-01-01,是,东明,儒,,,,,,陈娘，孔子第60代孙。,
杨姑,孔,兴,女,60,1470-01-01,1545-01-01,是,荷泽,工部侍郎,,,,,,杨姑，孔子第60代孙。,
孔兴儉,孔,兴,男,60,1474-01-01,1550-01-01,是,曹州,礼部尚书,,,,,,孔兴儉，孔子第60代孙。,
孔兴儊,孔,兴,男,60,1469-01-01,1546-01-01,是,定陶,知州,,,,,,孔兴儊，孔子第60代孙。,
孔兴儋,孔,兴,男,60,1475-01-01,1539-01-01,是,单县,知县,,,,,,孔兴儋，孔子第60代孙。,
吴氏,孔,兴,女,60,1472-01-01,1554-01-01,是,成武,举人,,,,,,吴氏，孔子第60代孙。,
孔兴儍,孔,兴,男,60,1474-01-01,1541-01-01,是,巨野,进士,,,,,,孔兴儍，孔子第60代孙。,
孙姑,孔,兴,女,60,1475-01-01,1557-01-01,是,郓城,太学生,,,,,,孙姑，孔子第60代孙。,
胡氏,孔,兴,女,60,1475-01-01,1542-01-01,是,鄄城,县丞,,,,,,胡氏，孔子第60代孙。,
孔兴儐,孔,兴,男,60,1471-01-01,1541-01-01,是,曲阜,主簿,,,,,,孔兴儐，孔子第60代孙。,
孔兴儑,孔,兴,男,60,1472-01-01,1533-01-01,是,滋阳,训导,,,,,,孔兴儑，孔子第60代孙。,
孔兴儒,孔,兴,男,60,1473-01-01,1545-01-01,是,济宁,教谕,,,,,,孔兴儒，孔子第60代孙。,
孔兴儓,孔,兴,男,60,1470-01-01,1551-01-01,是,邹县,商人,,,,,,孔兴儓，孔子第60代孙。,
郭姑,孔,兴,女,60,1470-01-01,1544-01-01,是,滕县,官员,,,,,,郭姑，孔子第60代孙。,
孔兴儕,孔,兴,男,60,1472-01-01,1546-01-01,是,峄县,学者,,,,,,孔兴儕，孔子第60代孙。,
张娘,孔,兴,女,60,1472-01-01,1551-01-01,是,金乡,大夫,,,,,,张娘，孔子第60代孙。,
王姑,孔,兴,女,60,1476-01-01,1554-01-01,是,鱼台,士,,,,,,王姑，孔子第60代孙。,
孔兴儘,孔,兴,男,60,1470-01-01,1538-01-01,是,嘉祥,农,,,,,,孔兴儘，孔子第60代孙。,
孔兴儙,孔,兴,男,60,1469-01-01,1553-01-01,是,汶上,商,,,,,,孔兴儙，孔子第60代孙。,
陈姑,孔,兴,女,60,1471-01-01,1531-01-01,是,泗水,儒,,,,,,陈姑，孔子第60代孙。,
孔兴儛,孔,兴,男,60,1472-01-01,1535-01-01,是,宁阳,工部侍郎,,,,,,孔兴儛，孔子第60代孙。,
赵娘,孔,兴,女,60,1476-01-01,1545-01-01,是,兖州,礼部尚书,,,,,,赵娘，孔子第60代孙。,
黄姑,孔,兴,女,60,1474-01-01,1549-01-01,是,东平,知州,,,,,,黄姑，孔子第60代孙。,
孔兴儞,孔,兴,男,60,1473-01-01,1546-01-01,是,寿张,知县,,,,,,孔兴儞，孔子第60代孙。,
吴娘,孔,兴,女,60,1470-01-01,1544-01-01,是,范县,举人,,,,,,吴娘，孔子第60代孙。,
孔兴儠,孔,兴,男,60,1469-01-01,1539-01-01,是,濮州,进士,,,,,,孔兴儠，孔子第60代孙。,
孙氏,孔,兴,女,60,1475-01-01,1535-01-01,是,开州,太学生,,,,,,孙氏，孔子第60代孙。,
胡娘,孔,兴,女,60,1476-01-01,1544-01-01,是,长垣,县丞,,,,,,胡娘，孔子第60代孙。,
孔兴儣,孔,兴,男,60,1475-01-01,1540-01-01,是,东明,主簿,,,,,,孔兴儣，孔子第60代孙。,
孔兴儤,孔,兴,男,60,1472-01-01,1548-01-01,是,荷泽,训导,,,,,,孔兴儤，孔子第60代孙。,
林娘,孔,兴,女,60,1473-01-01,1537-01-01,是,曹州,教谕,,,,,,林娘，孔子第60代孙。,
孔兴儦,孔,兴,男,60,1470-01-01,1544-01-01,是,定陶,商人,,,,,,孔兴儦，孔子第60代孙。,
孔兴儧,孔,兴,男,60,1470-01-01,1536-01-01,是,单县,官员,,,,,,孔兴儧，孔子第60代孙。,
孔兴儨,孔,兴,男,60,1469-01-01,1546-01-01,是,成武,学者,,,,,,孔兴儨，孔子第60代孙。,
张姑,孔,兴,女,60,1470-01-01,1534-01-01,是,巨野,大夫,,,,,,张姑，孔子第60代孙。,
孔兴優,孔,兴,男,60,1471-01-01,1531-01-01,是,郓城,士,,,,,,孔兴優，孔子第60代孙。,
孔兴儫,孔,兴,男,60,1474-01-01,1555-01-01,是,鄄城,农,,,,,,孔兴儫，孔子第60代孙。,
刘姑,孔,兴,女,60,1473-01-01,1553-01-01,是,曲阜,商,,,,,,刘姑，孔子第60代孙。,
孔兴儭,孔,兴,男,60,1471-01-01,1531-01-01,是,滋阳,儒,,,,,,孔兴儭，孔子第60代孙。,
孔兴儮,孔,兴,男,60,1476-01-01,1552-01-01,是,济宁,工部侍郎,,,,,,孔兴儮，孔子第60代孙。,
孔兴儯,孔,兴,男,60,1472-01-01,1548-01-01,是,邹县,礼部尚书,,,,,,孔兴儯，孔子第60代孙。,
孔兴儰,孔,兴,男,60,1475-01-01,1538-01-01,是,滕县,知州,,,,,,孔兴儰，孔子第60代孙。,
周娘,孔,兴,女,60,1474-01-01,1535-01-01,是,峄县,知县,,,,,,周娘，孔子第60代孙。,
吴姑,孔,兴,女,60,1475-01-01,1551-01-01,是,金乡,举人,,,,,,吴姑，孔子第60代孙。,
徐氏,孔,兴,女,60,1473-01-01,1536-01-01,是,鱼台,进士,,,,,,徐氏，孔子第60代孙。,
孔兴儴,孔,兴,男,60,1471-01-01,1540-01-01,是,嘉祥,太学生,,,,,,孔兴儴，孔子第60代孙。,
孔兴儵,孔,兴,男,60,1473-01-01,1536-01-01,是,汶上,县丞,,,,,,孔兴儵，孔子第60代孙。,
孔兴儶,孔,兴,男,60,1475-01-01,1542-01-01,是,泗水,主簿,,,,,,孔兴儶，孔子第60代孙。,
孔兴儷,孔,兴,男,60,1471-01-01,1553-01-01,是,宁阳,训导,,,,,,孔兴儷，孔子第60代孙。,
孔兴儸,孔,兴,男,60,1475-01-01,1538-01-01,是,兖州,教谕,,,,,,孔兴儸，孔子第60代孙。,
孔兴儹,孔,兴,男,60,1472-01-01,1544-01-01,是,东平,商人,,,,,,孔兴儹，孔子第60代孙。,
孔兴儺,孔,兴,男,60,1474-01-01,1546-01-01,是,寿张,官员,,,,,,孔兴儺，孔子第60代孙。,
马姑,孔,兴,女,60,1474-01-01,1553-01-01,是,范县,学者,,,,,,马姑，孔子第60代孙。,
孔兴儼,孔,兴,男,60,1474-01-01,1553-01-01,是,濮州,大夫,,,,,,孔兴儼，孔子第60代孙。,
孔兴儽,孔,兴,男,60,1469-01-01,1533-01-01,是,开州,士,,,,,,孔兴儽，孔子第60代孙。,
李姑,孔,兴,女,60,1473-01-01,1540-01-01,是,长垣,农,,,,,,李姑，孔子第60代孙。,
孔兴儿,孔,兴,男,60,1470-01-01,1541-01-01,是,东明,商,,,,,,孔兴儿，孔子第60代孙。,
孔兴兀,孔,兴,男,60,1470-01-01,1533-01-01,是,荷泽,儒,,,,,,孔兴兀，孔子第60代孙。,
孔兴允,孔,兴,男,60,1472-01-01,1551-01-01,是,曹州,工部侍郎,,,,,,孔兴允，孔子第60代孙。,
孔兴兂,孔,兴,男,60,1471-01-01,1550-01-01,是,定陶,礼部尚书,,,,,,孔兴兂，孔子第60代孙。,
孔兴元,孔,兴,男,60,1472-01-01,1540-01-01,是,单县,知州,,,,,,孔兴元，孔子第60代孙。,
孔兴兄,孔,兴,男,60,1469-01-01,1540-01-01,是,成武,知县,,,,,,孔兴兄，孔子第60代孙。,
吴氏,孔,兴,女,60,1473-01-01,1542-01-01,是,巨野,举人,,,,,,吴氏，孔子第60代孙。,
孔兴兆,孔,兴,男,60,1476-01-01,1552-01-01,是,郓城,进士,,,,,,孔兴兆，孔子第60代孙。,
孙姑,孔,兴,女,60,1470-01-01,1541-01-01,是,鄄城,太学生,,,,,,孙姑，孔子第60代孙。,
孔兴先,孔,兴,男,60,1475-01-01,1548-01-01,是,曲阜,县丞,,,,,,孔兴先，孔子第60代孙。,
朱娘,孔,兴,女,60,1475-01-01,1558-01-01,是,滋阳,主簿,,,,,,朱娘，孔子第60代孙。,
孔兴兊,孔,兴,男,60,1474-01-01,1540-01-01,是,济宁,训导,,,,,,孔兴兊，孔子第60代孙。,
孔兴克,孔,兴,男,60,1469-01-01,1537-01-01,是,邹县,教谕,,,,,,孔兴克，孔子第60代孙。,
孔兴兌,孔,兴,男,60,1475-01-01,1550-01-01,是,滕县,商人,,,,,,孔兴兌，孔子第60代孙。,
郭姑,孔,兴,女,60,1474-01-01,1557-01-01,是,峄县,官员,,,,,,郭姑，孔子第60代孙。,
马氏,孔,兴,女,60,1476-01-01,1543-01-01,是,金乡,学者,,,,,,马氏，孔子第60代孙。,
张娘,孔,兴,女,60,1469-01-01,1534-01-01,是,鱼台,大夫,,,,,,张娘，孔子第60代孙。,
王姑,孔,兴,女,60,1476-01-01,1540-01-01,是,嘉祥,士,,,,,,王姑，孔子第60代孙。,
李氏,孔,兴,女,60,1474-01-01,1556-01-01,是,汶上,农,,,,,,李氏，孔子第60代孙。,
孔兴兒,孔,兴,男,60,1472-01-01,1553-01-01,是,泗水,商,,,,,,孔兴兒，孔子第60代孙。,
陈姑,孔,兴,女,60,1469-01-01,1546-01-01,是,宁阳,儒,,,,,,陈姑，孔子第60代孙。,
孔兴兔,孔,兴,男,60,1471-01-01,1539-01-01,是,兖州,工部侍郎,,,,,,孔兴兔，孔子第60代孙。,
赵娘,孔,兴,女,60,1476-01-01,1540-01-01,是,东平,礼部尚书,,,,,,赵娘，孔子第60代孙。,
孔兴兖,孔,兴,男,60,1469-01-01,1551-01-01,是,寿张,知州,,,,,,孔兴兖，孔子第60代孙。,
孔兴兗,孔,兴,男,60,1470-01-01,1539-01-01,是,范县,知县,,,,,,孔兴兗，孔子第60代孙。,
吴娘,孔,兴,女,60,1472-01-01,1533-01-01,是,濮州,举人,,,,,,吴娘，孔子第60代孙。,
孔兴兙,孔,兴,男,60,1473-01-01,1544-01-01,是,开州,进士,,,,,,孔兴兙，孔子第60代孙。,
孙氏,孔,兴,女,60,1476-01-01,1546-01-01,是,长垣,太学生,,,,,,孙氏，孔子第60代孙。,
孔兴兛,孔,兴,男,60,1476-01-01,1547-01-01,是,东明,县丞,,,,,,孔兴兛，孔子第60代孙。,
孔兴兜,孔,兴,男,60,1474-01-01,1549-01-01,是,荷泽,主簿,,,,,,孔兴兜，孔子第60代孙。,
孔兴兝,孔,兴,男,60,1476-01-01,1536-01-01,是,曹州,训导,,,,,,孔兴兝，孔子第60代孙。,
孔兴兞,孔,兴,男,60,1473-01-01,1534-01-01,是,定陶,教谕,,,,,,孔兴兞，孔子第60代孙。,
孔兴兟,孔,兴,男,60,1475-01-01,1536-01-01,是,单县,商人,,,,,,孔兴兟，孔子第60代孙。,
郭氏,孔,兴,女,60,1470-01-01,1544-01-01,是,成武,官员,,,,,,郭氏，孔子第60代孙。,
孔兴兡,孔,兴,男,60,1475-01-01,1556-01-01,是,巨野,学者,,,,,,孔兴兡，孔子第60代孙。,
孔兴兢,孔,兴,男,60,1474-01-01,1544-01-01,是,郓城,大夫,,,,,,孔兴兢，孔子第60代孙。,
孔兴兣,孔,兴,男,60,1473-01-01,1555-01-01,是,鄄城,士,,,,,,孔兴兣，孔子第60代孙。,
孔兴兤,孔,兴,男,60,1471-01-01,1538-01-01,是,曲阜,农,,,,,,孔兴兤，孔子第60代孙。,
刘姑,孔,兴,女,60,1473-01-01,1536-01-01,是,滋阳,商,,,,,,刘姑，孔子第60代孙。,
孔兴兦,孔,兴,男,60,1473-01-01,1534-01-01,是,济宁,儒,,,,,,孔兴兦，孔子第60代孙。,
杨娘,孔,兴,女,60,1472-01-01,1545-01-01,是,邹县,工部侍郎,,,,,,杨娘，孔子第60代孙。,
赵姑,孔,兴,女,60,1472-01-01,1549-01-01,是,滕县,礼部尚书,,,,,,赵姑，孔子第60代孙。,
黄氏,孔,兴,女,60,1472-01-01,1543-01-01,是,峄县,知州,,,,,,黄氏，孔子第60代孙。,
孔兴兪,孔,兴,男,60,1475-01-01,1554-01-01,是,金乡,知县,,,,,,孔兴兪，孔子第60代孙。,
吴姑,孔,兴,女,60,1476-01-01,1551-01-01,是,鱼台,举人,,,,,,吴姑，孔子第60代孙。,
徐氏,孔,兴,女,60,1471-01-01,1543-01-01,是,嘉祥,进士,,,,,,徐氏，孔子第60代孙。,
孙娘,孔,兴,女,60,1472-01-01,1533-01-01,是,汶上,太学生,,,,,,孙娘，孔子第60代孙。,
孔兴兮,孔,兴,男,60,1475-01-01,1550-01-01,是,泗水,县丞,,,,,,孔兴兮，孔子第60代孙。,
朱氏,孔,兴,女,60,1469-01-01,1550-01-01,是,宁阳,主簿,,,,,,朱氏，孔子第60代孙。,
孔兴兰,孔,兴,男,60,1473-01-01,1540-01-01,是,兖州,训导,,,,,,孔兴兰，孔子第60代孙。,
林姑,孔,兴,女,60,1474-01-01,1554-01-01,是,东平,教谕,,,,,,林姑，孔子第60代孙。,
何氏,孔,兴,女,60,1470-01-01,1539-01-01,是,寿张,商人,,,,,,何氏，孔子第60代孙。,
孔兴关,孔,兴,男,60,1471-01-01,1534-01-01,是,范县,官员,,,,,,孔兴关，孔子第60代孙。,
孔兴兴,孔,兴,男,60,1474-01-01,1548-01-01,是,濮州,学者,,,,,,孔兴兴，孔子第60代孙。,
孔兴兵,孔,兴,男,60,1474-01-01,1536-01-01,是,开州,大夫,,,,,,孔兴兵，孔子第60代孙。,
孔兴其,孔,兴,男,60,1475-01-01,1551-01-01,是,长垣,士,,,,,,孔兴其，孔子第60代孙。,
李姑,孔,兴,女,60,1475-01-01,1556-01-01,是,东明,农,,,,,,李姑，孔子第60代孙。,
孔兴典,孔,兴,男,60,1471-01-01,1533-01-01,是,荷泽,商,,,,,,孔兴典，孔子第60代孙。,
孔兴兹,孔,兴,男,60,1474-01-01,1535-01-01,是,曹州,儒,,,,,,孔兴兹，孔子第60代孙。,
杨姑,孔,兴,女,60,1472-01-01,1533-01-01,是,定陶,工部侍郎,,,,,,杨姑，孔子第60代孙。,
孔兴养,孔,兴,男,60,1469-01-01,1550-01-01,是,单县,礼部尚书,,,,,,孔兴养，孔子第60代孙。,
黄娘,孔,兴,女,60,1476-01-01,1542-01-01,是,成武,知州,,,,,,黄娘，孔子第60代孙。,
孔兴兽,孔,兴,男,60,1476-01-01,1557-01-01,是,巨野,知县,,,,,,孔兴兽，孔子第60代孙。,
孔兴兾,孔,兴,男,60,1475-01-01,1556-01-01,是,郓城,举人,,,,,,孔兴兾，孔子第60代孙。,
孔兴兿,孔,兴,男,60,1470-01-01,1550-01-01,是,鄄城,进士,,,,,,孔兴兿，孔子第60代孙。,
孙姑,孔,兴,女,60,1475-01-01,1554-01-01,是,曲阜,太学生,,,,,,孙姑，孔子第60代孙。,
孔兴冁,孔,兴,男,60,1473-01-01,1549-01-01,是,滋阳,县丞,,,,,,孔兴冁，孔子第60代孙。,
朱娘,孔,兴,女,60,1469-01-01,1548-01-01,是,济宁,主簿,,,,,,朱娘，孔子第60代孙。,
孔兴冃,孔,兴,男,60,1472-01-01,1552-01-01,是,邹县,训导,,,,,,孔兴冃，孔子第60代孙。,
孔兴冄,孔,兴,男,60,1476-01-01,1548-01-01,是,滕县,教谕,,,,,,孔兴冄，孔子第60代孙。,
孔兴内,孔,兴,男,60,1471-01-01,1542-01-01,是,峄县,商人,,,,,,孔兴内，孔子第60代孙。,
郭姑,孔,兴,女,60,1476-01-01,1556-01-01,是,金乡,官员,,,,,,郭姑，孔子第60代孙。,
孔兴冇,孔,兴,男,60,1472-01-01,1550-01-01,是,鱼台,学者,,,,,,孔兴冇，孔子第60代孙。,
张娘,孔,兴,女,60,1474-01-01,1550-01-01,是,嘉祥,大夫,,,,,,张娘，孔子第60代孙。,
孔兴冉,孔,兴,男,60,1472-01-01,1547-01-01,是,汶上,士,,,,,,孔兴冉，孔子第60代孙。,
孔兴冊,孔,兴,男,60,1471-01-01,1531-01-01,是,泗水,农,,,,,,孔兴冊，孔子第60代孙。,
孔兴冋,孔,兴,男,60,1470-01-01,1542-01-01,是,宁阳,商,,,,,,孔兴冋，孔子第60代孙。,
孔兴册,孔,兴,男,60,1473-01-01,1544-01-01,是,兖州,儒,,,,,,孔兴册，孔子第60代孙。,
孔兴再,孔,兴,男,60,1476-01-01,1550-01-01,是,东平,工部侍郎,,,,,,孔兴再，孔子第60代孙。,
孔兴冎,孔,兴,男,60,1474-01-01,1548-01-01,是,寿张,礼部尚书,,,,,,孔兴冎，孔子第60代孙。,
孔兴冏,孔,兴,男,60,1469-01-01,1549-01-01,是,范县,知州,,,,,,孔兴冏，孔子第60代孙。,
孔兴冐,孔,兴,男,60,1472-01-01,1556-01-01,是,濮州,知县,,,,,,孔兴冐，孔子第60代孙。,
孔兴冑,孔,兴,男,60,1471-01-01,1544-01-01,是,开州,举人,,,,,,孔兴冑，孔子第60代孙。,
徐姑,孔,兴,女,60,1470-01-01,1553-01-01,是,长垣,进士,,,,,,徐姑，孔子第60代孙。,
孔兴冓,孔,兴,男,60,1470-01-01,1548-01-01,是,东明,太学生,,,,,,孔兴冓，孔子第60代孙。,
孔兴冔,孔,兴,男,60,1469-01-01,1542-01-01,是,荷泽,县丞,,,,,,孔兴冔，孔子第60代孙。,
孔兴冕,孔,兴,男,60,1470-01-01,1553-01-01,是,曹州,主簿,,,,,,孔兴冕，孔子第60代孙。,
孔兴冖,孔,兴,男,60,1469-01-01,1537-01-01,是,定陶,训导,,,,,,孔兴冖，孔子第60代孙。,
林娘,孔,兴,女,60,1473-01-01,1538-01-01,是,单县,教谕,,,,,,林娘，孔子第60代孙。,
何姑,孔,兴,女,60,1476-01-01,1537-01-01,是,成武,商人,,,,,,何姑，孔子第60代孙。,
孔兴写,孔,兴,男,60,1473-01-01,1533-01-01,是,巨野,官员,,,,,,孔兴写，孔子第60代孙。,
马娘,孔,兴,女,60,1469-01-01,1534-01-01,是,郓城,学者,,,,,,马娘，孔子第60代孙。,
张姑,孔,兴,女,60,1470-01-01,1549-01-01,是,鄄城,大夫,,,,,,张姑，孔子第60代孙。,
孔兴农,孔,兴,男,60,1474-01-01,1556-01-01,是,曲阜,士,,,,,,孔兴农，孔子第60代孙。,
孔兴冝,孔,兴,男,60,1469-01-01,1544-01-01,是,滋阳,农,,,,,,孔兴冝，孔子第60代孙。,
孔兴冞,孔,兴,男,60,1474-01-01,1556-01-01,是,济宁,商,,,,,,孔兴冞，孔子第60代孙。,
陈氏,孔,兴,女,60,1473-01-01,1535-01-01,是,邹县,儒,,,,,,陈氏，孔子第60代孙。,
杨娘,孔,兴,女,60,1470-01-01,1553-01-01,是,滕县,工部侍郎,,,,,,杨娘，孔子第60代孙。,
孔兴冡,孔,兴,男,60,1473-01-01,1547-01-01,是,峄县,礼部尚书,,,,,,孔兴冡，孔子第60代孙。,
孔兴冢,孔,兴,男,60,1476-01-01,1539-01-01,是,金乡,知州,,,,,,孔兴冢，孔子第60代孙。,
孔兴冣,孔,兴,男,60,1470-01-01,1547-01-01,是,鱼台,知县,,,,,,孔兴冣，孔子第60代孙。,
孔兴冤,孔,兴,男,60,1473-01-01,1546-01-01,是,嘉祥,举人,,,,,,孔兴冤，孔子第60代孙。,
孔兴冥,孔,兴,男,60,1471-01-01,1545-01-01,是,汶上,进士,,,,,,孔兴冥，孔子第60代孙。,
孔兴冦,孔,兴,男,60,1473-01-01,1534-01-01,是,泗水,太学生,,,,,,孔兴冦，孔子第60代孙。,
胡姑,孔,兴,女,60,1469-01-01,1549-01-01,是,宁阳,县丞,,,,,,胡姑，孔子第60代孙。,
孔兴冨,孔,兴,男,60,1470-01-01,1533-01-01,是,兖州,主簿,,,,,,孔兴冨，孔子第60代孙。,
高娘,孔,兴,女,60,1469-01-01,1553-01-01,是,东平,训导,,,,,,高娘，孔子第60代孙。,
孔兴冪,孔,兴,男,60,1475-01-01,1537-01-01,是,寿张,教谕,,,,,,孔兴冪，孔子第60代孙。,
何氏,孔,兴,女,60,1472-01-01,1537-01-01,是,范县,商人,,,,,,何氏，孔子第60代孙。,
孔兴冬,孔,兴,男,60,1469-01-01,1533-01-01,是,濮州,官员,,,,,,孔兴冬，孔子第60代孙。,
马姑,孔,兴,女,60,1473-01-01,1534-01-01,是,开州,学者,,,,,,马姑，孔子第60代孙。,
孔兴冮,孔,兴,男,60,1475-01-01,1538-01-01,是,长垣,大夫,,,,,,孔兴冮，孔子第60代孙。,
孔兴冯,孔,兴,男,60,1474-01-01,1542-01-01,是,东明,士,,,,,,孔兴冯，孔子第60代孙。,
李姑,孔,兴,女,60,1474-01-01,1543-01-01,是,荷泽,农,,,,,,李姑，孔子第60代孙。,
刘氏,孔,兴,女,60,1475-01-01,1559-01-01,是,曹州,商,,,,,,刘氏，孔子第60代孙。,
陈娘,孔,兴,女,60,1476-01-01,1543-01-01,是,定陶,儒,,,,,,陈娘，孔子第60代孙。,
孔兴决,孔,兴,男,60,1470-01-01,1540-01-01,是,单县,工部侍郎,,,,,,孔兴决，孔子第60代孙。,
孔兴冴,孔,兴,男,60,1469-01-01,1550-01-01,是,成武,礼部尚书,,,,,,孔兴冴，孔子第60代孙。,
孔兴况,孔,兴,男,60,1472-01-01,1537-01-01,是,巨野,知州,,,,,,孔兴况，孔子第60代孙。,
孔兴冶,孔,兴,男,60,1471-01-01,1541-01-01,是,郓城,知县,,,,,,孔兴冶，孔子第60代孙。,
孔兴冷,孔,兴,男,60,1471-01-01,1553-01-01,是,鄄城,举人,,,,,,孔兴冷，孔子第60代孙。,
孔兴冸,孔,兴,男,60,1472-01-01,1543-01-01,是,曲阜,进士,,,,,,孔兴冸，孔子第60代孙。,
孙姑,孔,兴,女,60,1472-01-01,1548-01-01,是,滋阳,太学生,,,,,,孙姑，孔子第60代孙。,
胡氏,孔,兴,女,60,1475-01-01,1549-01-01,是,济宁,县丞,,,,,,胡氏，孔子第60代孙。,
孔兴冻,孔,兴,男,60,1471-01-01,1548-01-01,是,邹县,主簿,,,,,,孔兴冻，孔子第60代孙。,
孔兴冼,孔,兴,男,60,1476-01-01,1542-01-01,是,滕县,训导,,,,,,孔兴冼，孔子第60代孙。,
孔兴冽,孔,兴,男,60,1469-01-01,1548-01-01,是,峄县,教谕,,,,,,孔兴冽，孔子第60代孙。,
孔兴冾,孔,兴,男,60,1470-01-01,1538-01-01,是,金乡,商人,,,,,,孔兴冾，孔子第60代孙。,
孔兴冿,孔,兴,男,60,1474-01-01,1544-01-01,是,鱼台,官员,,,,,,孔兴冿，孔子第60代孙。,
孔兴净,孔,兴,男,60,1474-01-01,1553-01-01,是,嘉祥,学者,,,,,,孔兴净，孔子第60代孙。,
张娘,孔,兴,女,60,1471-01-01,1543-01-01,是,汶上,大夫,,,,,,张娘，孔子第60代孙。,
王姑,孔,兴,女,60,1476-01-01,1554-01-01,是,泗水,士,,,,,,王姑，孔子第60代孙。,
孔兴凃,孔,兴,男,60,1469-01-01,1540-01-01,是,宁阳,农,,,,,,孔兴凃，孔子第60代孙。,
孔兴凄,孔,兴,男,60,1476-01-01,1537-01-01,是,兖州,商,,,,,,孔兴凄，孔子第60代孙。,
陈姑,孔,兴,女,60,1476-01-01,1557-01-01,是,东平,儒,,,,,,陈姑，孔子第60代孙。,
孔兴准,孔,兴,男,60,1476-01-01,1543-01-01,是,寿张,工部侍郎,,,,,,孔兴准，孔子第60代孙。,
赵娘,孔,兴,女,60,1472-01-01,1549-01-01,是,范县,礼部尚书,,,,,,赵娘，孔子第60代孙。,
孔兴凈,孔,兴,男,60,1470-01-01,1544-01-01,是,濮州,知州,,,,,,孔兴凈，孔子第60代孙。,
周氏,孔,兴,女,60,1469-01-01,1541-01-01,是,开州,知县,,,,,,周氏，孔子第60代孙。,
孔兴凊,孔,兴,男,60,1476-01-01,1549-01-01,是,长垣,举人,,,,,,孔兴凊，孔子第60代孙。,
孔兴凋,孔,兴,男,60,1471-01-01,1550-01-01,是,东明,进士,,,,,,孔兴凋，孔子第60代孙。,
孔兴凌,孔,兴,男,60,1470-01-01,1535-01-01,是,荷泽,太学生,,,,,,孔兴凌，孔子第60代孙。,
孔兴凍,孔,兴,男,60,1469-01-01,1548-01-01,是,曹州,县丞,,,,,,孔兴凍，孔子第60代孙。,
朱姑,孔,兴,女,60,1472-01-01,1553-01-01,是,定陶,主簿,,,,,,朱姑，孔子第60代孙。,
孔兴减,孔,兴,男,60,1472-01-01,1540-01-01,是,单县,训导,,,,,,孔兴减，孔子第60代孙。,
孔兴凐,孔,兴,男,60,1470-01-01,1544-01-01,是,成武,教谕,,,,,,孔兴凐，孔子第60代孙。,
孔兴凑,孔,兴,男,60,1469-01-01,1550-01-01,是,巨野,商人,,,,,,孔兴凑，孔子第60代孙。,
孔兴凒,孔,兴,男,60,1474-01-01,1540-01-01,是,郓城,官员,,,,,,孔兴凒，孔子第60代孙。,
马娘,孔,兴,女,60,1471-01-01,1554-01-01,是,鄄城,学者,,,,,,马娘，孔子第60代孙。,
张姑,孔,兴,女,60,1475-01-01,1544-01-01,是,曲阜,大夫,,,,,,张姑，孔子第60代孙。,
王氏,孔,兴,女,60,1475-01-01,1537-01-01,是,滋阳,士,,,,,,王氏，孔子第60代孙。,
李娘,孔,兴,女,60,1469-01-01,1553-01-01,是,济宁,农,,,,,,李娘，孔子第60代孙。,
孔兴凗,孔,兴,男,60,1469-01-01,1539-01-01,是,邹县,商,,,,,,孔兴凗，孔子第60代孙。,
孔兴凘,孔,兴,男,60,1469-01-01,1536-01-01,是,滕县,儒,,,,,,孔兴凘，孔子第60代孙。,
杨娘,孔,兴,女,60,1473-01-01,1536-01-01,是,峄县,工部侍郎,,,,,,杨娘，孔子第60代孙。,
孔兴凚,孔,兴,男,60,1469-01-01,1536-01-01,是,金乡,礼部尚书,,,,,,孔兴凚，孔子第60代孙。,
孔兴凛,孔,兴,男,60,1474-01-01,1547-01-01,是,鱼台,知州,,,,,,孔兴凛，孔子第60代孙。,
周娘,孔,兴,女,60,1471-01-01,1550-01-01,是,嘉祥,知县,,,,,,周娘，孔子第60代孙。,
孔兴凝,孔,兴,男,60,1471-01-01,1548-01-01,是,汶上,举人,,,,,,孔兴凝，孔子第60代孙。,
孔兴凞,孔,兴,男,60,1470-01-01,1531-01-01,是,泗水,进士,,,,,,孔兴凞，孔子第60代孙。,
孙娘,孔,兴,女,60,1475-01-01,1544-01-01,是,宁阳,太学生,,,,,,孙娘，孔子第60代孙。,
孔兴几,孔,兴,男,60,1475-01-01,1542-01-01,是,兖州,县丞,,,,,,孔兴几，孔子第60代孙。,
孔兴凡,孔,兴,男,60,1472-01-01,1554-01-01,是,东平,主簿,,,,,,孔兴凡，孔子第60代孙。,
高娘,孔,兴,女,60,1476-01-01,1559-01-01,是,寿张,训导,,,,,,高娘，孔子第60代孙。,
林姑,孔,兴,女,60,1474-01-01,1535-01-01,是,范县,教谕,,,,,,林姑，孔子第60代孙。,
孔兴凤,孔,兴,男,60,1475-01-01,1538-01-01,是,濮州,商人,,,,,,孔兴凤，孔子第60代孙。,
孔兴凥,孔,兴,男,60,1474-01-01,1551-01-01,是,开州,官员,,,,,,孔兴凥，孔子第60代孙。,
马姑,孔,兴,女,60,1475-01-01,1537-01-01,是,长垣,学者,,,,,,马姑，孔子第60代孙。,
孔兴凧,孔,兴,男,60,1470-01-01,1535-01-01,是,东明,大夫,,,,,,孔兴凧，孔子第60代孙。,
王娘,孔,兴,女,60,1471-01-01,1549-01-01,是,荷泽,士,,,,,,王娘，孔子第60代孙。,
孔兴丁,孔,兴,男,60,1471-01-01,1539-01-01,是,曹州,农,,,,,,孔兴丁，孔子第60代孙。,
刘氏,孔,兴,女,60,1476-01-01,1555-01-01,是,定陶,商,,,,,,刘氏，孔子第60代孙。,
孔兴七,孔,兴,男,60,1475-01-01,1554-01-01,是,单县,儒,,,,,,孔兴七，孔子第60代孙。,
孔兴丄,孔,兴,男,60,1476-01-01,1537-01-01,是,成武,工部侍郎,,,,,,孔兴丄，孔子第60代孙。,
孔兴丅,孔,兴,男,60,1471-01-01,1533-01-01,是,巨野,礼部尚书,,,,,,孔兴丅，孔子第60代孙。,
孔兴丆,孔,兴,男,60,1475-01-01,1538-01-01,是,郓城,知州,,,,,,孔兴丆，孔子第60代孙。,
孔兴万,孔,兴,男,60,1470-01-01,1540-01-01,是,鄄城,知县,,,,,,孔兴万，孔子第60代孙。,
吴氏,孔,兴,女,60,1474-01-01,1535-01-01,是,曲阜,举人,,,,,,吴氏，孔子第60代孙。,
徐娘,孔,兴,女,60,1474-01-01,1540-01-01,是,滋阳,进士,,,,,,徐娘，孔子第60代孙。,
孙姑,孔,兴,女,60,1474-01-01,1552-01-01,是,济宁,太学生,,,,,,孙姑，孔子第60代孙。,
胡氏,孔,兴,女,60,1471-01-01,1547-01-01,是,邹县,县丞,,,,,,胡氏，孔子第60代孙。,
孔兴丌,孔,兴,男,60,1474-01-01,1558-01-01,是,滕县,主簿,,,,,,孔兴丌，孔子第60代孙。,
孔兴不,孔,兴,男,60,1471-01-01,1542-01-01,是,峄县,训导,,,,,,孔兴不，孔子第60代孙。,
孔兴与,孔,兴,男,60,1469-01-01,1543-01-01,是,金乡,教谕,,,,,,孔兴与，孔子第60代孙。,
何娘,孔,兴,女,60,1476-01-01,1551-01-01,是,鱼台,商人,,,,,,何娘，孔子第60代孙。,
孔兴丐,孔,兴,男,60,1472-01-01,1539-01-01,是,嘉祥,官员,,,,,,孔兴丐，孔子第60代孙。,
孔兴丑,孔,兴,男,60,1469-01-01,1538-01-01,是,汶上,学者,,,,,,孔兴丑，孔子第60代孙。,
张娘,孔,兴,女,60,1469-01-01,1548-01-01,是,泗水,大夫,,,,,,张娘，孔子第60代孙。,
王姑,孔,兴,女,60,1471-01-01,1533-01-01,是,宁阳,士,,,,,,王姑，孔子第60代孙。,
李氏,孔,兴,女,60,1476-01-01,1544-01-01,是,兖州,农,,,,,,李氏，孔子第60代孙。,
孔兴丕,孔,兴,男,60,1472-01-01,1541-01-01,是,东平,商,,,,,,孔兴丕，孔子第60代孙。,
陈姑,孔,兴,女,60,1473-01-01,1542-01-01,是,寿张,儒,,,,,,陈姑，孔子第60代孙。,
孔兴丗,孔,兴,男,60,1474-01-01,1553-01-01,是,范县,工部侍郎,,,,,,孔兴丗，孔子第60代孙。,
赵娘,孔,兴,女,60,1474-01-01,1534-01-01,是,濮州,礼部尚书,,,,,,赵娘，孔子第60代孙。,
黄姑,孔,兴,女,60,1469-01-01,1548-01-01,是,开州,知州,,,,,,黄姑，孔子第60代孙。,
孔兴业,孔,兴,男,60,1471-01-01,1550-01-01,是,长垣,知县,,,,,,孔兴业，孔子第60代孙。,
吴娘,孔,兴,女,60,1475-01-01,1543-01-01,是,东明,举人,,,,,,吴娘，孔子第60代孙。,
孔兴东,孔,兴,男,60,1473-01-01,1544-01-01,是,荷泽,进士,,,,,,孔兴东，孔子第60代孙。,
孙氏,孔,兴,女,60,1476-01-01,1541-01-01,是,曹州,太学生,,,,,,孙氏，孔子第60代孙。,
胡娘,孔,兴,女,60,1471-01-01,1537-01-01,是,定陶,县丞,,,,,,胡娘，孔子第60代孙。,
朱姑,孔,兴,女,60,1473-01-01,1554-01-01,是,单县,主簿,,,,,,朱姑，孔子第60代孙。,
孔兴丠,孔,兴,男,60,1476-01-01,1546-01-01,是,成武,训导,,,,,,孔兴丠，孔子第60代孙。,
孔兴両,孔,兴,男,60,1472-01-01,1548-01-01,是,巨野,教谕,,,,,,孔兴両，孔子第60代孙。,
孔兴丢,孔,兴,男,60,1471-01-01,1534-01-01,是,郓城,商人,,,,,,孔兴丢，孔子第60代孙。,
孔兴丣,孔,兴,男,60,1476-01-01,1540-01-01,是,鄄城,官员,,,,,,孔兴丣，孔子第60代孙。,
孔兴两,孔,兴,男,60,1476-01-01,1537-01-01,是,曲阜,学者,,,,,,孔兴两，孔子第60代孙。,
孔兴严,孔,兴,男,60,1476-01-01,1542-01-01,是,滋阳,大夫,,,,,,孔兴严，孔子第60代孙。,
孔兴並,孔,兴,男,60,1471-01-01,1534-01-01,是,济宁,士,,,,,,孔兴並，孔子第60代孙。,
李娘,孔,兴,女,60,1476-01-01,1550-01-01,是,邹县,农,,,,,,李娘，孔子第60代孙。,
刘姑,孔,兴,女,60,1472-01-01,1554-01-01,是,滕县,商,,,,,,刘姑，孔子第60代孙。,
孔兴丩,孔,兴,男,60,1470-01-01,1550-01-01,是,峄县,儒,,,,,,孔兴丩，孔子第60代孙。,
孔兴个,孔,兴,男,60,1470-01-01,1535-01-01,是,金乡,工部侍郎,,,,,,孔兴个，孔子第60代孙。,
孔兴丫,孔,兴,男,60,1474-01-01,1535-01-01,是,鱼台,礼部尚书,,,,,,孔兴丫，孔子第60代孙。,
孔兴丬,孔,兴,男,60,1471-01-01,1535-01-01,是,嘉祥,知州,,,,,,孔兴丬，孔子第60代孙。,
周娘,孔,兴,女,60,1469-01-01,1545-01-01,是,汶上,知县,,,,,,周娘，孔子第60代孙。,
吴姑,孔,兴,女,60,1471-01-01,1549-01-01,是,泗水,举人,,,,,,吴姑，孔子第60代孙。,
徐氏,孔,兴,女,60,1472-01-01,1555-01-01,是,宁阳,进士,,,,,,徐氏，孔子第60代孙。,
孔兴丰,孔,兴,男,60,1473-01-01,1534-01-01,是,兖州,太学生,,,,,,孔兴丰，孔子第60代孙。,
孔兴丱,孔,兴,男,60,1473-01-01,1542-01-01,是,东平,县丞,,,,,,孔兴丱，孔子第60代孙。,
孔兴串,孔,兴,男,60,1470-01-01,1554-01-01,是,寿张,主簿,,,,,,孔兴串，孔子第60代孙。,
孔兴丳,孔,兴,男,60,1469-01-01,1534-01-01,是,范县,训导,,,,,,孔兴丳，孔子第60代孙。,
林姑,孔,兴,女,60,1471-01-01,1531-01-01,是,濮州,教谕,,,,,,林姑，孔子第60代孙。,
孔兴丵,孔,兴,男,60,1471-01-01,1533-01-01,是,开州,商人,,,,,,孔兴丵，孔子第60代孙。,
孔兴丶,孔,兴,男,60,1472-01-01,1552-01-01,是,长垣,官员,,,,,,孔兴丶，孔子第60代孙。,
孔兴丷,孔,兴,男,60,1471-01-01,1543-01-01,是,东明,学者,,,,,,孔兴丷，孔子第60代孙。,
张氏,孔,兴,女,60,1472-01-01,1534-01-01,是,荷泽,大夫,,,,,,张氏，孔子第60代孙。,
孔兴丹,孔,兴,男,60,1475-01-01,1551-01-01,是,曹州,士,,,,,,孔兴丹，孔子第60代孙。,
孔兴为,孔,兴,男,60,1474-01-01,1550-01-01,是,定陶,农,,,,,,孔兴为，孔子第60代孙。,
孔兴主,孔,兴,男,60,1475-01-01,1545-01-01,是,单县,商,,,,,,孔兴主，孔子第60代孙。,
孔兴丼,孔,兴,男,60,1470-01-01,1548-01-01,是,成武,儒,,,,,,孔兴丼，孔子第60代孙。,
孔兴丽,孔,兴,男,60,1475-01-01,1548-01-01,是,巨野,工部侍郎,,,,,,孔兴丽，孔子第60代孙。,
赵氏,孔,兴,女,60,1476-01-01,1556-01-01,是,郓城,礼部尚书,,,,,,赵氏，孔子第60代孙。,
黄娘,孔,兴,女,60,1473-01-01,1547-01-01,是,鄄城,知州,,,,,,黄娘，孔子第60代孙。,
孔兴乀,孔,兴,男,60,1473-01-01,1536-01-01,是,曲阜,知县,,,,,,孔兴乀，孔子第60代孙。,
孔兴乁,孔,兴,男,60,1473-01-01,1555-01-01,是,滋阳,举人,,,,,,孔兴乁，孔子第60代孙。,
孔兴乂,孔,兴,男,60,1475-01-01,1555-01-01,是,济宁,进士,,,,,,孔兴乂，孔子第60代孙。,
孔兴乃,孔,兴,男,60,1473-01-01,1548-01-01,是,邹县,太学生,,,,,,孔兴乃，孔子第60代孙。,
胡氏,孔,兴,女,60,1469-01-01,1543-01-01,是,滕县,县丞,,,,,,胡氏，孔子第60代孙。,
孔兴久,孔,兴,男,60,1469-01-01,1532-01-01,是,峄县,主簿,,,,,,孔兴久，孔子第60代孙。,
孔兴乆,孔,兴,男,60,1473-01-01,1552-01-01,是,金乡,训导,,,,,,孔兴乆，孔子第60代孙。,
孔兴乇,孔,兴,男,60,1471-01-01,1538-01-01,是,鱼台,教谕,,,,,,孔兴乇，孔子第60代孙。,
孔兴么,孔,兴,男,60,1471-01-01,1535-01-01,是,嘉祥,商人,,,,,,孔兴么，孔子第60代孙。,
孔兴义,孔,兴,男,60,1471-01-01,1553-01-01,是,汶上,官员,,,,,,孔兴义，孔子第60代孙。,
马氏,孔,兴,女,60,1473-01-01,1547-01-01,是,泗水,学者,,,,,,马氏，孔子第60代孙。,
孔兴之,孔,兴,男,60,1472-01-01,1541-01-01,是,宁阳,大夫,,,,,,孔兴之，孔子第60代孙。,
孔兴乌,孔,兴,男,60,1471-01-01,1555-01-01,是,兖州,士,,,,,,孔兴乌，孔子第60代孙。,
李氏,孔,兴,女,60,1476-01-01,1542-01-01,是,东平,农,,,,,,李氏，孔子第60代孙。,
刘娘,孔,兴,女,60,1472-01-01,1543-01-01,是,寿张,商,,,,,,刘娘，孔子第60代孙。,
陈姑,孔,兴,女,60,1471-01-01,1534-01-01,是,范县,儒,,,,,,陈姑，孔子第60代孙。,
孔兴乐,孔,兴,男,60,1473-01-01,1555-01-01,是,濮州,工部侍郎,,,,,,孔兴乐，孔子第60代孙。,
孔兴乑,孔,兴,男,60,1471-01-01,1550-01-01,是,开州,礼部尚书,,,,,,孔兴乑，孔子第60代孙。,
孔兴乒,孔,兴,男,60,1473-01-01,1555-01-01,是,长垣,知州,,,,,,孔兴乒，孔子第60代孙。,
孔兴乓,孔,兴,男,60,1470-01-01,1545-01-01,是,东明,知县,,,,,,孔兴乓，孔子第60代孙。,
孔兴乔,孔,兴,男,60,1471-01-01,1550-01-01,是,荷泽,举人,,,,,,孔兴乔，孔子第60代孙。,
孔兴乕,孔,兴,男,60,1471-01-01,1551-01-01,是,曹州,进士,,,,,,孔兴乕，孔子第60代孙。,
孔兴乖,孔,兴,男,60,1476-01-01,1541-01-01,是,定陶,太学生,,,,,,孔兴乖，孔子第60代孙。,
胡娘,孔,兴,女,60,1471-01-01,1534-01-01,是,单县,县丞,,,,,,胡娘，孔子第60代孙。,
孔兴乘,孔,兴,男,60,1471-01-01,1549-01-01,是,成武,主簿,,,,,,孔兴乘，孔子第60代孙。,
高氏,孔,兴,女,60,1474-01-01,1553-01-01,是,巨野,训导,,,,,,高氏，孔子第60代孙。,
孔兴乚,孔,兴,男,60,1474-01-01,1554-01-01,是,郓城,教谕,,,,,,孔兴乚，孔子第60代孙。,
何姑,孔,兴,女,60,1475-01-01,1555-01-01,是,鄄城,商人,,,,,,何姑，孔子第60代孙。,
孔兴乜,孔,兴,男,60,1472-01-01,1548-01-01,是,曲阜,官员,,,,,,孔兴乜，孔子第60代孙。,
孔兴九,孔,兴,男,60,1475-01-01,1535-01-01,是,滋阳,学者,,,,,,孔兴九，孔子第60代孙。,
孔兴乞,孔,兴,男,60,1470-01-01,1552-01-01,是,济宁,大夫,,,,,,孔兴乞，孔子第60代孙。,
孔兴也,孔,兴,男,60,1474-01-01,1542-01-01,是,邹县,士,,,,,,孔兴也，孔子第60代孙。,
李娘,孔,兴,女,60,1474-01-01,1556-01-01,是,滕县,农,,,,,,李娘，孔子第60代孙。,
孔兴乡,孔,兴,男,60,1475-01-01,1554-01-01,是,峄县,商,,,,,,孔兴乡，孔子第60代孙。,
陈氏,孔,兴,女,60,1476-01-01,1541-01-01,是,金乡,儒,,,,,,陈氏，孔子第60代孙。,
杨娘,孔,兴,女,60,1472-01-01,1542-01-01,是,鱼台,工部侍郎,,,,,,杨娘，孔子第60代孙。,
孔兴乤,孔,兴,男,60,1469-01-01,1549-01-01,是,嘉祥,礼部尚书,,,,,,孔兴乤，孔子第60代孙。,
孔兴乥,孔,兴,男,60,1469-01-01,1540-01-01,是,汶上,知州,,,,,,孔兴乥，孔子第60代孙。,
孔兴书,孔,兴,男,60,1476-01-01,1556-01-01,是,泗水,知县,,,,,,孔兴书，孔子第60代孙。,
孔兴乧,孔,兴,男,60,1474-01-01,1540-01-01,是,宁阳,举人,,,,,,孔兴乧，孔子第60代孙。,
徐氏,孔,兴,女,60,1471-01-01,1541-01-01,是,兖州,进士,,,,,,徐氏，孔子第60代孙。,
孔兴乩,孔,兴,男,60,1476-01-01,1552-01-01,是,东平,太学生,,,,,,孔兴乩，孔子第60代孙。,
胡姑,孔,兴,女,60,1471-01-01,1553-01-01,是,寿张,县丞,,,,,,胡姑，孔子第60代孙。,
孔兴乫,孔,兴,男,60,1472-01-01,1542-01-01,是,范县,主簿,,,,,,孔兴乫，孔子第60代孙。,
高娘,孔,兴,女,60,1472-01-01,1541-01-01,是,濮州,训导,,,,,,高娘，孔子第60代孙。,
孔兴乭,孔,兴,男,60,1469-01-01,1547-01-01,是,开州,教谕,,,,,,孔兴乭，孔子第60代孙。,
孔兴乮,孔,兴,男,60,1473-01-01,1555-01-01,是,长垣,商人,,,,,,孔兴乮，孔子第60代孙。,
郭娘,孔,兴,女,60,1475-01-01,1554-01-01,是,东明,官员,,,,,,郭娘，孔子第60代孙。,
马姑,孔,兴,女,60,1473-01-01,1541-01-01,是,荷泽,学者,,,,,,马姑，孔子第60代孙。,
孔兴乱,孔,兴,男,60,1473-01-01,1545-01-01,是,曹州,大夫,,,,,,孔兴乱，孔子第60代孙。,
王娘,孔,兴,女,60,1473-01-01,1536-01-01,是,定陶,士,,,,,,王娘，孔子第60代孙。,
李姑,孔,兴,女,60,1471-01-01,1545-01-01,是,单县,农,,,,,,李姑，孔子第60代孙。,
孔兴乴,孔,兴,男,60,1474-01-01,1550-01-01,是,成武,商,,,,,,孔兴乴，孔子第60代孙。,
孔兴乵,孔,兴,男,60,1472-01-01,1555-01-01,是,巨野,儒,,,,,,孔兴乵，孔子第60代孙。,
孔兴乶,孔,兴,男,60,1475-01-01,1547-01-01,是,郓城,工部侍郎,,,,,,孔兴乶，孔子第60代孙。,
赵氏,孔,兴,女,60,1476-01-01,1546-01-01,是,鄄城,礼部尚书,,,,,,赵氏，孔子第60代孙。,
孔兴乸,孔,兴,男,60,1475-01-01,1542-01-01,是,曲阜,知州,,,,,,孔兴乸，孔子第60代孙。,
孔兴乹,孔,兴,男,60,1471-01-01,1533-01-01,是,滋阳,知县,,,,,,孔兴乹，孔子第60代孙。,
孔兴乺,孔,兴,男,60,1475-01-01,1554-01-01,是,济宁,举人,,,,,,孔兴乺，孔子第60代孙。,
徐娘,孔,兴,女,60,1471-01-01,1548-01-01,是,邹县,进士,,,,,,徐娘，孔子第60代孙。,
孔兴乼,孔,兴,男,60,1476-01-01,1558-01-01,是,滕县,太学生,,,,,,孔兴乼，孔子第60代孙。,
孔兴乽,孔,兴,男,60,1469-01-01,1538-01-01,是,峄县,县丞,,,,,,孔兴乽，孔子第60代孙。,
孔兴乾,孔,兴,男,60,1471-01-01,1546-01-01,是,金乡,主簿,,,,,,孔兴乾，孔子第60代孙。,
高姑,孔,兴,女,60,1469-01-01,1551-01-01,是,鱼台,训导,,,,,,高姑，孔子第60代孙。,
孔兴亀,孔,兴,男,60,1475-01-01,1552-01-01,是,嘉祥,教谕,,,,,,孔兴亀，孔子第60代孙。,
孔兴亁,孔,兴,男,60,1474-01-01,1536-01-01,是,汶上,商人,,,,,,孔兴亁，孔子第60代孙。,
孔兴亂,孔,兴,男,60,1474-01-01,1558-01-01,是,泗水,官员,,,,,,孔兴亂，孔子第60代孙。,
孔兴亃,孔,兴,男,60,1475-01-01,1538-01-01,是,宁阳,学者,,,,,,孔兴亃，孔子第60代孙。,
张娘,孔,兴,女,60,1470-01-01,1548-01-01,是,兖州,大夫,,,,,,张娘，孔子第60代孙。,
王姑,孔,兴,女,60,1470-01-01,1541-01-01,是,东平,士,,,,,,王姑，孔子第60代孙。,
孔兴了,孔,兴,男,60,1474-01-01,1556-01-01,是,寿张,农,,,,,,孔兴了，孔子第60代孙。,
刘娘,孔,兴,女,60,1474-01-01,1552-01-01,是,范县,商,,,,,,刘娘，孔子第60代孙。,
孔兴予,孔,兴,男,60,1469-01-01,1534-01-01,是,濮州,儒,,,,,,孔兴予，孔子第60代孙。,
孔兴争,孔,兴,男,60,1472-01-01,1540-01-01,是,开州,工部侍郎,,,,,,孔兴争，孔子第60代孙。,
孔兴亊,孔,兴,男,60,1476-01-01,1549-01-01,是,长垣,礼部尚书,,,,,,孔兴亊，孔子第60代孙。,
孔兴事,孔,兴,男,60,1474-01-01,1540-01-01,是,东明,知州,,,,,,孔兴事，孔子第60代孙。,
周氏,孔,兴,女,60,1469-01-01,1541-01-01,是,荷泽,知县,,,,,,周氏，孔子第60代孙。,
吴娘,孔,兴,女,60,1475-01-01,1548-01-01,是,曹州,举人,,,,,,吴娘，孔子第60代孙。,
孔兴于,孔,兴,男,60,1473-01-01,1550-01-01,是,定陶,进士,,,,,,孔兴于，孔子第60代孙。,
孔兴亏,孔,兴,男,60,1474-01-01,1546-01-01,是,单县,太学生,,,,,,孔兴亏，孔子第60代孙。,
孔兴亐,孔,兴,男,60,1473-01-01,1555-01-01,是,成武,县丞,,,,,,孔兴亐，孔子第60代孙。,
孔兴云,孔,兴,男,60,1470-01-01,1539-01-01,是,巨野,主簿,,,,,,孔兴云，孔子第60代孙。,
高氏,孔,兴,女,60,1474-01-01,1538-01-01,是,郓城,训导,,,,,,高氏，孔子第60代孙。,
孔兴亓,孔,兴,男,60,1473-01-01,1547-01-01,是,鄄城,教谕,,,,,,孔兴亓，孔子第60代孙。,
何姑,孔,兴,女,60,1475-01-01,1544-01-01,是,曲阜,商人,,,,,,何姑，孔子第60代孙。,
孔兴井,孔,兴,男,60,1475-01-01,1535-01-01,是,滋阳,官员,,,,,,孔兴井，孔子第60代孙。,
马娘,孔,兴,女,60,1473-01-01,1536-01-01,是,济宁,学者,,,,,,马娘，孔子第60代孙。,
张姑,孔,兴,女,60,1469-01-01,1533-01-01,是,邹县,大夫,,,,,,张姑，孔子第60代孙。,
孔兴亘,孔,兴,男,60,1472-01-01,1533-01-01,是,滕县,士,,,,,,孔兴亘，孔子第60代孙。,
李娘,孔,兴,女,60,1473-01-01,1556-01-01,是,峄县,农,,,,,,李娘，孔子第60代孙。,
刘姑,孔,兴,女,60,1471-01-01,1552-01-01,是,金乡,商,,,,,,刘姑，孔子第60代孙。,
陈氏,孔,兴,女,60,1472-01-01,1543-01-01,是,鱼台,儒,,,,,,陈氏，孔子第60代孙。,
孔兴亜,孔,兴,男,60,1472-01-01,1539-01-01,是,嘉祥,工部侍郎,,,,,,孔兴亜，孔子第60代孙。,
孔兴亝,孔,兴,男,60,1474-01-01,1544-01-01,是,汶上,礼部尚书,,,,,,孔兴亝，孔子第60代孙。,
黄氏,孔,兴,女,60,1475-01-01,1557-01-01,是,泗水,知州,,,,,,黄氏，孔子第60代孙。,
孔兴亟,孔,兴,男,60,1472-01-01,1551-01-01,是,宁阳,知县,,,,,,孔兴亟，孔子第60代孙。,
孔兴亠,孔,兴,男,60,1472-01-01,1556-01-01,是,兖州,举人,,,,,,孔兴亠，孔子第60代孙。,
孔兴亡,孔,兴,男,60,1475-01-01,1551-01-01,是,东平,进士,,,,,,孔兴亡，孔子第60代孙。,
孔兴亢,孔,兴,男,60,1473-01-01,1554-01-01,是,寿张,太学生,,,,,,孔兴亢，孔子第60代孙。,
孔兴亣,孔,兴,男,60,1476-01-01,1542-01-01,是,范县,县丞,,,,,,孔兴亣，孔子第60代孙。,
朱氏,孔,兴,女,60,1470-01-01,1530-01-01,是,濮州,主簿,,,,,,朱氏，孔子第60代孙。,
孔兴亥,孔,兴,男,60,1470-01-01,1554-01-01,是,开州,训导,,,,,,孔兴亥，孔子第60代孙。,
林姑,孔,兴,女,60,1470-01-01,1540-01-01,是,长垣,教谕,,,,,,林姑，孔子第60代孙。,
何氏,孔,兴,女,60,1475-01-01,1547-01-01,是,东明,商人,,,,,,何氏，孔子第60代孙。,
孔兴亨,孔,兴,男,60,1474-01-01,1538-01-01,是,荷泽,官员,,,,,,孔兴亨，孔子第60代孙。,
孔兴亩,孔,兴,男,60,1469-01-01,1529-01-01,是,曹州,学者,,,,,,孔兴亩，孔子第60代孙。,
孔兴亪,孔,兴,男,60,1473-01-01,1556-01-01,是,定陶,大夫,,,,,,孔兴亪，孔子第60代孙。,
孔兴享,孔,兴,男,60,1470-01-01,1542-01-01,是,单县,士,,,,,,孔兴享，孔子第60代孙。,
孔兴京,孔,兴,男,60,1471-01-01,1546-01-01,是,成武,农,,,,,,孔兴京，孔子第60代孙。,
孔兴亭,孔,兴,男,60,1469-01-01,1543-01-01,是,巨野,商,,,,,,孔兴亭，孔子第60代孙。,
孔兴亮,孔,兴,男,60,1469-01-01,1548-01-01,是,郓城,儒,,,,,,孔兴亮，孔子第60代孙。,
孔兴亯,孔,兴,男,60,1469-01-01,1536-01-01,是,鄄城,工部侍郎,,,,,,孔兴亯，孔子第60代孙。,
孔兴亰,孔,兴,男,60,1470-01-01,1549-01-01,是,曲阜,礼部尚书,,,,,,孔兴亰，孔子第60代孙。,
孔兴亱,孔,兴,男,60,1475-01-01,1536-01-01,是,滋阳,知州,,,,,,孔兴亱，孔子第60代孙。,
孔兴亲,孔,兴,男,60,1476-01-01,1556-01-01,是,济宁,知县,,,,,,孔兴亲，孔子第60代孙。,
孔兴亳,孔,兴,男,60,1472-01-01,1534-01-01,是,邹县,举人,,,,,,孔兴亳，孔子第60代孙。,
徐娘,孔,兴,女,60,1474-01-01,1543-01-01,是,滕县,进士,,,,,,徐娘，孔子第60代孙。,
孔兴亵,孔,兴,男,60,1470-01-01,1546-01-01,是,峄县,太学生,,,,,,孔兴亵，孔子第60代孙。,
孔兴亶,孔,兴,男,60,1469-01-01,1546-01-01,是,金乡,县丞,,,,,,孔兴亶，孔子第60代孙。,
孔兴亷,孔,兴,男,60,1472-01-01,1555-01-01,是,鱼台,主簿,,,,,,孔兴亷，孔子第60代孙。,
高姑,孔,兴,女,60,1473-01-01,1550-01-01,是,嘉祥,训导,,,,,,高姑，孔子第60代孙。,
林氏,孔,兴,女,60,1471-01-01,1539-01-01,是,汶上,教谕,,,,,,林氏，孔子第60代孙。,
孔兴人,孔,兴,男,60,1474-01-01,1543-01-01,是,泗水,商人,,,,,,孔兴人，孔子第60代孙。,
孔兴亻,孔,兴,男,60,1473-01-01,1549-01-01,是,宁阳,官员,,,,,,孔兴亻，孔子第60代孙。,
孔兴亼,孔,兴,男,60,1473-01-01,1549-01-01,是,兖州,学者,,,,,,孔兴亼，孔子第60代孙。,
张娘,孔,兴,女,60,1476-01-01,1539-01-01,是,东平,大夫,,,,,,张娘，孔子第60代孙。,
王姑,孔,兴,女,60,1473-01-01,1553-01-01,是,寿张,士,,,,,,王姑，孔子第60代孙。,
李氏,孔,兴,女,60,1469-01-01,1533-01-01,是,范县,农,,,,,,李氏，孔子第60代孙。,
孔兴什,孔,兴,男,60,1474-01-01,1557-01-01,是,濮州,商,,,,,,孔兴什，孔子第60代孙。,
孔兴仁,孔,兴,男,60,1471-01-01,1543-01-01,是,开州,儒,,,,,,孔兴仁，孔子第60代孙。,
孔兴仂,孔,兴,男,60,1476-01-01,1550-01-01,是,长垣,工部侍郎,,,,,,孔兴仂，孔子第60代孙。,
孔兴仃,孔,兴,男,60,1474-01-01,1534-01-01,是,东明,礼部尚书,,,,,,孔兴仃，孔子第60代孙。,
孔兴仄,孔,兴,男,60,1470-01-01,1550-01-01,是,荷泽,知州,,,,,,孔兴仄，孔子第60代孙。,
孔兴仅,孔,兴,男,60,1470-01-01,1547-01-01,是,曹州,知县,,,,,,孔兴仅，孔子第60代孙。,
孔兴仆,孔,兴,男,60,1473-01-01,1557-01-01,是,定陶,举人,,,,,,孔兴仆，孔子第60代孙。,
孔兴仇,孔,兴,男,60,1469-01-01,1546-01-01,是,单县,进士,,,,,,孔兴仇，孔子第60代孙。,
孔兴仈,孔,兴,男,60,1474-01-01,1553-01-01,是,成武,太学生,,,,,,孔兴仈，孔子第60代孙。,
孔兴仉,孔,兴,男,60,1473-01-01,1540-01-01,是,巨野,县丞,,,,,,孔兴仉，孔子第60代孙。,
孔兴今,孔,兴,男,60,1473-01-01,1544-01-01,是,郓城,主簿,,,,,,孔兴今，孔子第60代孙。,
高氏,孔,兴,女,60,1470-01-01,1533-01-01,是,鄄城,训导,,,,,,高氏，孔子第60代孙。,
林娘,孔,兴,女,60,1472-01-01,1552-01-01,是,曲阜,教谕,,,,,,林娘，孔子第60代孙。,
孔兴仍,孔,兴,男,60,1469-01-01,1548-01-01,是,滋阳,商人,,,,,,孔兴仍，孔子第60代孙。,
孔兴从,孔,兴,男,60,1469-01-01,1538-01-01,是,济宁,官员,,,,,,孔兴从，孔子第60代孙。,
马娘,孔,兴,女,60,1475-01-01,1548-01-01,是,邹县,学者,,,,,,马娘，孔子第60代孙。,
张姑,孔,兴,女,60,1473-01-01,1533-01-01,是,滕县,大夫,,,,,,张姑，孔子第60代孙。,
孔兴仑,孔,兴,男,60,1475-01-01,1545-01-01,是,峄县,士,,,,,,孔兴仑，孔子第60代孙。,
孔兴仒,孔,兴,男,60,1474-01-01,1538-01-01,是,金乡,农,,,,,,孔兴仒，孔子第60代孙。,
孔兴仓,孔,兴,男,60,1471-01-01,1547-01-01,是,鱼台,商,,,,,,孔兴仓，孔子第60代孙。,
孔兴仔,孔,兴,男,60,1475-01-01,1549-01-01,是,嘉祥,儒,,,,,,孔兴仔，孔子第60代孙。,
孔兴仕,孔,兴,男,60,1470-01-01,1536-01-01,是,汶上,工部侍郎,,,,,,孔兴仕，孔子第60代孙。,
孔兴他,孔,兴,男,60,1470-01-01,1535-01-01,是,泗水,礼部尚书,,,,,,孔兴他，孔子第60代孙。,
黄氏,孔,兴,女,60,1476-01-01,1552-01-01,是,宁阳,知州,,,,,,黄氏，孔子第60代孙。,
孔兴付,孔,兴,男,60,1475-01-01,1536-01-01,是,兖州,知县,,,,,,孔兴付，孔子第60代孙。,
孔兴仙,孔,兴,男,60,1469-01-01,1549-01-01,是,东平,举人,,,,,,孔兴仙，孔子第60代孙。,
徐氏,孔,兴,女,60,1474-01-01,1551-01-01,是,寿张,进士,,,,,,徐氏，孔子第60代孙。,
孔兴仛,孔,兴,男,60,1470-01-01,1531-01-01,是,范县,太学生,,,,,,孔兴仛，孔子第60代孙。,
孔兴仜,孔,兴,男,60,1472-01-01,1553-01-01,是,濮州,县丞,,,,,,孔兴仜，孔子第60代孙。,
孔兴仝,孔,兴,男,60,1474-01-01,1541-01-01,是,开州,主簿,,,,,,孔兴仝，孔子第60代孙。,
高娘,孔,兴,女,60,1470-01-01,1551-01-01,是,长垣,训导,,,,,,高娘，孔子第60代孙。,
孔兴仟,孔,兴,男,60,1474-01-01,1538-01-01,是,东明,教谕,,,,,,孔兴仟，孔子第60代孙。,
何氏,孔,兴,女,60,1469-01-01,1539-01-01,是,荷泽,商人,,,,,,何氏，孔子第60代孙。,
郭娘,孔,兴,女,60,1469-01-01,1531-01-01,是,曹州,官员,,,,,,郭娘，孔子第60代孙。,
孔兴仢,孔,兴,男,60,1469-01-01,1539-01-01,是,定陶,学者,,,,,,孔兴仢，孔子第60代孙。,
张氏,孔,兴,女,60,1473-01-01,1542-01-01,是,单县,大夫,,,,,,张氏，孔子第60代孙。,
孔兴令,孔,兴,男,60,1470-01-01,1548-01-01,是,成武,士,,,,,,孔兴令，孔子第60代孙。,
李姑,孔,兴,女,60,1476-01-01,1545-01-01,是,巨野,农,,,,,,李姑，孔子第60代孙。,
孔兴仦,孔,兴,男,60,1469-01-01,1551-01-01,是,郓城,商,,,,,,孔兴仦，孔子第60代孙。,
孔兴仧,孔,兴,男,60,1471-01-01,1532-01-01,是,鄄城,儒,,,,,,孔兴仧，孔子第60代孙。,
孔兴仨,孔,兴,男,60,1469-01-01,1540-01-01,是,曲阜,工部侍郎,,,,,,孔兴仨，孔子第60代孙。,
赵氏,孔,兴,女,60,1473-01-01,1536-01-01,是,滋阳,礼部尚书,,,,,,赵氏，孔子第60代孙。,
孔兴仪,孔,兴,男,60,1476-01-01,1547-01-01,是,济宁,知州,,,,,,孔兴仪，孔子第60代孙。,
孔兴仫,孔,兴,男,60,1475-01-01,1541-01-01,是,邹县,知县,,,,,,孔兴仫，孔子第60代孙。,
孔兴们,孔,兴,男,60,1475-01-01,1552-01-01,是,滕县,举人,,,,,,孔兴们，孔子第60代孙。,
孔兴仭,孔,兴,男,60,1473-01-01,1538-01-01,是,峄县,进士,,,,,,孔兴仭，孔子第60代孙。,
孙姑,孔,兴,女,60,1473-01-01,1541-01-01,是,金乡,太学生,,,,,,孙姑，孔子第60代孙。,
孔兴仯,孔,兴,男,60,1476-01-01,1537-01-01,是,鱼台,县丞,,,,,,孔兴仯，孔子第60代孙。,
孔兴仰,孔,兴,男,60,1475-01-01,1540-01-01,是,嘉祥,主簿,,,,,,孔兴仰，孔子第60代孙。,
高姑,孔,兴,女,60,1476-01-01,1539-01-01,是,汶上,训导,,,,,,高姑，孔子第60代孙。,
林氏,孔,兴,女,60,1473-01-01,1544-01-01,是,泗水,教谕,,,,,,林氏，孔子第60代孙。,
孔兴仳,孔,兴,男,60,1475-01-01,1548-01-01,是,宁阳,商人,,,,,,孔兴仳，孔子第60代孙。,
孔兴仴,孔,兴,男,60,1472-01-01,1553-01-01,是,兖州,官员,,,,,,孔兴仴，孔子第60代孙。,
马氏,孔,兴,女,60,1472-01-01,1555-01-01,是,东平,学者,,,,,,马氏，孔子第60代孙。,
孔兴件,孔,兴,男,60,1475-01-01,1538-01-01,是,寿张,大夫,,,,,,孔兴件，孔子第60代孙。,
王姑,孔,兴,女,60,1472-01-01,1534-01-01,是,范县,士,,,,,,王姑，孔子第60代孙。,
孔兴仸,孔,兴,男,60,1473-01-01,1556-01-01,是,濮州,农,,,,,,孔兴仸，孔子第60代孙。,
刘娘,孔,兴,女,60,1475-01-01,1551-01-01,是,开州,商,,,,,,刘娘，孔子第60代孙。,
陈姑,孔,兴,女,60,1469-01-01,1546-01-01,是,长垣,儒,,,,,,陈姑，孔子第60代孙。,
杨氏,孔,兴,女,60,1475-01-01,1539-01-01,是,东明,工部侍郎,,,,,,杨氏，孔子第60代孙。,
孔兴仼,孔,兴,男,60,1472-01-01,1545-01-01,是,荷泽,礼部尚书,,,,,,孔兴仼，孔子第60代孙。,
孔兴份,孔,兴,男,60,1474-01-01,1557-01-01,是,曹州,知州,,,,,,孔兴份，孔子第60代孙。,
孔兴仾,孔,兴,男,60,1473-01-01,1551-01-01,是,定陶,知县,,,,,,孔兴仾，孔子第60代孙。,
吴娘,孔,兴,女,60,1475-01-01,1537-01-01,是,单县,举人,,,,,,吴娘，孔子第60代孙。,
徐姑,孔,兴,女,60,1476-01-01,1537-01-01,是,成武,进士,,,,,,徐姑，孔子第60代孙。,
孙氏,孔,兴,女,60,1475-01-01,1555-01-01,是,巨野,太学生,,,,,,孙氏，孔子第60代孙。,
孔兴伂,孔,兴,男,60,1476-01-01,1550-01-01,是,郓城,县丞,,,,,,孔兴伂，孔子第60代孙。,
孔兴伃,孔,兴,男,60,1475-01-01,1550-01-01,是,鄄城,主簿,,,,,,孔兴伃，孔子第60代孙。,
孔兴伄,孔,兴,男,60,1476-01-01,1545-01-01,是,曲阜,训导,,,,,,孔兴伄，孔子第60代孙。,
孔兴伅,孔,兴,男,60,1475-01-01,1554-01-01,是,滋阳,教谕,,,,,,孔兴伅，孔子第60代孙。,
何姑,孔,兴,女,60,1469-01-01,1551-01-01,是,济宁,商人,,,,,,何姑，孔子第60代孙。,
孔兴伇,孔,兴,男,60,1473-01-01,1554-01-01,是,邹县,官员,,,,,,孔兴伇，孔子第60代孙。,
马娘,孔,兴,女,60,1471-01-01,1538-01-01,是,滕县,学者,,,,,,马娘，孔子第60代孙。,
张姑,孔,兴,女,60,1476-01-01,1540-01-01,是,峄县,大夫,,,,,,张姑，孔子第60代孙。,
孔兴伊,孔,兴,男,60,1476-01-01,1557-01-01,是,金乡,士,,,,,,孔兴伊，孔子第60代孙。,
李娘,孔,兴,女,60,1472-01-01,1536-01-01,是,鱼台,农,,,,,,李娘，孔子第60代孙。,
孔兴伌,孔,兴,男,60,1469-01-01,1540-01-01,是,嘉祥,商,,,,,,孔兴伌，孔子第60代孙。,
孔兴伍,孔,兴,男,60,1470-01-01,1541-01-01,是,汶上,儒,,,,,,孔兴伍，孔子第60代孙。,
杨娘,孔,兴,女,60,1475-01-01,1556-01-01,是,泗水,工部侍郎,,,,,,杨娘，孔子第60代孙。,
孔兴伏,孔,兴,男,60,1472-01-01,1535-01-01,是,宁阳,礼部尚书,,,,,,孔兴伏，孔子第60代孙。,
黄氏,孔,兴,女,60,1474-01-01,1537-01-01,是,兖州,知州,,,,,,黄氏，孔子第60代孙。,
孔兴休,孔,兴,男,60,1471-01-01,1548-01-01,是,东平,知县,,,,,,孔兴休，孔子第60代孙。,
孔兴伒,孔,兴,男,60,1469-01-01,1530-01-01,是,寿张,举人,,,,,,孔兴伒，孔子第60代孙。,
孔兴伓,孔,兴,男,60,1475-01-01,1552-01-01,是,范县,进士,,,,,,孔兴伓，孔子第60代孙。,
孙娘,孔,兴,女,60,1470-01-01,1535-01-01,是,濮州,太学生,,,,,,孙娘，孔子第60代孙。,
孔兴伕,孔,兴,男,60,1475-01-01,1553-01-01,是,开州,县丞,,,,,,孔兴伕，孔子第60代孙。,
朱氏,孔,兴,女,60,1470-01-01,1532-01-01,是,长垣,主簿,,,,,,朱氏，孔子第60代孙。,
孔兴众,孔,兴,男,60,1469-01-01,1531-01-01,是,东明,训导,,,,,,孔兴众，孔子第60代孙。,
孔兴优,孔,兴,男,60,1471-01-01,1535-01-01,是,荷泽,教谕,,,,,,孔兴优，孔子第60代孙。,
孔兴伙,孔,兴,男,60,1476-01-01,1547-01-01,是,曹州,商人,,,,,,孔兴伙，孔子第60代孙。,
孔兴会,孔,兴,男,60,1471-01-01,1555-01-01,是,定陶,官员,,,,,,孔兴会，孔子第60代孙。,
马姑,孔,兴,女,60,1475-01-01,1554-01-01,是,单县,学者,,,,,,马姑，孔子第60代孙。,
张氏,孔,兴,女,60,1469-01-01,1545-01-01,是,成武,大夫,,,,,,张氏，孔子第60代孙。,
王娘,孔,兴,女,60,1470-01-01,1540-01-01,是,巨野,士,,,,,,王娘，孔子第60代孙。,
李姑,孔,兴,女,60,1474-01-01,1539-01-01,是,郓城,农,,,,,,李姑，孔子第60代孙。,
孔兴伟,孔,兴,男,60,1469-01-01,1537-01-01,是,鄄城,商,,,,,,孔兴伟，孔子第60代孙。,
陈娘,孔,兴,女,60,1470-01-01,1530-01-01,是,曲阜,儒,,,,,,陈娘，孔子第60代孙。,
杨姑,孔,兴,女,60,1472-01-01,1544-01-01,是,滋阳,工部侍郎,,,,,,杨姑，孔子第60代孙。,
孔兴伢,孔,兴,男,60,1474-01-01,1548-01-01,是,济宁,礼部尚书,,,,,,孔兴伢，孔子第60代孙。,
孔兴伣,孔,兴,男,60,1474-01-01,1538-01-01,是,邹县,知州,,,,,,孔兴伣，孔子第60代孙。,
孔兴伤,孔,兴,男,60,1474-01-01,1558-01-01,是,滕县,知县,,,,,,孔兴伤，孔子第60代孙。,
孔兴伥,孔,兴,男,60,1470-01-01,1543-01-01,是,峄县,举人,,,,,,孔兴伥，孔子第60代孙。,
孔兴伦,孔,兴,男,60,1469-01-01,1552-01-01,是,金乡,进士,,,,,,孔兴伦，孔子第60代孙。,
孙姑,孔,兴,女,60,1473-01-01,1557-01-01,是,鱼台,太学生,,,,,,孙姑，孔子第60代孙。,
孔兴伨,孔,兴,男,60,1472-01-01,1549-01-01,是,嘉祥,县丞,,,,,,孔兴伨，孔子第60代孙。,
朱娘,孔,兴,女,60,1471-01-01,1547-01-01,是,汶上,主簿,,,,,,朱娘，孔子第60代孙。,
孔兴伪,孔,兴,男,60,1471-01-01,1532-01-01,是,泗水,训导,,,,,,孔兴伪，孔子第60代孙。,
孔兴伫,孔,兴,男,60,1476-01-01,1541-01-01,是,宁阳,教谕,,,,,,孔兴伫，孔子第60代孙。,
何娘,孔,兴,女,60,1476-01-01,1550-01-01,是,兖州,商人,,,,,,何娘，孔子第60代孙。,
孔兴伭,孔,兴,男,60,1475-01-01,1555-01-01,是,东平,官员,,,,,,孔兴伭，孔子第60代孙。,
孔兴伮,孔,兴,男,60,1475-01-01,1546-01-01,是,寿张,学者,,,,,,孔兴伮，孔子第60代孙。,
孔兴伯,孔,兴,男,60,1475-01-01,1547-01-01,是,范县,大夫,,,,,,孔兴伯，孔子第60代孙。,
孔兴估,孔,兴,男,60,1469-01-01,1534-01-01,是,濮州,士,,,,,,孔兴估，孔子第60代孙。,
李氏,孔,兴,女,60,1470-01-01,1536-01-01,是,开州,农,,,,,,李氏，孔子第60代孙。,
孔兴伲,孔,兴,男,60,1476-01-01,1546-01-01,是,长垣,商,,,,,,孔兴伲，孔子第60代孙。,
孔兴伳,孔,兴,男,60,1475-01-01,1543-01-01,是,东明,儒,,,,,,孔兴伳，孔子第60代孙。,
孔兴伴,孔,兴,男,60,1476-01-01,1539-01-01,是,荷泽,工部侍郎,,,,,,孔兴伴，孔子第60代孙。,
孔兴伵,孔,兴,男,60,1469-01-01,1553-01-01,是,曹州,礼部尚书,,,,,,孔兴伵，孔子第60代孙。,
孔兴伶,孔,兴,男,60,1471-01-01,1540-01-01,是,定陶,知州,,,,,,孔兴伶，孔子第60代孙。,
周氏,孔,兴,女,60,1473-01-01,1541-01-01,是,单县,知县,,,,,,周氏，孔子第60代孙。,
孔兴伸,孔,兴,男,60,1470-01-01,1537-01-01,是,成武,举人,,,,,,孔兴伸，孔子第60代孙。,
孔兴伹,孔,兴,男,60,1471-01-01,1535-01-01,是,巨野,进士,,,,,,孔兴伹，孔子第60代孙。,
孔兴伺,孔,兴,男,60,1476-01-01,1545-01-01,是,郓城,太学生,,,,,,孔兴伺，孔子第60代孙。,
孔兴伻,孔,兴,男,60,1473-01-01,1551-01-01,是,鄄城,县丞,,,,,,孔兴伻，孔子第60代孙。,
孔兴似,孔,兴,男,60,1471-01-01,1551-01-01,是,曲阜,主簿,,,,,,孔兴似，孔子第60代孙。,
孔兴伽,孔,兴,男,60,1470-01-01,1548-01-01,是,滋阳,训导,,,,,,孔兴伽，孔子第60代孙。,
孔兴伾,孔,兴,男,60,1469-01-01,1545-01-01,是,济宁,教谕,,,,,,孔兴伾，孔子第60代孙。,
孔兴伿,孔,兴,男,60,1470-01-01,1533-01-01,是,邹县,商人,,,,,,孔兴伿，孔子第60代孙。,
孔兴佀,孔,兴,男,60,1469-01-01,1553-01-01,是,滕县,官员,,,,,,孔兴佀，孔子第60代孙。,
马娘,孔,兴,女,60,1472-01-01,1543-01-01,是,峄县,学者,,,,,,马娘，孔子第60代孙。,
孔兴佂,孔,兴,男,60,1470-01-01,1531-01-01,是,金乡,大夫,,,,,,孔兴佂，孔子第60代孙。,
王氏,孔,兴,女,60,1473-01-01,1557-01-01,是,鱼台,士,,,,,,王氏，孔子第60代孙。,
孔兴佄,孔,兴,男,60,1472-01-01,1548-01-01,是,嘉祥,农,,,,,,孔兴佄，孔子第60代孙。,
孔兴佅,孔,兴,男,60,1470-01-01,1532-01-01,是,汶上,商,,,,,,孔兴佅，孔子第60代孙。,
孔兴但,孔,兴,男,60,1472-01-01,1534-01-01,是,泗水,儒,,,,,,孔兴但，孔子第60代孙。,
杨娘,孔,兴,女,60,1474-01-01,1547-01-01,是,宁阳,工部侍郎,,,,,,杨娘，孔子第60代孙。,
孔兴佈,孔,兴,男,60,1471-01-01,1543-01-01,是,兖州,礼部尚书,,,,,,孔兴佈，孔子第60代孙。,
孔兴佉,孔,兴,男,60,1470-01-01,1547-01-01,是,东平,知州,,,,,,孔兴佉，孔子第60代孙。,
周娘,孔,兴,女,60,1475-01-01,1546-01-01,是,寿张,知县,,,,,,周娘，孔子第60代孙。,
吴姑,孔,兴,女,60,1475-01-01,1559-01-01,是,范县,举人,,,,,,吴姑，孔子第60代孙。,
孔兴佌,孔,兴,男,60,1475-01-01,1547-01-01,是,濮州,进士,,,,,,孔兴佌，孔子第60代孙。,
孔兴位,孔,兴,男,60,1472-01-01,1539-01-01,是,开州,太学生,,,,,,孔兴位，孔子第60代孙。,
孔兴低,孔,兴,男,60,1472-01-01,1534-01-01,是,长垣,县丞,,,,,,孔兴低，孔子第60代孙。,
朱氏,孔,兴,女,60,1470-01-01,1551-01-01,是,东明,主簿,,,,,,朱氏，孔子第60代孙。,
孔兴佐,孔,兴,男,60,1475-01-01,1543-01-01,是,荷泽,训导,,,,,,孔兴佐，孔子第60代孙。,
林姑,孔,兴,女,60,1472-01-01,1555-01-01,是,曹州,教谕,,,,,,林姑，孔子第60代孙。,
何氏,孔,兴,女,60,1472-01-01,1551-01-01,是,定陶,商人,,,,,,何氏，孔子第60代孙。,
郭娘,孔,兴,女,60,1474-01-01,1534-01-01,是,单县,官员,,,,,,郭娘，孔子第60代孙。,
孔兴佔,孔,兴,男,60,1474-01-01,1554-01-01,是,成武,学者,,,,,,孔兴佔，孔子第60代孙。,
孔兴何,孔,兴,男,60,1473-01-01,1557-01-01,是,巨野,大夫,,,,,,孔兴何，孔子第60代孙。,
孔兴佖,孔,兴,男,60,1472-01-01,1532-01-01,是,郓城,士,,,,,,孔兴佖，孔子第60代孙。,
李姑,孔,兴,女,60,1470-01-01,1552-01-01,是,鄄城,农,,,,,,李姑，孔子第60代孙。,
孔兴佘,孔,兴,男,60,1476-01-01,1549-01-01,是,曲阜,商,,,,,,孔兴佘，孔子第60代孙。,
孔兴余,孔,兴,男,60,1472-01-01,1541-01-01,是,滋阳,儒,,,,,,孔兴余，孔子第60代孙。,
杨姑,孔,兴,女,60,1471-01-01,1548-01-01,是,济宁,工部侍郎,,,,,,杨姑，孔子第60代孙。,
赵氏,孔,兴,女,60,1471-01-01,1531-01-01,是,邹县,礼部尚书,,,,,,赵氏，孔子第60代孙。,
孔兴作,孔,兴,男,60,1472-01-01,1544-01-01,是,滕县,知州,,,,,,孔兴作，孔子第60代孙。,
孔兴佝,孔,兴,男,60,1470-01-01,1532-01-01,是,峄县,知县,,,,,,孔兴佝，孔子第60代孙。,
孔兴佞,孔,兴,男,60,1472-01-01,1534-01-01,是,金乡,举人,,,,,,孔兴佞，孔子第60代孙。,
徐娘,孔,兴,女,60,1472-01-01,1536-01-01,是,鱼台,进士,,,,,,徐娘，孔子第60代孙。,
孔兴你,孔,兴,男,60,1471-01-01,1541-01-01,是,嘉祥,太学生,,,,,,孔兴你，孔子第60代孙。,
孔兴佡,孔,兴,男,60,1469-01-01,1548-01-01,是,汶上,县丞,,,,,,孔兴佡，孔子第60代孙。,
孔兴佢,孔,兴,男,60,1475-01-01,1557-01-01,是,泗水,主簿,,,,,,孔兴佢，孔子第60代孙。,
孔兴佣,孔,兴,男,60,1472-01-01,1537-01-01,是,宁阳,训导,,,,,,孔兴佣，孔子第60代孙。,
孔兴佤,孔,兴,男,60,1469-01-01,1534-01-01,是,兖州,教谕,,,,,,孔兴佤，孔子第60代孙。,
孔兴佥,孔,兴,男,60,1475-01-01,1559-01-01,是,东平,商人,,,,,,孔兴佥，孔子第60代孙。,
郭姑,孔,兴,女,60,1473-01-01,1555-01-01,是,寿张,官员,,,,,,郭姑，孔子第60代孙。,
马氏,孔,兴,女,60,1471-01-01,1539-01-01,是,范县,学者,,,,,,马氏，孔子第60代孙。,
张娘,孔,兴,女,60,1469-01-01,1529-01-01,是,濮州,大夫,,,,,,张娘，孔子第60代孙。,
孔兴佩,孔,兴,男,60,1473-01-01,1538-01-01,是,开州,士,,,,,,孔兴佩，孔子第60代孙。,
李氏,孔,兴,女,60,1473-01-01,1539-01-01,是,长垣,农,,,,,,李氏，孔子第60代孙。,
孔兴佫,孔,兴,男,60,1475-01-01,1541-01-01,是,东明,商,,,,,,孔兴佫，孔子第60代孙。,
陈姑,孔,兴,女,60,1470-01-01,1537-01-01,是,荷泽,儒,,,,,,陈姑，孔子第60代孙。,
孔兴佭,孔,兴,男,60,1471-01-01,1536-01-01,是,曹州,工部侍郎,,,,,,孔兴佭，孔子第60代孙。,
孔兴佮,孔,兴,男,60,1474-01-01,1544-01-01,是,定陶,礼部尚书,,,,,,孔兴佮，孔子第60代孙。,
黄姑,孔,兴,女,60,1473-01-01,1544-01-01,是,单县,知州,,,,,,黄姑，孔子第60代孙。,
孔兴佰,孔,兴,男,60,1472-01-01,1549-01-01,是,成武,知县,,,,,,孔兴佰，孔子第60代孙。,
吴娘,孔,兴,女,60,1476-01-01,1559-01-01,是,巨野,举人,,,,,,吴娘，孔子第60代孙。,
孔兴佲,孔,兴,男,60,1473-01-01,1534-01-01,是,郓城,进士,,,,,,孔兴佲，孔子第60代孙。,
孙氏,孔,兴,女,60,1473-01-01,1550-01-01,是,鄄城,太学生,,,,,,孙氏，孔子第60代孙。,
孔兴佴,孔,兴,男,60,1474-01-01,1553-01-01,是,曲阜,县丞,,,,,,孔兴佴，孔子第60代孙。,
孔兴併,孔,兴,男,60,1471-01-01,1539-01-01,是,滋阳,主簿,,,,,,孔兴併，孔子第60代孙。,
孔兴佶,孔,兴,男,60,1469-01-01,1553-01-01,是,济宁,训导,,,,,,孔兴佶，孔子第60代孙。,
孔兴佷,孔,兴,男,60,1469-01-01,1538-01-01,是,邹县,教谕,,,,,,孔兴佷，孔子第60代孙。,
孔兴佸,孔,兴,男,60,1471-01-01,1544-01-01,是,滕县,商人,,,,,,孔兴佸，孔子第60代孙。,
孔兴佹,孔,兴,男,60,1474-01-01,1541-01-01,是,峄县,官员,,,,,,孔兴佹，孔子第60代孙。,
马娘,孔,兴,女,60,1475-01-01,1535-01-01,是,金乡,学者,,,,,,马娘，孔子第60代孙。,
孔兴佻,孔,兴,男,60,1476-01-01,1558-01-01,是,鱼台,大夫,,,,,,孔兴佻，孔子第60代孙。,
王氏,孔,兴,女,60,1471-01-01,1532-01-01,是,嘉祥,士,,,,,,王氏，孔子第60代孙。,
李娘,孔,兴,女,60,1475-01-01,1553-01-01,是,汶上,农,,,,,,李娘，孔子第60代孙。,
孔兴佾,孔,兴,男,60,1470-01-01,1553-01-01,是,泗水,商,,,,,,孔兴佾，孔子第60代孙。,
陈氏,孔,兴,女,60,1472-01-01,1533-01-01,是,宁阳,儒,,,,,,陈氏，孔子第60代孙。,
杨娘,孔,兴,女,60,1472-01-01,1546-01-01,是,兖州,工部侍郎,,,,,,杨娘，孔子第60代孙。,
孔兴侁,孔,兴,男,60,1474-01-01,1541-01-01,是,东平,礼部尚书,,,,,,孔兴侁，孔子第60代孙。,
黄氏,孔,兴,女,60,1476-01-01,1554-01-01,是,寿张,知州,,,,,,黄氏，孔子第60代孙。,
孔兴侃,孔,兴,男,60,1474-01-01,1558-01-01,是,范县,知县,,,,,,孔兴侃，孔子第60代孙。,
孔兴侄,孔,兴,男,60,1471-01-01,1535-01-01,是,濮州,举人,,,,,,孔兴侄，孔子第60代孙。,
徐氏,孔,兴,女,60,1470-01-01,1547-01-01,是,开州,进士,,,,,,徐氏，孔子第60代孙。,
孔兴來,孔,兴,男,60,1473-01-01,1541-01-01,是,长垣,太学生,,,,,,孔兴來，孔子第60代孙。,
胡姑,孔,兴,女,60,1470-01-01,1542-01-01,是,东明,县丞,,,,,,胡姑，孔子第60代孙。,
孔兴侈,孔,兴,男,60,1471-01-01,1539-01-01,是,荷泽,主簿,,,,,,孔兴侈，孔子第60代孙。,
孔兴侉,孔,兴,男,60,1474-01-01,1552-01-01,是,曹州,训导,,,,,,孔兴侉，孔子第60代孙。,
孔兴侊,孔,兴,男,60,1472-01-01,1533-01-01,是,定陶,教谕,,,,,,孔兴侊，孔子第60代孙。,
何氏,孔,兴,女,60,1469-01-01,1547-01-01,是,单县,商人,,,,,,何氏，孔子第60代孙。,
孔兴侌,孔,兴,男,60,1471-01-01,1540-01-01,是,成武,官员,,,,,,孔兴侌，孔子第60代孙。,
孔兴侍,孔,兴,男,60,1469-01-01,1529-01-01,是,巨野,学者,,,,,,孔兴侍，孔子第60代孙。,
孔兴侎,孔,兴,男,60,1471-01-01,1552-01-01,是,郓城,大夫,,,,,,孔兴侎，孔子第60代孙。,
孔兴侏,孔,兴,男,60,1472-01-01,1547-01-01,是,鄄城,士,,,,,,孔兴侏，孔子第60代孙。,
孔兴侐,孔,兴,男,60,1470-01-01,1532-01-01,是,曲阜,农,,,,,,孔兴侐，孔子第60代孙。,
孔兴侑,孔,兴,男,60,1473-01-01,1538-01-01,是,滋阳,商,,,,,,孔兴侑，孔子第60代孙。,
孔兴侒,孔,兴,男,60,1475-01-01,1546-01-01,是,济宁,儒,,,,,,孔兴侒，孔子第60代孙。,
孔兴侓,孔,兴,男,60,1473-01-01,1537-01-01,是,邹县,工部侍郎,,,,,,孔兴侓，孔子第60代孙。,
孔兴侔,孔,兴,男,60,1471-01-01,1540-01-01,是,滕县,礼部尚书,,,,,,孔兴侔，孔子第60代孙。,
孔兴侕,孔,兴,男,60,1476-01-01,1537-01-01,是,峄县,知州,,,,,,孔兴侕，孔子第60代孙。,
孔兴侖,孔,兴,男,60,1470-01-01,1534-01-01,是,金乡,知县,,,,,,孔兴侖，孔子第60代孙。,
吴氏,孔,兴,女,60,1473-01-01,1538-01-01,是,鱼台,举人,,,,,,吴氏，孔子第60代孙。,
孔兴侘,孔,兴,男,60,1473-01-01,1545-01-01,是,嘉祥,进士,,,,,,孔兴侘，孔子第60代孙。,
孔兴侙,孔,兴,男,60,1475-01-01,1542-01-01,是,汶上,太学生,,,,,,孔兴侙，孔子第60代孙。,
孔兴侚,孔,兴,男,60,1476-01-01,1554-01-01,是,泗水,县丞,,,,,,孔兴侚，孔子第60代孙。,
朱娘,孔,兴,女,60,1472-01-01,1541-01-01,是,宁阳,主簿,,,,,,朱娘，孔子第60代孙。,
孔兴侜,孔,兴,男,60,1473-01-01,1551-01-01,是,兖州,训导,,,,,,孔兴侜，孔子第60代孙。,
孔兴依,孔,兴,男,60,1474-01-01,1547-01-01,是,东平,教谕,,,,,,孔兴依，孔子第60代孙。,
孔兴侞,孔,兴,男,60,1474-01-01,1551-01-01,是,寿张,商人,,,,,,孔兴侞，孔子第60代孙。,
郭姑,孔,兴,女,60,1473-01-01,1551-01-01,是,范县,官员,,,,,,郭姑，孔子第60代孙。,
孔兴侠,孔,兴,男,60,1472-01-01,1544-01-01,是,濮州,学者,,,,,,孔兴侠，孔子第60代孙。,
孔兴価,孔,兴,男,60,1476-01-01,1550-01-01,是,开州,大夫,,,,,,孔兴価，孔子第60代孙。,
孔兴侢,孔,兴,男,60,1469-01-01,1544-01-01,是,长垣,士,,,,,,孔兴侢，孔子第60代孙。,
李氏,孔,兴,女,60,1472-01-01,1537-01-01,是,东明,农,,,,,,李氏，孔子第60代孙。,
孔兴侤,孔,兴,男,60,1470-01-01,1535-01-01,是,荷泽,商,,,,,,孔兴侤，孔子第60代孙。,
孔兴侥,孔,兴,男,60,1476-01-01,1541-01-01,是,曹州,儒,,,,,,孔兴侥，孔子第60代孙。,
孔兴侦,孔,兴,男,60,1470-01-01,1545-01-01,是,定陶,工部侍郎,,,,,,孔兴侦，孔子第60代孙。,
孔兴侧,孔,兴,男,60,1469-01-01,1530-01-01,是,单县,礼部尚书,,,,,,孔兴侧，孔子第60代孙。,
孔兴侨,孔,兴,男,60,1472-01-01,1543-01-01,是,成武,知州,,,,,,孔兴侨，孔子第60代孙。,
孔兴侩,孔,兴,男,60,1474-01-01,1556-01-01,是,巨野,知县,,,,,,孔兴侩，孔子第60代孙。,
孔兴侪,孔,兴,男,60,1476-01-01,1537-01-01,是,郓城,举人,,,,,,孔兴侪，孔子第60代孙。,
孔兴侫,孔,兴,男,60,1471-01-01,1537-01-01,是,鄄城,进士,,,,,,孔兴侫，孔子第60代孙。,
孔兴侬,孔,兴,男,60,1475-01-01,1546-01-01,是,曲阜,太学生,,,,,,孔兴侬，孔子第60代孙。,
孔兴侭,孔,兴,男,60,1476-01-01,1550-01-01,是,滋阳,县丞,,,,,,孔兴侭，孔子第60代孙。,
孔兴侮,孔,兴,男,60,1475-01-01,1559-01-01,是,济宁,主簿,,,,,,孔兴侮，孔子第60代孙。,
高氏,孔,兴,女,60,1475-01-01,1544-01-01,是,邹县,训导,,,,,,高氏，孔子第60代孙。,
林娘,孔,兴,女,60,1476-01-01,1545-01-01,是,滕县,教谕,,,,,,林娘，孔子第60代孙。,
何姑,孔,兴,女,60,1475-01-01,1540-01-01,是,峄县,商人,,,,,,何姑，孔子第60代孙。,
孔兴侲,孔,兴,男,60,1471-01-01,1538-01-01,是,金乡,官员,,,,,,孔兴侲，孔子第60代孙。,
孔兴侳,孔,兴,男,60,1470-01-01,1546-01-01,是,鱼台,学者,,,,,,孔兴侳，孔子第60代孙。,
孔兴侴,孔,兴,男,60,1470-01-01,1533-01-01,是,嘉祥,大夫,,,,,,孔兴侴，孔子第60代孙。,
孔兴侵,孔,兴,男,60,1475-01-01,1535-01-01,是,汶上,士,,,,,,孔兴侵，孔子第60代孙。,
李娘,孔,兴,女,60,1473-01-01,1537-01-01,是,泗水,农,,,,,,李娘，孔子第60代孙。,
刘姑,孔,兴,女,60,1469-01-01,1538-01-01,是,宁阳,商,,,,,,刘姑，孔子第60代孙。,
孔兴侸,孔,兴,男,60,1473-01-01,1550-01-01,是,兖州,儒,,,,,,孔兴侸，孔子第60代孙。,
杨娘,孔,兴,女,60,1474-01-01,1557-01-01,是,东平,工部侍郎,,,,,,杨娘，孔子第60代孙。,
孔兴侺,孔,兴,男,60,1471-01-01,1536-01-01,是,寿张,礼部尚书,,,,,,孔兴侺，孔子第60代孙。,
黄氏,孔,兴,女,60,1474-01-01,1536-01-01,是,范县,知州,,,,,,黄氏，孔子第60代孙。,
周娘,孔,兴,女,60,1475-01-01,1542-01-01,是,濮州,知县,,,,,,周娘，孔子第60代孙。,
孔兴侽,孔,兴,男,60,1475-01-01,1554-01-01,是,开州,举人,,,,,,孔兴侽，孔子第60代孙。,
孔兴侾,孔,兴,男,60,1469-01-01,1534-01-01,是,长垣,进士,,,,,,孔兴侾，孔子第60代孙。,
孔兴便,孔,兴,男,60,1474-01-01,1536-01-01,是,东明,太学生,,,,,,孔兴便，孔子第60代孙。,
孔兴俀,孔,兴,男,60,1471-01-01,1531-01-01,是,荷泽,县丞,,,,,,孔兴俀，孔子第60代孙。,
孔兴俁,孔,兴,男,60,1476-01-01,1546-01-01,是,曹州,主簿,,,,,,孔兴俁，孔子第60代孙。,
高娘,孔,兴,女,60,1471-01-01,1533-01-01,是,定陶,训导,,,,,,高娘，孔子第60代孙。,
林姑,孔,兴,女,60,1470-01-01,1530-01-01,是,单县,教谕,,,,,,林姑，孔子第60代孙。,
孔兴俄,孔,兴,男,60,1475-01-01,1538-01-01,是,成武,商人,,,,,,孔兴俄，孔子第60代孙。,
孔兴俅,孔,兴,男,60,1470-01-01,1551-01-01,是,巨野,官员,,,,,,孔兴俅，孔子第60代孙。,
马姑,孔,兴,女,60,1476-01-01,1543-01-01,是,郓城,学者,,,,,,马姑，孔子第60代孙。,
孔兴俇,孔,兴,男,60,1475-01-01,1550-01-01,是,鄄城,大夫,,,,,,孔兴俇，孔子第60代孙。,
王娘,孔,兴,女,60,1472-01-01,1556-01-01,是,曲阜,士,,,,,,王娘，孔子第60代孙。,
孔兴俉,孔,兴,男,60,1474-01-01,1556-01-01,是,滋阳,农,,,,,,孔兴俉，孔子第60代孙。,
孔兴俊,孔,兴,男,60,1473-01-01,1545-01-01,是,济宁,商,,,,,,孔兴俊，孔子第60代孙。,
陈娘,孔,兴,女,60,1473-01-01,1547-01-01,是,邹县,儒,,,,,,陈娘，孔子第60代孙。,
孔毓俌,孔,毓,男,61,1497-01-01,1575-01-01,是,滕县,工部侍郎,,,,,,孔毓俌，孔子第61代孙。,
孔毓俍,孔,毓,男,61,1499-01-01,1569-01-01,是,峄县,礼部尚书,,,,,,孔毓俍，孔子第61代孙。,
黄姑,孔,毓,女,61,1498-01-01,1572-01-01,是,金乡,知州,,,,,,黄姑，孔子第61代孙。,
周氏,孔,毓,女,61,1498-01-01,1582-01-01,是,鱼台,知县,,,,,,周氏，孔子第61代孙。,
孔毓俐,孔,毓,男,61,1501-01-01,1585-01-01,是,嘉祥,举人,,,,,,孔毓俐，孔子第61代孙。,
孔毓俑,孔,毓,男,61,1497-01-01,1581-01-01,是,汶上,进士,,,,,,孔毓俑，孔子第61代孙。,
孙氏,孔,毓,女,61,1504-01-01,1576-01-01,是,泗水,太学生,,,,,,孙氏，孔子第61代孙。,
胡娘,孔,毓,女,61,1497-01-01,1577-01-01,是,宁阳,县丞,,,,,,胡娘，孔子第61代孙。,
孔毓俔,孔,毓,男,61,1498-01-01,1571-01-01,是,兖州,主簿,,,,,,孔毓俔，孔子第61代孙。,
孔毓俕,孔,毓,男,61,1498-01-01,1564-01-01,是,东平,训导,,,,,,孔毓俕，孔子第61代孙。,
孔毓俖,孔,毓,男,61,1503-01-01,1569-01-01,是,寿张,教谕,,,,,,孔毓俖，孔子第61代孙。,
何姑,孔,毓,女,61,1500-01-01,1571-01-01,是,范县,商人,,,,,,何姑，孔子第61代孙。,
孔毓俘,孔,毓,男,61,1499-01-01,1569-01-01,是,濮州,官员,,,,,,孔毓俘，孔子第61代孙。,
孔毓俙,孔,毓,男,61,1504-01-01,1574-01-01,是,开州,学者,,,,,,孔毓俙，孔子第61代孙。,
张姑,孔,毓,女,61,1500-01-01,1563-01-01,是,长垣,大夫,,,,,,张姑，孔子第61代孙。,
孔毓俛,孔,毓,男,61,1498-01-01,1576-01-01,是,东明,士,,,,,,孔毓俛，孔子第61代孙。,
孔毓俜,孔,毓,男,61,1498-01-01,1558-01-01,是,荷泽,农,,,,,,孔毓俜，孔子第61代孙。,
孔毓保,孔,毓,男,61,1504-01-01,1564-01-01,是,曹州,商,,,,,,孔毓保，孔子第61代孙。,
孔毓俞,孔,毓,男,61,1498-01-01,1569-01-01,是,定陶,儒,,,,,,孔毓俞，孔子第61代孙。,
杨娘,孔,毓,女,61,1502-01-01,1584-01-01,是,单县,工部侍郎,,,,,,杨娘，孔子第61代孙。,
孔毓俠,孔,毓,男,61,1504-01-01,1569-01-01,是,成武,礼部尚书,,,,,,孔毓俠，孔子第61代孙。,
孔毓信,孔,毓,男,61,1497-01-01,1567-01-01,是,巨野,知州,,,,,,孔毓信，孔子第61代孙。,
周娘,孔,毓,女,61,1503-01-01,1565-01-01,是,郓城,知县,,,,,,周娘，孔子第61代孙。,
孔毓俣,孔,毓,男,61,1503-01-01,1575-01-01,是,鄄城,举人,,,,,,孔毓俣，孔子第61代孙。,
孔毓俤,孔,毓,男,61,1498-01-01,1582-01-01,是,曲阜,进士,,,,,,孔毓俤，孔子第61代孙。,
孙娘,孔,毓,女,61,1497-01-01,1557-01-01,是,滋阳,太学生,,,,,,孙娘，孔子第61代孙。,
孔毓俦,孔,毓,男,61,1504-01-01,1569-01-01,是,济宁,县丞,,,,,,孔毓俦，孔子第61代孙。,
孔毓俧,孔,毓,男,61,1499-01-01,1564-01-01,是,邹县,主簿,,,,,,孔毓俧，孔子第61代孙。,
孔毓俨,孔,毓,男,61,1497-01-01,1569-01-01,是,滕县,训导,,,,,,孔毓俨，孔子第61代孙。,
孔毓俩,孔,毓,男,61,1499-01-01,1576-01-01,是,峄县,教谕,,,,,,孔毓俩，孔子第61代孙。,
孔毓俪,孔,毓,男,61,1500-01-01,1576-01-01,是,金乡,商人,,,,,,孔毓俪，孔子第61代孙。,
孔毓俫,孔,毓,男,61,1497-01-01,1560-01-01,是,鱼台,官员,,,,,,孔毓俫，孔子第61代孙。,
孔毓俬,孔,毓,男,61,1504-01-01,1582-01-01,是,嘉祥,学者,,,,,,孔毓俬，孔子第61代孙。,
孔毓俭,孔,毓,男,61,1499-01-01,1579-01-01,是,汶上,大夫,,,,,,孔毓俭，孔子第61代孙。,
王娘,孔,毓,女,61,1500-01-01,1582-01-01,是,泗水,士,,,,,,王娘，孔子第61代孙。,
孔毓俯,孔,毓,男,61,1504-01-01,1572-01-01,是,宁阳,农,,,,,,孔毓俯，孔子第61代孙。,
刘氏,孔,毓,女,61,1503-01-01,1563-01-01,是,兖州,商,,,,,,刘氏，孔子第61代孙。,
孔毓俱,孔,毓,男,61,1499-01-01,1559-01-01,是,东平,儒,,,,,,孔毓俱，孔子第61代孙。,
杨姑,孔,毓,女,61,1501-01-01,1570-01-01,是,寿张,工部侍郎,,,,,,杨姑，孔子第61代孙。,
孔毓俳,孔,毓,男,61,1500-01-01,1575-01-01,是,范县,礼部尚书,,,,,,孔毓俳，孔子第61代孙。,
孔毓俴,孔,毓,男,61,1503-01-01,1577-01-01,是,濮州,知州,,,,,,孔毓俴，孔子第61代孙。,
周姑,孔,毓,女,61,1497-01-01,1562-01-01,是,开州,知县,,,,,,周姑，孔子第61代孙。,
吴氏,孔,毓,女,61,1503-01-01,1582-01-01,是,长垣,举人,,,,,,吴氏，孔子第61代孙。,
孔毓俷,孔,毓,男,61,1504-01-01,1576-01-01,是,东明,进士,,,,,,孔毓俷，孔子第61代孙。,
孔毓俸,孔,毓,男,61,1497-01-01,1581-01-01,是,荷泽,太学生,,,,,,孔毓俸，孔子第61代孙。,
孔毓俹,孔,毓,男,61,1500-01-01,1567-01-01,是,曹州,县丞,,,,,,孔毓俹，孔子第61代孙。,
朱娘,孔,毓,女,61,1502-01-01,1562-01-01,是,定陶,主簿,,,,,,朱娘，孔子第61代孙。,
孔毓俻,孔,毓,男,61,1503-01-01,1584-01-01,是,单县,训导,,,,,,孔毓俻，孔子第61代孙。,
孔毓俼,孔,毓,男,61,1502-01-01,1562-01-01,是,成武,教谕,,,,,,孔毓俼，孔子第61代孙。,
何娘,孔,毓,女,61,1500-01-01,1582-01-01,是,巨野,商人,,,,,,何娘，孔子第61代孙。,
郭姑,孔,毓,女,61,1503-01-01,1584-01-01,是,郓城,官员,,,,,,郭姑，孔子第61代孙。,
马氏,孔,毓,女,61,1501-01-01,1573-01-01,是,鄄城,学者,,,,,,马氏，孔子第61代孙。,
孔毓倀,孔,毓,男,61,1498-01-01,1575-01-01,是,曲阜,大夫,,,,,,孔毓倀，孔子第61代孙。,
孔毓倁,孔,毓,男,61,1499-01-01,1582-01-01,是,滋阳,士,,,,,,孔毓倁，孔子第61代孙。,
孔毓倂,孔,毓,男,61,1497-01-01,1564-01-01,是,济宁,农,,,,,,孔毓倂，孔子第61代孙。,
孔毓倃,孔,毓,男,61,1499-01-01,1582-01-01,是,邹县,商,,,,,,孔毓倃，孔子第61代孙。,
陈姑,孔,毓,女,61,1501-01-01,1563-01-01,是,滕县,儒,,,,,,陈姑，孔子第61代孙。,
杨氏,孔,毓,女,61,1503-01-01,1572-01-01,是,峄县,工部侍郎,,,,,,杨氏，孔子第61代孙。,
孔毓倆,孔,毓,男,61,1501-01-01,1576-01-01,是,金乡,礼部尚书,,,,,,孔毓倆，孔子第61代孙。,
孔毓倇,孔,毓,男,61,1497-01-01,1564-01-01,是,鱼台,知州,,,,,,孔毓倇，孔子第61代孙。,
孔毓倈,孔,毓,男,61,1500-01-01,1582-01-01,是,嘉祥,知县,,,,,,孔毓倈，孔子第61代孙。,
孔毓倉,孔,毓,男,61,1501-01-01,1566-01-01,是,汶上,举人,,,,,,孔毓倉，孔子第61代孙。,
孔毓倊,孔,毓,男,61,1501-01-01,1563-01-01,是,泗水,进士,,,,,,孔毓倊，孔子第61代孙。,
孙氏,孔,毓,女,61,1503-01-01,1573-01-01,是,宁阳,太学生,,,,,,孙氏，孔子第61代孙。,
胡娘,孔,毓,女,61,1503-01-01,1581-01-01,是,兖州,县丞,,,,,,胡娘，孔子第61代孙。,
朱姑,孔,毓,女,61,1497-01-01,1570-01-01,是,东平,主簿,,,,,,朱姑，孔子第61代孙。,
孔毓倎,孔,毓,男,61,1500-01-01,1579-01-01,是,寿张,训导,,,,,,孔毓倎，孔子第61代孙。,
林娘,孔,毓,女,61,1497-01-01,1563-01-01,是,范县,教谕,,,,,,林娘，孔子第61代孙。,
孔毓倐,孔,毓,男,61,1501-01-01,1573-01-01,是,濮州,商人,,,,,,孔毓倐，孔子第61代孙。,
孔毓們,孔,毓,男,61,1503-01-01,1584-01-01,是,开州,官员,,,,,,孔毓們，孔子第61代孙。,
孔毓倒,孔,毓,男,61,1500-01-01,1561-01-01,是,长垣,学者,,,,,,孔毓倒，孔子第61代孙。,
孔毓倓,孔,毓,男,61,1504-01-01,1566-01-01,是,东明,大夫,,,,,,孔毓倓，孔子第61代孙。,
王氏,孔,毓,女,61,1504-01-01,1586-01-01,是,荷泽,士,,,,,,王氏，孔子第61代孙。,
孔毓倕,孔,毓,男,61,1502-01-01,1580-01-01,是,曹州,农,,,,,,孔毓倕，孔子第61代孙。,
孔毓倖,孔,毓,男,61,1497-01-01,1580-01-01,是,定陶,商,,,,,,孔毓倖，孔子第61代孙。,
孔毓倗,孔,毓,男,61,1497-01-01,1575-01-01,是,单县,儒,,,,,,孔毓倗，孔子第61代孙。,
孔毓倘,孔,毓,男,61,1499-01-01,1580-01-01,是,成武,工部侍郎,,,,,,孔毓倘，孔子第61代孙。,
赵姑,孔,毓,女,61,1503-01-01,1568-01-01,是,巨野,礼部尚书,,,,,,赵姑，孔子第61代孙。,
孔毓倚,孔,毓,男,61,1501-01-01,1567-01-01,是,郓城,知州,,,,,,孔毓倚，孔子第61代孙。,
孔毓倛,孔,毓,男,61,1502-01-01,1584-01-01,是,鄄城,知县,,,,,,孔毓倛，孔子第61代孙。,
孔毓倜,孔,毓,男,61,1500-01-01,1579-01-01,是,曲阜,举人,,,,,,孔毓倜，孔子第61代孙。,
徐氏,孔,毓,女,61,1498-01-01,1565-01-01,是,滋阳,进士,,,,,,徐氏，孔子第61代孙。,
孔毓倞,孔,毓,男,61,1497-01-01,1559-01-01,是,济宁,太学生,,,,,,孔毓倞，孔子第61代孙。,
孔毓借,孔,毓,男,61,1501-01-01,1571-01-01,是,邹县,县丞,,,,,,孔毓借，孔子第61代孙。,
孔毓倠,孔,毓,男,61,1503-01-01,1579-01-01,是,滕县,主簿,,,,,,孔毓倠，孔子第61代孙。,
高娘,孔,毓,女,61,1500-01-01,1572-01-01,是,峄县,训导,,,,,,高娘，孔子第61代孙。,
孔毓倢,孔,毓,男,61,1499-01-01,1574-01-01,是,金乡,教谕,,,,,,孔毓倢，孔子第61代孙。,
孔毓倣,孔,毓,男,61,1500-01-01,1572-01-01,是,鱼台,商人,,,,,,孔毓倣，孔子第61代孙。,
孔毓値,孔,毓,男,61,1503-01-01,1567-01-01,是,嘉祥,官员,,,,,,孔毓値，孔子第61代孙。,
马姑,孔,毓,女,61,1498-01-01,1582-01-01,是,汶上,学者,,,,,,马姑，孔子第61代孙。,
孔毓倦,孔,毓,男,61,1504-01-01,1581-01-01,是,泗水,大夫,,,,,,孔毓倦，孔子第61代孙。,
孔毓倧,孔,毓,男,61,1500-01-01,1578-01-01,是,宁阳,士,,,,,,孔毓倧，孔子第61代孙。,
孔毓倨,孔,毓,男,61,1502-01-01,1585-01-01,是,兖州,农,,,,,,孔毓倨，孔子第61代孙。,
孔毓倩,孔,毓,男,61,1504-01-01,1582-01-01,是,东平,商,,,,,,孔毓倩，孔子第61代孙。,
孔毓倪,孔,毓,男,61,1503-01-01,1582-01-01,是,寿张,儒,,,,,,孔毓倪，孔子第61代孙。,
孔毓倫,孔,毓,男,61,1504-01-01,1569-01-01,是,范县,工部侍郎,,,,,,孔毓倫，孔子第61代孙。,
孔毓倬,孔,毓,男,61,1503-01-01,1565-01-01,是,濮州,礼部尚书,,,,,,孔毓倬，孔子第61代孙。,
孔毓倭,孔,毓,男,61,1500-01-01,1561-01-01,是,开州,知州,,,,,,孔毓倭，孔子第61代孙。,
孔毓倮,孔,毓,男,61,1498-01-01,1572-01-01,是,长垣,知县,,,,,,孔毓倮，孔子第61代孙。,
吴氏,孔,毓,女,61,1499-01-01,1578-01-01,是,东明,举人,,,,,,吴氏，孔子第61代孙。,
孔毓倰,孔,毓,男,61,1502-01-01,1584-01-01,是,荷泽,进士,,,,,,孔毓倰，孔子第61代孙。,
孙姑,孔,毓,女,61,1504-01-01,1573-01-01,是,曹州,太学生,,,,,,孙姑，孔子第61代孙。,
孔毓倲,孔,毓,男,61,1501-01-01,1566-01-01,是,定陶,县丞,,,,,,孔毓倲，孔子第61代孙。,
朱娘,孔,毓,女,61,1503-01-01,1586-01-01,是,单县,主簿,,,,,,朱娘，孔子第61代孙。,
高姑,孔,毓,女,61,1499-01-01,1581-01-01,是,成武,训导,,,,,,高姑，孔子第61代孙。,
孔毓倵,孔,毓,男,61,1504-01-01,1566-01-01,是,巨野,教谕,,,,,,孔毓倵，孔子第61代孙。,
何娘,孔,毓,女,61,1497-01-01,1572-01-01,是,郓城,商人,,,,,,何娘，孔子第61代孙。,
孔毓倷,孔,毓,男,61,1502-01-01,1573-01-01,是,鄄城,官员,,,,,,孔毓倷，孔子第61代孙。,
马氏,孔,毓,女,61,1502-01-01,1575-01-01,是,曲阜,学者,,,,,,马氏，孔子第61代孙。,
孔毓倹,孔,毓,男,61,1504-01-01,1564-01-01,是,滋阳,大夫,,,,,,孔毓倹，孔子第61代孙。,
王姑,孔,毓,女,61,1502-01-01,1586-01-01,是,济宁,士,,,,,,王姑，孔子第61代孙。,
孔毓倻,孔,毓,男,61,1500-01-01,1570-01-01,是,邹县,农,,,,,,孔毓倻，孔子第61代孙。,
孔毓值,孔,毓,男,61,1501-01-01,1579-01-01,是,滕县,商,,,,,,孔毓值，孔子第61代孙。,
孔毓倽,孔,毓,男,61,1502-01-01,1569-01-01,是,峄县,儒,,,,,,孔毓倽，孔子第61代孙。,
孔毓倾,孔,毓,男,61,1498-01-01,1569-01-01,是,金乡,工部侍郎,,,,,,孔毓倾，孔子第61代孙。,
孔毓倿,孔,毓,男,61,1501-01-01,1579-01-01,是,鱼台,礼部尚书,,,,,,孔毓倿，孔子第61代孙。,
黄姑,孔,毓,女,61,1498-01-01,1570-01-01,是,嘉祥,知州,,,,,,黄姑，孔子第61代孙。,
孔毓偁,孔,毓,男,61,1501-01-01,1584-01-01,是,汶上,知县,,,,,,孔毓偁，孔子第61代孙。,
孔毓偂,孔,毓,男,61,1503-01-01,1569-01-01,是,泗水,举人,,,,,,孔毓偂，孔子第61代孙。,
徐姑,孔,毓,女,61,1503-01-01,1587-01-01,是,宁阳,进士,,,,,,徐姑，孔子第61代孙。,
孔毓偄,孔,毓,男,61,1497-01-01,1577-01-01,是,兖州,太学生,,,,,,孔毓偄，孔子第61代孙。,
孔毓偅,孔,毓,男,61,1503-01-01,1587-01-01,是,东平,县丞,,,,,,孔毓偅，孔子第61代孙。,
孔毓偆,孔,毓,男,61,1501-01-01,1571-01-01,是,寿张,主簿,,,,,,孔毓偆，孔子第61代孙。,
孔毓假,孔,毓,男,61,1498-01-01,1565-01-01,是,范县,训导,,,,,,孔毓假，孔子第61代孙。,
林娘,孔,毓,女,61,1500-01-01,1566-01-01,是,濮州,教谕,,,,,,林娘，孔子第61代孙。,
何姑,孔,毓,女,61,1499-01-01,1570-01-01,是,开州,商人,,,,,,何姑，孔子第61代孙。,
孔毓偊,孔,毓,男,61,1499-01-01,1569-01-01,是,长垣,官员,,,,,,孔毓偊，孔子第61代孙。,
孔毓偋,孔,毓,男,61,1504-01-01,1568-01-01,是,东明,学者,,,,,,孔毓偋，孔子第61代孙。,
张姑,孔,毓,女,61,1497-01-01,1563-01-01,是,荷泽,大夫,,,,,,张姑，孔子第61代孙。,
王氏,孔,毓,女,61,1502-01-01,1568-01-01,是,曹州,士,,,,,,王氏，孔子第61代孙。,
孔毓偎,孔,毓,男,61,1497-01-01,1575-01-01,是,定陶,农,,,,,,孔毓偎，孔子第61代孙。,
刘姑,孔,毓,女,61,1498-01-01,1574-01-01,是,单县,商,,,,,,刘姑，孔子第61代孙。,
孔毓偐,孔,毓,男,61,1498-01-01,1565-01-01,是,成武,儒,,,,,,孔毓偐，孔子第61代孙。,
杨娘,孔,毓,女,61,1498-01-01,1577-01-01,是,巨野,工部侍郎,,,,,,杨娘，孔子第61代孙。,
赵姑,孔,毓,女,61,1498-01-01,1561-01-01,是,郓城,礼部尚书,,,,,,赵姑，孔子第61代孙。,
孔毓偓,孔,毓,男,61,1500-01-01,1576-01-01,是,鄄城,知州,,,,,,孔毓偓，孔子第61代孙。,
周娘,孔,毓,女,61,1499-01-01,1561-01-01,是,曲阜,知县,,,,,,周娘，孔子第61代孙。,
吴姑,孔,毓,女,61,1498-01-01,1574-01-01,是,滋阳,举人,,,,,,吴姑，孔子第61代孙。,
徐氏,孔,毓,女,61,1502-01-01,1565-01-01,是,济宁,进士,,,,,,徐氏，孔子第61代孙。,
孔毓偗,孔,毓,男,61,1499-01-01,1563-01-01,是,邹县,太学生,,,,,,孔毓偗，孔子第61代孙。,
孔毓偘,孔,毓,男,61,1501-01-01,1585-01-01,是,滕县,县丞,,,,,,孔毓偘，孔子第61代孙。,
孔毓偙,孔,毓,男,61,1498-01-01,1578-01-01,是,峄县,主簿,,,,,,孔毓偙，孔子第61代孙。,
孔毓做,孔,毓,男,61,1497-01-01,1577-01-01,是,金乡,训导,,,,,,孔毓做，孔子第61代孙。,
孔毓偛,孔,毓,男,61,1499-01-01,1561-01-01,是,鱼台,教谕,,,,,,孔毓偛，孔子第61代孙。,
孔毓停,孔,毓,男,61,1502-01-01,1579-01-01,是,嘉祥,商人,,,,,,孔毓停，孔子第61代孙。,
郭娘,孔,毓,女,61,1499-01-01,1565-01-01,是,汶上,官员,,,,,,郭娘，孔子第61代孙。,
孔毓偞,孔,毓,男,61,1501-01-01,1573-01-01,是,泗水,学者,,,,,,孔毓偞，孔子第61代孙。,
张氏,孔,毓,女,61,1502-01-01,1563-01-01,是,宁阳,大夫,,,,,,张氏，孔子第61代孙。,
孔毓偠,孔,毓,男,61,1498-01-01,1561-01-01,是,兖州,士,,,,,,孔毓偠，孔子第61代孙。,
孔毓偡,孔,毓,男,61,1501-01-01,1583-01-01,是,东平,农,,,,,,孔毓偡，孔子第61代孙。,
孔毓偢,孔,毓,男,61,1503-01-01,1575-01-01,是,寿张,商,,,,,,孔毓偢，孔子第61代孙。,
孔毓偣,孔,毓,男,61,1500-01-01,1562-01-01,是,范县,儒,,,,,,孔毓偣，孔子第61代孙。,
孔毓偤,孔,毓,男,61,1500-01-01,1576-01-01,是,濮州,工部侍郎,,,,,,孔毓偤，孔子第61代孙。,
孔毓健,孔,毓,男,61,1497-01-01,1578-01-01,是,开州,礼部尚书,,,,,,孔毓健，孔子第61代孙。,
孔毓偦,孔,毓,男,61,1497-01-01,1569-01-01,是,长垣,知州,,,,,,孔毓偦，孔子第61代孙。,
周姑,孔,毓,女,61,1504-01-01,1585-01-01,是,东明,知县,,,,,,周姑，孔子第61代孙。,
孔毓偨,孔,毓,男,61,1501-01-01,1577-01-01,是,荷泽,举人,,,,,,孔毓偨，孔子第61代孙。,
孔毓偩,孔,毓,男,61,1500-01-01,1574-01-01,是,曹州,进士,,,,,,孔毓偩，孔子第61代孙。,
孔毓偪,孔,毓,男,61,1498-01-01,1576-01-01,是,定陶,太学生,,,,,,孔毓偪，孔子第61代孙。,
胡氏,孔,毓,女,61,1499-01-01,1561-01-01,是,单县,县丞,,,,,,胡氏，孔子第61代孙。,
朱娘,孔,毓,女,61,1503-01-01,1566-01-01,是,成武,主簿,,,,,,朱娘，孔子第61代孙。,
孔毓偭,孔,毓,男,61,1498-01-01,1580-01-01,是,巨野,训导,,,,,,孔毓偭，孔子第61代孙。,
孔毓偮,孔,毓,男,61,1503-01-01,1574-01-01,是,郓城,教谕,,,,,,孔毓偮，孔子第61代孙。,
孔毓偯,孔,毓,男,61,1498-01-01,1582-01-01,是,鄄城,商人,,,,,,孔毓偯，孔子第61代孙。,
郭姑,孔,毓,女,61,1499-01-01,1581-01-01,是,曲阜,官员,,,,,,郭姑，孔子第61代孙。,
马氏,孔,毓,女,61,1504-01-01,1578-01-01,是,滋阳,学者,,,,,,马氏，孔子第61代孙。,
孔毓偲,孔,毓,男,61,1499-01-01,1576-01-01,是,济宁,大夫,,,,,,孔毓偲，孔子第61代孙。,
王姑,孔,毓,女,61,1497-01-01,1562-01-01,是,邹县,士,,,,,,王姑，孔子第61代孙。,
李氏,孔,毓,女,61,1501-01-01,1570-01-01,是,滕县,农,,,,,,李氏，孔子第61代孙。,
孔毓偵,孔,毓,男,61,1503-01-01,1583-01-01,是,峄县,商,,,,,,孔毓偵，孔子第61代孙。,
陈姑,孔,毓,女,61,1497-01-01,1557-01-01,是,金乡,儒,,,,,,陈姑，孔子第61代孙。,
杨氏,孔,毓,女,61,1501-01-01,1580-01-01,是,鱼台,工部侍郎,,,,,,杨氏，孔子第61代孙。,
赵娘,孔,毓,女,61,1499-01-01,1565-01-01,是,嘉祥,礼部尚书,,,,,,赵娘，孔子第61代孙。,
黄姑,孔,毓,女,61,1503-01-01,1574-01-01,是,汶上,知州,,,,,,黄姑，孔子第61代孙。,
孔毓偺,孔,毓,男,61,1499-01-01,1561-01-01,是,泗水,知县,,,,,,孔毓偺，孔子第61代孙。,
吴娘,孔,毓,女,61,1501-01-01,1581-01-01,是,宁阳,举人,,,,,,吴娘，孔子第61代孙。,
孔毓偼,孔,毓,男,61,1501-01-01,1569-01-01,是,兖州,进士,,,,,,孔毓偼，孔子第61代孙。,
孔毓偽,孔,毓,男,61,1504-01-01,1580-01-01,是,东平,太学生,,,,,,孔毓偽，孔子第61代孙。,
孔毓偾,孔,毓,男,61,1497-01-01,1567-01-01,是,寿张,县丞,,,,,,孔毓偾，孔子第61代孙。,
朱姑,孔,毓,女,61,1499-01-01,1559-01-01,是,范县,主簿,,,,,,朱姑，孔子第61代孙。,
高氏,孔,毓,女,61,1498-01-01,1571-01-01,是,濮州,训导,,,,,,高氏，孔子第61代孙。,
孔毓傁,孔,毓,男,61,1503-01-01,1575-01-01,是,开州,教谕,,,,,,孔毓傁，孔子第61代孙。,
孔毓傂,孔,毓,男,61,1499-01-01,1583-01-01,是,长垣,商人,,,,,,孔毓傂，孔子第61代孙。,
郭氏,孔,毓,女,61,1501-01-01,1574-01-01,是,东明,官员,,,,,,郭氏，孔子第61代孙。,
孔毓傄,孔,毓,男,61,1502-01-01,1562-01-01,是,荷泽,学者,,,,,,孔毓傄，孔子第61代孙。,
孔毓傅,孔,毓,男,61,1501-01-01,1574-01-01,是,曹州,大夫,,,,,,孔毓傅，孔子第61代孙。,
王氏,孔,毓,女,61,1503-01-01,1572-01-01,是,定陶,士,,,,,,王氏，孔子第61代孙。,
孔毓傇,孔,毓,男,61,1499-01-01,1559-01-01,是,单县,农,,,,,,孔毓傇，孔子第61代孙。,
孔毓傈,孔,毓,男,61,1498-01-01,1579-01-01,是,成武,商,,,,,,孔毓傈，孔子第61代孙。,
孔毓傉,孔,毓,男,61,1502-01-01,1574-01-01,是,巨野,儒,,,,,,孔毓傉，孔子第61代孙。,
孔毓傊,孔,毓,男,61,1498-01-01,1570-01-01,是,郓城,工部侍郎,,,,,,孔毓傊，孔子第61代孙。,
孔毓傋,孔,毓,男,61,1497-01-01,1559-01-01,是,鄄城,礼部尚书,,,,,,孔毓傋，孔子第61代孙。,
黄氏,孔,毓,女,61,1503-01-01,1563-01-01,是,曲阜,知州,,,,,,黄氏，孔子第61代孙。,
孔毓傍,孔,毓,男,61,1503-01-01,1584-01-01,是,滋阳,知县,,,,,,孔毓傍，孔子第61代孙。,
孔毓傎,孔,毓,男,61,1500-01-01,1581-01-01,是,济宁,举人,,,,,,孔毓傎，孔子第61代孙。,
孔毓傏,孔,毓,男,61,1500-01-01,1584-01-01,是,邹县,进士,,,,,,孔毓傏，孔子第61代孙。,
孔毓傐,孔,毓,男,61,1501-01-01,1562-01-01,是,滕县,太学生,,,,,,孔毓傐，孔子第61代孙。,
孔毓傑,孔,毓,男,61,1501-01-01,1565-01-01,是,峄县,县丞,,,,,,孔毓傑，孔子第61代孙。,
朱氏,孔,毓,女,61,1503-01-01,1584-01-01,是,金乡,主簿,,,,,,朱氏，孔子第61代孙。,
孔毓傓,孔,毓,男,61,1501-01-01,1571-01-01,是,鱼台,训导,,,,,,孔毓傓，孔子第61代孙。,
孔毓傔,孔,毓,男,61,1497-01-01,1560-01-01,是,嘉祥,教谕,,,,,,孔毓傔，孔子第61代孙。,
孔毓傕,孔,毓,男,61,1498-01-01,1558-01-01,是,汶上,商人,,,,,,孔毓傕，孔子第61代孙。,
郭娘,孔,毓,女,61,1497-01-01,1558-01-01,是,泗水,官员,,,,,,郭娘，孔子第61代孙。,
孔毓傗,孔,毓,男,61,1503-01-01,1572-01-01,是,宁阳,学者,,,,,,孔毓傗，孔子第61代孙。,
孔毓傘,孔,毓,男,61,1502-01-01,1573-01-01,是,兖州,大夫,,,,,,孔毓傘，孔子第61代孙。,
王娘,孔,毓,女,61,1498-01-01,1561-01-01,是,东平,士,,,,,,王娘，孔子第61代孙。,
孔毓傚,孔,毓,男,61,1504-01-01,1580-01-01,是,寿张,农,,,,,,孔毓傚，孔子第61代孙。,
孔毓傛,孔,毓,男,61,1497-01-01,1568-01-01,是,范县,商,,,,,,孔毓傛，孔子第61代孙。,
孔毓傜,孔,毓,男,61,1504-01-01,1569-01-01,是,濮州,儒,,,,,,孔毓傜，孔子第61代孙。,
孔毓傝,孔,毓,男,61,1501-01-01,1584-01-01,是,开州,工部侍郎,,,,,,孔毓傝，孔子第61代孙。,
孔毓傞,孔,毓,男,61,1503-01-01,1573-01-01,是,长垣,礼部尚书,,,,,,孔毓傞，孔子第61代孙。,
孔毓傟,孔,毓,男,61,1502-01-01,1566-01-01,是,东明,知州,,,,,,孔毓傟，孔子第61代孙。,
孔毓傠,孔,毓,男,61,1503-01-01,1567-01-01,是,荷泽,知县,,,,,,孔毓傠，孔子第61代孙。,
吴氏,孔,毓,女,61,1502-01-01,1567-01-01,是,曹州,举人,,,,,,吴氏，孔子第61代孙。,
徐娘,孔,毓,女,61,1498-01-01,1559-01-01,是,定陶,进士,,,,,,徐娘，孔子第61代孙。,
孔毓傣,孔,毓,男,61,1502-01-01,1566-01-01,是,单县,太学生,,,,,,孔毓傣，孔子第61代孙。,
孔毓傤,孔,毓,男,61,1497-01-01,1572-01-01,是,成武,县丞,,,,,,孔毓傤，孔子第61代孙。,
孔毓傥,孔,毓,男,61,1501-01-01,1566-01-01,是,巨野,主簿,,,,,,孔毓傥，孔子第61代孙。,
孔毓傦,孔,毓,男,61,1497-01-01,1562-01-01,是,郓城,训导,,,,,,孔毓傦，孔子第61代孙。,
林氏,孔,毓,女,61,1504-01-01,1585-01-01,是,鄄城,教谕,,,,,,林氏，孔子第61代孙。,
何娘,孔,毓,女,61,1497-01-01,1563-01-01,是,曲阜,商人,,,,,,何娘，孔子第61代孙。,
孔毓傩,孔,毓,男,61,1497-01-01,1575-01-01,是,滋阳,官员,,,,,,孔毓傩，孔子第61代孙。,
孔毓傪,孔,毓,男,61,1497-01-01,1578-01-01,是,济宁,学者,,,,,,孔毓傪，孔子第61代孙。,
孔毓傫,孔,毓,男,61,1500-01-01,1567-01-01,是,邹县,大夫,,,,,,孔毓傫，孔子第61代孙。,
孔毓催,孔,毓,男,61,1497-01-01,1570-01-01,是,滕县,士,,,,,,孔毓催，孔子第61代孙。,
孔毓傭,孔,毓,男,61,1497-01-01,1563-01-01,是,峄县,农,,,,,,孔毓傭，孔子第61代孙。,
孔毓傮,孔,毓,男,61,1498-01-01,1577-01-01,是,金乡,商,,,,,,孔毓傮，孔子第61代孙。,
陈姑,孔,毓,女,61,1498-01-01,1567-01-01,是,鱼台,儒,,,,,,陈姑，孔子第61代孙。,
杨氏,孔,毓,女,61,1499-01-01,1568-01-01,是,嘉祥,工部侍郎,,,,,,杨氏，孔子第61代孙。,
孔毓傱,孔,毓,男,61,1498-01-01,1579-01-01,是,汶上,礼部尚书,,,,,,孔毓傱，孔子第61代孙。,
孔毓傲,孔,毓,男,61,1503-01-01,1577-01-01,是,泗水,知州,,,,,,孔毓傲，孔子第61代孙。,
孔毓傳,孔,毓,男,61,1498-01-01,1575-01-01,是,宁阳,知县,,,,,,孔毓傳，孔子第61代孙。,
吴娘,孔,毓,女,61,1501-01-01,1579-01-01,是,兖州,举人,,,,,,吴娘，孔子第61代孙。,
孔毓債,孔,毓,男,61,1504-01-01,1586-01-01,是,东平,进士,,,,,,孔毓債，孔子第61代孙。,
孔毓傶,孔,毓,男,61,1500-01-01,1578-01-01,是,寿张,太学生,,,,,,孔毓傶，孔子第61代孙。,
孔毓傷,孔,毓,男,61,1501-01-01,1564-01-01,是,范县,县丞,,,,,,孔毓傷，孔子第61代孙。,
朱姑,孔,毓,女,61,1498-01-01,1561-01-01,是,濮州,主簿,,,,,,朱姑，孔子第61代孙。,
孔毓傹,孔,毓,男,61,1504-01-01,1581-01-01,是,开州,训导,,,,,,孔毓傹，孔子第61代孙。,
林娘,孔,毓,女,61,1498-01-01,1577-01-01,是,长垣,教谕,,,,,,林娘，孔子第61代孙。,
孔毓傻,孔,毓,男,61,1498-01-01,1565-01-01,是,东明,商人,,,,,,孔毓傻，孔子第61代孙。,
孔毓傼,孔,毓,男,61,1504-01-01,1584-01-01,是,荷泽,官员,,,,,,孔毓傼，孔子第61代孙。,
马娘,孔,毓,女,61,1497-01-01,1557-01-01,是,曹州,学者,,,,,,马娘，孔子第61代孙。,
张姑,孔,毓,女,61,1504-01-01,1575-01-01,是,定陶,大夫,,,,,,张姑，孔子第61代孙。,
孔毓傿,孔,毓,男,61,1504-01-01,1581-01-01,是,单县,士,,,,,,孔毓傿，孔子第61代孙。,
李娘,孔,毓,女,61,1498-01-01,1559-01-01,是,成武,农,,,,,,李娘，孔子第61代孙。,
孔毓僁,孔,毓,男,61,1503-01-01,1568-01-01,是,巨野,商,,,,,,孔毓僁，孔子第61代孙。,
陈氏,孔,毓,女,61,1504-01-01,1586-01-01,是,郓城,儒,,,,,,陈氏，孔子第61代孙。,
杨娘,孔,毓,女,61,1498-01-01,1567-01-01,是,鄄城,工部侍郎,,,,,,杨娘，孔子第61代孙。,
赵姑,孔,毓,女,61,1500-01-01,1561-01-01,是,曲阜,礼部尚书,,,,,,赵姑，孔子第61代孙。,
孔毓僅,孔,毓,男,61,1500-01-01,1572-01-01,是,滋阳,知州,,,,,,孔毓僅，孔子第61代孙。,
周娘,孔,毓,女,61,1498-01-01,1574-01-01,是,济宁,知县,,,,,,周娘，孔子第61代孙。,
孔毓僇,孔,毓,男,61,1504-01-01,1588-01-01,是,邹县,举人,,,,,,孔毓僇，孔子第61代孙。,
孔毓僈,孔,毓,男,61,1499-01-01,1571-01-01,是,滕县,进士,,,,,,孔毓僈，孔子第61代孙。,
孙娘,孔,毓,女,61,1504-01-01,1567-01-01,是,峄县,太学生,,,,,,孙娘，孔子第61代孙。,
孔毓僊,孔,毓,男,61,1501-01-01,1567-01-01,是,金乡,县丞,,,,,,孔毓僊，孔子第61代孙。,
朱氏,孔,毓,女,61,1503-01-01,1572-01-01,是,鱼台,主簿,,,,,,朱氏，孔子第61代孙。,
高娘,孔,毓,女,61,1501-01-01,1562-01-01,是,嘉祥,训导,,,,,,高娘，孔子第61代孙。,
孔毓働,孔,毓,男,61,1498-01-01,1578-01-01,是,汶上,教谕,,,,,,孔毓働，孔子第61代孙。,
孔毓僎,孔,毓,男,61,1503-01-01,1579-01-01,是,泗水,商人,,,,,,孔毓僎，孔子第61代孙。,
孔毓像,孔,毓,男,61,1502-01-01,1573-01-01,是,宁阳,官员,,,,,,孔毓像，孔子第61代孙。,
孔毓僐,孔,毓,男,61,1504-01-01,1575-01-01,是,兖州,学者,,,,,,孔毓僐，孔子第61代孙。,
张氏,孔,毓,女,61,1503-01-01,1568-01-01,是,东平,大夫,,,,,,张氏，孔子第61代孙。,
王娘,孔,毓,女,61,1501-01-01,1570-01-01,是,寿张,士,,,,,,王娘，孔子第61代孙。,
孔毓僓,孔,毓,男,61,1503-01-01,1574-01-01,是,范县,农,,,,,,孔毓僓，孔子第61代孙。,
刘氏,孔,毓,女,61,1500-01-01,1583-01-01,是,濮州,商,,,,,,刘氏，孔子第61代孙。,
陈娘,孔,毓,女,61,1502-01-01,1572-01-01,是,开州,儒,,,,,,陈娘，孔子第61代孙。,
杨姑,孔,毓,女,61,1499-01-01,1574-01-01,是,长垣,工部侍郎,,,,,,杨姑，孔子第61代孙。,
孔毓僗,孔,毓,男,61,1499-01-01,1575-01-01,是,东明,礼部尚书,,,,,,孔毓僗，孔子第61代孙。,
孔毓僘,孔,毓,男,61,1501-01-01,1563-01-01,是,荷泽,知州,,,,,,孔毓僘，孔子第61代孙。,
孔毓僙,孔,毓,男,61,1503-01-01,1576-01-01,是,曹州,知县,,,,,,孔毓僙，孔子第61代孙。,
吴氏,孔,毓,女,61,1498-01-01,1565-01-01,是,定陶,举人,,,,,,吴氏，孔子第61代孙。,
孔毓僛,孔,毓,男,61,1500-01-01,1566-01-01,是,单县,进士,,,,,,孔毓僛，孔子第61代孙。,
孔毓僜,孔,毓,男,61,1500-01-01,1569-01-01,是,成武,太学生,,,,,,孔毓僜，孔子第61代孙。,
孔毓僝,孔,毓,男,61,1503-01-01,1565-01-01,是,巨野,县丞,,,,,,孔毓僝，孔子第61代孙。,
朱娘,孔,毓,女,61,1498-01-01,1575-01-01,是,郓城,主簿,,,,,,朱娘，孔子第61代孙。,
高姑,孔,毓,女,61,1499-01-01,1581-01-01,是,鄄城,训导,,,,,,高姑，孔子第61代孙。,
孔毓僠,孔,毓,男,61,1502-01-01,1572-01-01,是,曲阜,教谕,,,,,,孔毓僠，孔子第61代孙。,
何娘,孔,毓,女,61,1504-01-01,1565-01-01,是,滋阳,商人,,,,,,何娘，孔子第61代孙。,
郭姑,孔,毓,女,61,1504-01-01,1580-01-01,是,济宁,官员,,,,,,郭姑，孔子第61代孙。,
孔毓僣,孔,毓,男,61,1500-01-01,1563-01-01,是,邹县,学者,,,,,,孔毓僣，孔子第61代孙。,
张娘,孔,毓,女,61,1504-01-01,1579-01-01,是,滕县,大夫,,,,,,张娘，孔子第61代孙。,
孔毓僥,孔,毓,男,61,1498-01-01,1566-01-01,是,峄县,士,,,,,,孔毓僥，孔子第61代孙。,
孔毓僦,孔,毓,男,61,1499-01-01,1560-01-01,是,金乡,农,,,,,,孔毓僦，孔子第61代孙。,
刘娘,孔,毓,女,61,1500-01-01,1571-01-01,是,鱼台,商,,,,,,刘娘，孔子第61代孙。,
孔毓僨,孔,毓,男,61,1504-01-01,1587-01-01,是,嘉祥,儒,,,,,,孔毓僨，孔子第61代孙。,
孔毓僩,孔,毓,男,61,1501-01-01,1565-01-01,是,汶上,工部侍郎,,,,,,孔毓僩，孔子第61代孙。,
孔毓僪,孔,毓,男,61,1499-01-01,1567-01-01,是,泗水,礼部尚书,,,,,,孔毓僪，孔子第61代孙。,
孔毓僫,孔,毓,男,61,1503-01-01,1584-01-01,是,宁阳,知州,,,,,,孔毓僫，孔子第61代孙。,
孔毓僬,孔,毓,男,61,1501-01-01,1579-01-01,是,兖州,知县,,,,,,孔毓僬，孔子第61代孙。,
孔毓僭,孔,毓,男,61,1504-01-01,1578-01-01,是,东平,举人,,,,,,孔毓僭，孔子第61代孙。,
孔毓僮,孔,毓,男,61,1497-01-01,1568-01-01,是,寿张,进士,,,,,,孔毓僮，孔子第61代孙。,
孔毓僯,孔,毓,男,61,1502-01-01,1566-01-01,是,范县,太学生,,,,,,孔毓僯，孔子第61代孙。,
孔毓僰,孔,毓,男,61,1499-01-01,1563-01-01,是,濮州,县丞,,,,,,孔毓僰，孔子第61代孙。,
孔毓僱,孔,毓,男,61,1499-01-01,1572-01-01,是,开州,主簿,,,,,,孔毓僱，孔子第61代孙。,
高氏,孔,毓,女,61,1497-01-01,1564-01-01,是,长垣,训导,,,,,,高氏，孔子第61代孙。,
孔毓僳,孔,毓,男,61,1497-01-01,1561-01-01,是,东明,教谕,,,,,,孔毓僳，孔子第61代孙。,
孔毓僴,孔,毓,男,61,1498-01-01,1573-01-01,是,荷泽,商人,,,,,,孔毓僴，孔子第61代孙。,
孔毓僵,孔,毓,男,61,1498-01-01,1582-01-01,是,曹州,官员,,,,,,孔毓僵，孔子第61代孙。,
孔毓僶,孔,毓,男,61,1500-01-01,1564-01-01,是,定陶,学者,,,,,,孔毓僶，孔子第61代孙。,
孔毓僷,孔,毓,男,61,1503-01-01,1583-01-01,是,单县,大夫,,,,,,孔毓僷，孔子第61代孙。,
孔毓僸,孔,毓,男,61,1500-01-01,1584-01-01,是,成武,士,,,,,,孔毓僸，孔子第61代孙。,
李娘,孔,毓,女,61,1497-01-01,1575-01-01,是,巨野,农,,,,,,李娘，孔子第61代孙。,
孔毓僺,孔,毓,男,61,1500-01-01,1566-01-01,是,郓城,商,,,,,,孔毓僺，孔子第61代孙。,
陈氏,孔,毓,女,61,1503-01-01,1574-01-01,是,鄄城,儒,,,,,,陈氏，孔子第61代孙。,
孔毓僼,孔,毓,男,61,1497-01-01,1570-01-01,是,曲阜,工部侍郎,,,,,,孔毓僼，孔子第61代孙。,
赵姑,孔,毓,女,61,1499-01-01,1573-01-01,是,滋阳,礼部尚书,,,,,,赵姑，孔子第61代孙。,
黄氏,孔,毓,女,61,1499-01-01,1560-01-01,是,济宁,知州,,,,,,黄氏，孔子第61代孙。,
孔毓僿,孔,毓,男,61,1500-01-01,1575-01-01,是,邹县,知县,,,,,,孔毓僿，孔子第61代孙。,
孔毓儀,孔,毓,男,61,1504-01-01,1572-01-01,是,滕县,举人,,,,,,孔毓儀，孔子第61代孙。,
徐氏,孔,毓,女,61,1502-01-01,1584-01-01,是,峄县,进士,,,,,,徐氏，孔子第61代孙。,
孙娘,孔,毓,女,61,1502-01-01,1579-01-01,是,金乡,太学生,,,,,,孙娘，孔子第61代孙。,
孔毓儃,孔,毓,男,61,1501-01-01,1565-01-01,是,鱼台,县丞,,,,,,孔毓儃，孔子第61代孙。,
孔毓億,孔,毓,男,61,1501-01-01,1563-01-01,是,嘉祥,主簿,,,,,,孔毓億，孔子第61代孙。,
孔毓儅,孔,毓,男,61,1502-01-01,1574-01-01,是,汶上,训导,,,,,,孔毓儅，孔子第61代孙。,
孔毓儆,孔,毓,男,61,1504-01-01,1579-01-01,是,泗水,教谕,,,,,,孔毓儆，孔子第61代孙。,
孔毓儇,孔,毓,男,61,1504-01-01,1579-01-01,是,宁阳,商人,,,,,,孔毓儇，孔子第61代孙。,
孔毓儈,孔,毓,男,61,1499-01-01,1566-01-01,是,兖州,官员,,,,,,孔毓儈，孔子第61代孙。,
马姑,孔,毓,女,61,1497-01-01,1578-01-01,是,东平,学者,,,,,,马姑，孔子第61代孙。,
孔毓儊,孔,毓,男,61,1497-01-01,1558-01-01,是,寿张,大夫,,,,,,孔毓儊，孔子第61代孙。,
孔毓儋,孔,毓,男,61,1501-01-01,1570-01-01,是,范县,士,,,,,,孔毓儋，孔子第61代孙。,
孔毓儌,孔,毓,男,61,1501-01-01,1563-01-01,是,濮州,农,,,,,,孔毓儌，孔子第61代孙。,
孔毓儍,孔,毓,男,61,1500-01-01,1581-01-01,是,开州,商,,,,,,孔毓儍，孔子第61代孙。,
孔毓儎,孔,毓,男,61,1501-01-01,1572-01-01,是,长垣,儒,,,,,,孔毓儎，孔子第61代孙。,
杨姑,孔,毓,女,61,1499-01-01,1568-01-01,是,东明,工部侍郎,,,,,,杨姑，孔子第61代孙。,
孔毓儐,孔,毓,男,61,1500-01-01,1568-01-01,是,荷泽,礼部尚书,,,,,,孔毓儐，孔子第61代孙。,
孔毓儑,孔,毓,男,61,1497-01-01,1561-01-01,是,曹州,知州,,,,,,孔毓儑，孔子第61代孙。,
周姑,孔,毓,女,61,1500-01-01,1579-01-01,是,定陶,知县,,,,,,周姑，孔子第61代孙。,
孔毓儓,孔,毓,男,61,1504-01-01,1580-01-01,是,单县,举人,,,,,,孔毓儓，孔子第61代孙。,
孔毓儔,孔,毓,男,61,1501-01-01,1566-01-01,是,成武,进士,,,,,,孔毓儔，孔子第61代孙。,
孔毓儕,孔,毓,男,61,1503-01-01,1579-01-01,是,巨野,太学生,,,,,,孔毓儕，孔子第61代孙。,
孔毓儖,孔,毓,男,61,1504-01-01,1574-01-01,是,郓城,县丞,,,,,,孔毓儖，孔子第61代孙。,
孔毓儗,孔,毓,男,61,1503-01-01,1579-01-01,是,鄄城,主簿,,,,,,孔毓儗，孔子第61代孙。,
孔毓儘,孔,毓,男,61,1501-01-01,1569-01-01,是,曲阜,训导,,,,,,孔毓儘，孔子第61代孙。,
林氏,孔,毓,女,61,1500-01-01,1567-01-01,是,滋阳,教谕,,,,,,林氏，孔子第61代孙。,
孔毓儚,孔,毓,男,61,1504-01-01,1574-01-01,是,济宁,商人,,,,,,孔毓儚，孔子第61代孙。,
孔毓儛,孔,毓,男,61,1502-01-01,1564-01-01,是,邹县,官员,,,,,,孔毓儛，孔子第61代孙。,
孔毓儜,孔,毓,男,61,1500-01-01,1568-01-01,是,滕县,学者,,,,,,孔毓儜，孔子第61代孙。,
孔毓儝,孔,毓,男,61,1501-01-01,1578-01-01,是,峄县,大夫,,,,,,孔毓儝，孔子第61代孙。,
孔毓儞,孔,毓,男,61,1504-01-01,1567-01-01,是,金乡,士,,,,,,孔毓儞，孔子第61代孙。,
孔毓償,孔,毓,男,61,1503-01-01,1583-01-01,是,鱼台,农,,,,,,孔毓償，孔子第61代孙。,
孔毓儠,孔,毓,男,61,1500-01-01,1584-01-01,是,嘉祥,商,,,,,,孔毓儠，孔子第61代孙。,
陈姑,孔,毓,女,61,1501-01-01,1564-01-01,是,汶上,儒,,,,,,陈姑，孔子第61代孙。,
孔毓儢,孔,毓,男,61,1500-01-01,1565-01-01,是,泗水,工部侍郎,,,,,,孔毓儢，孔子第61代孙。,
孔毓儣,孔,毓,男,61,1502-01-01,1564-01-01,是,宁阳,礼部尚书,,,,,,孔毓儣，孔子第61代孙。,
孔毓儤,孔,毓,男,61,1497-01-01,1571-01-01,是,兖州,知州,,,,,,孔毓儤，孔子第61代孙。,
孔毓儥,孔,毓,男,61,1497-01-01,1575-01-01,是,东平,知县,,,,,,孔毓儥，孔子第61代孙。,
吴娘,孔,毓,女,61,1502-01-01,1579-01-01,是,寿张,举人,,,,,,吴娘，孔子第61代孙。,
徐姑,孔,毓,女,61,1500-01-01,1565-01-01,是,范县,进士,,,,,,徐姑，孔子第61代孙。,
孔毓儨,孔,毓,男,61,1500-01-01,1565-01-01,是,濮州,太学生,,,,,,孔毓儨，孔子第61代孙。,
孔毓儩,孔,毓,男,61,1499-01-01,1571-01-01,是,开州,县丞,,,,,,孔毓儩，孔子第61代孙。,
孔毓優,孔,毓,男,61,1501-01-01,1565-01-01,是,长垣,主簿,,,,,,孔毓優，孔子第61代孙。,
高氏,孔,毓,女,61,1502-01-01,1573-01-01,是,东明,训导,,,,,,高氏，孔子第61代孙。,
林娘,孔,毓,女,61,1497-01-01,1574-01-01,是,荷泽,教谕,,,,,,林娘，孔子第61代孙。,
孔毓儭,孔,毓,男,61,1502-01-01,1569-01-01,是,曹州,商人,,,,,,孔毓儭，孔子第61代孙。,
孔毓儮,孔,毓,男,61,1497-01-01,1561-01-01,是,定陶,官员,,,,,,孔毓儮，孔子第61代孙。,
孔毓儯,孔,毓,男,61,1499-01-01,1564-01-01,是,单县,学者,,,,,,孔毓儯，孔子第61代孙。,
孔毓儰,孔,毓,男,61,1499-01-01,1570-01-01,是,成武,大夫,,,,,,孔毓儰，孔子第61代孙。,
王氏,孔,毓,女,61,1503-01-01,1575-01-01,是,巨野,士,,,,,,王氏，孔子第61代孙。,
李娘,孔,毓,女,61,1502-01-01,1584-01-01,是,郓城,农,,,,,,李娘，孔子第61代孙。,
孔毓儳,孔,毓,男,61,1501-01-01,1585-01-01,是,鄄城,商,,,,,,孔毓儳，孔子第61代孙。,
孔毓儴,孔,毓,男,61,1502-01-01,1581-01-01,是,曲阜,儒,,,,,,孔毓儴，孔子第61代孙。,
杨娘,孔,毓,女,61,1504-01-01,1573-01-01,是,滋阳,工部侍郎,,,,,,杨娘，孔子第61代孙。,
孔毓儶,孔,毓,男,61,1503-01-01,1572-01-01,是,济宁,礼部尚书,,,,,,孔毓儶，孔子第61代孙。,
黄氏,孔,毓,女,61,1502-01-01,1573-01-01,是,邹县,知州,,,,,,黄氏，孔子第61代孙。,
周娘,孔,毓,女,61,1499-01-01,1570-01-01,是,滕县,知县,,,,,,周娘，孔子第61代孙。,
吴姑,孔,毓,女,61,1500-01-01,1582-01-01,是,峄县,举人,,,,,,吴姑，孔子第61代孙。,
孔毓儺,孔,毓,男,61,1504-01-01,1566-01-01,是,金乡,进士,,,,,,孔毓儺，孔子第61代孙。,
孔毓儻,孔,毓,男,61,1497-01-01,1565-01-01,是,鱼台,太学生,,,,,,孔毓儻，孔子第61代孙。,
孔毓儼,孔,毓,男,61,1504-01-01,1584-01-01,是,嘉祥,县丞,,,,,,孔毓儼，孔子第61代孙。,
孔毓儽,孔,毓,男,61,1497-01-01,1570-01-01,是,汶上,主簿,,,,,,孔毓儽，孔子第61代孙。,
孔毓儾,孔,毓,男,61,1499-01-01,1571-01-01,是,泗水,训导,,,,,,孔毓儾，孔子第61代孙。,
林姑,孔,毓,女,61,1497-01-01,1566-01-01,是,宁阳,教谕,,,,,,林姑，孔子第61代孙。,
孔毓兀,孔,毓,男,61,1500-01-01,1571-01-01,是,兖州,商人,,,,,,孔毓兀，孔子第61代孙。,
孔毓允,孔,毓,男,61,1499-01-01,1583-01-01,是,东平,官员,,,,,,孔毓允，孔子第61代孙。,
孔毓兂,孔,毓,男,61,1504-01-01,1575-01-01,是,寿张,学者,,,,,,孔毓兂，孔子第61代孙。,
张氏,孔,毓,女,61,1504-01-01,1572-01-01,是,范县,大夫,,,,,,张氏，孔子第61代孙。,
王娘,孔,毓,女,61,1499-01-01,1574-01-01,是,濮州,士,,,,,,王娘，孔子第61代孙。,
孔毓充,孔,毓,男,61,1500-01-01,1561-01-01,是,开州,农,,,,,,孔毓充，孔子第61代孙。,
刘氏,孔,毓,女,61,1497-01-01,1558-01-01,是,长垣,商,,,,,,刘氏，孔子第61代孙。,
孔毓兇,孔,毓,男,61,1501-01-01,1577-01-01,是,东明,儒,,,,,,孔毓兇，孔子第61代孙。,
孔毓先,孔,毓,男,61,1498-01-01,1571-01-01,是,荷泽,工部侍郎,,,,,,孔毓先，孔子第61代孙。,
孔毓光,孔,毓,男,61,1503-01-01,1574-01-01,是,曹州,礼部尚书,,,,,,孔毓光，孔子第61代孙。,
黄娘,孔,毓,女,61,1497-01-01,1563-01-01,是,定陶,知州,,,,,,黄娘，孔子第61代孙。,
孔毓克,孔,毓,男,61,1500-01-01,1583-01-01,是,单县,知县,,,,,,孔毓克，孔子第61代孙。,
吴氏,孔,毓,女,61,1499-01-01,1581-01-01,是,成武,举人,,,,,,吴氏，孔子第61代孙。,
徐娘,孔,毓,女,61,1502-01-01,1584-01-01,是,巨野,进士,,,,,,徐娘，孔子第61代孙。,
孔毓兎,孔,毓,男,61,1497-01-01,1568-01-01,是,郓城,太学生,,,,,,孔毓兎，孔子第61代孙。,
孔毓兏,孔,毓,男,61,1501-01-01,1568-01-01,是,鄄城,县丞,,,,,,孔毓兏，孔子第61代孙。,
孔毓児,孔,毓,男,61,1499-01-01,1571-01-01,是,曲阜,主簿,,,,,,孔毓児，孔子第61代孙。,
孔毓兑,孔,毓,男,61,1503-01-01,1568-01-01,是,滋阳,训导,,,,,,孔毓兑，孔子第61代孙。,
林氏,孔,毓,女,61,1504-01-01,1577-01-01,是,济宁,教谕,,,,,,林氏，孔子第61代孙。,
何娘,孔,毓,女,61,1500-01-01,1562-01-01,是,邹县,商人,,,,,,何娘，孔子第61代孙。,
孔毓兔,孔,毓,男,61,1504-01-01,1568-01-01,是,滕县,官员,,,,,,孔毓兔，孔子第61代孙。,
马氏,孔,毓,女,61,1502-01-01,1576-01-01,是,峄县,学者,,,,,,马氏，孔子第61代孙。,
孔毓兖,孔,毓,男,61,1500-01-01,1574-01-01,是,金乡,大夫,,,,,,孔毓兖，孔子第61代孙。,
孔毓兗,孔,毓,男,61,1497-01-01,1562-01-01,是,鱼台,士,,,,,,孔毓兗，孔子第61代孙。,
李氏,孔,毓,女,61,1504-01-01,1578-01-01,是,嘉祥,农,,,,,,李氏，孔子第61代孙。,
刘娘,孔,毓,女,61,1504-01-01,1567-01-01,是,汶上,商,,,,,,刘娘，孔子第61代孙。,
陈姑,孔,毓,女,61,1502-01-01,1586-01-01,是,泗水,儒,,,,,,陈姑，孔子第61代孙。,
孔毓兛,孔,毓,男,61,1503-01-01,1565-01-01,是,宁阳,工部侍郎,,,,,,孔毓兛，孔子第61代孙。,
赵娘,孔,毓,女,61,1500-01-01,1570-01-01,是,兖州,礼部尚书,,,,,,赵娘，孔子第61代孙。,
孔毓兝,孔,毓,男,61,1499-01-01,1574-01-01,是,东平,知州,,,,,,孔毓兝，孔子第61代孙。,
周氏,孔,毓,女,61,1497-01-01,1572-01-01,是,寿张,知县,,,,,,周氏，孔子第61代孙。,
孔毓兟,孔,毓,男,61,1502-01-01,1575-01-01,是,范县,举人,,,,,,孔毓兟，孔子第61代孙。,
徐姑,孔,毓,女,61,1499-01-01,1562-01-01,是,濮州,进士,,,,,,徐姑，孔子第61代孙。,
孙氏,孔,毓,女,61,1501-01-01,1571-01-01,是,开州,太学生,,,,,,孙氏，孔子第61代孙。,
孔毓兢,孔,毓,男,61,1499-01-01,1561-01-01,是,长垣,县丞,,,,,,孔毓兢，孔子第61代孙。,
朱姑,孔,毓,女,61,1500-01-01,1578-01-01,是,东明,主簿,,,,,,朱姑，孔子第61代孙。,
孔毓兤,孔,毓,男,61,1502-01-01,1569-01-01,是,荷泽,训导,,,,,,孔毓兤，孔子第61代孙。,
孔毓入,孔,毓,男,61,1499-01-01,1561-01-01,是,曹州,教谕,,,,,,孔毓入，孔子第61代孙。,
孔毓兦,孔,毓,男,61,1499-01-01,1579-01-01,是,定陶,商人,,,,,,孔毓兦，孔子第61代孙。,
孔毓內,孔,毓,男,61,1504-01-01,1583-01-01,是,单县,官员,,,,,,孔毓內，孔子第61代孙。,
孔毓全,孔,毓,男,61,1501-01-01,1567-01-01,是,成武,学者,,,,,,孔毓全，孔子第61代孙。,
孔毓兩,孔,毓,男,61,1499-01-01,1580-01-01,是,巨野,大夫,,,,,,孔毓兩，孔子第61代孙。,
孔毓兪,孔,毓,男,61,1499-01-01,1576-01-01,是,郓城,士,,,,,,孔毓兪，孔子第61代孙。,
孔毓八,孔,毓,男,61,1504-01-01,1587-01-01,是,鄄城,农,,,,,,孔毓八，孔子第61代孙。,
孔毓公,孔,毓,男,61,1499-01-01,1568-01-01,是,曲阜,商,,,,,,孔毓公，孔子第61代孙。,
孔毓六,孔,毓,男,61,1499-01-01,1573-01-01,是,滋阳,儒,,,,,,孔毓六，孔子第61代孙。,
孔毓兮,孔,毓,男,61,1497-01-01,1560-01-01,是,济宁,工部侍郎,,,,,,孔毓兮，孔子第61代孙。,
孔毓兯,孔,毓,男,61,1501-01-01,1572-01-01,是,邹县,礼部尚书,,,,,,孔毓兯，孔子第61代孙。,
黄氏,孔,毓,女,61,1503-01-01,1587-01-01,是,滕县,知州,,,,,,黄氏，孔子第61代孙。,
孔毓共,孔,毓,男,61,1502-01-01,1581-01-01,是,峄县,知县,,,,,,孔毓共，孔子第61代孙。,
吴姑,孔,毓,女,61,1504-01-01,1582-01-01,是,金乡,举人,,,,,,吴姑，孔子第61代孙。,
孔毓关,孔,毓,男,61,1500-01-01,1582-01-01,是,鱼台,进士,,,,,,孔毓关，孔子第61代孙。,
孙娘,孔,毓,女,61,1500-01-01,1564-01-01,是,嘉祥,太学生,,,,,,孙娘，孔子第61代孙。,
胡姑,孔,毓,女,61,1497-01-01,1574-01-01,是,汶上,县丞,,,,,,胡姑，孔子第61代孙。,
孔毓其,孔,毓,男,61,1497-01-01,1564-01-01,是,泗水,主簿,,,,,,孔毓其，孔子第61代孙。,
高娘,孔,毓,女,61,1503-01-01,1563-01-01,是,宁阳,训导,,,,,,高娘，孔子第61代孙。,
林姑,孔,毓,女,61,1497-01-01,1576-01-01,是,兖州,教谕,,,,,,林姑，孔子第61代孙。,
何氏,孔,毓,女,61,1503-01-01,1563-01-01,是,东平,商人,,,,,,何氏，孔子第61代孙。,
孔毓兺,孔,毓,男,61,1502-01-01,1567-01-01,是,寿张,官员,,,,,,孔毓兺，孔子第61代孙。,
马姑,孔,毓,女,61,1501-01-01,1572-01-01,是,范县,学者,,,,,,马姑，孔子第61代孙。,
孔毓兼,孔,毓,男,61,1502-01-01,1574-01-01,是,濮州,大夫,,,,,,孔毓兼，孔子第61代孙。,
孔毓兽,孔,毓,男,61,1499-01-01,1569-01-01,是,开州,士,,,,,,孔毓兽，孔子第61代孙。,
孔毓兾,孔,毓,男,61,1500-01-01,1568-01-01,是,长垣,农,,,,,,孔毓兾，孔子第61代孙。,
孔毓兿,孔,毓,男,61,1497-01-01,1572-01-01,是,东明,商,,,,,,孔毓兿，孔子第61代孙。,
孔毓冀,孔,毓,男,61,1499-01-01,1572-01-01,是,荷泽,儒,,,,,,孔毓冀，孔子第61代孙。,
孔毓冁,孔,毓,男,61,1503-01-01,1576-01-01,是,曹州,工部侍郎,,,,,,孔毓冁，孔子第61代孙。,
孔毓冂,孔,毓,男,61,1502-01-01,1585-01-01,是,定陶,礼部尚书,,,,,,孔毓冂，孔子第61代孙。,
孔毓冃,孔,毓,男,61,1503-01-01,1568-01-01,是,单县,知州,,,,,,孔毓冃，孔子第61代孙。,
周姑,孔,毓,女,61,1502-01-01,1577-01-01,是,成武,知县,,,,,,周姑，孔子第61代孙。,
孔毓内,孔,毓,男,61,1498-01-01,1573-01-01,是,巨野,举人,,,,,,孔毓内，孔子第61代孙。,
徐娘,孔,毓,女,61,1501-01-01,1582-01-01,是,郓城,进士,,,,,,徐娘，孔子第61代孙。,
孔毓冇,孔,毓,男,61,1498-01-01,1558-01-01,是,鄄城,太学生,,,,,,孔毓冇，孔子第61代孙。,
孔毓冈,孔,毓,男,61,1498-01-01,1565-01-01,是,曲阜,县丞,,,,,,孔毓冈，孔子第61代孙。,
孔毓冉,孔,毓,男,61,1502-01-01,1581-01-01,是,滋阳,主簿,,,,,,孔毓冉，孔子第61代孙。,
孔毓冊,孔,毓,男,61,1499-01-01,1577-01-01,是,济宁,训导,,,,,,孔毓冊，孔子第61代孙。,
孔毓冋,孔,毓,男,61,1498-01-01,1574-01-01,是,邹县,教谕,,,,,,孔毓冋，孔子第61代孙。,
孔毓册,孔,毓,男,61,1498-01-01,1559-01-01,是,滕县,商人,,,,,,孔毓册，孔子第61代孙。,
孔毓再,孔,毓,男,61,1498-01-01,1564-01-01,是,峄县,官员,,,,,,孔毓再，孔子第61代孙。,
孔毓冎,孔,毓,男,61,1504-01-01,1581-01-01,是,金乡,学者,,,,,,孔毓冎，孔子第61代孙。,
张娘,孔,毓,女,61,1499-01-01,1571-01-01,是,鱼台,大夫,,,,,,张娘，孔子第61代孙。,
王姑,孔,毓,女,61,1497-01-01,1567-01-01,是,嘉祥,士,,,,,,王姑，孔子第61代孙。,
孔毓冑,孔,毓,男,61,1504-01-01,1581-01-01,是,汶上,农,,,,,,孔毓冑，孔子第61代孙。,
刘娘,孔,毓,女,61,1501-01-01,1573-01-01,是,泗水,商,,,,,,刘娘，孔子第61代孙。,
陈姑,孔,毓,女,61,1502-01-01,1577-01-01,是,宁阳,儒,,,,,,陈姑，孔子第61代孙。,
杨氏,孔,毓,女,61,1497-01-01,1564-01-01,是,兖州,工部侍郎,,,,,,杨氏，孔子第61代孙。,
赵娘,孔,毓,女,61,1502-01-01,1577-01-01,是,东平,礼部尚书,,,,,,赵娘，孔子第61代孙。,
黄姑,孔,毓,女,61,1499-01-01,1579-01-01,是,寿张,知州,,,,,,黄姑，孔子第61代孙。,
孔毓冗,孔,毓,男,61,1504-01-01,1568-01-01,是,范县,知县,,,,,,孔毓冗，孔子第61代孙。,
吴娘,孔,毓,女,61,1500-01-01,1573-01-01,是,濮州,举人,,,,,,吴娘，孔子第61代孙。,
徐姑,孔,毓,女,61,1500-01-01,1583-01-01,是,开州,进士,,,,,,徐姑，孔子第61代孙。,
孙氏,孔,毓,女,61,1502-01-01,1574-01-01,是,长垣,太学生,,,,,,孙氏，孔子第61代孙。,
胡娘,孔,毓,女,61,1504-01-01,1564-01-01,是,东明,县丞,,,,,,胡娘，孔子第61代孙。,
孔毓农,孔,毓,男,61,1500-01-01,1582-01-01,是,荷泽,主簿,,,,,,孔毓农，孔子第61代孙。,
孔毓冝,孔,毓,男,61,1497-01-01,1577-01-01,是,曹州,训导,,,,,,孔毓冝，孔子第61代孙。,
林娘,孔,毓,女,61,1502-01-01,1563-01-01,是,定陶,教谕,,,,,,林娘，孔子第61代孙。,
孔毓冟,孔,毓,男,61,1500-01-01,1569-01-01,是,单县,商人,,,,,,孔毓冟，孔子第61代孙。,
孔毓冠,孔,毓,男,61,1497-01-01,1571-01-01,是,成武,官员,,,,,,孔毓冠，孔子第61代孙。,
马娘,孔,毓,女,61,1503-01-01,1571-01-01,是,巨野,学者,,,,,,马娘，孔子第61代孙。,
孔毓冢,孔,毓,男,61,1498-01-01,1563-01-01,是,郓城,大夫,,,,,,孔毓冢，孔子第61代孙。,
孔毓冣,孔,毓,男,61,1501-01-01,1572-01-01,是,鄄城,士,,,,,,孔毓冣，孔子第61代孙。,
李娘,孔,毓,女,61,1503-01-01,1580-01-01,是,曲阜,农,,,,,,李娘，孔子第61代孙。,
孔毓冥,孔,毓,男,61,1500-01-01,1564-01-01,是,滋阳,商,,,,,,孔毓冥，孔子第61代孙。,
孔毓冦,孔,毓,男,61,1500-01-01,1578-01-01,是,济宁,儒,,,,,,孔毓冦，孔子第61代孙。,
孔毓冧,孔,毓,男,61,1499-01-01,1578-01-01,是,邹县,工部侍郎,,,,,,孔毓冧，孔子第61代孙。,
孔毓冨,孔,毓,男,61,1501-01-01,1570-01-01,是,滕县,礼部尚书,,,,,,孔毓冨，孔子第61代孙。,
孔毓冩,孔,毓,男,61,1504-01-01,1573-01-01,是,峄县,知州,,,,,,孔毓冩，孔子第61代孙。,
周娘,孔,毓,女,61,1501-01-01,1577-01-01,是,金乡,知县,,,,,,周娘，孔子第61代孙。,
孔毓冫,孔,毓,男,61,1502-01-01,1574-01-01,是,鱼台,举人,,,,,,孔毓冫，孔子第61代孙。,
孔毓冬,孔,毓,男,61,1497-01-01,1577-01-01,是,嘉祥,进士,,,,,,孔毓冬，孔子第61代孙。,
孔毓冭,孔,毓,男,61,1502-01-01,1568-01-01,是,汶上,太学生,,,,,,孔毓冭，孔子第61代孙。,
孔毓冮,孔,毓,男,61,1497-01-01,1566-01-01,是,泗水,县丞,,,,,,孔毓冮，孔子第61代孙。,
孔毓冯,孔,毓,男,61,1500-01-01,1567-01-01,是,宁阳,主簿,,,,,,孔毓冯，孔子第61代孙。,
孔毓冰,孔,毓,男,61,1502-01-01,1566-01-01,是,兖州,训导,,,,,,孔毓冰，孔子第61代孙。,
林姑,孔,毓,女,61,1500-01-01,1561-01-01,是,东平,教谕,,,,,,林姑，孔子第61代孙。,
何氏,孔,毓,女,61,1499-01-01,1574-01-01,是,寿张,商人,,,,,,何氏，孔子第61代孙。,
孔毓决,孔,毓,男,61,1498-01-01,1581-01-01,是,范县,官员,,,,,,孔毓决，孔子第61代孙。,
孔毓冴,孔,毓,男,61,1503-01-01,1581-01-01,是,濮州,学者,,,,,,孔毓冴，孔子第61代孙。,
孔毓况,孔,毓,男,61,1504-01-01,1567-01-01,是,开州,大夫,,,,,,孔毓况，孔子第61代孙。,
孔毓冶,孔,毓,男,61,1498-01-01,1564-01-01,是,长垣,士,,,,,,孔毓冶，孔子第61代孙。,
李姑,孔,毓,女,61,1500-01-01,1579-01-01,是,东明,农,,,,,,李姑，孔子第61代孙。,
刘氏,孔,毓,女,61,1498-01-01,1578-01-01,是,荷泽,商,,,,,,刘氏，孔子第61代孙。,
陈娘,孔,毓,女,61,1500-01-01,1570-01-01,是,曹州,儒,,,,,,陈娘，孔子第61代孙。,
杨姑,孔,毓,女,61,1502-01-01,1585-01-01,是,定陶,工部侍郎,,,,,,杨姑，孔子第61代孙。,
孔毓冻,孔,毓,男,61,1502-01-01,1584-01-01,是,单县,礼部尚书,,,,,,孔毓冻，孔子第61代孙。,
黄娘,孔,毓,女,61,1497-01-01,1561-01-01,是,成武,知州,,,,,,黄娘，孔子第61代孙。,
孔毓冽,孔,毓,男,61,1499-01-01,1577-01-01,是,巨野,知县,,,,,,孔毓冽，孔子第61代孙。,
孔毓冾,孔,毓,男,61,1499-01-01,1570-01-01,是,郓城,举人,,,,,,孔毓冾，孔子第61代孙。,
徐娘,孔,毓,女,61,1502-01-01,1570-01-01,是,鄄城,进士,,,,,,徐娘，孔子第61代孙。,
孔毓净,孔,毓,男,61,1498-01-01,1562-01-01,是,曲阜,太学生,,,,,,孔毓净，孔子第61代孙。,
孔毓凁,孔,毓,男,61,1502-01-01,1585-01-01,是,滋阳,县丞,,,,,,孔毓凁，孔子第61代孙。,
孔毓凂,孔,毓,男,61,1501-01-01,1571-01-01,是,济宁,主簿,,,,,,孔毓凂，孔子第61代孙。,
高姑,孔,毓,女,61,1502-01-01,1573-01-01,是,邹县,训导,,,,,,高姑，孔子第61代孙。,
孔毓凄,孔,毓,男,61,1502-01-01,1567-01-01,是,滕县,教谕,,,,,,孔毓凄，孔子第61代孙。,
何娘,孔,毓,女,61,1502-01-01,1586-01-01,是,峄县,商人,,,,,,何娘，孔子第61代孙。,
郭姑,孔,毓,女,61,1498-01-01,1573-01-01,是,金乡,官员,,,,,,郭姑，孔子第61代孙。,
孔毓凇,孔,毓,男,61,1504-01-01,1573-01-01,是,鱼台,学者,,,,,,孔毓凇，孔子第61代孙。,
张娘,孔,毓,女,61,1504-01-01,1565-01-01,是,嘉祥,大夫,,,,,,张娘，孔子第61代孙。,
王姑,孔,毓,女,61,1504-01-01,1579-01-01,是,汶上,士,,,,,,王姑，孔子第61代孙。,
孔毓凊,孔,毓,男,61,1498-01-01,1575-01-01,是,泗水,农,,,,,,孔毓凊，孔子第61代孙。,
孔毓凋,孔,毓,男,61,1502-01-01,1578-01-01,是,宁阳,商,,,,,,孔毓凋，孔子第61代孙。,
孔毓凌,孔,毓,男,61,1504-01-01,1575-01-01,是,兖州,儒,,,,,,孔毓凌，孔子第61代孙。,
孔毓凍,孔,毓,男,61,1501-01-01,1584-01-01,是,东平,工部侍郎,,,,,,孔毓凍，孔子第61代孙。,
孔毓凎,孔,毓,男,61,1498-01-01,1573-01-01,是,寿张,礼部尚书,,,,,,孔毓凎，孔子第61代孙。,
孔毓减,孔,毓,男,61,1504-01-01,1567-01-01,是,范县,知州,,,,,,孔毓减，孔子第61代孙。,
孔毓凐,孔,毓,男,61,1504-01-01,1571-01-01,是,濮州,知县,,,,,,孔毓凐，孔子第61代孙。,
吴娘,孔,毓,女,61,1498-01-01,1571-01-01,是,开州,举人,,,,,,吴娘，孔子第61代孙。,
孔毓凒,孔,毓,男,61,1498-01-01,1574-01-01,是,长垣,进士,,,,,,孔毓凒，孔子第61代孙。,
孙氏,孔,毓,女,61,1498-01-01,1576-01-01,是,东明,太学生,,,,,,孙氏，孔子第61代孙。,
胡娘,孔,毓,女,61,1501-01-01,1579-01-01,是,荷泽,县丞,,,,,,胡娘，孔子第61代孙。,
孔毓凕,孔,毓,男,61,1502-01-01,1570-01-01,是,曹州,主簿,,,,,,孔毓凕，孔子第61代孙。,
高氏,孔,毓,女,61,1504-01-01,1584-01-01,是,定陶,训导,,,,,,高氏，孔子第61代孙。,
林娘,孔,毓,女,61,1499-01-01,1559-01-01,是,单县,教谕,,,,,,林娘，孔子第61代孙。,
何姑,孔,毓,女,61,1499-01-01,1579-01-01,是,成武,商人,,,,,,何姑，孔子第61代孙。,
孔毓凙,孔,毓,男,61,1498-01-01,1567-01-01,是,巨野,官员,,,,,,孔毓凙，孔子第61代孙。,
马娘,孔,毓,女,61,1498-01-01,1575-01-01,是,郓城,学者,,,,,,马娘，孔子第61代孙。,
张姑,孔,毓,女,61,1497-01-01,1572-01-01,是,鄄城,大夫,,,,,,张姑，孔子第61代孙。,
孔毓凜,孔,毓,男,61,1499-01-01,1577-01-01,是,曲阜,士,,,,,,孔毓凜，孔子第61代孙。,
孔毓凝,孔,毓,男,61,1503-01-01,1578-01-01,是,滋阳,农,,,,,,孔毓凝，孔子第61代孙。,
刘姑,孔,毓,女,61,1502-01-01,1570-01-01,是,济宁,商,,,,,,刘姑，孔子第61代孙。,
陈氏,孔,毓,女,61,1500-01-01,1570-01-01,是,邹县,儒,,,,,,陈氏，孔子第61代孙。,
孔毓几,孔,毓,男,61,1498-01-01,1558-01-01,是,滕县,工部侍郎,,,,,,孔毓几，孔子第61代孙。,
赵姑,孔,毓,女,61,1499-01-01,1568-01-01,是,峄县,礼部尚书,,,,,,赵姑，孔子第61代孙。,
孔毓凢,孔,毓,男,61,1503-01-01,1578-01-01,是,金乡,知州,,,,,,孔毓凢，孔子第61代孙。,
孔毓凣,孔,毓,男,61,1498-01-01,1580-01-01,是,鱼台,知县,,,,,,孔毓凣，孔子第61代孙。,
孔毓凤,孔,毓,男,61,1498-01-01,1561-01-01,是,嘉祥,举人,,,,,,孔毓凤，孔子第61代孙。,
孔毓凥,孔,毓,男,61,1498-01-01,1576-01-01,是,汶上,进士,,,,,,孔毓凥，孔子第61代孙。,
孔毓処,孔,毓,男,61,1497-01-01,1562-01-01,是,泗水,太学生,,,,,,孔毓処，孔子第61代孙。,
胡姑,孔,毓,女,61,1500-01-01,1576-01-01,是,宁阳,县丞,,,,,,胡姑，孔子第61代孙。,
孔毓一,孔,毓,男,61,1503-01-01,1582-01-01,是,兖州,主簿,,,,,,孔毓一，孔子第61代孙。,
孔毓丁,孔,毓,男,61,1503-01-01,1586-01-01,是,东平,训导,,,,,,孔毓丁，孔子第61代孙。,
孔毓丂,孔,毓,男,61,1501-01-01,1579-01-01,是,寿张,教谕,,,,,,孔毓丂，孔子第61代孙。,
孔毓七,孔,毓,男,61,1499-01-01,1575-01-01,是,范县,商人,,,,,,孔毓七，孔子第61代孙。,
孔毓丄,孔,毓,男,61,1497-01-01,1558-01-01,是,濮州,官员,,,,,,孔毓丄，孔子第61代孙。,
孔毓丅,孔,毓,男,61,1500-01-01,1562-01-01,是,开州,学者,,,,,,孔毓丅，孔子第61代孙。,
张氏,孔,毓,女,61,1499-01-01,1572-01-01,是,长垣,大夫,,,,,,张氏，孔子第61代孙。,
孔毓万,孔,毓,男,61,1503-01-01,1568-01-01,是,东明,士,,,,,,孔毓万，孔子第61代孙。,
李姑,孔,毓,女,61,1501-01-01,1585-01-01,是,荷泽,农,,,,,,李姑，孔子第61代孙。,
孔毓三,孔,毓,男,61,1501-01-01,1580-01-01,是,曹州,商,,,,,,孔毓三，孔子第61代孙。,
孔毓上,孔,毓,男,61,1504-01-01,1578-01-01,是,定陶,儒,,,,,,孔毓上，孔子第61代孙。,
杨姑,孔,毓,女,61,1501-01-01,1585-01-01,是,单县,工部侍郎,,,,,,杨姑，孔子第61代孙。,
孔毓丌,孔,毓,男,61,1501-01-01,1573-01-01,是,成武,礼部尚书,,,,,,孔毓丌，孔子第61代孙。,
黄娘,孔,毓,女,61,1503-01-01,1577-01-01,是,巨野,知州,,,,,,黄娘，孔子第61代孙。,
周姑,孔,毓,女,61,1498-01-01,1567-01-01,是,郓城,知县,,,,,,周姑，孔子第61代孙。,
孔毓丏,孔,毓,男,61,1497-01-01,1558-01-01,是,鄄城,举人,,,,,,孔毓丏，孔子第61代孙。,
徐娘,孔,毓,女,61,1500-01-01,1572-01-01,是,曲阜,进士,,,,,,徐娘，孔子第61代孙。,
孔毓丑,孔,毓,男,61,1504-01-01,1581-01-01,是,滋阳,太学生,,,,,,孔毓丑，孔子第61代孙。,
胡氏,孔,毓,女,61,1498-01-01,1576-01-01,是,济宁,县丞,,,,,,胡氏，孔子第61代孙。,
孔毓专,孔,毓,男,61,1503-01-01,1580-01-01,是,邹县,主簿,,,,,,孔毓专，孔子第61代孙。,
孔毓且,孔,毓,男,61,1504-01-01,1564-01-01,是,滕县,训导,,,,,,孔毓且，孔子第61代孙。,
孔毓丕,孔,毓,男,61,1501-01-01,1581-01-01,是,峄县,教谕,,,,,,孔毓丕，孔子第61代孙。,
孔毓世,孔,毓,男,61,1497-01-01,1564-01-01,是,金乡,商人,,,,,,孔毓世，孔子第61代孙。,
郭姑,孔,毓,女,61,1500-01-01,1580-01-01,是,鱼台,官员,,,,,,郭姑，孔子第61代孙。,
孔毓丘,孔,毓,男,61,1504-01-01,1584-01-01,是,嘉祥,学者,,,,,,孔毓丘，孔子第61代孙。,
孔毓丙,孔,毓,男,61,1504-01-01,1580-01-01,是,汶上,大夫,,,,,,孔毓丙，孔子第61代孙。,
孔毓业,孔,毓,男,61,1499-01-01,1569-01-01,是,泗水,士,,,,,,孔毓业，孔子第61代孙。,
孔毓丛,孔,毓,男,61,1497-01-01,1563-01-01,是,宁阳,农,,,,,,孔毓丛，孔子第61代孙。,
孔毓东,孔,毓,男,61,1498-01-01,1565-01-01,是,兖州,商,,,,,,孔毓东，孔子第61代孙。,
陈姑,孔,毓,女,61,1499-01-01,1568-01-01,是,东平,儒,,,,,,陈姑，孔子第61代孙。,
杨氏,孔,毓,女,61,1504-01-01,1567-01-01,是,寿张,工部侍郎,,,,,,杨氏，孔子第61代孙。,
孔毓丟,孔,毓,男,61,1501-01-01,1571-01-01,是,范县,礼部尚书,,,,,,孔毓丟，孔子第61代孙。,
孔毓丠,孔,毓,男,61,1498-01-01,1581-01-01,是,濮州,知州,,,,,,孔毓丠，孔子第61代孙。,
孔毓両,孔,毓,男,61,1500-01-01,1561-01-01,是,开州,知县,,,,,,孔毓両，孔子第61代孙。,
孔毓丢,孔,毓,男,61,1501-01-01,1566-01-01,是,长垣,举人,,,,,,孔毓丢，孔子第61代孙。,
孔毓丣,孔,毓,男,61,1500-01-01,1569-01-01,是,东明,进士,,,,,,孔毓丣，孔子第61代孙。,
孙氏,孔,毓,女,61,1504-01-01,1587-01-01,是,荷泽,太学生,,,,,,孙氏，孔子第61代孙。,
孔毓严,孔,毓,男,61,1501-01-01,1573-01-01,是,曹州,县丞,,,,,,孔毓严，孔子第61代孙。,
孔毓並,孔,毓,男,61,1504-01-01,1575-01-01,是,定陶,主簿,,,,,,孔毓並，孔子第61代孙。,
高氏,孔,毓,女,61,1497-01-01,1569-01-01,是,单县,训导,,,,,,高氏，孔子第61代孙。,
林娘,孔,毓,女,61,1503-01-01,1583-01-01,是,成武,教谕,,,,,,林娘，孔子第61代孙。,
何姑,孔,毓,女,61,1503-01-01,1584-01-01,是,巨野,商人,,,,,,何姑，孔子第61代孙。,
孔毓个,孔,毓,男,61,1498-01-01,1571-01-01,是,郓城,官员,,,,,,孔毓个，孔子第61代孙。,
孔毓丫,孔,毓,男,61,1502-01-01,1569-01-01,是,鄄城,学者,,,,,,孔毓丫，孔子第61代孙。,
张姑,孔,毓,女,61,1500-01-01,1564-01-01,是,曲阜,大夫,,,,,,张姑，孔子第61代孙。,
孔毓中,孔,毓,男,61,1499-01-01,1574-01-01,是,滋阳,士,,,,,,孔毓中，孔子第61代孙。,
李娘,孔,毓,女,61,1500-01-01,1567-01-01,是,济宁,农,,,,,,李娘，孔子第61代孙。,
孔毓丯,孔,毓,男,61,1497-01-01,1565-01-01,是,邹县,商,,,,,,孔毓丯，孔子第61代孙。,
孔毓丰,孔,毓,男,61,1503-01-01,1567-01-01,是,滕县,儒,,,,,,孔毓丰，孔子第61代孙。,
孔毓丱,孔,毓,男,61,1503-01-01,1566-01-01,是,峄县,工部侍郎,,,,,,孔毓丱，孔子第61代孙。,
赵姑,孔,毓,女,61,1497-01-01,1566-01-01,是,金乡,礼部尚书,,,,,,赵姑，孔子第61代孙。,
黄氏,孔,毓,女,61,1502-01-01,1586-01-01,是,鱼台,知州,,,,,,黄氏，孔子第61代孙。,
孔毓临,孔,毓,男,61,1504-01-01,1571-01-01,是,嘉祥,知县,,,,,,孔毓临，孔子第61代孙。,
孔毓丵,孔,毓,男,61,1498-01-01,1579-01-01,是,汶上,举人,,,,,,孔毓丵，孔子第61代孙。,
孔毓丶,孔,毓,男,61,1499-01-01,1564-01-01,是,泗水,进士,,,,,,孔毓丶，孔子第61代孙。,
孔毓丷,孔,毓,男,61,1498-01-01,1562-01-01,是,宁阳,太学生,,,,,,孔毓丷，孔子第61代孙。,
胡姑,孔,毓,女,61,1504-01-01,1569-01-01,是,兖州,县丞,,,,,,胡姑，孔子第61代孙。,
孔毓丹,孔,毓,男,61,1503-01-01,1584-01-01,是,东平,主簿,,,,,,孔毓丹，孔子第61代孙。,
高娘,孔,毓,女,61,1498-01-01,1559-01-01,是,寿张,训导,,,,,,高娘，孔子第61代孙。,
孔毓主,孔,毓,男,61,1501-01-01,1575-01-01,是,范县,教谕,,,,,,孔毓主，孔子第61代孙。,
孔毓丼,孔,毓,男,61,1497-01-01,1577-01-01,是,濮州,商人,,,,,,孔毓丼，孔子第61代孙。,
郭娘,孔,毓,女,61,1498-01-01,1566-01-01,是,开州,官员,,,,,,郭娘，孔子第61代孙。,
孔毓举,孔,毓,男,61,1502-01-01,1578-01-01,是,长垣,学者,,,,,,孔毓举，孔子第61代孙。,
孔毓丿,孔,毓,男,61,1502-01-01,1583-01-01,是,东明,大夫,,,,,,孔毓丿，孔子第61代孙。,
孔毓乀,孔,毓,男,61,1502-01-01,1563-01-01,是,荷泽,士,,,,,,孔毓乀，孔子第61代孙。,
李姑,孔,毓,女,61,1497-01-01,1580-01-01,是,曹州,农,,,,,,李姑，孔子第61代孙。,
孔毓乂,孔,毓,男,61,1498-01-01,1559-01-01,是,定陶,商,,,,,,孔毓乂，孔子第61代孙。,
孔毓乃,孔,毓,男,61,1504-01-01,1579-01-01,是,单县,儒,,,,,,孔毓乃，孔子第61代孙。,
孔毓乄,孔,毓,男,61,1499-01-01,1561-01-01,是,成武,工部侍郎,,,,,,孔毓乄，孔子第61代孙。,
赵氏,孔,毓,女,61,1498-01-01,1563-01-01,是,巨野,礼部尚书,,,,,,赵氏，孔子第61代孙。,
孔毓乆,孔,毓,男,61,1501-01-01,1567-01-01,是,郓城,知州,,,,,,孔毓乆，孔子第61代孙。,
孔毓乇,孔,毓,男,61,1498-01-01,1569-01-01,是,鄄城,知县,,,,,,孔毓乇，孔子第61代孙。,
孔毓么,孔,毓,男,61,1500-01-01,1560-01-01,是,曲阜,举人,,,,,,孔毓么，孔子第61代孙。,
徐娘,孔,毓,女,61,1498-01-01,1565-01-01,是,滋阳,进士,,,,,,徐娘，孔子第61代孙。,
孙姑,孔,毓,女,61,1498-01-01,1568-01-01,是,济宁,太学生,,,,,,孙姑，孔子第61代孙。,
孔毓之,孔,毓,男,61,1501-01-01,1580-01-01,是,邹县,县丞,,,,,,孔毓之，孔子第61代孙。,
朱娘,孔,毓,女,61,1502-01-01,1586-01-01,是,滕县,主簿,,,,,,朱娘，孔子第61代孙。,
孔毓乍,孔,毓,男,61,1498-01-01,1573-01-01,是,峄县,训导,,,,,,孔毓乍，孔子第61代孙。,
孔毓乎,孔,毓,男,61,1503-01-01,1565-01-01,是,金乡,教谕,,,,,,孔毓乎，孔子第61代孙。,
何娘,孔,毓,女,61,1500-01-01,1561-01-01,是,鱼台,商人,,,,,,何娘，孔子第61代孙。,
孔毓乐,孔,毓,男,61,1502-01-01,1585-01-01,是,嘉祥,官员,,,,,,孔毓乐，孔子第61代孙。,
孔毓乑,孔,毓,男,61,1497-01-01,1579-01-01,是,汶上,学者,,,,,,孔毓乑，孔子第61代孙。,
张娘,孔,毓,女,61,1498-01-01,1572-01-01,是,泗水,大夫,,,,,,张娘，孔子第61代孙。,
孔毓乓,孔,毓,男,61,1501-01-01,1564-01-01,是,宁阳,士,,,,,,孔毓乓，孔子第61代孙。,
孔毓乔,孔,毓,男,61,1504-01-01,1578-01-01,是,兖州,农,,,,,,孔毓乔，孔子第61代孙。,
刘娘,孔,毓,女,61,1502-01-01,1586-01-01,是,东平,商,,,,,,刘娘，孔子第61代孙。,
孔毓乖,孔,毓,男,61,1504-01-01,1573-01-01,是,寿张,儒,,,,,,孔毓乖，孔子第61代孙。,
杨氏,孔,毓,女,61,1499-01-01,1582-01-01,是,范县,工部侍郎,,,,,,杨氏，孔子第61代孙。,
孔毓乘,孔,毓,男,61,1498-01-01,1558-01-01,是,濮州,礼部尚书,,,,,,孔毓乘，孔子第61代孙。,
孔毓乙,孔,毓,男,61,1497-01-01,1578-01-01,是,开州,知州,,,,,,孔毓乙，孔子第61代孙。,
孔毓乚,孔,毓,男,61,1502-01-01,1576-01-01,是,长垣,知县,,,,,,孔毓乚，孔子第61代孙。,
吴娘,孔,毓,女,61,1502-01-01,1565-01-01,是,东明,举人,,,,,,吴娘，孔子第61代孙。,
徐姑,孔,毓,女,61,1498-01-01,1572-01-01,是,荷泽,进士,,,,,,徐姑，孔子第61代孙。,
孔毓九,孔,毓,男,61,1501-01-01,1566-01-01,是,曹州,太学生,,,,,,孔毓九，孔子第61代孙。,
胡娘,孔,毓,女,61,1501-01-01,1578-01-01,是,定陶,县丞,,,,,,胡娘，孔子第61代孙。,
孔毓也,孔,毓,男,61,1500-01-01,1572-01-01,是,单县,主簿,,,,,,孔毓也，孔子第61代孙。,
孔毓习,孔,毓,男,61,1503-01-01,1568-01-01,是,成武,训导,,,,,,孔毓习，孔子第61代孙。,
孔毓乡,孔,毓,男,61,1503-01-01,1567-01-01,是,巨野,教谕,,,,,,孔毓乡，孔子第61代孙。,
孔毓乢,孔,毓,男,61,1502-01-01,1578-01-01,是,郓城,商人,,,,,,孔毓乢，孔子第61代孙。,
郭氏,孔,毓,女,61,1498-01-01,1582-01-01,是,鄄城,官员,,,,,,郭氏，孔子第61代孙。,
孔毓乤,孔,毓,男,61,1499-01-01,1572-01-01,是,曲阜,学者,,,,,,孔毓乤，孔子第61代孙。,
孔毓乥,孔,毓,男,61,1500-01-01,1580-01-01,是,滋阳,大夫,,,,,,孔毓乥，孔子第61代孙。,
孔毓书,孔,毓,男,61,1499-01-01,1578-01-01,是,济宁,士,,,,,,孔毓书，孔子第61代孙。,
李娘,孔,毓,女,61,1499-01-01,1564-01-01,是,邹县,农,,,,,,李娘，孔子第61代孙。,
孔毓乨,孔,毓,男,61,1497-01-01,1573-01-01,是,滕县,商,,,,,,孔毓乨，孔子第61代孙。,
陈氏,孔,毓,女,61,1500-01-01,1578-01-01,是,峄县,儒,,,,,,陈氏，孔子第61代孙。,
孔毓乪,孔,毓,男,61,1502-01-01,1573-01-01,是,金乡,工部侍郎,,,,,,孔毓乪，孔子第61代孙。,
赵姑,孔,毓,女,61,1497-01-01,1576-01-01,是,鱼台,礼部尚书,,,,,,赵姑，孔子第61代孙。,
黄氏,孔,毓,女,61,1501-01-01,1582-01-01,是,嘉祥,知州,,,,,,黄氏，孔子第61代孙。,
孔毓乭,孔,毓,男,61,1498-01-01,1580-01-01,是,汶上,知县,,,,,,孔毓乭，孔子第61代孙。,
吴姑,孔,毓,女,61,1497-01-01,1557-01-01,是,泗水,举人,,,,,,吴姑，孔子第61代孙。,
孔毓乯,孔,毓,男,61,1504-01-01,1571-01-01,是,宁阳,进士,,,,,,孔毓乯，孔子第61代孙。,
孙娘,孔,毓,女,61,1498-01-01,1561-01-01,是,兖州,太学生,,,,,,孙娘，孔子第61代孙。,
孔毓乱,孔,毓,男,61,1497-01-01,1578-01-01,是,东平,县丞,,,,,,孔毓乱，孔子第61代孙。,
孔毓乲,孔,毓,男,61,1503-01-01,1574-01-01,是,寿张,主簿,,,,,,孔毓乲，孔子第61代孙。,
孔毓乳,孔,毓,男,61,1502-01-01,1585-01-01,是,范县,训导,,,,,,孔毓乳，孔子第61代孙。,
林姑,孔,毓,女,61,1499-01-01,1566-01-01,是,濮州,教谕,,,,,,林姑，孔子第61代孙。,
孔毓乵,孔,毓,男,61,1502-01-01,1578-01-01,是,开州,商人,,,,,,孔毓乵，孔子第61代孙。,
孔毓乶,孔,毓,男,61,1500-01-01,1575-01-01,是,长垣,官员,,,,,,孔毓乶，孔子第61代孙。,
孔毓乷,孔,毓,男,61,1497-01-01,1568-01-01,是,东明,学者,,,,,,孔毓乷，孔子第61代孙。,
张氏,孔,毓,女,61,1498-01-01,1579-01-01,是,荷泽,大夫,,,,,,张氏，孔子第61代孙。,
孔毓乹,孔,毓,男,61,1504-01-01,1566-01-01,是,曹州,士,,,,,,孔毓乹，孔子第61代孙。,
孔毓乺,孔,毓,男,61,1501-01-01,1584-01-01,是,定陶,农,,,,,,孔毓乺，孔子第61代孙。,
孔毓乻,孔,毓,男,61,1504-01-01,1583-01-01,是,单县,商,,,,,,孔毓乻，孔子第61代孙。,
陈娘,孔,毓,女,61,1501-01-01,1576-01-01,是,成武,儒,,,,,,陈娘，孔子第61代孙。,
孔毓乽,孔,毓,男,61,1500-01-01,1570-01-01,是,巨野,工部侍郎,,,,,,孔毓乽，孔子第61代孙。,
孔毓乾,孔,毓,男,61,1500-01-01,1569-01-01,是,郓城,礼部尚书,,,,,,孔毓乾，孔子第61代孙。,
孔毓乿,孔,毓,男,61,1501-01-01,1568-01-01,是,鄄城,知州,,,,,,孔毓乿，孔子第61代孙。,
周姑,孔,毓,女,61,1504-01-01,1565-01-01,是,曲阜,知县,,,,,,周姑，孔子第61代孙。,
吴氏,孔,毓,女,61,1500-01-01,1562-01-01,是,滋阳,举人,,,,,,吴氏，孔子第61代孙。,
孔毓亂,孔,毓,男,61,1503-01-01,1566-01-01,是,济宁,进士,,,,,,孔毓亂，孔子第61代孙。,
孔毓亃,孔,毓,男,61,1504-01-01,1576-01-01,是,邹县,太学生,,,,,,孔毓亃，孔子第61代孙。,
孔毓亄,孔,毓,男,61,1499-01-01,1565-01-01,是,滕县,县丞,,,,,,孔毓亄，孔子第61代孙。,
孔毓亅,孔,毓,男,61,1500-01-01,1575-01-01,是,峄县,主簿,,,,,,孔毓亅，孔子第61代孙。,
孔毓了,孔,毓,男,61,1502-01-01,1584-01-01,是,金乡,训导,,,,,,孔毓了，孔子第61代孙。,
林氏,孔,毓,女,61,1498-01-01,1561-01-01,是,鱼台,教谕,,,,,,林氏，孔子第61代孙。,
孔毓予,孔,毓,男,61,1503-01-01,1565-01-01,是,嘉祥,商人,,,,,,孔毓予，孔子第61代孙。,
郭姑,孔,毓,女,61,1499-01-01,1567-01-01,是,汶上,官员,,,,,,郭姑，孔子第61代孙。,
马氏,孔,毓,女,61,1499-01-01,1561-01-01,是,泗水,学者,,,,,,马氏，孔子第61代孙。,
孔毓事,孔,毓,男,61,1504-01-01,1576-01-01,是,宁阳,大夫,,,,,,孔毓事，孔子第61代孙。,
孔毓二,孔,毓,男,61,1499-01-01,1579-01-01,是,兖州,士,,,,,,孔毓二，孔子第61代孙。,
李氏,孔,毓,女,61,1498-01-01,1568-01-01,是,东平,农,,,,,,李氏，孔子第61代孙。,
孔毓于,孔,毓,男,61,1503-01-01,1573-01-01,是,寿张,商,,,,,,孔毓于，孔子第61代孙。,
孔毓亏,孔,毓,男,61,1498-01-01,1581-01-01,是,范县,儒,,,,,,孔毓亏，孔子第61代孙。,
杨氏,孔,毓,女,61,1504-01-01,1585-01-01,是,濮州,工部侍郎,,,,,,杨氏，孔子第61代孙。,
孔毓云,孔,毓,男,61,1497-01-01,1557-01-01,是,开州,礼部尚书,,,,,,孔毓云，孔子第61代孙。,
孔毓互,孔,毓,男,61,1500-01-01,1580-01-01,是,长垣,知州,,,,,,孔毓互，孔子第61代孙。,
周氏,孔,毓,女,61,1498-01-01,1568-01-01,是,东明,知县,,,,,,周氏，孔子第61代孙。,
孔毓五,孔,毓,男,61,1499-01-01,1570-01-01,是,荷泽,举人,,,,,,孔毓五，孔子第61代孙。,
徐姑,孔,毓,女,61,1499-01-01,1568-01-01,是,曹州,进士,,,,,,徐姑，孔子第61代孙。,
孔毓亖,孔,毓,男,61,1504-01-01,1580-01-01,是,定陶,太学生,,,,,,孔毓亖，孔子第61代孙。,
孔毓亗,孔,毓,男,61,1503-01-01,1579-01-01,是,单县,县丞,,,,,,孔毓亗，孔子第61代孙。,
孔毓亘,孔,毓,男,61,1504-01-01,1586-01-01,是,成武,主簿,,,,,,孔毓亘，孔子第61代孙。,
孔毓亙,孔,毓,男,61,1497-01-01,1570-01-01,是,巨野,训导,,,,,,孔毓亙，孔子第61代孙。,
孔毓亚,孔,毓,男,61,1503-01-01,1568-01-01,是,郓城,教谕,,,,,,孔毓亚，孔子第61代孙。,
何姑,孔,毓,女,61,1503-01-01,1563-01-01,是,鄄城,商人,,,,,,何姑，孔子第61代孙。,
孔毓亜,孔,毓,男,61,1503-01-01,1565-01-01,是,曲阜,官员,,,,,,孔毓亜，孔子第61代孙。,
马娘,孔,毓,女,61,1503-01-01,1573-01-01,是,滋阳,学者,,,,,,马娘，孔子第61代孙。,
孔毓亞,孔,毓,男,61,1501-01-01,1568-01-01,是,济宁,大夫,,,,,,孔毓亞，孔子第61代孙。,
孔毓亟,孔,毓,男,61,1501-01-01,1584-01-01,是,邹县,士,,,,,,孔毓亟，孔子第61代孙。,
李娘,孔,毓,女,61,1501-01-01,1571-01-01,是,滕县,农,,,,,,李娘，孔子第61代孙。,
刘姑,孔,毓,女,61,1503-01-01,1581-01-01,是,峄县,商,,,,,,刘姑，孔子第61代孙。,
孔毓亢,孔,毓,男,61,1502-01-01,1580-01-01,是,金乡,儒,,,,,,孔毓亢，孔子第61代孙。,
孔毓亣,孔,毓,男,61,1499-01-01,1568-01-01,是,鱼台,工部侍郎,,,,,,孔毓亣，孔子第61代孙。,
孔毓交,孔,毓,男,61,1500-01-01,1562-01-01,是,嘉祥,礼部尚书,,,,,,孔毓交，孔子第61代孙。,
黄氏,孔,毓,女,61,1498-01-01,1567-01-01,是,汶上,知州,,,,,,黄氏，孔子第61代孙。,
孔毓亦,孔,毓,男,61,1502-01-01,1586-01-01,是,泗水,知县,,,,,,孔毓亦，孔子第61代孙。,
孔毓产,孔,毓,男,61,1502-01-01,1565-01-01,是,宁阳,举人,,,,,,孔毓产，孔子第61代孙。,
徐氏,孔,毓,女,61,1498-01-01,1576-01-01,是,兖州,进士,,,,,,徐氏，孔子第61代孙。,
孙娘,孔,毓,女,61,1503-01-01,1569-01-01,是,东平,太学生,,,,,,孙娘，孔子第61代孙。,
孔毓亪,孔,毓,男,61,1501-01-01,1575-01-01,是,寿张,县丞,,,,,,孔毓亪，孔子第61代孙。,
孔毓享,孔,毓,男,61,1497-01-01,1577-01-01,是,范县,主簿,,,,,,孔毓享，孔子第61代孙。,
孔毓京,孔,毓,男,61,1502-01-01,1564-01-01,是,濮州,训导,,,,,,孔毓京，孔子第61代孙。,
孔毓亭,孔,毓,男,61,1500-01-01,1577-01-01,是,开州,教谕,,,,,,孔毓亭，孔子第61代孙。,
孔毓亮,孔,毓,男,61,1503-01-01,1566-01-01,是,长垣,商人,,,,,,孔毓亮，孔子第61代孙。,
郭娘,孔,毓,女,61,1501-01-01,1584-01-01,是,东明,官员,,,,,,郭娘，孔子第61代孙。,
孔毓亰,孔,毓,男,61,1503-01-01,1580-01-01,是,荷泽,学者,,,,,,孔毓亰，孔子第61代孙。,
孔毓亱,孔,毓,男,61,1504-01-01,1577-01-01,是,曹州,大夫,,,,,,孔毓亱，孔子第61代孙。,
王娘,孔,毓,女,61,1500-01-01,1566-01-01,是,定陶,士,,,,,,王娘，孔子第61代孙。,
孔毓亳,孔,毓,男,61,1504-01-01,1564-01-01,是,单县,农,,,,,,孔毓亳，孔子第61代孙。,
孔毓亴,孔,毓,男,61,1500-01-01,1574-01-01,是,成武,商,,,,,,孔毓亴，孔子第61代孙。,
陈娘,孔,毓,女,61,1500-01-01,1578-01-01,是,巨野,儒,,,,,,陈娘，孔子第61代孙。,
孔毓亶,孔,毓,男,61,1504-01-01,1580-01-01,是,郓城,工部侍郎,,,,,,孔毓亶，孔子第61代孙。,
孔毓亷,孔,毓,男,61,1501-01-01,1584-01-01,是,鄄城,礼部尚书,,,,,,孔毓亷，孔子第61代孙。,
黄娘,孔,毓,女,61,1500-01-01,1579-01-01,是,曲阜,知州,,,,,,黄娘，孔子第61代孙。,
孔毓亹,孔,毓,男,61,1497-01-01,1569-01-01,是,滋阳,知县,,,,,,孔毓亹，孔子第61代孙。,
孔毓人,孔,毓,男,61,1497-01-01,1579-01-01,是,济宁,举人,,,,,,孔毓人，孔子第61代孙。,
徐娘,孔,毓,女,61,1497-01-01,1564-01-01,是,邹县,进士,,,,,,徐娘，孔子第61代孙。,
孙姑,孔,毓,女,61,1504-01-01,1571-01-01,是,滕县,太学生,,,,,,孙姑，孔子第61代孙。,
孔毓亽,孔,毓,男,61,1504-01-01,1581-01-01,是,峄县,县丞,,,,,,孔毓亽，孔子第61代孙。,
朱娘,孔,毓,女,61,1498-01-01,1577-01-01,是,金乡,主簿,,,,,,朱娘，孔子第61代孙。,
孔毓亿,孔,毓,男,61,1499-01-01,1569-01-01,是,鱼台,训导,,,,,,孔毓亿，孔子第61代孙。,
孔毓什,孔,毓,男,61,1499-01-01,1580-01-01,是,嘉祥,教谕,,,,,,孔毓什，孔子第61代孙。,
孔毓仁,孔,毓,男,61,1497-01-01,1574-01-01,是,汶上,商人,,,,,,孔毓仁，孔子第61代孙。,
孔毓仂,孔,毓,男,61,1500-01-01,1570-01-01,是,泗水,官员,,,,,,孔毓仂，孔子第61代孙。,
马氏,孔,毓,女,61,1502-01-01,1577-01-01,是,宁阳,学者,,,,,,马氏，孔子第61代孙。,
孔毓仄,孔,毓,男,61,1498-01-01,1563-01-01,是,兖州,大夫,,,,,,孔毓仄，孔子第61代孙。,
孔毓仅,孔,毓,男,61,1504-01-01,1566-01-01,是,东平,士,,,,,,孔毓仅，孔子第61代孙。,
孔毓仆,孔,毓,男,61,1502-01-01,1572-01-01,是,寿张,农,,,,,,孔毓仆，孔子第61代孙。,
刘娘,孔,毓,女,61,1497-01-01,1576-01-01,是,范县,商,,,,,,刘娘，孔子第61代孙。,
陈姑,孔,毓,女,61,1504-01-01,1575-01-01,是,濮州,儒,,,,,,陈姑，孔子第61代孙。,
孔毓仉,孔,毓,男,61,1502-01-01,1580-01-01,是,开州,工部侍郎,,,,,,孔毓仉，孔子第61代孙。,
孔毓今,孔,毓,男,61,1503-01-01,1587-01-01,是,长垣,礼部尚书,,,,,,孔毓今，孔子第61代孙。,
孔毓介,孔,毓,男,61,1501-01-01,1578-01-01,是,东明,知州,,,,,,孔毓介，孔子第61代孙。,
孔毓仌,孔,毓,男,61,1497-01-01,1562-01-01,是,荷泽,知县,,,,,,孔毓仌，孔子第61代孙。,
孔毓仍,孔,毓,男,61,1498-01-01,1566-01-01,是,曹州,举人,,,,,,孔毓仍，孔子第61代孙。,
孔毓从,孔,毓,男,61,1504-01-01,1571-01-01,是,定陶,进士,,,,,,孔毓从，孔子第61代孙。,
孔毓仏,孔,毓,男,61,1503-01-01,1572-01-01,是,单县,太学生,,,,,,孔毓仏，孔子第61代孙。,
孔毓仐,孔,毓,男,61,1501-01-01,1577-01-01,是,成武,县丞,,,,,,孔毓仐，孔子第61代孙。,
朱姑,孔,毓,女,61,1502-01-01,1566-01-01,是,巨野,主簿,,,,,,朱姑，孔子第61代孙。,
孔毓仒,孔,毓,男,61,1499-01-01,1564-01-01,是,郓城,训导,,,,,,孔毓仒，孔子第61代孙。,
孔毓仓,孔,毓,男,61,1503-01-01,1587-01-01,是,鄄城,教谕,,,,,,孔毓仓，孔子第61代孙。,
孔毓仔,孔,毓,男,61,1501-01-01,1572-01-01,是,曲阜,商人,,,,,,孔毓仔，孔子第61代孙。,
郭氏,孔,毓,女,61,1502-01-01,1563-01-01,是,滋阳,官员,,,,,,郭氏，孔子第61代孙。,
孔毓他,孔,毓,男,61,1503-01-01,1576-01-01,是,济宁,学者,,,,,,孔毓他，孔子第61代孙。,
孔毓仗,孔,毓,男,61,1501-01-01,1562-01-01,是,邹县,大夫,,,,,,孔毓仗，孔子第61代孙。,
孔毓付,孔,毓,男,61,1503-01-01,1571-01-01,是,滕县,士,,,,,,孔毓付，孔子第61代孙。,
孔毓仙,孔,毓,男,61,1501-01-01,1575-01-01,是,峄县,农,,,,,,孔毓仙，孔子第61代孙。,
刘姑,孔,毓,女,61,1503-01-01,1579-01-01,是,金乡,商,,,,,,刘姑，孔子第61代孙。,
陈氏,孔,毓,女,61,1502-01-01,1569-01-01,是,鱼台,儒,,,,,,陈氏，孔子第61代孙。,
孔毓仜,孔,毓,男,61,1498-01-01,1562-01-01,是,嘉祥,工部侍郎,,,,,,孔毓仜，孔子第61代孙。,
孔毓仝,孔,毓,男,61,1503-01-01,1583-01-01,是,汶上,礼部尚书,,,,,,孔毓仝，孔子第61代孙。,
孔毓仞,孔,毓,男,61,1497-01-01,1563-01-01,是,泗水,知州,,,,,,孔毓仞，孔子第61代孙。,
孔毓仟,孔,毓,男,61,1502-01-01,1578-01-01,是,宁阳,知县,,,,,,孔毓仟，孔子第61代孙。,
孔毓仠,孔,毓,男,61,1499-01-01,1572-01-01,是,兖州,举人,,,,,,孔毓仠，孔子第61代孙。,
徐氏,孔,毓,女,61,1498-01-01,1560-01-01,是,东平,进士,,,,,,徐氏，孔子第61代孙。,
孙娘,孔,毓,女,61,1501-01-01,1563-01-01,是,寿张,太学生,,,,,,孙娘，孔子第61代孙。,
胡姑,孔,毓,女,61,1501-01-01,1570-01-01,是,范县,县丞,,,,,,胡姑，孔子第61代孙。,
孔毓令,孔,毓,男,61,1504-01-01,1568-01-01,是,濮州,主簿,,,,,,孔毓令，孔子第61代孙。,
高娘,孔,毓,女,61,1500-01-01,1568-01-01,是,开州,训导,,,,,,高娘，孔子第61代孙。,
林姑,孔,毓,女,61,1503-01-01,1569-01-01,是,长垣,教谕,,,,,,林姑，孔子第61代孙。,
孔毓仧,孔,毓,男,61,1501-01-01,1561-01-01,是,东明,商人,,,,,,孔毓仧，孔子第61代孙。,
郭娘,孔,毓,女,61,1503-01-01,1580-01-01,是,荷泽,官员,,,,,,郭娘，孔子第61代孙。,
孔毓仩,孔,毓,男,61,1503-01-01,1579-01-01,是,曹州,学者,,,,,,孔毓仩，孔子第61代孙。,
孔毓仪,孔,毓,男,61,1503-01-01,1568-01-01,是,定陶,大夫,,,,,,孔毓仪，孔子第61代孙。,
王娘,孔,毓,女,61,1498-01-01,1567-01-01,是,单县,士,,,,,,王娘，孔子第61代孙。,
孔毓们,孔,毓,男,61,1501-01-01,1573-01-01,是,成武,农,,,,,,孔毓们，孔子第61代孙。,
刘氏,孔,毓,女,61,1502-01-01,1579-01-01,是,巨野,商,,,,,,刘氏，孔子第61代孙。,
孔毓仮,孔,毓,男,61,1503-01-01,1564-01-01,是,郓城,儒,,,,,,孔毓仮，孔子第61代孙。,
杨姑,孔,毓,女,61,1499-01-01,1567-01-01,是,鄄城,工部侍郎,,,,,,杨姑，孔子第61代孙。,
孔毓仰,孔,毓,男,61,1498-01-01,1563-01-01,是,曲阜,礼部尚书,,,,,,孔毓仰，孔子第61代孙。,
孔毓仱,孔,毓,男,61,1503-01-01,1570-01-01,是,滋阳,知州,,,,,,孔毓仱，孔子第61代孙。,
孔毓仲,孔,毓,男,61,1497-01-01,1562-01-01,是,济宁,知县,,,,,,孔毓仲，孔子第61代孙。,
孔毓仳,孔,毓,男,61,1501-01-01,1571-01-01,是,邹县,举人,,,,,,孔毓仳，孔子第61代孙。,
孔毓仴,孔,毓,男,61,1502-01-01,1573-01-01,是,滕县,进士,,,,,,孔毓仴，孔子第61代孙。,
孔毓仵,孔,毓,男,61,1498-01-01,1574-01-01,是,峄县,太学生,,,,,,孔毓仵，孔子第61代孙。,
孔毓件,孔,毓,男,61,1502-01-01,1563-01-01,是,金乡,县丞,,,,,,孔毓件，孔子第61代孙。,
孔毓价,孔,毓,男,61,1498-01-01,1579-01-01,是,鱼台,主簿,,,,,,孔毓价，孔子第61代孙。,
孔毓仸,孔,毓,男,61,1498-01-01,1571-01-01,是,嘉祥,训导,,,,,,孔毓仸，孔子第61代孙。,
林氏,孔,毓,女,61,1500-01-01,1571-01-01,是,汶上,教谕,,,,,,林氏，孔子第61代孙。,
何娘,孔,毓,女,61,1503-01-01,1586-01-01,是,泗水,商人,,,,,,何娘，孔子第61代孙。,
郭姑,孔,毓,女,61,1501-01-01,1574-01-01,是,宁阳,官员,,,,,,郭姑，孔子第61代孙。,
孔毓仼,孔,毓,男,61,1497-01-01,1562-01-01,是,兖州,学者,,,,,,孔毓仼，孔子第61代孙。,
孔毓份,孔,毓,男,61,1502-01-01,1581-01-01,是,东平,大夫,,,,,,孔毓份，孔子第61代孙。,
王姑,孔,毓,女,61,1500-01-01,1577-01-01,是,寿张,士,,,,,,王姑，孔子第61代孙。,
孔毓仿,孔,毓,男,61,1502-01-01,1581-01-01,是,范县,农,,,,,,孔毓仿，孔子第61代孙。,
刘娘,孔,毓,女,61,1503-01-01,1577-01-01,是,濮州,商,,,,,,刘娘，孔子第61代孙。,
孔毓企,孔,毓,男,61,1500-01-01,1565-01-01,是,开州,儒,,,,,,孔毓企，孔子第61代孙。,
杨氏,孔,毓,女,61,1502-01-01,1566-01-01,是,长垣,工部侍郎,,,,,,杨氏，孔子第61代孙。,
孔毓伃,孔,毓,男,61,1503-01-01,1580-01-01,是,东明,礼部尚书,,,,,,孔毓伃，孔子第61代孙。,
孔传伄,孔,传,男,62,1529-01-01,1611-01-01,是,荷泽,知州,,,,,,孔传伄，孔子第62代孙。,
孔传伅,孔,传,男,62,1531-01-01,1603-01-01,是,曹州,知县,,,,,,孔传伅，孔子第62代孙。,
吴姑,孔,传,女,62,1529-01-01,1612-01-01,是,定陶,举人,,,,,,吴姑，孔子第62代孙。,
孔传伇,孔,传,男,62,1532-01-01,1594-01-01,是,单县,进士,,,,,,孔传伇，孔子第62代孙。,
孔传伈,孔,传,男,62,1531-01-01,1598-01-01,是,成武,太学生,,,,,,孔传伈，孔子第62代孙。,
孔传伉,孔,传,男,62,1526-01-01,1587-01-01,是,巨野,县丞,,,,,,孔传伉，孔子第62代孙。,
孔传伊,孔,传,男,62,1531-01-01,1614-01-01,是,郓城,主簿,,,,,,孔传伊，孔子第62代孙。,
孔传伋,孔,传,男,62,1529-01-01,1606-01-01,是,鄄城,训导,,,,,,孔传伋，孔子第62代孙。,
孔传伌,孔,传,男,62,1526-01-01,1602-01-01,是,曲阜,教谕,,,,,,孔传伌，孔子第62代孙。,
孔传伍,孔,传,男,62,1531-01-01,1595-01-01,是,滋阳,商人,,,,,,孔传伍，孔子第62代孙。,
孔传伎,孔,传,男,62,1532-01-01,1608-01-01,是,济宁,官员,,,,,,孔传伎，孔子第62代孙。,
孔传伏,孔,传,男,62,1527-01-01,1593-01-01,是,邹县,学者,,,,,,孔传伏，孔子第62代孙。,
孔传伐,孔,传,男,62,1525-01-01,1602-01-01,是,滕县,大夫,,,,,,孔传伐，孔子第62代孙。,
王娘,孔,传,女,62,1531-01-01,1599-01-01,是,峄县,士,,,,,,王娘，孔子第62代孙。,
孔传伒,孔,传,男,62,1532-01-01,1614-01-01,是,金乡,农,,,,,,孔传伒，孔子第62代孙。,
刘氏,孔,传,女,62,1530-01-01,1597-01-01,是,鱼台,商,,,,,,刘氏，孔子第62代孙。,
孔传伔,孔,传,男,62,1525-01-01,1591-01-01,是,嘉祥,儒,,,,,,孔传伔，孔子第62代孙。,
孔传伕,孔,传,男,62,1526-01-01,1609-01-01,是,汶上,工部侍郎,,,,,,孔传伕，孔子第62代孙。,
赵氏,孔,传,女,62,1525-01-01,1594-01-01,是,泗水,礼部尚书,,,,,,赵氏，孔子第62代孙。,
黄娘,孔,传,女,62,1527-01-01,1590-01-01,是,宁阳,知州,,,,,,黄娘，孔子第62代孙。,
周姑,孔,传,女,62,1530-01-01,1604-01-01,是,兖州,知县,,,,,,周姑，孔子第62代孙。,
吴氏,孔,传,女,62,1529-01-01,1609-01-01,是,东平,举人,,,,,,吴氏，孔子第62代孙。,
孔传会,孔,传,男,62,1527-01-01,1601-01-01,是,寿张,进士,,,,,,孔传会，孔子第62代孙。,
孔传伛,孔,传,男,62,1529-01-01,1606-01-01,是,范县,太学生,,,,,,孔传伛，孔子第62代孙。,
孔传伜,孔,传,男,62,1527-01-01,1594-01-01,是,濮州,县丞,,,,,,孔传伜，孔子第62代孙。,
孔传伝,孔,传,男,62,1526-01-01,1609-01-01,是,开州,主簿,,,,,,孔传伝，孔子第62代孙。,
孔传伞,孔,传,男,62,1528-01-01,1596-01-01,是,长垣,训导,,,,,,孔传伞，孔子第62代孙。,
孔传伟,孔,传,男,62,1530-01-01,1612-01-01,是,东明,教谕,,,,,,孔传伟，孔子第62代孙。,
何娘,孔,传,女,62,1529-01-01,1611-01-01,是,荷泽,商人,,,,,,何娘，孔子第62代孙。,
孔传伡,孔,传,男,62,1526-01-01,1588-01-01,是,曹州,官员,,,,,,孔传伡，孔子第62代孙。,
马氏,孔,传,女,62,1527-01-01,1591-01-01,是,定陶,学者,,,,,,马氏，孔子第62代孙。,
张娘,孔,传,女,62,1525-01-01,1590-01-01,是,单县,大夫,,,,,,张娘，孔子第62代孙。,
王姑,孔,传,女,62,1528-01-01,1607-01-01,是,成武,士,,,,,,王姑，孔子第62代孙。,
李氏,孔,传,女,62,1526-01-01,1591-01-01,是,巨野,农,,,,,,李氏，孔子第62代孙。,
孔传伦,孔,传,男,62,1525-01-01,1595-01-01,是,郓城,商,,,,,,孔传伦，孔子第62代孙。,
孔传伧,孔,传,男,62,1530-01-01,1603-01-01,是,鄄城,儒,,,,,,孔传伧，孔子第62代孙。,
杨氏,孔,传,女,62,1532-01-01,1592-01-01,是,曲阜,工部侍郎,,,,,,杨氏，孔子第62代孙。,
孔传伩,孔,传,男,62,1532-01-01,1608-01-01,是,滋阳,礼部尚书,,,,,,孔传伩，孔子第62代孙。,
孔传伪,孔,传,男,62,1529-01-01,1606-01-01,是,济宁,知州,,,,,,孔传伪，孔子第62代孙。,
周氏,孔,传,女,62,1525-01-01,1600-01-01,是,邹县,知县,,,,,,周氏，孔子第62代孙。,
孔传伬,孔,传,男,62,1530-01-01,1593-01-01,是,滕县,举人,,,,,,孔传伬，孔子第62代孙。,
徐姑,孔,传,女,62,1529-01-01,1606-01-01,是,峄县,进士,,,,,,徐姑，孔子第62代孙。,
孔传伮,孔,传,男,62,1526-01-01,1605-01-01,是,金乡,太学生,,,,,,孔传伮，孔子第62代孙。,
胡娘,孔,传,女,62,1532-01-01,1596-01-01,是,鱼台,县丞,,,,,,胡娘，孔子第62代孙。,
孔传估,孔,传,男,62,1526-01-01,1598-01-01,是,嘉祥,主簿,,,,,,孔传估，孔子第62代孙。,
高氏,孔,传,女,62,1527-01-01,1602-01-01,是,汶上,训导,,,,,,高氏，孔子第62代孙。,
孔传伲,孔,传,男,62,1525-01-01,1591-01-01,是,泗水,教谕,,,,,,孔传伲，孔子第62代孙。,
孔传伳,孔,传,男,62,1531-01-01,1596-01-01,是,宁阳,商人,,,,,,孔传伳，孔子第62代孙。,
孔传伴,孔,传,男,62,1531-01-01,1606-01-01,是,兖州,官员,,,,,,孔传伴，孔子第62代孙。,
孔传伵,孔,传,男,62,1527-01-01,1599-01-01,是,东平,学者,,,,,,孔传伵，孔子第62代孙。,
孔传伶,孔,传,男,62,1531-01-01,1609-01-01,是,寿张,大夫,,,,,,孔传伶，孔子第62代孙。,
孔传伷,孔,传,男,62,1525-01-01,1585-01-01,是,范县,士,,,,,,孔传伷，孔子第62代孙。,
孔传伸,孔,传,男,62,1528-01-01,1608-01-01,是,濮州,农,,,,,,孔传伸，孔子第62代孙。,
孔传伹,孔,传,男,62,1529-01-01,1612-01-01,是,开州,商,,,,,,孔传伹，孔子第62代孙。,
孔传伺,孔,传,男,62,1530-01-01,1604-01-01,是,长垣,儒,,,,,,孔传伺，孔子第62代孙。,
孔传伻,孔,传,男,62,1525-01-01,1606-01-01,是,东明,工部侍郎,,,,,,孔传伻，孔子第62代孙。,
孔传似,孔,传,男,62,1532-01-01,1608-01-01,是,荷泽,礼部尚书,,,,,,孔传似，孔子第62代孙。,
孔传伽,孔,传,男,62,1527-01-01,1606-01-01,是,曹州,知州,,,,,,孔传伽，孔子第62代孙。,
周娘,孔,传,女,62,1528-01-01,1612-01-01,是,定陶,知县,,,,,,周娘，孔子第62代孙。,
吴姑,孔,传,女,62,1532-01-01,1601-01-01,是,单县,举人,,,,,,吴姑，孔子第62代孙。,
孔传佀,孔,传,男,62,1525-01-01,1595-01-01,是,成武,进士,,,,,,孔传佀，孔子第62代孙。,
孔传佁,孔,传,男,62,1529-01-01,1597-01-01,是,巨野,太学生,,,,,,孔传佁，孔子第62代孙。,
胡姑,孔,传,女,62,1532-01-01,1616-01-01,是,郓城,县丞,,,,,,胡姑，孔子第62代孙。,
朱氏,孔,传,女,62,1525-01-01,1605-01-01,是,鄄城,主簿,,,,,,朱氏，孔子第62代孙。,
孔传佄,孔,传,男,62,1525-01-01,1602-01-01,是,曲阜,训导,,,,,,孔传佄，孔子第62代孙。,
孔传佅,孔,传,男,62,1529-01-01,1600-01-01,是,滋阳,教谕,,,,,,孔传佅，孔子第62代孙。,
孔传但,孔,传,男,62,1531-01-01,1595-01-01,是,济宁,商人,,,,,,孔传但，孔子第62代孙。,
郭娘,孔,传,女,62,1527-01-01,1587-01-01,是,邹县,官员,,,,,,郭娘，孔子第62代孙。,
孔传佈,孔,传,男,62,1527-01-01,1602-01-01,是,滕县,学者,,,,,,孔传佈，孔子第62代孙。,
孔传佉,孔,传,男,62,1527-01-01,1611-01-01,是,峄县,大夫,,,,,,孔传佉，孔子第62代孙。,
孔传佊,孔,传,男,62,1532-01-01,1592-01-01,是,金乡,士,,,,,,孔传佊，孔子第62代孙。,
孔传佋,孔,传,男,62,1527-01-01,1594-01-01,是,鱼台,农,,,,,,孔传佋，孔子第62代孙。,
刘氏,孔,传,女,62,1531-01-01,1603-01-01,是,嘉祥,商,,,,,,刘氏，孔子第62代孙。,
孔传位,孔,传,男,62,1530-01-01,1597-01-01,是,汶上,儒,,,,,,孔传位，孔子第62代孙。,
孔传低,孔,传,男,62,1525-01-01,1597-01-01,是,泗水,工部侍郎,,,,,,孔传低，孔子第62代孙。,
赵氏,孔,传,女,62,1532-01-01,1594-01-01,是,宁阳,礼部尚书,,,,,,赵氏，孔子第62代孙。,
黄娘,孔,传,女,62,1531-01-01,1594-01-01,是,兖州,知州,,,,,,黄娘，孔子第62代孙。,
孔传佑,孔,传,男,62,1529-01-01,1596-01-01,是,东平,知县,,,,,,孔传佑，孔子第62代孙。,
孔传佒,孔,传,男,62,1526-01-01,1593-01-01,是,寿张,举人,,,,,,孔传佒，孔子第62代孙。,
徐娘,孔,传,女,62,1526-01-01,1594-01-01,是,范县,进士,,,,,,徐娘，孔子第62代孙。,
孔传佔,孔,传,男,62,1529-01-01,1601-01-01,是,濮州,太学生,,,,,,孔传佔，孔子第62代孙。,
孔传何,孔,传,男,62,1531-01-01,1603-01-01,是,开州,县丞,,,,,,孔传何，孔子第62代孙。,
朱娘,孔,传,女,62,1528-01-01,1591-01-01,是,长垣,主簿,,,,,,朱娘，孔子第62代孙。,
孔传佗,孔,传,男,62,1531-01-01,1603-01-01,是,东明,训导,,,,,,孔传佗，孔子第62代孙。,
孔传佘,孔,传,男,62,1525-01-01,1599-01-01,是,荷泽,教谕,,,,,,孔传佘，孔子第62代孙。,
孔传余,孔,传,男,62,1529-01-01,1593-01-01,是,曹州,商人,,,,,,孔传余，孔子第62代孙。,
孔传佚,孔,传,男,62,1530-01-01,1610-01-01,是,定陶,官员,,,,,,孔传佚，孔子第62代孙。,
孔传佛,孔,传,男,62,1532-01-01,1603-01-01,是,单县,学者,,,,,,孔传佛，孔子第62代孙。,
孔传作,孔,传,男,62,1526-01-01,1589-01-01,是,成武,大夫,,,,,,孔传作，孔子第62代孙。,
孔传佝,孔,传,男,62,1529-01-01,1606-01-01,是,巨野,士,,,,,,孔传佝，孔子第62代孙。,
孔传佞,孔,传,男,62,1532-01-01,1594-01-01,是,郓城,农,,,,,,孔传佞，孔子第62代孙。,
孔传佟,孔,传,男,62,1532-01-01,1600-01-01,是,鄄城,商,,,,,,孔传佟，孔子第62代孙。,
陈姑,孔,传,女,62,1529-01-01,1597-01-01,是,曲阜,儒,,,,,,陈姑，孔子第62代孙。,
杨氏,孔,传,女,62,1530-01-01,1593-01-01,是,滋阳,工部侍郎,,,,,,杨氏，孔子第62代孙。,
孔传佢,孔,传,男,62,1530-01-01,1592-01-01,是,济宁,礼部尚书,,,,,,孔传佢，孔子第62代孙。,
孔传佣,孔,传,男,62,1526-01-01,1605-01-01,是,邹县,知州,,,,,,孔传佣，孔子第62代孙。,
孔传佤,孔,传,男,62,1530-01-01,1601-01-01,是,滕县,知县,,,,,,孔传佤，孔子第62代孙。,
孔传佥,孔,传,男,62,1529-01-01,1592-01-01,是,峄县,举人,,,,,,孔传佥，孔子第62代孙。,
徐姑,孔,传,女,62,1527-01-01,1591-01-01,是,金乡,进士,,,,,,徐姑，孔子第62代孙。,
孙氏,孔,传,女,62,1530-01-01,1591-01-01,是,鱼台,太学生,,,,,,孙氏，孔子第62代孙。,
孔传佨,孔,传,男,62,1530-01-01,1601-01-01,是,嘉祥,县丞,,,,,,孔传佨，孔子第62代孙。,
孔传佩,孔,传,男,62,1529-01-01,1610-01-01,是,汶上,主簿,,,,,,孔传佩，孔子第62代孙。,
高氏,孔,传,女,62,1529-01-01,1612-01-01,是,泗水,训导,,,,,,高氏，孔子第62代孙。,
孔传佫,孔,传,男,62,1530-01-01,1592-01-01,是,宁阳,教谕,,,,,,孔传佫，孔子第62代孙。,
孔传佬,孔,传,男,62,1527-01-01,1591-01-01,是,兖州,商人,,,,,,孔传佬，孔子第62代孙。,
孔传佭,孔,传,男,62,1528-01-01,1610-01-01,是,东平,官员,,,,,,孔传佭，孔子第62代孙。,
孔传佮,孔,传,男,62,1532-01-01,1615-01-01,是,寿张,学者,,,,,,孔传佮，孔子第62代孙。,
孔传佯,孔,传,男,62,1529-01-01,1612-01-01,是,范县,大夫,,,,,,孔传佯，孔子第62代孙。,
王氏,孔,传,女,62,1528-01-01,1599-01-01,是,濮州,士,,,,,,王氏，孔子第62代孙。,
孔传佱,孔,传,男,62,1530-01-01,1603-01-01,是,开州,农,,,,,,孔传佱，孔子第62代孙。,
刘姑,孔,传,女,62,1530-01-01,1603-01-01,是,长垣,商,,,,,,刘姑，孔子第62代孙。,
孔传佳,孔,传,男,62,1527-01-01,1596-01-01,是,东明,儒,,,,,,孔传佳，孔子第62代孙。,
杨娘,孔,传,女,62,1530-01-01,1591-01-01,是,荷泽,工部侍郎,,,,,,杨娘，孔子第62代孙。,
孔传併,孔,传,男,62,1530-01-01,1599-01-01,是,曹州,礼部尚书,,,,,,孔传併，孔子第62代孙。,
孔传佶,孔,传,男,62,1528-01-01,1600-01-01,是,定陶,知州,,,,,,孔传佶，孔子第62代孙。,
周娘,孔,传,女,62,1528-01-01,1608-01-01,是,单县,知县,,,,,,周娘，孔子第62代孙。,
孔传佸,孔,传,男,62,1527-01-01,1602-01-01,是,成武,举人,,,,,,孔传佸，孔子第62代孙。,
徐氏,孔,传,女,62,1531-01-01,1611-01-01,是,巨野,进士,,,,,,徐氏，孔子第62代孙。,
孔传佺,孔,传,男,62,1530-01-01,1614-01-01,是,郓城,太学生,,,,,,孔传佺，孔子第62代孙。,
胡姑,孔,传,女,62,1525-01-01,1591-01-01,是,鄄城,县丞,,,,,,胡姑，孔子第62代孙。,
孔传佼,孔,传,男,62,1526-01-01,1590-01-01,是,曲阜,主簿,,,,,,孔传佼，孔子第62代孙。,
高娘,孔,传,女,62,1526-01-01,1595-01-01,是,滋阳,训导,,,,,,高娘，孔子第62代孙。,
孔传佾,孔,传,男,62,1525-01-01,1609-01-01,是,济宁,教谕,,,,,,孔传佾，孔子第62代孙。,
何氏,孔,传,女,62,1529-01-01,1598-01-01,是,邹县,商人,,,,,,何氏，孔子第62代孙。,
孔传侀,孔,传,男,62,1529-01-01,1608-01-01,是,滕县,官员,,,,,,孔传侀，孔子第62代孙。,
马姑,孔,传,女,62,1530-01-01,1600-01-01,是,峄县,学者,,,,,,马姑，孔子第62代孙。,
张氏,孔,传,女,62,1531-01-01,1601-01-01,是,金乡,大夫,,,,,,张氏，孔子第62代孙。,
王娘,孔,传,女,62,1530-01-01,1608-01-01,是,鱼台,士,,,,,,王娘，孔子第62代孙。,
孔传侄,孔,传,男,62,1527-01-01,1606-01-01,是,嘉祥,农,,,,,,孔传侄，孔子第62代孙。,
孔传侅,孔,传,男,62,1530-01-01,1590-01-01,是,汶上,商,,,,,,孔传侅，孔子第62代孙。,
孔传來,孔,传,男,62,1528-01-01,1612-01-01,是,泗水,儒,,,,,,孔传來，孔子第62代孙。,
孔传侇,孔,传,男,62,1531-01-01,1594-01-01,是,宁阳,工部侍郎,,,,,,孔传侇，孔子第62代孙。,
孔传侈,孔,传,男,62,1525-01-01,1586-01-01,是,兖州,礼部尚书,,,,,,孔传侈，孔子第62代孙。,
孔传侉,孔,传,男,62,1532-01-01,1613-01-01,是,东平,知州,,,,,,孔传侉，孔子第62代孙。,
孔传侊,孔,传,男,62,1530-01-01,1592-01-01,是,寿张,知县,,,,,,孔传侊，孔子第62代孙。,
孔传例,孔,传,男,62,1526-01-01,1594-01-01,是,范县,举人,,,,,,孔传例，孔子第62代孙。,
徐娘,孔,传,女,62,1531-01-01,1599-01-01,是,濮州,进士,,,,,,徐娘，孔子第62代孙。,
孔传侍,孔,传,男,62,1531-01-01,1599-01-01,是,开州,太学生,,,,,,孔传侍，孔子第62代孙。,
胡氏,孔,传,女,62,1527-01-01,1603-01-01,是,长垣,县丞,,,,,,胡氏，孔子第62代孙。,
孔传侏,孔,传,男,62,1526-01-01,1596-01-01,是,东明,主簿,,,,,,孔传侏，孔子第62代孙。,
孔传侐,孔,传,男,62,1531-01-01,1592-01-01,是,荷泽,训导,,,,,,孔传侐，孔子第62代孙。,
孔传侑,孔,传,男,62,1532-01-01,1614-01-01,是,曹州,教谕,,,,,,孔传侑，孔子第62代孙。,
何娘,孔,传,女,62,1529-01-01,1596-01-01,是,定陶,商人,,,,,,何娘，孔子第62代孙。,
郭姑,孔,传,女,62,1527-01-01,1588-01-01,是,单县,官员,,,,,,郭姑，孔子第62代孙。,
孔传侔,孔,传,男,62,1532-01-01,1607-01-01,是,成武,学者,,,,,,孔传侔，孔子第62代孙。,
孔传侕,孔,传,男,62,1526-01-01,1597-01-01,是,巨野,大夫,,,,,,孔传侕，孔子第62代孙。,
王姑,孔,传,女,62,1528-01-01,1606-01-01,是,郓城,士,,,,,,王姑，孔子第62代孙。,
孔传侗,孔,传,男,62,1525-01-01,1596-01-01,是,鄄城,农,,,,,,孔传侗，孔子第62代孙。,
刘娘,孔,传,女,62,1525-01-01,1587-01-01,是,曲阜,商,,,,,,刘娘，孔子第62代孙。,
陈姑,孔,传,女,62,1528-01-01,1593-01-01,是,滋阳,儒,,,,,,陈姑，孔子第62代孙。,
孔传侚,孔,传,男,62,1529-01-01,1592-01-01,是,济宁,工部侍郎,,,,,,孔传侚，孔子第62代孙。,
孔传供,孔,传,男,62,1532-01-01,1613-01-01,是,邹县,礼部尚书,,,,,,孔传供，孔子第62代孙。,
孔传侜,孔,传,男,62,1531-01-01,1603-01-01,是,滕县,知州,,,,,,孔传侜，孔子第62代孙。,
孔传依,孔,传,男,62,1525-01-01,1595-01-01,是,峄县,知县,,,,,,孔传依，孔子第62代孙。,
吴娘,孔,传,女,62,1529-01-01,1590-01-01,是,金乡,举人,,,,,,吴娘，孔子第62代孙。,
孔传侟,孔,传,男,62,1527-01-01,1590-01-01,是,鱼台,进士,,,,,,孔传侟，孔子第62代孙。,
孔传侠,孔,传,男,62,1526-01-01,1607-01-01,是,嘉祥,太学生,,,,,,孔传侠，孔子第62代孙。,
胡娘,孔,传,女,62,1525-01-01,1588-01-01,是,汶上,县丞,,,,,,胡娘，孔子第62代孙。,
孔传侢,孔,传,男,62,1525-01-01,1600-01-01,是,泗水,主簿,,,,,,孔传侢，孔子第62代孙。,
孔传侣,孔,传,男,62,1532-01-01,1597-01-01,是,宁阳,训导,,,,,,孔传侣，孔子第62代孙。,
孔传侤,孔,传,男,62,1525-01-01,1588-01-01,是,兖州,教谕,,,,,,孔传侤，孔子第62代孙。,
孔传侥,孔,传,男,62,1529-01-01,1597-01-01,是,东平,商人,,,,,,孔传侥，孔子第62代孙。,
孔传侦,孔,传,男,62,1525-01-01,1595-01-01,是,寿张,官员,,,,,,孔传侦，孔子第62代孙。,
孔传侧,孔,传,男,62,1527-01-01,1588-01-01,是,范县,学者,,,,,,孔传侧，孔子第62代孙。,
孔传侨,孔,传,男,62,1532-01-01,1602-01-01,是,濮州,大夫,,,,,,孔传侨，孔子第62代孙。,
孔传侩,孔,传,男,62,1531-01-01,1591-01-01,是,开州,士,,,,,,孔传侩，孔子第62代孙。,
孔传侪,孔,传,男,62,1528-01-01,1607-01-01,是,长垣,农,,,,,,孔传侪，孔子第62代孙。,
刘姑,孔,传,女,62,1528-01-01,1605-01-01,是,东明,商,,,,,,刘姑，孔子第62代孙。,
孔传侬,孔,传,男,62,1528-01-01,1610-01-01,是,荷泽,儒,,,,,,孔传侬，孔子第62代孙。,
孔传侭,孔,传,男,62,1527-01-01,1592-01-01,是,曹州,工部侍郎,,,,,,孔传侭，孔子第62代孙。,
孔传侮,孔,传,男,62,1528-01-01,1601-01-01,是,定陶,礼部尚书,,,,,,孔传侮，孔子第62代孙。,
孔传侯,孔,传,男,62,1529-01-01,1597-01-01,是,单县,知州,,,,,,孔传侯，孔子第62代孙。,
周娘,孔,传,女,62,1531-01-01,1598-01-01,是,成武,知县,,,,,,周娘，孔子第62代孙。,
吴姑,孔,传,女,62,1526-01-01,1591-01-01,是,巨野,举人,,,,,,吴姑，孔子第62代孙。,
孔传侲,孔,传,男,62,1531-01-01,1602-01-01,是,郓城,进士,,,,,,孔传侲，孔子第62代孙。,
孔传侳,孔,传,男,62,1527-01-01,1601-01-01,是,鄄城,太学生,,,,,,孔传侳，孔子第62代孙。,
胡姑,孔,传,女,62,1527-01-01,1600-01-01,是,曲阜,县丞,,,,,,胡姑，孔子第62代孙。,
朱氏,孔,传,女,62,1531-01-01,1613-01-01,是,滋阳,主簿,,,,,,朱氏，孔子第62代孙。,
孔传侶,孔,传,男,62,1526-01-01,1598-01-01,是,济宁,训导,,,,,,孔传侶，孔子第62代孙。,
孔传侷,孔,传,男,62,1532-01-01,1593-01-01,是,邹县,教谕,,,,,,孔传侷，孔子第62代孙。,
何氏,孔,传,女,62,1530-01-01,1614-01-01,是,滕县,商人,,,,,,何氏，孔子第62代孙。,
郭娘,孔,传,女,62,1526-01-01,1599-01-01,是,峄县,官员,,,,,,郭娘，孔子第62代孙。,
孔传侺,孔,传,男,62,1530-01-01,1593-01-01,是,金乡,学者,,,,,,孔传侺，孔子第62代孙。,
孔传侻,孔,传,男,62,1525-01-01,1605-01-01,是,鱼台,大夫,,,,,,孔传侻，孔子第62代孙。,
孔传侼,孔,传,男,62,1526-01-01,1604-01-01,是,嘉祥,士,,,,,,孔传侼，孔子第62代孙。,
孔传侽,孔,传,男,62,1525-01-01,1608-01-01,是,汶上,农,,,,,,孔传侽，孔子第62代孙。,
刘氏,孔,传,女,62,1529-01-01,1601-01-01,是,泗水,商,,,,,,刘氏，孔子第62代孙。,
孔传便,孔,传,男,62,1531-01-01,1608-01-01,是,宁阳,儒,,,,,,孔传便，孔子第62代孙。,
孔传俀,孔,传,男,62,1525-01-01,1593-01-01,是,兖州,工部侍郎,,,,,,孔传俀，孔子第62代孙。,
孔传俁,孔,传,男,62,1528-01-01,1598-01-01,是,东平,礼部尚书,,,,,,孔传俁，孔子第62代孙。,
黄娘,孔,传,女,62,1525-01-01,1605-01-01,是,寿张,知州,,,,,,黄娘，孔子第62代孙。,
周姑,孔,传,女,62,1526-01-01,1610-01-01,是,范县,知县,,,,,,周姑，孔子第62代孙。,
吴氏,孔,传,女,62,1530-01-01,1593-01-01,是,濮州,举人,,,,,,吴氏，孔子第62代孙。,
徐娘,孔,传,女,62,1529-01-01,1599-01-01,是,开州,进士,,,,,,徐娘，孔子第62代孙。,
孔传俆,孔,传,男,62,1525-01-01,1605-01-01,是,长垣,太学生,,,,,,孔传俆，孔子第62代孙。,
孔传俇,孔,传,男,62,1531-01-01,1596-01-01,是,东明,县丞,,,,,,孔传俇，孔子第62代孙。,
孔传俈,孔,传,男,62,1532-01-01,1602-01-01,是,荷泽,主簿,,,,,,孔传俈，孔子第62代孙。,
高姑,孔,传,女,62,1532-01-01,1593-01-01,是,曹州,训导,,,,,,高姑，孔子第62代孙。,
林氏,孔,传,女,62,1527-01-01,1590-01-01,是,定陶,教谕,,,,,,林氏，孔子第62代孙。,
何娘,孔,传,女,62,1532-01-01,1610-01-01,是,单县,商人,,,,,,何娘，孔子第62代孙。,
郭姑,孔,传,女,62,1528-01-01,1606-01-01,是,成武,官员,,,,,,郭姑，孔子第62代孙。,
孔传俍,孔,传,男,62,1528-01-01,1611-01-01,是,巨野,学者,,,,,,孔传俍，孔子第62代孙。,
张娘,孔,传,女,62,1532-01-01,1593-01-01,是,郓城,大夫,,,,,,张娘，孔子第62代孙。,
孔传俏,孔,传,男,62,1529-01-01,1607-01-01,是,鄄城,士,,,,,,孔传俏，孔子第62代孙。,
孔传俐,孔,传,男,62,1528-01-01,1593-01-01,是,曲阜,农,,,,,,孔传俐，孔子第62代孙。,
孔传俑,孔,传,男,62,1526-01-01,1605-01-01,是,滋阳,商,,,,,,孔传俑，孔子第62代孙。,
陈姑,孔,传,女,62,1527-01-01,1600-01-01,是,济宁,儒,,,,,,陈姑，孔子第62代孙。,
孔传俓,孔,传,男,62,1526-01-01,1595-01-01,是,邹县,工部侍郎,,,,,,孔传俓，孔子第62代孙。,
孔传俔,孔,传,男,62,1529-01-01,1599-01-01,是,滕县,礼部尚书,,,,,,孔传俔，孔子第62代孙。,
黄姑,孔,传,女,62,1530-01-01,1597-01-01,是,峄县,知州,,,,,,黄姑，孔子第62代孙。,
孔传俖,孔,传,男,62,1531-01-01,1603-01-01,是,金乡,知县,,,,,,孔传俖，孔子第62代孙。,
孔传俗,孔,传,男,62,1528-01-01,1609-01-01,是,鱼台,举人,,,,,,孔传俗，孔子第62代孙。,
徐姑,孔,传,女,62,1530-01-01,1598-01-01,是,嘉祥,进士,,,,,,徐姑，孔子第62代孙。,
孔传俙,孔,传,男,62,1530-01-01,1597-01-01,是,汶上,太学生,,,,,,孔传俙，孔子第62代孙。,
孔传俚,孔,传,男,62,1529-01-01,1610-01-01,是,泗水,县丞,,,,,,孔传俚，孔子第62代孙。,
朱姑,孔,传,女,62,1527-01-01,1606-01-01,是,宁阳,主簿,,,,,,朱姑，孔子第62代孙。,
孔传俜,孔,传,男,62,1530-01-01,1605-01-01,是,兖州,训导,,,,,,孔传俜，孔子第62代孙。,
孔传保,孔,传,男,62,1528-01-01,1610-01-01,是,东平,教谕,,,,,,孔传保，孔子第62代孙。,
何姑,孔,传,女,62,1529-01-01,1593-01-01,是,寿张,商人,,,,,,何姑，孔子第62代孙。,
郭氏,孔,传,女,62,1531-01-01,1604-01-01,是,范县,官员,,,,,,郭氏，孔子第62代孙。,
孔传俠,孔,传,男,62,1529-01-01,1592-01-01,是,濮州,学者,,,,,,孔传俠，孔子第62代孙。,
孔传信,孔,传,男,62,1526-01-01,1600-01-01,是,开州,大夫,,,,,,孔传信，孔子第62代孙。,
王氏,孔,传,女,62,1530-01-01,1599-01-01,是,长垣,士,,,,,,王氏，孔子第62代孙。,
孔传俣,孔,传,男,62,1526-01-01,1606-01-01,是,东明,农,,,,,,孔传俣，孔子第62代孙。,
孔传俤,孔,传,男,62,1528-01-01,1594-01-01,是,荷泽,商,,,,,,孔传俤，孔子第62代孙。,
陈氏,孔,传,女,62,1526-01-01,1602-01-01,是,曹州,儒,,,,,,陈氏，孔子第62代孙。,
孔传俦,孔,传,男,62,1529-01-01,1608-01-01,是,定陶,工部侍郎,,,,,,孔传俦，孔子第62代孙。,
赵姑,孔,传,女,62,1526-01-01,1596-01-01,是,单县,礼部尚书,,,,,,赵姑，孔子第62代孙。,
孔传俨,孔,传,男,62,1527-01-01,1606-01-01,是,成武,知州,,,,,,孔传俨，孔子第62代孙。,
孔传俩,孔,传,男,62,1527-01-01,1601-01-01,是,巨野,知县,,,,,,孔传俩，孔子第62代孙。,
孔传俪,孔,传,男,62,1525-01-01,1602-01-01,是,郓城,举人,,,,,,孔传俪，孔子第62代孙。,
孔传俫,孔,传,男,62,1532-01-01,1616-01-01,是,鄄城,进士,,,,,,孔传俫，孔子第62代孙。,
孔传俬,孔,传,男,62,1529-01-01,1593-01-01,是,曲阜,太学生,,,,,,孔传俬，孔子第62代孙。,
孔传俭,孔,传,男,62,1531-01-01,1594-01-01,是,滋阳,县丞,,,,,,孔传俭，孔子第62代孙。,
孔传修,孔,传,男,62,1527-01-01,1592-01-01,是,济宁,主簿,,,,,,孔传修，孔子第62代孙。,
高娘,孔,传,女,62,1526-01-01,1591-01-01,是,邹县,训导,,,,,,高娘，孔子第62代孙。,
孔传俰,孔,传,男,62,1532-01-01,1605-01-01,是,滕县,教谕,,,,,,孔传俰，孔子第62代孙。,
何氏,孔,传,女,62,1532-01-01,1615-01-01,是,峄县,商人,,,,,,何氏，孔子第62代孙。,
孔传俲,孔,传,男,62,1526-01-01,1586-01-01,是,金乡,官员,,,,,,孔传俲，孔子第62代孙。,
孔传俳,孔,传,男,62,1531-01-01,1610-01-01,是,鱼台,学者,,,,,,孔传俳，孔子第62代孙。,
张氏,孔,传,女,62,1530-01-01,1608-01-01,是,嘉祥,大夫,,,,,,张氏，孔子第62代孙。,
王娘,孔,传,女,62,1525-01-01,1596-01-01,是,汶上,士,,,,,,王娘，孔子第62代孙。,
孔传俶,孔,传,男,62,1526-01-01,1608-01-01,是,泗水,农,,,,,,孔传俶，孔子第62代孙。,
孔传俷,孔,传,男,62,1529-01-01,1597-01-01,是,宁阳,商,,,,,,孔传俷，孔子第62代孙。,
孔传俸,孔,传,男,62,1531-01-01,1604-01-01,是,兖州,儒,,,,,,孔传俸，孔子第62代孙。,
孔传俹,孔,传,男,62,1529-01-01,1602-01-01,是,东平,工部侍郎,,,,,,孔传俹，孔子第62代孙。,
赵氏,孔,传,女,62,1530-01-01,1609-01-01,是,寿张,礼部尚书,,,,,,赵氏，孔子第62代孙。,
孔传俻,孔,传,男,62,1527-01-01,1593-01-01,是,范县,知州,,,,,,孔传俻，孔子第62代孙。,
周姑,孔,传,女,62,1529-01-01,1604-01-01,是,濮州,知县,,,,,,周姑，孔子第62代孙。,
吴氏,孔,传,女,62,1532-01-01,1611-01-01,是,开州,举人,,,,,,吴氏，孔子第62代孙。,
孔传俾,孔,传,男,62,1528-01-01,1593-01-01,是,长垣,进士,,,,,,孔传俾，孔子第62代孙。,
孔传俿,孔,传,男,62,1529-01-01,1607-01-01,是,东明,太学生,,,,,,孔传俿，孔子第62代孙。,
胡氏,孔,传,女,62,1527-01-01,1606-01-01,是,荷泽,县丞,,,,,,胡氏，孔子第62代孙。,
朱娘,孔,传,女,62,1528-01-01,1612-01-01,是,曹州,主簿,,,,,,朱娘，孔子第62代孙。,
高姑,孔,传,女,62,1528-01-01,1590-01-01,是,定陶,训导,,,,,,高姑，孔子第62代孙。,
林氏,孔,传,女,62,1527-01-01,1600-01-01,是,单县,教谕,,,,,,林氏，孔子第62代孙。,
何娘,孔,传,女,62,1529-01-01,1610-01-01,是,成武,商人,,,,,,何娘，孔子第62代孙。,
郭姑,孔,传,女,62,1527-01-01,1607-01-01,是,巨野,官员,,,,,,郭姑，孔子第62代孙。,
孔传倆,孔,传,男,62,1530-01-01,1591-01-01,是,郓城,学者,,,,,,孔传倆，孔子第62代孙。,
孔传倇,孔,传,男,62,1526-01-01,1607-01-01,是,鄄城,大夫,,,,,,孔传倇，孔子第62代孙。,
孔传倈,孔,传,男,62,1531-01-01,1605-01-01,是,曲阜,士,,,,,,孔传倈，孔子第62代孙。,
李氏,孔,传,女,62,1529-01-01,1593-01-01,是,滋阳,农,,,,,,李氏，孔子第62代孙。,
刘娘,孔,传,女,62,1532-01-01,1616-01-01,是,济宁,商,,,,,,刘娘，孔子第62代孙。,
孔传個,孔,传,男,62,1532-01-01,1599-01-01,是,邹县,儒,,,,,,孔传個，孔子第62代孙。,
孔传倌,孔,传,男,62,1530-01-01,1603-01-01,是,滕县,工部侍郎,,,,,,孔传倌，孔子第62代孙。,
孔传倍,孔,传,男,62,1529-01-01,1606-01-01,是,峄县,礼部尚书,,,,,,孔传倍，孔子第62代孙。,
孔传倎,孔,传,男,62,1531-01-01,1602-01-01,是,金乡,知州,,,,,,孔传倎，孔子第62代孙。,
孔传倏,孔,传,男,62,1532-01-01,1596-01-01,是,鱼台,知县,,,,,,孔传倏，孔子第62代孙。,
孔传倐,孔,传,男,62,1530-01-01,1603-01-01,是,嘉祥,举人,,,,,,孔传倐，孔子第62代孙。,
孔传們,孔,传,男,62,1525-01-01,1595-01-01,是,汶上,进士,,,,,,孔传們，孔子第62代孙。,
孔传倒,孔,传,男,62,1525-01-01,1598-01-01,是,泗水,太学生,,,,,,孔传倒，孔子第62代孙。,
胡娘,孔,传,女,62,1529-01-01,1610-01-01,是,宁阳,县丞,,,,,,胡娘，孔子第62代孙。,
孔传倔,孔,传,男,62,1532-01-01,1612-01-01,是,兖州,主簿,,,,,,孔传倔，孔子第62代孙。,
孔传倕,孔,传,男,62,1526-01-01,1598-01-01,是,东平,训导,,,,,,孔传倕，孔子第62代孙。,
孔传倖,孔,传,男,62,1531-01-01,1603-01-01,是,寿张,教谕,,,,,,孔传倖，孔子第62代孙。,
何姑,孔,传,女,62,1531-01-01,1600-01-01,是,范县,商人,,,,,,何姑，孔子第62代孙。,
郭氏,孔,传,女,62,1531-01-01,1609-01-01,是,濮州,官员,,,,,,郭氏，孔子第62代孙。,
孔传候,孔,传,男,62,1526-01-01,1608-01-01,是,开州,学者,,,,,,孔传候，孔子第62代孙。,
孔传倚,孔,传,男,62,1530-01-01,1601-01-01,是,长垣,大夫,,,,,,孔传倚，孔子第62代孙。,
孔传倛,孔,传,男,62,1532-01-01,1607-01-01,是,东明,士,,,,,,孔传倛，孔子第62代孙。,
李娘,孔,传,女,62,1528-01-01,1588-01-01,是,荷泽,农,,,,,,李娘，孔子第62代孙。,
孔传倝,孔,传,男,62,1526-01-01,1597-01-01,是,曹州,商,,,,,,孔传倝，孔子第62代孙。,
孔传倞,孔,传,男,62,1526-01-01,1605-01-01,是,定陶,儒,,,,,,孔传倞，孔子第62代孙。,
孔传借,孔,传,男,62,1532-01-01,1603-01-01,是,单县,工部侍郎,,,,,,孔传借，孔子第62代孙。,
孔传倠,孔,传,男,62,1527-01-01,1603-01-01,是,成武,礼部尚书,,,,,,孔传倠，孔子第62代孙。,
黄氏,孔,传,女,62,1529-01-01,1591-01-01,是,巨野,知州,,,,,,黄氏，孔子第62代孙。,
孔传倢,孔,传,男,62,1530-01-01,1604-01-01,是,郓城,知县,,,,,,孔传倢，孔子第62代孙。,
孔传倣,孔,传,男,62,1531-01-01,1605-01-01,是,鄄城,举人,,,,,,孔传倣，孔子第62代孙。,
徐氏,孔,传,女,62,1526-01-01,1606-01-01,是,曲阜,进士,,,,,,徐氏，孔子第62代孙。,
孔传倥,孔,传,男,62,1528-01-01,1601-01-01,是,滋阳,太学生,,,,,,孔传倥，孔子第62代孙。,
孔传倦,孔,传,男,62,1529-01-01,1611-01-01,是,济宁,县丞,,,,,,孔传倦，孔子第62代孙。,
孔传倧,孔,传,男,62,1526-01-01,1605-01-01,是,邹县,主簿,,,,,,孔传倧，孔子第62代孙。,
高娘,孔,传,女,62,1527-01-01,1591-01-01,是,滕县,训导,,,,,,高娘，孔子第62代孙。,
孔传倩,孔,传,男,62,1531-01-01,1610-01-01,是,峄县,教谕,,,,,,孔传倩，孔子第62代孙。,
何氏,孔,传,女,62,1525-01-01,1596-01-01,是,金乡,商人,,,,,,何氏，孔子第62代孙。,
孔传倫,孔,传,男,62,1528-01-01,1599-01-01,是,鱼台,官员,,,,,,孔传倫，孔子第62代孙。,
孔传倬,孔,传,男,62,1531-01-01,1609-01-01,是,嘉祥,学者,,,,,,孔传倬，孔子第62代孙。,
张氏,孔,传,女,62,1527-01-01,1599-01-01,是,汶上,大夫,,,,,,张氏，孔子第62代孙。,
孔传倮,孔,传,男,62,1531-01-01,1611-01-01,是,泗水,士,,,,,,孔传倮，孔子第62代孙。,
李姑,孔,传,女,62,1526-01-01,1589-01-01,是,宁阳,农,,,,,,李姑，孔子第62代孙。,
孔传倰,孔,传,男,62,1527-01-01,1601-01-01,是,兖州,商,,,,,,孔传倰，孔子第62代孙。,
孔传倱,孔,传,男,62,1530-01-01,1607-01-01,是,东平,儒,,,,,,孔传倱，孔子第62代孙。,
孔传倲,孔,传,男,62,1530-01-01,1601-01-01,是,寿张,工部侍郎,,,,,,孔传倲，孔子第62代孙。,
孔传倳,孔,传,男,62,1527-01-01,1599-01-01,是,范县,礼部尚书,,,,,,孔传倳，孔子第62代孙。,
孔传倴,孔,传,男,62,1527-01-01,1600-01-01,是,濮州,知州,,,,,,孔传倴，孔子第62代孙。,
孔传倵,孔,传,男,62,1532-01-01,1607-01-01,是,开州,知县,,,,,,孔传倵，孔子第62代孙。,
吴氏,孔,传,女,62,1530-01-01,1606-01-01,是,长垣,举人,,,,,,吴氏，孔子第62代孙。,
孔传倷,孔,传,男,62,1530-01-01,1594-01-01,是,东明,进士,,,,,,孔传倷，孔子第62代孙。,
孔传倸,孔,传,男,62,1531-01-01,1593-01-01,是,荷泽,太学生,,,,,,孔传倸，孔子第62代孙。,
胡氏,孔,传,女,62,1531-01-01,1607-01-01,是,曹州,县丞,,,,,,胡氏，孔子第62代孙。,
朱娘,孔,传,女,62,1530-01-01,1600-01-01,是,定陶,主簿,,,,,,朱娘，孔子第62代孙。,
高姑,孔,传,女,62,1527-01-01,1603-01-01,是,单县,训导,,,,,,高姑，孔子第62代孙。,
孔传值,孔,传,男,62,1531-01-01,1592-01-01,是,成武,教谕,,,,,,孔传值，孔子第62代孙。,
孔传倽,孔,传,男,62,1530-01-01,1605-01-01,是,巨野,商人,,,,,,孔传倽，孔子第62代孙。,
郭姑,孔,传,女,62,1532-01-01,1607-01-01,是,郓城,官员,,,,,,郭姑，孔子第62代孙。,
马氏,孔,传,女,62,1529-01-01,1608-01-01,是,鄄城,学者,,,,,,马氏，孔子第62代孙。,
张娘,孔,传,女,62,1530-01-01,1597-01-01,是,曲阜,大夫,,,,,,张娘，孔子第62代孙。,
王姑,孔,传,女,62,1525-01-01,1585-01-01,是,滋阳,士,,,,,,王姑，孔子第62代孙。,
孔传偂,孔,传,男,62,1530-01-01,1591-01-01,是,济宁,农,,,,,,孔传偂，孔子第62代孙。,
孔传偃,孔,传,男,62,1526-01-01,1606-01-01,是,邹县,商,,,,,,孔传偃，孔子第62代孙。,
陈姑,孔,传,女,62,1527-01-01,1607-01-01,是,滕县,儒,,,,,,陈姑，孔子第62代孙。,
孔传偅,孔,传,男,62,1525-01-01,1585-01-01,是,峄县,工部侍郎,,,,,,孔传偅，孔子第62代孙。,
孔传偆,孔,传,男,62,1532-01-01,1597-01-01,是,金乡,礼部尚书,,,,,,孔传偆，孔子第62代孙。,
孔传假,孔,传,男,62,1529-01-01,1609-01-01,是,鱼台,知州,,,,,,孔传假，孔子第62代孙。,
孔传偈,孔,传,男,62,1528-01-01,1593-01-01,是,嘉祥,知县,,,,,,孔传偈，孔子第62代孙。,
孔传偉,孔,传,男,62,1530-01-01,1597-01-01,是,汶上,举人,,,,,,孔传偉，孔子第62代孙。,
徐姑,孔,传,女,62,1532-01-01,1602-01-01,是,泗水,进士,,,,,,徐姑，孔子第62代孙。,
孙氏,孔,传,女,62,1531-01-01,1598-01-01,是,宁阳,太学生,,,,,,孙氏，孔子第62代孙。,
孔传偌,孔,传,男,62,1527-01-01,1606-01-01,是,兖州,县丞,,,,,,孔传偌，孔子第62代孙。,
孔传偍,孔,传,男,62,1532-01-01,1599-01-01,是,东平,主簿,,,,,,孔传偍，孔子第62代孙。,
孔传偎,孔,传,男,62,1530-01-01,1590-01-01,是,寿张,训导,,,,,,孔传偎，孔子第62代孙。,
林娘,孔,传,女,62,1529-01-01,1608-01-01,是,范县,教谕,,,,,,林娘，孔子第62代孙。,
何姑,孔,传,女,62,1531-01-01,1597-01-01,是,濮州,商人,,,,,,何姑，孔子第62代孙。,
孔传偑,孔,传,男,62,1525-01-01,1590-01-01,是,开州,官员,,,,,,孔传偑，孔子第62代孙。,
马娘,孔,传,女,62,1526-01-01,1608-01-01,是,长垣,学者,,,,,,马娘，孔子第62代孙。,
孔传偓,孔,传,男,62,1532-01-01,1608-01-01,是,东明,大夫,,,,,,孔传偓，孔子第62代孙。,
孔传偔,孔,传,男,62,1532-01-01,1607-01-01,是,荷泽,士,,,,,,孔传偔，孔子第62代孙。,
孔传偕,孔,传,男,62,1529-01-01,1608-01-01,是,曹州,农,,,,,,孔传偕，孔子第62代孙。,
刘姑,孔,传,女,62,1530-01-01,1596-01-01,是,定陶,商,,,,,,刘姑，孔子第62代孙。,
孔传偗,孔,传,男,62,1525-01-01,1588-01-01,是,单县,儒,,,,,,孔传偗，孔子第62代孙。,
杨娘,孔,传,女,62,1526-01-01,1600-01-01,是,成武,工部侍郎,,,,,,杨娘，孔子第62代孙。,
赵姑,孔,传,女,62,1528-01-01,1612-01-01,是,巨野,礼部尚书,,,,,,赵姑，孔子第62代孙。,
孔传做,孔,传,男,62,1527-01-01,1587-01-01,是,郓城,知州,,,,,,孔传做，孔子第62代孙。,
孔传偛,孔,传,男,62,1532-01-01,1595-01-01,是,鄄城,知县,,,,,,孔传偛，孔子第62代孙。,
吴姑,孔,传,女,62,1532-01-01,1603-01-01,是,曲阜,举人,,,,,,吴姑，孔子第62代孙。,
孔传偝,孔,传,男,62,1527-01-01,1605-01-01,是,滋阳,进士,,,,,,孔传偝，孔子第62代孙。,
孔传偞,孔,传,男,62,1529-01-01,1598-01-01,是,济宁,太学生,,,,,,孔传偞，孔子第62代孙。,
孔传偟,孔,传,男,62,1532-01-01,1601-01-01,是,邹县,县丞,,,,,,孔传偟，孔子第62代孙。,
朱氏,孔,传,女,62,1528-01-01,1593-01-01,是,滕县,主簿,,,,,,朱氏，孔子第62代孙。,
孔传偡,孔,传,男,62,1530-01-01,1604-01-01,是,峄县,训导,,,,,,孔传偡，孔子第62代孙。,
孔传偢,孔,传,男,62,1531-01-01,1614-01-01,是,金乡,教谕,,,,,,孔传偢，孔子第62代孙。,
孔传偣,孔,传,男,62,1532-01-01,1597-01-01,是,鱼台,商人,,,,,,孔传偣，孔子第62代孙。,
孔传偤,孔,传,男,62,1528-01-01,1598-01-01,是,嘉祥,官员,,,,,,孔传偤，孔子第62代孙。,
马姑,孔,传,女,62,1527-01-01,1597-01-01,是,汶上,学者,,,,,,马姑，孔子第62代孙。,
孔传偦,孔,传,男,62,1526-01-01,1595-01-01,是,泗水,大夫,,,,,,孔传偦，孔子第62代孙。,
孔传偧,孔,传,男,62,1531-01-01,1601-01-01,是,宁阳,士,,,,,,孔传偧，孔子第62代孙。,
孔传偨,孔,传,男,62,1528-01-01,1598-01-01,是,兖州,农,,,,,,孔传偨，孔子第62代孙。,
刘氏,孔,传,女,62,1526-01-01,1609-01-01,是,东平,商,,,,,,刘氏，孔子第62代孙。,
陈娘,孔,传,女,62,1532-01-01,1613-01-01,是,寿张,儒,,,,,,陈娘，孔子第62代孙。,
杨姑,孔,传,女,62,1531-01-01,1596-01-01,是,范县,工部侍郎,,,,,,杨姑，孔子第62代孙。,
赵氏,孔,传,女,62,1531-01-01,1601-01-01,是,濮州,礼部尚书,,,,,,赵氏，孔子第62代孙。,
孔传偭,孔,传,男,62,1526-01-01,1591-01-01,是,开州,知州,,,,,,孔传偭，孔子第62代孙。,
孔传偮,孔,传,男,62,1525-01-01,1585-01-01,是,长垣,知县,,,,,,孔传偮，孔子第62代孙。,
孔传偯,孔,传,男,62,1529-01-01,1592-01-01,是,东明,举人,,,,,,孔传偯，孔子第62代孙。,
徐娘,孔,传,女,62,1530-01-01,1609-01-01,是,荷泽,进士,,,,,,徐娘，孔子第62代孙。,
孙姑,孔,传,女,62,1530-01-01,1612-01-01,是,曹州,太学生,,,,,,孙姑，孔子第62代孙。,
胡氏,孔,传,女,62,1527-01-01,1598-01-01,是,定陶,县丞,,,,,,胡氏，孔子第62代孙。,
孔传偳,孔,传,男,62,1525-01-01,1602-01-01,是,单县,主簿,,,,,,孔传偳，孔子第62代孙。,
孔传側,孔,传,男,62,1528-01-01,1596-01-01,是,成武,训导,,,,,,孔传側，孔子第62代孙。,
孔传偵,孔,传,男,62,1525-01-01,1592-01-01,是,巨野,教谕,,,,,,孔传偵，孔子第62代孙。,
孔传偶,孔,传,男,62,1528-01-01,1612-01-01,是,郓城,商人,,,,,,孔传偶，孔子第62代孙。,
孔传偷,孔,传,男,62,1528-01-01,1601-01-01,是,鄄城,官员,,,,,,孔传偷，孔子第62代孙。,
孔传偸,孔,传,男,62,1526-01-01,1598-01-01,是,曲阜,学者,,,,,,孔传偸，孔子第62代孙。,
张娘,孔,传,女,62,1528-01-01,1610-01-01,是,滋阳,大夫,,,,,,张娘，孔子第62代孙。,
王姑,孔,传,女,62,1528-01-01,1607-01-01,是,济宁,士,,,,,,王姑，孔子第62代孙。,
李氏,孔,传,女,62,1528-01-01,1612-01-01,是,邹县,农,,,,,,李氏，孔子第62代孙。,
孔传偼,孔,传,男,62,1531-01-01,1591-01-01,是,滕县,商,,,,,,孔传偼，孔子第62代孙。,
陈姑,孔,传,女,62,1532-01-01,1597-01-01,是,峄县,儒,,,,,,陈姑，孔子第62代孙。,
孔传偾,孔,传,男,62,1527-01-01,1599-01-01,是,金乡,工部侍郎,,,,,,孔传偾，孔子第62代孙。,
赵娘,孔,传,女,62,1530-01-01,1614-01-01,是,鱼台,礼部尚书,,,,,,赵娘，孔子第62代孙。,
黄姑,孔,传,女,62,1530-01-01,1601-01-01,是,嘉祥,知州,,,,,,黄姑，孔子第62代孙。,
周氏,孔,传,女,62,1526-01-01,1600-01-01,是,汶上,知县,,,,,,周氏，孔子第62代孙。,
吴娘,孔,传,女,62,1529-01-01,1597-01-01,是,泗水,举人,,,,,,吴娘，孔子第62代孙。,
孔传傃,孔,传,男,62,1526-01-01,1605-01-01,是,宁阳,进士,,,,,,孔传傃，孔子第62代孙。,
孙氏,孔,传,女,62,1529-01-01,1595-01-01,是,兖州,太学生,,,,,,孙氏，孔子第62代孙。,
孔传傅,孔,传,男,62,1525-01-01,1593-01-01,是,东平,县丞,,,,,,孔传傅，孔子第62代孙。,
朱姑,孔,传,女,62,1528-01-01,1595-01-01,是,寿张,主簿,,,,,,朱姑，孔子第62代孙。,
高氏,孔,传,女,62,1525-01-01,1587-01-01,是,范县,训导,,,,,,高氏，孔子第62代孙。,
孔传傈,孔,传,男,62,1525-01-01,1606-01-01,是,濮州,教谕,,,,,,孔传傈，孔子第62代孙。,
孔传傉,孔,传,男,62,1532-01-01,1614-01-01,是,开州,商人,,,,,,孔传傉，孔子第62代孙。,
郭氏,孔,传,女,62,1531-01-01,1606-01-01,是,长垣,官员,,,,,,郭氏，孔子第62代孙。,
孔传傋,孔,传,男,62,1527-01-01,1606-01-01,是,东明,学者,,,,,,孔传傋，孔子第62代孙。,
孔传傌,孔,传,男,62,1526-01-01,1592-01-01,是,荷泽,大夫,,,,,,孔传傌，孔子第62代孙。,
孔传傍,孔,传,男,62,1532-01-01,1593-01-01,是,曹州,士,,,,,,孔传傍，孔子第62代孙。,
孔传傎,孔,传,男,62,1529-01-01,1600-01-01,是,定陶,农,,,,,,孔传傎，孔子第62代孙。,
刘姑,孔,传,女,62,1529-01-01,1597-01-01,是,单县,商,,,,,,刘姑，孔子第62代孙。,
孔传傐,孔,传,男,62,1526-01-01,1596-01-01,是,成武,儒,,,,,,孔传傐，孔子第62代孙。,
孔传傑,孔,传,男,62,1531-01-01,1605-01-01,是,巨野,工部侍郎,,,,,,孔传傑，孔子第62代孙。,
赵姑,孔,传,女,62,1532-01-01,1600-01-01,是,郓城,礼部尚书,,,,,,赵姑，孔子第62代孙。,
孔传傓,孔,传,男,62,1530-01-01,1598-01-01,是,鄄城,知州,,,,,,孔传傓，孔子第62代孙。,
周娘,孔,传,女,62,1532-01-01,1599-01-01,是,曲阜,知县,,,,,,周娘，孔子第62代孙。,
吴姑,孔,传,女,62,1531-01-01,1608-01-01,是,滋阳,举人,,,,,,吴姑，孔子第62代孙。,
孔传傖,孔,传,男,62,1529-01-01,1609-01-01,是,济宁,进士,,,,,,孔传傖，孔子第62代孙。,
孙娘,孔,传,女,62,1529-01-01,1604-01-01,是,邹县,太学生,,,,,,孙娘，孔子第62代孙。,
胡姑,孔,传,女,62,1530-01-01,1600-01-01,是,滕县,县丞,,,,,,胡姑，孔子第62代孙。,
孔传備,孔,传,男,62,1528-01-01,1591-01-01,是,峄县,主簿,,,,,,孔传備，孔子第62代孙。,
孔传傚,孔,传,男,62,1532-01-01,1601-01-01,是,金乡,训导,,,,,,孔传傚，孔子第62代孙。,
林姑,孔,传,女,62,1530-01-01,1605-01-01,是,鱼台,教谕,,,,,,林姑，孔子第62代孙。,
何氏,孔,传,女,62,1528-01-01,1603-01-01,是,嘉祥,商人,,,,,,何氏，孔子第62代孙。,
郭娘,孔,传,女,62,1527-01-01,1592-01-01,是,汶上,官员,,,,,,郭娘，孔子第62代孙。,
孔传傞,孔,传,男,62,1530-01-01,1603-01-01,是,泗水,学者,,,,,,孔传傞，孔子第62代孙。,
孔传傟,孔,传,男,62,1528-01-01,1591-01-01,是,宁阳,大夫,,,,,,孔传傟，孔子第62代孙。,
王娘,孔,传,女,62,1526-01-01,1592-01-01,是,兖州,士,,,,,,王娘，孔子第62代孙。,
孔传傡,孔,传,男,62,1525-01-01,1598-01-01,是,东平,农,,,,,,孔传傡，孔子第62代孙。,
刘氏,孔,传,女,62,1526-01-01,1594-01-01,是,寿张,商,,,,,,刘氏，孔子第62代孙。,
陈娘,孔,传,女,62,1526-01-01,1586-01-01,是,范县,儒,,,,,,陈娘，孔子第62代孙。,
孔传傤,孔,传,男,62,1528-01-01,1600-01-01,是,濮州,工部侍郎,,,,,,孔传傤，孔子第62代孙。,
孔传傥,孔,传,男,62,1525-01-01,1607-01-01,是,开州,礼部尚书,,,,,,孔传傥，孔子第62代孙。,
孔传傦,孔,传,男,62,1530-01-01,1604-01-01,是,长垣,知州,,,,,,孔传傦，孔子第62代孙。,
周姑,孔,传,女,62,1530-01-01,1601-01-01,是,东明,知县,,,,,,周姑，孔子第62代孙。,
孔传储,孔,传,男,62,1525-01-01,1598-01-01,是,荷泽,举人,,,,,,孔传储，孔子第62代孙。,
孔传傩,孔,传,男,62,1531-01-01,1609-01-01,是,曹州,进士,,,,,,孔传傩，孔子第62代孙。,
孔传傪,孔,传,男,62,1531-01-01,1604-01-01,是,定陶,太学生,,,,,,孔传傪，孔子第62代孙。,
孔传傫,孔,传,男,62,1530-01-01,1599-01-01,是,单县,县丞,,,,,,孔传傫，孔子第62代孙。,
孔传催,孔,传,男,62,1530-01-01,1593-01-01,是,成武,主簿,,,,,,孔传催，孔子第62代孙。,
孔传傭,孔,传,男,62,1531-01-01,1598-01-01,是,巨野,训导,,,,,,孔传傭，孔子第62代孙。,
林氏,孔,传,女,62,1530-01-01,1611-01-01,是,郓城,教谕,,,,,,林氏，孔子第62代孙。,
何娘,孔,传,女,62,1529-01-01,1593-01-01,是,鄄城,商人,,,,,,何娘，孔子第62代孙。,
孔传傰,孔,传,男,62,1532-01-01,1604-01-01,是,曲阜,官员,,,,,,孔传傰，孔子第62代孙。,
孔传傱,孔,传,男,62,1531-01-01,1597-01-01,是,滋阳,学者,,,,,,孔传傱，孔子第62代孙。,
孔传傲,孔,传,男,62,1531-01-01,1605-01-01,是,济宁,大夫,,,,,,孔传傲，孔子第62代孙。,
王姑,孔,传,女,62,1528-01-01,1589-01-01,是,邹县,士,,,,,,王姑，孔子第62代孙。,
孔传傴,孔,传,男,62,1532-01-01,1595-01-01,是,滕县,农,,,,,,孔传傴，孔子第62代孙。,
孔传債,孔,传,男,62,1526-01-01,1609-01-01,是,峄县,商,,,,,,孔传債，孔子第62代孙。,
孔传傶,孔,传,男,62,1531-01-01,1598-01-01,是,金乡,儒,,,,,,孔传傶，孔子第62代孙。,
孔传傷,孔,传,男,62,1532-01-01,1595-01-01,是,鱼台,工部侍郎,,,,,,孔传傷，孔子第62代孙。,
孔传傸,孔,传,男,62,1525-01-01,1605-01-01,是,嘉祥,礼部尚书,,,,,,孔传傸，孔子第62代孙。,
孔传傹,孔,传,男,62,1530-01-01,1590-01-01,是,汶上,知州,,,,,,孔传傹，孔子第62代孙。,
孔传傺,孔,传,男,62,1532-01-01,1597-01-01,是,泗水,知县,,,,,,孔传傺，孔子第62代孙。,
孔传傻,孔,传,男,62,1526-01-01,1601-01-01,是,宁阳,举人,,,,,,孔传傻，孔子第62代孙。,
孔传傼,孔,传,男,62,1531-01-01,1615-01-01,是,兖州,进士,,,,,,孔传傼，孔子第62代孙。,
孔传傽,孔,传,男,62,1526-01-01,1607-01-01,是,东平,太学生,,,,,,孔传傽，孔子第62代孙。,
胡娘,孔,传,女,62,1532-01-01,1603-01-01,是,寿张,县丞,,,,,,胡娘，孔子第62代孙。,
孔传傿,孔,传,男,62,1528-01-01,1611-01-01,是,范县,主簿,,,,,,孔传傿，孔子第62代孙。,
孔传僀,孔,传,男,62,1532-01-01,1610-01-01,是,濮州,训导,,,,,,孔传僀，孔子第62代孙。,
林娘,孔,传,女,62,1528-01-01,1592-01-01,是,开州,教谕,,,,,,林娘，孔子第62代孙。,
孔传僂,孔,传,男,62,1527-01-01,1602-01-01,是,长垣,商人,,,,,,孔传僂，孔子第62代孙。,
孔传僃,孔,传,男,62,1529-01-01,1603-01-01,是,东明,官员,,,,,,孔传僃，孔子第62代孙。,
孔传僄,孔,传,男,62,1526-01-01,1599-01-01,是,荷泽,学者,,,,,,孔传僄，孔子第62代孙。,
孔传僅,孔,传,男,62,1532-01-01,1592-01-01,是,曹州,大夫,,,,,,孔传僅，孔子第62代孙。,
孔传僆,孔,传,男,62,1529-01-01,1590-01-01,是,定陶,士,,,,,,孔传僆，孔子第62代孙。,
李娘,孔,传,女,62,1525-01-01,1595-01-01,是,单县,农,,,,,,李娘，孔子第62代孙。,
孔传僈,孔,传,男,62,1526-01-01,1594-01-01,是,成武,商,,,,,,孔传僈，孔子第62代孙。,
孔传僉,孔,传,男,62,1527-01-01,1589-01-01,是,巨野,儒,,,,,,孔传僉，孔子第62代孙。,
杨娘,孔,传,女,62,1525-01-01,1606-01-01,是,郓城,工部侍郎,,,,,,杨娘，孔子第62代孙。,
孔传僋,孔,传,男,62,1527-01-01,1588-01-01,是,鄄城,礼部尚书,,,,,,孔传僋，孔子第62代孙。,
孔传僌,孔,传,男,62,1529-01-01,1601-01-01,是,曲阜,知州,,,,,,孔传僌，孔子第62代孙。,
孔传働,孔,传,男,62,1526-01-01,1589-01-01,是,滋阳,知县,,,,,,孔传働，孔子第62代孙。,
孔传僎,孔,传,男,62,1526-01-01,1609-01-01,是,济宁,举人,,,,,,孔传僎，孔子第62代孙。,
徐氏,孔,传,女,62,1527-01-01,1599-01-01,是,邹县,进士,,,,,,徐氏，孔子第62代孙。,
孙娘,孔,传,女,62,1526-01-01,1602-01-01,是,滕县,太学生,,,,,,孙娘，孔子第62代孙。,
孔传僑,孔,传,男,62,1531-01-01,1601-01-01,是,峄县,县丞,,,,,,孔传僑，孔子第62代孙。,
孔传僒,孔,传,男,62,1529-01-01,1610-01-01,是,金乡,主簿,,,,,,孔传僒，孔子第62代孙。,
孔传僓,孔,传,男,62,1532-01-01,1614-01-01,是,鱼台,训导,,,,,,孔传僓，孔子第62代孙。,
林姑,孔,传,女,62,1526-01-01,1597-01-01,是,嘉祥,教谕,,,,,,林姑，孔子第62代孙。,
孔传僕,孔,传,男,62,1531-01-01,1596-01-01,是,汶上,商人,,,,,,孔传僕，孔子第62代孙。,
孔传僖,孔,传,男,62,1531-01-01,1606-01-01,是,泗水,官员,,,,,,孔传僖，孔子第62代孙。,
孔传僗,孔,传,男,62,1528-01-01,1605-01-01,是,宁阳,学者,,,,,,孔传僗，孔子第62代孙。,
孔传僘,孔,传,男,62,1528-01-01,1597-01-01,是,兖州,大夫,,,,,,孔传僘，孔子第62代孙。,
孔传僙,孔,传,男,62,1532-01-01,1610-01-01,是,东平,士,,,,,,孔传僙，孔子第62代孙。,
孔传僚,孔,传,男,62,1532-01-01,1614-01-01,是,寿张,农,,,,,,孔传僚，孔子第62代孙。,
刘氏,孔,传,女,62,1528-01-01,1589-01-01,是,范县,商,,,,,,刘氏，孔子第62代孙。,
孔传僜,孔,传,男,62,1528-01-01,1605-01-01,是,濮州,儒,,,,,,孔传僜，孔子第62代孙。,
孔传僝,孔,传,男,62,1531-01-01,1591-01-01,是,开州,工部侍郎,,,,,,孔传僝，孔子第62代孙。,
孔传僞,孔,传,男,62,1527-01-01,1588-01-01,是,长垣,礼部尚书,,,,,,孔传僞，孔子第62代孙。,
黄娘,孔,传,女,62,1526-01-01,1606-01-01,是,东明,知州,,,,,,黄娘，孔子第62代孙。,
周姑,孔,传,女,62,1529-01-01,1607-01-01,是,荷泽,知县,,,,,,周姑，孔子第62代孙。,
孔传僡,孔,传,男,62,1532-01-01,1603-01-01,是,曹州,举人,,,,,,孔传僡，孔子第62代孙。,
孔传僢,孔,传,男,62,1530-01-01,1605-01-01,是,定陶,进士,,,,,,孔传僢，孔子第62代孙。,
孙姑,孔,传,女,62,1528-01-01,1599-01-01,是,单县,太学生,,,,,,孙姑，孔子第62代孙。,
孔传僤,孔,传,男,62,1527-01-01,1606-01-01,是,成武,县丞,,,,,,孔传僤，孔子第62代孙。,
朱娘,孔,传,女,62,1526-01-01,1602-01-01,是,巨野,主簿,,,,,,朱娘，孔子第62代孙。,
高姑,孔,传,女,62,1531-01-01,1600-01-01,是,郓城,训导,,,,,,高姑，孔子第62代孙。,
孔传僧,孔,传,男,62,1527-01-01,1610-01-01,是,鄄城,教谕,,,,,,孔传僧，孔子第62代孙。,
孔传僨,孔,传,男,62,1526-01-01,1594-01-01,是,曲阜,商人,,,,,,孔传僨，孔子第62代孙。,
孔传僩,孔,传,男,62,1528-01-01,1604-01-01,是,滋阳,官员,,,,,,孔传僩，孔子第62代孙。,
孔传僪,孔,传,男,62,1525-01-01,1591-01-01,是,济宁,学者,,,,,,孔传僪，孔子第62代孙。,
孔传僫,孔,传,男,62,1532-01-01,1608-01-01,是,邹县,大夫,,,,,,孔传僫，孔子第62代孙。,
孔传僬,孔,传,男,62,1526-01-01,1587-01-01,是,滕县,士,,,,,,孔传僬，孔子第62代孙。,
孔传僭,孔,传,男,62,1525-01-01,1599-01-01,是,峄县,农,,,,,,孔传僭，孔子第62代孙。,
孔传僮,孔,传,男,62,1531-01-01,1609-01-01,是,金乡,商,,,,,,孔传僮，孔子第62代孙。,
陈姑,孔,传,女,62,1528-01-01,1589-01-01,是,鱼台,儒,,,,,,陈姑，孔子第62代孙。,
孔传僰,孔,传,男,62,1531-01-01,1602-01-01,是,嘉祥,工部侍郎,,,,,,孔传僰，孔子第62代孙。,
孔传僱,孔,传,男,62,1527-01-01,1603-01-01,是,汶上,礼部尚书,,,,,,孔传僱，孔子第62代孙。,
孔传僲,孔,传,男,62,1526-01-01,1593-01-01,是,泗水,知州,,,,,,孔传僲，孔子第62代孙。,
周氏,孔,传,女,62,1531-01-01,1615-01-01,是,宁阳,知县,,,,,,周氏，孔子第62代孙。,
吴娘,孔,传,女,62,1528-01-01,1600-01-01,是,兖州,举人,,,,,,吴娘，孔子第62代孙。,
孔传僵,孔,传,男,62,1528-01-01,1612-01-01,是,东平,进士,,,,,,孔传僵，孔子第62代孙。,
孙氏,孔,传,女,62,1532-01-01,1614-01-01,是,寿张,太学生,,,,,,孙氏，孔子第62代孙。,
孔传僷,孔,传,男,62,1529-01-01,1596-01-01,是,范县,县丞,,,,,,孔传僷，孔子第62代孙。,
孔传僸,孔,传,男,62,1530-01-01,1594-01-01,是,濮州,主簿,,,,,,孔传僸，孔子第62代孙。,
孔传價,孔,传,男,62,1529-01-01,1612-01-01,是,开州,训导,,,,,,孔传價，孔子第62代孙。,
孔传僺,孔,传,男,62,1528-01-01,1596-01-01,是,长垣,教谕,,,,,,孔传僺，孔子第62代孙。,
何姑,孔,传,女,62,1529-01-01,1613-01-01,是,东明,商人,,,,,,何姑，孔子第62代孙。,
孔传僼,孔,传,男,62,1528-01-01,1593-01-01,是,荷泽,官员,,,,,,孔传僼，孔子第62代孙。,
马娘,孔,传,女,62,1529-01-01,1596-01-01,是,曹州,学者,,,,,,马娘，孔子第62代孙。,
孔传僾,孔,传,男,62,1527-01-01,1593-01-01,是,定陶,大夫,,,,,,孔传僾，孔子第62代孙。,
孔传僿,孔,传,男,62,1526-01-01,1593-01-01,是,单县,士,,,,,,孔传僿，孔子第62代孙。,
李娘,孔,传,女,62,1527-01-01,1594-01-01,是,成武,农,,,,,,李娘，孔子第62代孙。,
孔传儁,孔,传,男,62,1532-01-01,1606-01-01,是,巨野,商,,,,,,孔传儁，孔子第62代孙。,
陈氏,孔,传,女,62,1531-01-01,1591-01-01,是,郓城,儒,,,,,,陈氏，孔子第62代孙。,
孔传儃,孔,传,男,62,1525-01-01,1591-01-01,是,鄄城,工部侍郎,,,,,,孔传儃，孔子第62代孙。,
赵姑,孔,传,女,62,1528-01-01,1590-01-01,是,曲阜,礼部尚书,,,,,,赵姑，孔子第62代孙。,
黄氏,孔,传,女,62,1529-01-01,1597-01-01,是,滋阳,知州,,,,,,黄氏，孔子第62代孙。,
孔传儆,孔,传,男,62,1527-01-01,1604-01-01,是,济宁,知县,,,,,,孔传儆，孔子第62代孙。,
孔传儇,孔,传,男,62,1527-01-01,1592-01-01,是,邹县,举人,,,,,,孔传儇，孔子第62代孙。,
徐氏,孔,传,女,62,1528-01-01,1608-01-01,是,滕县,进士,,,,,,徐氏，孔子第62代孙。,
孔传儉,孔,传,男,62,1530-01-01,1590-01-01,是,峄县,太学生,,,,,,孔传儉，孔子第62代孙。,
胡姑,孔,传,女,62,1532-01-01,1605-01-01,是,金乡,县丞,,,,,,胡姑，孔子第62代孙。,
孔传儋,孔,传,男,62,1525-01-01,1606-01-01,是,鱼台,主簿,,,,,,孔传儋，孔子第62代孙。,
孔传儌,孔,传,男,62,1528-01-01,1605-01-01,是,嘉祥,训导,,,,,,孔传儌，孔子第62代孙。,
孔传儍,孔,传,男,62,1530-01-01,1598-01-01,是,汶上,教谕,,,,,,孔传儍，孔子第62代孙。,
孔传儎,孔,传,男,62,1525-01-01,1587-01-01,是,泗水,商人,,,,,,孔传儎，孔子第62代孙。,
郭娘,孔,传,女,62,1532-01-01,1608-01-01,是,宁阳,官员,,,,,,郭娘，孔子第62代孙。,
孔传儐,孔,传,男,62,1526-01-01,1608-01-01,是,兖州,学者,,,,,,孔传儐，孔子第62代孙。,
张氏,孔,传,女,62,1530-01-01,1610-01-01,是,东平,大夫,,,,,,张氏，孔子第62代孙。,
孔传儒,孔,传,男,62,1525-01-01,1592-01-01,是,寿张,士,,,,,,孔传儒，孔子第62代孙。,
孔传儓,孔,传,男,62,1527-01-01,1601-01-01,是,范县,农,,,,,,孔传儓，孔子第62代孙。,
孔传儔,孔,传,男,62,1531-01-01,1614-01-01,是,濮州,商,,,,,,孔传儔，孔子第62代孙。,
孔传儕,孔,传,男,62,1528-01-01,1601-01-01,是,开州,儒,,,,,,孔传儕，孔子第62代孙。,
孔传儖,孔,传,男,62,1527-01-01,1602-01-01,是,长垣,工部侍郎,,,,,,孔传儖，孔子第62代孙。,
孔传儗,孔,传,男,62,1527-01-01,1604-01-01,是,东明,礼部尚书,,,,,,孔传儗，孔子第62代孙。,
黄娘,孔,传,女,62,1525-01-01,1590-01-01,是,荷泽,知州,,,,,,黄娘，孔子第62代孙。,
孔传儙,孔,传,男,62,1526-01-01,1603-01-01,是,曹州,知县,,,,,,孔传儙，孔子第62代孙。,
吴氏,孔,传,女,62,1528-01-01,1612-01-01,是,定陶,举人,,,,,,吴氏，孔子第62代孙。,
孔传儛,孔,传,男,62,1531-01-01,1611-01-01,是,单县,进士,,,,,,孔传儛，孔子第62代孙。,
孔传儜,孔,传,男,62,1532-01-01,1600-01-01,是,成武,太学生,,,,,,孔传儜，孔子第62代孙。,
胡氏,孔,传,女,62,1525-01-01,1588-01-01,是,巨野,县丞,,,,,,胡氏，孔子第62代孙。,
朱娘,孔,传,女,62,1526-01-01,1609-01-01,是,郓城,主簿,,,,,,朱娘，孔子第62代孙。,
孔传償,孔,传,男,62,1526-01-01,1586-01-01,是,鄄城,训导,,,,,,孔传償，孔子第62代孙。,
林氏,孔,传,女,62,1532-01-01,1611-01-01,是,曲阜,教谕,,,,,,林氏，孔子第62代孙。,
孔传儡,孔,传,男,62,1527-01-01,1605-01-01,是,滋阳,商人,,,,,,孔传儡，孔子第62代孙。,
孔传儢,孔,传,男,62,1525-01-01,1596-01-01,是,济宁,官员,,,,,,孔传儢，孔子第62代孙。,
孔传儣,孔,传,男,62,1529-01-01,1611-01-01,是,邹县,学者,,,,,,孔传儣，孔子第62代孙。,
孔传儤,孔,传,男,62,1525-01-01,1597-01-01,是,滕县,大夫,,,,,,孔传儤，孔子第62代孙。,
孔传儥,孔,传,男,62,1526-01-01,1587-01-01,是,峄县,士,,,,,,孔传儥，孔子第62代孙。,
孔传儦,孔,传,男,62,1525-01-01,1594-01-01,是,金乡,农,,,,,,孔传儦，孔子第62代孙。,
刘娘,孔,传,女,62,1528-01-01,1599-01-01,是,鱼台,商,,,,,,刘娘，孔子第62代孙。,
陈姑,孔,传,女,62,1531-01-01,1604-01-01,是,嘉祥,儒,,,,,,陈姑，孔子第62代孙。,
孔传儩,孔,传,男,62,1526-01-01,1603-01-01,是,汶上,工部侍郎,,,,,,孔传儩，孔子第62代孙。,
赵娘,孔,传,女,62,1528-01-01,1591-01-01,是,泗水,礼部尚书,,,,,,赵娘，孔子第62代孙。,
孔传儫,孔,传,男,62,1526-01-01,1586-01-01,是,宁阳,知州,,,,,,孔传儫，孔子第62代孙。,
孔传儬,孔,传,男,62,1531-01-01,1606-01-01,是,兖州,知县,,,,,,孔传儬，孔子第62代孙。,
孔传儭,孔,传,男,62,1531-01-01,1593-01-01,是,东平,举人,,,,,,孔传儭，孔子第62代孙。,
孔传儮,孔,传,男,62,1532-01-01,1596-01-01,是,寿张,进士,,,,,,孔传儮，孔子第62代孙。,
孔传儯,孔,传,男,62,1532-01-01,1606-01-01,是,范县,太学生,,,,,,孔传儯，孔子第62代孙。,
孔传儰,孔,传,男,62,1530-01-01,1601-01-01,是,濮州,县丞,,,,,,孔传儰，孔子第62代孙。,
孔传儱,孔,传,男,62,1527-01-01,1603-01-01,是,开州,主簿,,,,,,孔传儱，孔子第62代孙。,
高氏,孔,传,女,62,1527-01-01,1596-01-01,是,长垣,训导,,,,,,高氏，孔子第62代孙。,
孔传儳,孔,传,男,62,1531-01-01,1605-01-01,是,东明,教谕,,,,,,孔传儳，孔子第62代孙。,
孔传儴,孔,传,男,62,1525-01-01,1597-01-01,是,荷泽,商人,,,,,,孔传儴，孔子第62代孙。,
孔传儵,孔,传,男,62,1525-01-01,1590-01-01,是,曹州,官员,,,,,,孔传儵，孔子第62代孙。,
孔传儶,孔,传,男,62,1531-01-01,1598-01-01,是,定陶,学者,,,,,,孔传儶，孔子第62代孙。,
孔传儷,孔,传,男,62,1529-01-01,1599-01-01,是,单县,大夫,,,,,,孔传儷，孔子第62代孙。,
孔传儸,孔,传,男,62,1525-01-01,1604-01-01,是,成武,士,,,,,,孔传儸，孔子第62代孙。,
李娘,孔,传,女,62,1530-01-01,1590-01-01,是,巨野,农,,,,,,李娘，孔子第62代孙。,
孔传儺,孔,传,男,62,1529-01-01,1594-01-01,是,郓城,商,,,,,,孔传儺，孔子第62代孙。,
孔传儻,孔,传,男,62,1530-01-01,1612-01-01,是,鄄城,儒,,,,,,孔传儻，孔子第62代孙。,
杨娘,孔,传,女,62,1527-01-01,1595-01-01,是,曲阜,工部侍郎,,,,,,杨娘，孔子第62代孙。,
赵姑,孔,传,女,62,1530-01-01,1599-01-01,是,滋阳,礼部尚书,,,,,,赵姑，孔子第62代孙。,
孔传儾,孔,传,男,62,1527-01-01,1603-01-01,是,济宁,知州,,,,,,孔传儾，孔子第62代孙。,
孔传儿,孔,传,男,62,1525-01-01,1590-01-01,是,邹县,知县,,,,,,孔传儿，孔子第62代孙。,
吴姑,孔,传,女,62,1527-01-01,1594-01-01,是,滕县,举人,,,,,,吴姑，孔子第62代孙。,
孔传允,孔,传,男,62,1529-01-01,1598-01-01,是,峄县,进士,,,,,,孔传允，孔子第62代孙。,
孙娘,孔,传,女,62,1530-01-01,1595-01-01,是,金乡,太学生,,,,,,孙娘，孔子第62代孙。,
孔传元,孔,传,男,62,1531-01-01,1612-01-01,是,鱼台,县丞,,,,,,孔传元，孔子第62代孙。,
朱氏,孔,传,女,62,1527-01-01,1611-01-01,是,嘉祥,主簿,,,,,,朱氏，孔子第62代孙。,
孔传充,孔,传,男,62,1531-01-01,1599-01-01,是,汶上,训导,,,,,,孔传充，孔子第62代孙。,
孔传兆,孔,传,男,62,1528-01-01,1597-01-01,是,泗水,教谕,,,,,,孔传兆，孔子第62代孙。,
孔传兇,孔,传,男,62,1527-01-01,1589-01-01,是,宁阳,商人,,,,,,孔传兇，孔子第62代孙。,
郭娘,孔,传,女,62,1529-01-01,1597-01-01,是,兖州,官员,,,,,,郭娘，孔子第62代孙。,
马姑,孔,传,女,62,1528-01-01,1606-01-01,是,东平,学者,,,,,,马姑，孔子第62代孙。,
孔传兊,孔,传,男,62,1528-01-01,1601-01-01,是,寿张,大夫,,,,,,孔传兊，孔子第62代孙。,
王娘,孔,传,女,62,1532-01-01,1599-01-01,是,范县,士,,,,,,王娘，孔子第62代孙。,
孔传兌,孔,传,男,62,1527-01-01,1597-01-01,是,濮州,农,,,,,,孔传兌，孔子第62代孙。,
孔传免,孔,传,男,62,1528-01-01,1590-01-01,是,开州,商,,,,,,孔传免，孔子第62代孙。,
孔传兎,孔,传,男,62,1530-01-01,1613-01-01,是,长垣,儒,,,,,,孔传兎，孔子第62代孙。,
孔传兏,孔,传,男,62,1526-01-01,1601-01-01,是,东明,工部侍郎,,,,,,孔传兏，孔子第62代孙。,
孔传児,孔,传,男,62,1528-01-01,1610-01-01,是,荷泽,礼部尚书,,,,,,孔传児，孔子第62代孙。,
黄娘,孔,传,女,62,1531-01-01,1614-01-01,是,曹州,知州,,,,,,黄娘，孔子第62代孙。,
孔传兒,孔,传,男,62,1529-01-01,1592-01-01,是,定陶,知县,,,,,,孔传兒，孔子第62代孙。,
孔传兓,孔,传,男,62,1530-01-01,1607-01-01,是,单县,举人,,,,,,孔传兓，孔子第62代孙。,
孔传兔,孔,传,男,62,1525-01-01,1604-01-01,是,成武,进士,,,,,,孔传兔，孔子第62代孙。,
孔传兕,孔,传,男,62,1526-01-01,1589-01-01,是,巨野,太学生,,,,,,孔传兕，孔子第62代孙。,
孔传兖,孔,传,男,62,1528-01-01,1611-01-01,是,郓城,县丞,,,,,,孔传兖，孔子第62代孙。,
孔传兗,孔,传,男,62,1531-01-01,1599-01-01,是,鄄城,主簿,,,,,,孔传兗，孔子第62代孙。,
高姑,孔,传,女,62,1527-01-01,1608-01-01,是,曲阜,训导,,,,,,高姑，孔子第62代孙。,
孔传兙,孔,传,男,62,1528-01-01,1599-01-01,是,滋阳,教谕,,,,,,孔传兙，孔子第62代孙。,
何娘,孔,传,女,62,1532-01-01,1612-01-01,是,济宁,商人,,,,,,何娘，孔子第62代孙。,
孔传兛,孔,传,男,62,1531-01-01,1592-01-01,是,邹县,官员,,,,,,孔传兛，孔子第62代孙。,
孔传兜,孔,传,男,62,1528-01-01,1605-01-01,是,滕县,学者,,,,,,孔传兜，孔子第62代孙。,
孔传兝,孔,传,男,62,1532-01-01,1610-01-01,是,峄县,大夫,,,,,,孔传兝，孔子第62代孙。,
王姑,孔,传,女,62,1529-01-01,1610-01-01,是,金乡,士,,,,,,王姑，孔子第62代孙。,
李氏,孔,传,女,62,1530-01-01,1596-01-01,是,鱼台,农,,,,,,李氏，孔子第62代孙。,
孔传兠,孔,传,男,62,1527-01-01,1600-01-01,是,嘉祥,商,,,,,,孔传兠，孔子第62代孙。,
孔传兡,孔,传,男,62,1527-01-01,1604-01-01,是,汶上,儒,,,,,,孔传兡，孔子第62代孙。,
杨氏,孔,传,女,62,1532-01-01,1594-01-01,是,泗水,工部侍郎,,,,,,杨氏，孔子第62代孙。,
孔传兣,孔,传,男,62,1530-01-01,1613-01-01,是,宁阳,礼部尚书,,,,,,孔传兣，孔子第62代孙。,
孔传兤,孔,传,男,62,1528-01-01,1599-01-01,是,兖州,知州,,,,,,孔传兤，孔子第62代孙。,
孔传入,孔,传,男,62,1528-01-01,1601-01-01,是,东平,知县,,,,,,孔传入，孔子第62代孙。,
孔传兦,孔,传,男,62,1529-01-01,1610-01-01,是,寿张,举人,,,,,,孔传兦，孔子第62代孙。,
徐姑,孔,传,女,62,1528-01-01,1598-01-01,是,范县,进士,,,,,,徐姑，孔子第62代孙。,
孔传全,孔,传,男,62,1527-01-01,1605-01-01,是,濮州,太学生,,,,,,孔传全，孔子第62代孙。,
胡娘,孔,传,女,62,1526-01-01,1594-01-01,是,开州,县丞,,,,,,胡娘，孔子第62代孙。,
孔传兪,孔,传,男,62,1527-01-01,1598-01-01,是,长垣,主簿,,,,,,孔传兪，孔子第62代孙。,
高氏,孔,传,女,62,1529-01-01,1611-01-01,是,东明,训导,,,,,,高氏，孔子第62代孙。,
林娘,孔,传,女,62,1528-01-01,1610-01-01,是,荷泽,教谕,,,,,,林娘，孔子第62代孙。,
孔传六,孔,传,男,62,1529-01-01,1608-01-01,是,曹州,商人,,,,,,孔传六，孔子第62代孙。,
孔传兮,孔,传,男,62,1530-01-01,1599-01-01,是,定陶,官员,,,,,,孔传兮，孔子第62代孙。,
孔传兯,孔,传,男,62,1530-01-01,1613-01-01,是,单县,学者,,,,,,孔传兯，孔子第62代孙。,
孔传兰,孔,传,男,62,1529-01-01,1600-01-01,是,成武,大夫,,,,,,孔传兰，孔子第62代孙。,
孔传共,孔,传,男,62,1531-01-01,1610-01-01,是,巨野,士,,,,,,孔传共，孔子第62代孙。,
孔传兲,孔,传,男,62,1529-01-01,1605-01-01,是,郓城,农,,,,,,孔传兲，孔子第62代孙。,
刘姑,孔,传,女,62,1529-01-01,1606-01-01,是,鄄城,商,,,,,,刘姑，孔子第62代孙。,
孔传兴,孔,传,男,62,1532-01-01,1593-01-01,是,曲阜,儒,,,,,,孔传兴，孔子第62代孙。,
杨娘,孔,传,女,62,1529-01-01,1591-01-01,是,滋阳,工部侍郎,,,,,,杨娘，孔子第62代孙。,
赵姑,孔,传,女,62,1531-01-01,1595-01-01,是,济宁,礼部尚书,,,,,,赵姑，孔子第62代孙。,
黄氏,孔,传,女,62,1529-01-01,1603-01-01,是,邹县,知州,,,,,,黄氏，孔子第62代孙。,
孔传典,孔,传,男,62,1525-01-01,1593-01-01,是,滕县,知县,,,,,,孔传典，孔子第62代孙。,
吴姑,孔,传,女,62,1527-01-01,1588-01-01,是,峄县,举人,,,,,,吴姑，孔子第62代孙。,
孔传兺,孔,传,男,62,1530-01-01,1610-01-01,是,金乡,进士,,,,,,孔传兺，孔子第62代孙。,
孔传养,孔,传,男,62,1530-01-01,1591-01-01,是,鱼台,太学生,,,,,,孔传养，孔子第62代孙。,
胡姑,孔,传,女,62,1525-01-01,1592-01-01,是,嘉祥,县丞,,,,,,胡姑，孔子第62代孙。,
朱氏,孔,传,女,62,1525-01-01,1586-01-01,是,汶上,主簿,,,,,,朱氏，孔子第62代孙。,
孔传兾,孔,传,男,62,1527-01-01,1601-01-01,是,泗水,训导,,,,,,孔传兾，孔子第62代孙。,
林姑,孔,传,女,62,1532-01-01,1592-01-01,是,宁阳,教谕,,,,,,林姑，孔子第62代孙。,
何氏,孔,传,女,62,1526-01-01,1596-01-01,是,兖州,商人,,,,,,何氏，孔子第62代孙。,
孔传冁,孔,传,男,62,1527-01-01,1603-01-01,是,东平,官员,,,,,,孔传冁，孔子第62代孙。,
马姑,孔,传,女,62,1532-01-01,1608-01-01,是,寿张,学者,,,,,,马姑，孔子第62代孙。,
孔传冃,孔,传,男,62,1526-01-01,1588-01-01,是,范县,大夫,,,,,,孔传冃，孔子第62代孙。,
孔传冄,孔,传,男,62,1528-01-01,1609-01-01,是,濮州,士,,,,,,孔传冄，孔子第62代孙。,
孔传内,孔,传,男,62,1531-01-01,1608-01-01,是,开州,农,,,,,,孔传内，孔子第62代孙。,
孔传円,孔,传,男,62,1526-01-01,1595-01-01,是,长垣,商,,,,,,孔传円，孔子第62代孙。,
孔传冇,孔,传,男,62,1530-01-01,1596-01-01,是,东明,儒,,,,,,孔传冇，孔子第62代孙。,
孔传冈,孔,传,男,62,1527-01-01,1609-01-01,是,荷泽,工部侍郎,,,,,,孔传冈，孔子第62代孙。,
赵氏,孔,传,女,62,1530-01-01,1606-01-01,是,曹州,礼部尚书,,,,,,赵氏，孔子第62代孙。,
孔传冊,孔,传,男,62,1527-01-01,1591-01-01,是,定陶,知州,,,,,,孔传冊，孔子第62代孙。,
孔传冋,孔,传,男,62,1530-01-01,1605-01-01,是,单县,知县,,,,,,孔传冋，孔子第62代孙。,
孔传册,孔,传,男,62,1527-01-01,1604-01-01,是,成武,举人,,,,,,孔传册，孔子第62代孙。,
徐娘,孔,传,女,62,1526-01-01,1589-01-01,是,巨野,进士,,,,,,徐娘，孔子第62代孙。,
孙姑,孔,传,女,62,1530-01-01,1592-01-01,是,郓城,太学生,,,,,,孙姑，孔子第62代孙。,
孔传冏,孔,传,男,62,1531-01-01,1604-01-01,是,鄄城,县丞,,,,,,孔传冏，孔子第62代孙。,
朱娘,孔,传,女,62,1526-01-01,1605-01-01,是,曲阜,主簿,,,,,,朱娘，孔子第62代孙。,
高姑,孔,传,女,62,1531-01-01,1603-01-01,是,滋阳,训导,,,,,,高姑，孔子第62代孙。,
孔传冒,孔,传,男,62,1528-01-01,1588-01-01,是,济宁,教谕,,,,,,孔传冒，孔子第62代孙。,
孔传冓,孔,传,男,62,1528-01-01,1590-01-01,是,邹县,商人,,,,,,孔传冓，孔子第62代孙。,
孔传冔,孔,传,男,62,1531-01-01,1610-01-01,是,滕县,官员,,,,,,孔传冔，孔子第62代孙。,
马氏,孔,传,女,62,1525-01-01,1604-01-01,是,峄县,学者,,,,,,马氏，孔子第62代孙。,
孔传冖,孔,传,男,62,1529-01-01,1605-01-01,是,金乡,大夫,,,,,,孔传冖，孔子第62代孙。,
孔传冗,孔,传,男,62,1532-01-01,1606-01-01,是,鱼台,士,,,,,,孔传冗，孔子第62代孙。,
李氏,孔,传,女,62,1529-01-01,1602-01-01,是,嘉祥,农,,,,,,李氏，孔子第62代孙。,
刘娘,孔,传,女,62,1526-01-01,1610-01-01,是,汶上,商,,,,,,刘娘，孔子第62代孙。,
陈姑,孔,传,女,62,1531-01-01,1605-01-01,是,泗水,儒,,,,,,陈姑，孔子第62代孙。,
孔传军,孔,传,男,62,1526-01-01,1589-01-01,是,宁阳,工部侍郎,,,,,,孔传军，孔子第62代孙。,
孔传农,孔,传,男,62,1530-01-01,1609-01-01,是,兖州,礼部尚书,,,,,,孔传农，孔子第62代孙。,
黄姑,孔,传,女,62,1532-01-01,1599-01-01,是,东平,知州,,,,,,黄姑，孔子第62代孙。,
孔传冞,孔,传,男,62,1526-01-01,1604-01-01,是,寿张,知县,,,,,,孔传冞，孔子第62代孙。,
孔传冟,孔,传,男,62,1529-01-01,1593-01-01,是,范县,举人,,,,,,孔传冟，孔子第62代孙。,
孔传冠,孔,传,男,62,1528-01-01,1602-01-01,是,濮州,进士,,,,,,孔传冠，孔子第62代孙。,
孙氏,孔,传,女,62,1530-01-01,1610-01-01,是,开州,太学生,,,,,,孙氏，孔子第62代孙。,
孔传冢,孔,传,男,62,1531-01-01,1613-01-01,是,长垣,县丞,,,,,,孔传冢，孔子第62代孙。,
孔传冣,孔,传,男,62,1527-01-01,1593-01-01,是,东明,主簿,,,,,,孔传冣，孔子第62代孙。,
孔传冤,孔,传,男,62,1528-01-01,1596-01-01,是,荷泽,训导,,,,,,孔传冤，孔子第62代孙。,
孔传冥,孔,传,男,62,1532-01-01,1599-01-01,是,曹州,教谕,,,,,,孔传冥，孔子第62代孙。,
孔传冦,孔,传,男,62,1532-01-01,1615-01-01,是,定陶,商人,,,,,,孔传冦，孔子第62代孙。,
郭氏,孔,传,女,62,1531-01-01,1598-01-01,是,单县,官员,,,,,,郭氏，孔子第62代孙。,
马娘,孔,传,女,62,1529-01-01,1606-01-01,是,成武,学者,,,,,,马娘，孔子第62代孙。,
张姑,孔,传,女,62,1530-01-01,1606-01-01,是,巨野,大夫,,,,,,张姑，孔子第62代孙。,
孔传冪,孔,传,男,62,1530-01-01,1604-01-01,是,郓城,士,,,,,,孔传冪，孔子第62代孙。,
孔传冫,孔,传,男,62,1531-01-01,1606-01-01,是,鄄城,农,,,,,,孔传冫，孔子第62代孙。,
孔传冬,孔,传,男,62,1528-01-01,1604-01-01,是,曲阜,商,,,,,,孔传冬，孔子第62代孙。,
孔传冭,孔,传,男,62,1527-01-01,1607-01-01,是,滋阳,儒,,,,,,孔传冭，孔子第62代孙。,
孔传冮,孔,传,男,62,1527-01-01,1603-01-01,是,济宁,工部侍郎,,,,,,孔传冮，孔子第62代孙。,
孔传冯,孔,传,男,62,1525-01-01,1609-01-01,是,邹县,礼部尚书,,,,,,孔传冯，孔子第62代孙。,
黄氏,孔,传,女,62,1532-01-01,1613-01-01,是,滕县,知州,,,,,,黄氏，孔子第62代孙。,
孔传冱,孔,传,男,62,1530-01-01,1594-01-01,是,峄县,知县,,,,,,孔传冱，孔子第62代孙。,
孔传冲,孔,传,男,62,1526-01-01,1605-01-01,是,金乡,举人,,,,,,孔传冲，孔子第62代孙。,
孔传决,孔,传,男,62,1530-01-01,1590-01-01,是,鱼台,进士,,,,,,孔传决，孔子第62代孙。,
孔传冴,孔,传,男,62,1525-01-01,1595-01-01,是,嘉祥,太学生,,,,,,孔传冴，孔子第62代孙。,
孔传况,孔,传,男,62,1530-01-01,1595-01-01,是,汶上,县丞,,,,,,孔传况，孔子第62代孙。,
孔传冶,孔,传,男,62,1526-01-01,1610-01-01,是,泗水,主簿,,,,,,孔传冶，孔子第62代孙。,
孔传冷,孔,传,男,62,1528-01-01,1611-01-01,是,宁阳,训导,,,,,,孔传冷，孔子第62代孙。,
林姑,孔,传,女,62,1527-01-01,1610-01-01,是,兖州,教谕,,,,,,林姑，孔子第62代孙。,
何氏,孔,传,女,62,1527-01-01,1604-01-01,是,东平,商人,,,,,,何氏，孔子第62代孙。,
孔传冺,孔,传,男,62,1529-01-01,1605-01-01,是,寿张,官员,,,,,,孔传冺，孔子第62代孙。,
孔传冻,孔,传,男,62,1530-01-01,1592-01-01,是,范县,学者,,,,,,孔传冻，孔子第62代孙。,
张氏,孔,传,女,62,1530-01-01,1604-01-01,是,濮州,大夫,,,,,,张氏，孔子第62代孙。,
孔传冽,孔,传,男,62,1525-01-01,1605-01-01,是,开州,士,,,,,,孔传冽，孔子第62代孙。,
孔传冾,孔,传,男,62,1525-01-01,1608-01-01,是,长垣,农,,,,,,孔传冾，孔子第62代孙。,
孔传冿,孔,传,男,62,1530-01-01,1605-01-01,是,东明,商,,,,,,孔传冿，孔子第62代孙。,
陈娘,孔,传,女,62,1525-01-01,1600-01-01,是,荷泽,儒,,,,,,陈娘，孔子第62代孙。,
孔传凁,孔,传,男,62,1525-01-01,1599-01-01,是,曹州,工部侍郎,,,,,,孔传凁，孔子第62代孙。,
孔传凂,孔,传,男,62,1530-01-01,1609-01-01,是,定陶,礼部尚书,,,,,,孔传凂，孔子第62代孙。,
黄娘,孔,传,女,62,1530-01-01,1611-01-01,是,单县,知州,,,,,,黄娘，孔子第62代孙。,
孔传凄,孔,传,男,62,1527-01-01,1596-01-01,是,成武,知县,,,,,,孔传凄，孔子第62代孙。,
吴氏,孔,传,女,62,1530-01-01,1598-01-01,是,巨野,举人,,,,,,吴氏，孔子第62代孙。,
孔传准,孔,传,男,62,1531-01-01,1597-01-01,是,郓城,进士,,,,,,孔传准，孔子第62代孙。,
孔传凇,孔,传,男,62,1525-01-01,1589-01-01,是,鄄城,太学生,,,,,,孔传凇，孔子第62代孙。,
胡氏,孔,传,女,62,1529-01-01,1609-01-01,是,曲阜,县丞,,,,,,胡氏，孔子第62代孙。,
孔传凉,孔,传,男,62,1528-01-01,1588-01-01,是,滋阳,主簿,,,,,,孔传凉，孔子第62代孙。,
孔传凊,孔,传,男,62,1530-01-01,1613-01-01,是,济宁,训导,,,,,,孔传凊，孔子第62代孙。,
孔传凋,孔,传,男,62,1532-01-01,1607-01-01,是,邹县,教谕,,,,,,孔传凋，孔子第62代孙。,
何娘,孔,传,女,62,1531-01-01,1593-01-01,是,滕县,商人,,,,,,何娘，孔子第62代孙。,
孔传凍,孔,传,男,62,1530-01-01,1606-01-01,是,峄县,官员,,,,,,孔传凍，孔子第62代孙。,
马氏,孔,传,女,62,1531-01-01,1609-01-01,是,金乡,学者,,,,,,马氏，孔子第62代孙。,
孔传减,孔,传,男,62,1530-01-01,1604-01-01,是,鱼台,大夫,,,,,,孔传减，孔子第62代孙。,
王姑,孔,传,女,62,1525-01-01,1593-01-01,是,嘉祥,士,,,,,,王姑，孔子第62代孙。,
孔传凑,孔,传,男,62,1527-01-01,1601-01-01,是,汶上,农,,,,,,孔传凑，孔子第62代孙。,
刘娘,孔,传,女,62,1527-01-01,1606-01-01,是,泗水,商,,,,,,刘娘，孔子第62代孙。,
陈姑,孔,传,女,62,1532-01-01,1610-01-01,是,宁阳,儒,,,,,,陈姑，孔子第62代孙。,
孔传凔,孔,传,男,62,1529-01-01,1612-01-01,是,兖州,工部侍郎,,,,,,孔传凔，孔子第62代孙。,
赵娘,孔,传,女,62,1532-01-01,1605-01-01,是,东平,礼部尚书,,,,,,赵娘，孔子第62代孙。,
孔传凖,孔,传,男,62,1525-01-01,1605-01-01,是,寿张,知州,,,,,,孔传凖，孔子第62代孙。,
孔传凗,孔,传,男,62,1528-01-01,1603-01-01,是,范县,知县,,,,,,孔传凗，孔子第62代孙。,
孔传凘,孔,传,男,62,1527-01-01,1610-01-01,是,濮州,举人,,,,,,孔传凘，孔子第62代孙。,
孔传凙,孔,传,男,62,1528-01-01,1605-01-01,是,开州,进士,,,,,,孔传凙，孔子第62代孙。,
孔传凚,孔,传,男,62,1525-01-01,1597-01-01,是,长垣,太学生,,,,,,孔传凚，孔子第62代孙。,
孔传凛,孔,传,男,62,1525-01-01,1590-01-01,是,东明,县丞,,,,,,孔传凛，孔子第62代孙。,
孔传凜,孔,传,男,62,1531-01-01,1612-01-01,是,荷泽,主簿,,,,,,孔传凜，孔子第62代孙。,
孔传凝,孔,传,男,62,1527-01-01,1587-01-01,是,曹州,训导,,,,,,孔传凝，孔子第62代孙。,
孔传凞,孔,传,男,62,1529-01-01,1601-01-01,是,定陶,教谕,,,,,,孔传凞，孔子第62代孙。,
孔传凟,孔,传,男,62,1529-01-01,1603-01-01,是,单县,商人,,,,,,孔传凟，孔子第62代孙。,
孔传几,孔,传,男,62,1530-01-01,1610-01-01,是,成武,官员,,,,,,孔传几，孔子第62代孙。,
孔传凡,孔,传,男,62,1529-01-01,1600-01-01,是,巨野,学者,,,,,,孔传凡，孔子第62代孙。,
张姑,孔,传,女,62,1527-01-01,1609-01-01,是,郓城,大夫,,,,,,张姑，孔子第62代孙。,
孔传凣,孔,传,男,62,1528-01-01,1595-01-01,是,鄄城,士,,,,,,孔传凣，孔子第62代孙。,
孔传凤,孔,传,男,62,1532-01-01,1603-01-01,是,曲阜,农,,,,,,孔传凤，孔子第62代孙。,
孔传凥,孔,传,男,62,1527-01-01,1606-01-01,是,滋阳,商,,,,,,孔传凥，孔子第62代孙。,
孔传処,孔,传,男,62,1528-01-01,1611-01-01,是,济宁,儒,,,,,,孔传処，孔子第62代孙。,
杨娘,孔,传,女,62,1525-01-01,1604-01-01,是,邹县,工部侍郎,,,,,,杨娘，孔子第62代孙。,
孔传一,孔,传,男,62,1530-01-01,1594-01-01,是,滕县,礼部尚书,,,,,,孔传一，孔子第62代孙。,
黄氏,孔,传,女,62,1525-01-01,1604-01-01,是,峄县,知州,,,,,,黄氏，孔子第62代孙。,
周娘,孔,传,女,62,1525-01-01,1604-01-01,是,金乡,知县,,,,,,周娘，孔子第62代孙。,
吴姑,孔,传,女,62,1530-01-01,1590-01-01,是,鱼台,举人,,,,,,吴姑，孔子第62代孙。,
孔传丄,孔,传,男,62,1527-01-01,1605-01-01,是,嘉祥,进士,,,,,,孔传丄，孔子第62代孙。,
孙娘,孔,传,女,62,1526-01-01,1593-01-01,是,汶上,太学生,,,,,,孙娘，孔子第62代孙。,
胡姑,孔,传,女,62,1532-01-01,1616-01-01,是,泗水,县丞,,,,,,胡姑，孔子第62代孙。,
孔传万,孔,传,男,62,1529-01-01,1608-01-01,是,宁阳,主簿,,,,,,孔传万，孔子第62代孙。,
高娘,孔,传,女,62,1532-01-01,1600-01-01,是,兖州,训导,,,,,,高娘，孔子第62代孙。,
林姑,孔,传,女,62,1525-01-01,1609-01-01,是,东平,教谕,,,,,,林姑，孔子第62代孙。,
孔传上,孔,传,男,62,1527-01-01,1608-01-01,是,寿张,商人,,,,,,孔传上，孔子第62代孙。,
郭娘,孔,传,女,62,1529-01-01,1593-01-01,是,范县,官员,,,,,,郭娘，孔子第62代孙。,
孔传丌,孔,传,男,62,1531-01-01,1614-01-01,是,濮州,学者,,,,,,孔传丌，孔子第62代孙。,
孔传不,孔,传,男,62,1532-01-01,1598-01-01,是,开州,大夫,,,,,,孔传不，孔子第62代孙。,
王娘,孔,传,女,62,1527-01-01,1591-01-01,是,长垣,士,,,,,,王娘，孔子第62代孙。,
孔传丏,孔,传,男,62,1530-01-01,1593-01-01,是,东明,农,,,,,,孔传丏，孔子第62代孙。,
刘氏,孔,传,女,62,1527-01-01,1604-01-01,是,荷泽,商,,,,,,刘氏，孔子第62代孙。,
孔传丑,孔,传,男,62,1532-01-01,1601-01-01,是,曹州,儒,,,,,,孔传丑，孔子第62代孙。,
孔传丒,孔,传,男,62,1525-01-01,1592-01-01,是,定陶,工部侍郎,,,,,,孔传丒，孔子第62代孙。,
赵氏,孔,传,女,62,1530-01-01,1612-01-01,是,单县,礼部尚书,,,,,,赵氏，孔子第62代孙。,
孔传且,孔,传,男,62,1526-01-01,1609-01-01,是,成武,知州,,,,,,孔传且，孔子第62代孙。,
周姑,孔,传,女,62,1525-01-01,1591-01-01,是,巨野,知县,,,,,,周姑，孔子第62代孙。,
孔传世,孔,传,男,62,1530-01-01,1609-01-01,是,郓城,举人,,,,,,孔传世，孔子第62代孙。,
孔传丗,孔,传,男,62,1529-01-01,1594-01-01,是,鄄城,进士,,,,,,孔传丗，孔子第62代孙。,
孔传丘,孔,传,男,62,1525-01-01,1604-01-01,是,曲阜,太学生,,,,,,孔传丘，孔子第62代孙。,
孔传丙,孔,传,男,62,1525-01-01,1586-01-01,是,滋阳,县丞,,,,,,孔传丙，孔子第62代孙。,
朱娘,孔,传,女,62,1529-01-01,1601-01-01,是,济宁,主簿,,,,,,朱娘，孔子第62代孙。,
高姑,孔,传,女,62,1526-01-01,1589-01-01,是,邹县,训导,,,,,,高姑，孔子第62代孙。,
孔传东,孔,传,男,62,1530-01-01,1602-01-01,是,滕县,教谕,,,,,,孔传东，孔子第62代孙。,
孔传丝,孔,传,男,62,1531-01-01,1610-01-01,是,峄县,商人,,,,,,孔传丝，孔子第62代孙。,
郭姑,孔,传,女,62,1530-01-01,1595-01-01,是,金乡,官员,,,,,,郭姑，孔子第62代孙。,
孔传丟,孔,传,男,62,1526-01-01,1599-01-01,是,鱼台,学者,,,,,,孔传丟，孔子第62代孙。,
张娘,孔,传,女,62,1526-01-01,1605-01-01,是,嘉祥,大夫,,,,,,张娘，孔子第62代孙。,
孔传両,孔,传,男,62,1529-01-01,1593-01-01,是,汶上,士,,,,,,孔传両，孔子第62代孙。,
孔传丢,孔,传,男,62,1530-01-01,1591-01-01,是,泗水,农,,,,,,孔传丢，孔子第62代孙。,
刘娘,孔,传,女,62,1526-01-01,1596-01-01,是,宁阳,商,,,,,,刘娘，孔子第62代孙。,
陈姑,孔,传,女,62,1528-01-01,1612-01-01,是,兖州,儒,,,,,,陈姑，孔子第62代孙。,
孔传严,孔,传,男,62,1528-01-01,1605-01-01,是,东平,工部侍郎,,,,,,孔传严，孔子第62代孙。,
赵娘,孔,传,女,62,1528-01-01,1609-01-01,是,寿张,礼部尚书,,,,,,赵娘，孔子第62代孙。,
孔传丧,孔,传,男,62,1525-01-01,1596-01-01,是,范县,知州,,,,,,孔传丧，孔子第62代孙。,
周氏,孔,传,女,62,1525-01-01,1602-01-01,是,濮州,知县,,,,,,周氏，孔子第62代孙。,
吴娘,孔,传,女,62,1527-01-01,1611-01-01,是,开州,举人,,,,,,吴娘，孔子第62代孙。,
徐姑,孔,传,女,62,1531-01-01,1591-01-01,是,长垣,进士,,,,,,徐姑，孔子第62代孙。,
孙氏,孔,传,女,62,1525-01-01,1588-01-01,是,东明,太学生,,,,,,孙氏，孔子第62代孙。,
孔传丬,孔,传,男,62,1530-01-01,1596-01-01,是,荷泽,县丞,,,,,,孔传丬，孔子第62代孙。,
孔传中,孔,传,男,62,1529-01-01,1594-01-01,是,曹州,主簿,,,,,,孔传中，孔子第62代孙。,
孔传丮,孔,传,男,62,1532-01-01,1613-01-01,是,定陶,训导,,,,,,孔传丮，孔子第62代孙。,
孔传丯,孔,传,男,62,1529-01-01,1612-01-01,是,单县,教谕,,,,,,孔传丯，孔子第62代孙。,
孔传丰,孔,传,男,62,1526-01-01,1595-01-01,是,成武,商人,,,,,,孔传丰，孔子第62代孙。,
孔传丱,孔,传,男,62,1532-01-01,1610-01-01,是,巨野,官员,,,,,,孔传丱，孔子第62代孙。,
马娘,孔,传,女,62,1526-01-01,1589-01-01,是,郓城,学者,,,,,,马娘，孔子第62代孙。,
张姑,孔,传,女,62,1525-01-01,1598-01-01,是,鄄城,大夫,,,,,,张姑，孔子第62代孙。,
孔传临,孔,传,男,62,1528-01-01,1590-01-01,是,曲阜,士,,,,,,孔传临，孔子第62代孙。,
孔传丵,孔,传,男,62,1528-01-01,1588-01-01,是,滋阳,农,,,,,,孔传丵，孔子第62代孙。,
孔传丶,孔,传,男,62,1531-01-01,1593-01-01,是,济宁,商,,,,,,孔传丶，孔子第62代孙。,
孔传丷,孔,传,男,62,1528-01-01,1609-01-01,是,邹县,儒,,,,,,孔传丷，孔子第62代孙。,
杨娘,孔,传,女,62,1526-01-01,1586-01-01,是,滕县,工部侍郎,,,,,,杨娘，孔子第62代孙。,
赵姑,孔,传,女,62,1525-01-01,1591-01-01,是,峄县,礼部尚书,,,,,,赵姑，孔子第62代孙。,
孔传为,孔,传,男,62,1527-01-01,1600-01-01,是,金乡,知州,,,,,,孔传为，孔子第62代孙。,
周娘,孔,传,女,62,1532-01-01,1606-01-01,是,鱼台,知县,,,,,,周娘，孔子第62代孙。,
孔继丼,孔,继,男,63,1556-01-01,1620-01-01,是,嘉祥,举人,,,,,,孔继丼，孔子第63代孙。,
孔继丽,孔,继,男,63,1560-01-01,1634-01-01,是,汶上,进士,,,,,,孔继丽，孔子第63代孙。,
孔继举,孔,继,男,63,1559-01-01,1636-01-01,是,泗水,太学生,,,,,,孔继举，孔子第63代孙。,
孔继丿,孔,继,男,63,1560-01-01,1634-01-01,是,宁阳,县丞,,,,,,孔继丿，孔子第63代孙。,
孔继乀,孔,继,男,63,1556-01-01,1636-01-01,是,兖州,主簿,,,,,,孔继乀，孔子第63代孙。,
高姑,孔,继,女,63,1558-01-01,1635-01-01,是,东平,训导,,,,,,高姑，孔子第63代孙。,
孔继乂,孔,继,男,63,1555-01-01,1619-01-01,是,寿张,教谕,,,,,,孔继乂，孔子第63代孙。,
孔继乃,孔,继,男,63,1557-01-01,1628-01-01,是,范县,商人,,,,,,孔继乃，孔子第63代孙。,
孔继乄,孔,继,男,63,1560-01-01,1639-01-01,是,濮州,官员,,,,,,孔继乄，孔子第63代孙。,
马氏,孔,继,女,63,1560-01-01,1628-01-01,是,开州,学者,,,,,,马氏，孔子第63代孙。,
孔继乆,孔,继,男,63,1557-01-01,1628-01-01,是,长垣,大夫,,,,,,孔继乆，孔子第63代孙。,
王姑,孔,继,女,63,1557-01-01,1622-01-01,是,东明,士,,,,,,王姑，孔子第63代孙。,
李氏,孔,继,女,63,1555-01-01,1638-01-01,是,荷泽,农,,,,,,李氏，孔子第63代孙。,
孔继义,孔,继,男,63,1557-01-01,1626-01-01,是,曹州,商,,,,,,孔继义，孔子第63代孙。,
陈姑,孔,继,女,63,1557-01-01,1622-01-01,是,定陶,儒,,,,,,陈姑，孔子第63代孙。,
孔继之,孔,继,男,63,1554-01-01,1626-01-01,是,单县,工部侍郎,,,,,,孔继之，孔子第63代孙。,
赵娘,孔,继,女,63,1556-01-01,1623-01-01,是,成武,礼部尚书,,,,,,赵娘，孔子第63代孙。,
黄姑,孔,继,女,63,1556-01-01,1617-01-01,是,巨野,知州,,,,,,黄姑，孔子第63代孙。,
孔继乎,孔,继,男,63,1556-01-01,1634-01-01,是,郓城,知县,,,,,,孔继乎，孔子第63代孙。,
孔继乏,孔,继,男,63,1560-01-01,1634-01-01,是,鄄城,举人,,,,,,孔继乏，孔子第63代孙。,
孔继乐,孔,继,男,63,1558-01-01,1626-01-01,是,曲阜,进士,,,,,,孔继乐，孔子第63代孙。,
孙氏,孔,继,女,63,1560-01-01,1628-01-01,是,滋阳,太学生,,,,,,孙氏，孔子第63代孙。,
胡娘,孔,继,女,63,1560-01-01,1634-01-01,是,济宁,县丞,,,,,,胡娘，孔子第63代孙。,
孔继乓,孔,继,男,63,1557-01-01,1629-01-01,是,邹县,主簿,,,,,,孔继乓，孔子第63代孙。,
孔继乔,孔,继,男,63,1556-01-01,1628-01-01,是,滕县,训导,,,,,,孔继乔，孔子第63代孙。,
林娘,孔,继,女,63,1553-01-01,1615-01-01,是,峄县,教谕,,,,,,林娘，孔子第63代孙。,
何姑,孔,继,女,63,1559-01-01,1630-01-01,是,金乡,商人,,,,,,何姑，孔子第63代孙。,
郭氏,孔,继,女,63,1555-01-01,1629-01-01,是,鱼台,官员,,,,,,郭氏，孔子第63代孙。,
孔继乘,孔,继,男,63,1557-01-01,1622-01-01,是,嘉祥,学者,,,,,,孔继乘，孔子第63代孙。,
孔继乙,孔,继,男,63,1554-01-01,1637-01-01,是,汶上,大夫,,,,,,孔继乙，孔子第63代孙。,
王氏,孔,继,女,63,1554-01-01,1636-01-01,是,泗水,士,,,,,,王氏，孔子第63代孙。,
孔继乛,孔,继,男,63,1559-01-01,1635-01-01,是,宁阳,农,,,,,,孔继乛，孔子第63代孙。,
孔继乜,孔,继,男,63,1559-01-01,1634-01-01,是,兖州,商,,,,,,孔继乜，孔子第63代孙。,
孔继九,孔,继,男,63,1555-01-01,1625-01-01,是,东平,儒,,,,,,孔继九，孔子第63代孙。,
杨娘,孔,继,女,63,1558-01-01,1628-01-01,是,寿张,工部侍郎,,,,,,杨娘，孔子第63代孙。,
孔继也,孔,继,男,63,1557-01-01,1631-01-01,是,范县,礼部尚书,,,,,,孔继也，孔子第63代孙。,
孔继习,孔,继,男,63,1557-01-01,1617-01-01,是,濮州,知州,,,,,,孔继习，孔子第63代孙。,
孔继乡,孔,继,男,63,1559-01-01,1629-01-01,是,开州,知县,,,,,,孔继乡，孔子第63代孙。,
孔继乢,孔,继,男,63,1554-01-01,1621-01-01,是,长垣,举人,,,,,,孔继乢，孔子第63代孙。,
孔继乣,孔,继,男,63,1558-01-01,1619-01-01,是,东明,进士,,,,,,孔继乣，孔子第63代孙。,
孔继乤,孔,继,男,63,1555-01-01,1621-01-01,是,荷泽,太学生,,,,,,孔继乤，孔子第63代孙。,
孔继乥,孔,继,男,63,1559-01-01,1622-01-01,是,曹州,县丞,,,,,,孔继乥，孔子第63代孙。,
孔继书,孔,继,男,63,1556-01-01,1639-01-01,是,定陶,主簿,,,,,,孔继书，孔子第63代孙。,
孔继乧,孔,继,男,63,1559-01-01,1635-01-01,是,单县,训导,,,,,,孔继乧，孔子第63代孙。,
孔继乨,孔,继,男,63,1560-01-01,1629-01-01,是,成武,教谕,,,,,,孔继乨，孔子第63代孙。,
何氏,孔,继,女,63,1560-01-01,1621-01-01,是,巨野,商人,,,,,,何氏，孔子第63代孙。,
孔继乪,孔,继,男,63,1559-01-01,1634-01-01,是,郓城,官员,,,,,,孔继乪，孔子第63代孙。,
孔继乫,孔,继,男,63,1559-01-01,1639-01-01,是,鄄城,学者,,,,,,孔继乫，孔子第63代孙。,
孔继乬,孔,继,男,63,1560-01-01,1643-01-01,是,曲阜,大夫,,,,,,孔继乬，孔子第63代孙。,
孔继乭,孔,继,男,63,1554-01-01,1615-01-01,是,滋阳,士,,,,,,孔继乭，孔子第63代孙。,
孔继乮,孔,继,男,63,1559-01-01,1630-01-01,是,济宁,农,,,,,,孔继乮，孔子第63代孙。,
孔继乯,孔,继,男,63,1558-01-01,1637-01-01,是,邹县,商,,,,,,孔继乯，孔子第63代孙。,
陈娘,孔,继,女,63,1553-01-01,1617-01-01,是,滕县,儒,,,,,,陈娘，孔子第63代孙。,
杨姑,孔,继,女,63,1556-01-01,1636-01-01,是,峄县,工部侍郎,,,,,,杨姑，孔子第63代孙。,
孔继乲,孔,继,男,63,1560-01-01,1620-01-01,是,金乡,礼部尚书,,,,,,孔继乲，孔子第63代孙。,
黄娘,孔,继,女,63,1554-01-01,1638-01-01,是,鱼台,知州,,,,,,黄娘，孔子第63代孙。,
孔继乴,孔,继,男,63,1555-01-01,1629-01-01,是,嘉祥,知县,,,,,,孔继乴，孔子第63代孙。,
孔继乵,孔,继,男,63,1553-01-01,1632-01-01,是,汶上,举人,,,,,,孔继乵，孔子第63代孙。,
孔继乶,孔,继,男,63,1556-01-01,1632-01-01,是,泗水,进士,,,,,,孔继乶，孔子第63代孙。,
孔继乷,孔,继,男,63,1558-01-01,1621-01-01,是,宁阳,太学生,,,,,,孔继乷，孔子第63代孙。,
孔继乸,孔,继,男,63,1557-01-01,1629-01-01,是,兖州,县丞,,,,,,孔继乸，孔子第63代孙。,
孔继乹,孔,继,男,63,1555-01-01,1615-01-01,是,东平,主簿,,,,,,孔继乹，孔子第63代孙。,
孔继乺,孔,继,男,63,1557-01-01,1637-01-01,是,寿张,训导,,,,,,孔继乺，孔子第63代孙。,
孔继乻,孔,继,男,63,1554-01-01,1631-01-01,是,范县,教谕,,,,,,孔继乻，孔子第63代孙。,
孔继乼,孔,继,男,63,1554-01-01,1637-01-01,是,濮州,商人,,,,,,孔继乼，孔子第63代孙。,
孔继乽,孔,继,男,63,1555-01-01,1617-01-01,是,开州,官员,,,,,,孔继乽，孔子第63代孙。,
孔继乾,孔,继,男,63,1555-01-01,1625-01-01,是,长垣,学者,,,,,,孔继乾，孔子第63代孙。,
孔继乿,孔,继,男,63,1556-01-01,1617-01-01,是,东明,大夫,,,,,,孔继乿，孔子第63代孙。,
孔继亀,孔,继,男,63,1557-01-01,1630-01-01,是,荷泽,士,,,,,,孔继亀，孔子第63代孙。,
孔继亁,孔,继,男,63,1558-01-01,1627-01-01,是,曹州,农,,,,,,孔继亁，孔子第63代孙。,
孔继亂,孔,继,男,63,1557-01-01,1627-01-01,是,定陶,商,,,,,,孔继亂，孔子第63代孙。,
孔继亃,孔,继,男,63,1556-01-01,1632-01-01,是,单县,儒,,,,,,孔继亃，孔子第63代孙。,
孔继亄,孔,继,男,63,1558-01-01,1642-01-01,是,成武,工部侍郎,,,,,,孔继亄，孔子第63代孙。,
赵娘,孔,继,女,63,1557-01-01,1619-01-01,是,巨野,礼部尚书,,,,,,赵娘，孔子第63代孙。,
孔继了,孔,继,男,63,1553-01-01,1613-01-01,是,郓城,知州,,,,,,孔继了，孔子第63代孙。,
孔继亇,孔,继,男,63,1556-01-01,1621-01-01,是,鄄城,知县,,,,,,孔继亇，孔子第63代孙。,
孔继予,孔,继,男,63,1559-01-01,1642-01-01,是,曲阜,举人,,,,,,孔继予，孔子第63代孙。,
孔继争,孔,继,男,63,1555-01-01,1615-01-01,是,滋阳,进士,,,,,,孔继争，孔子第63代孙。,
孔继亊,孔,继,男,63,1556-01-01,1623-01-01,是,济宁,太学生,,,,,,孔继亊，孔子第63代孙。,
孔继事,孔,继,男,63,1557-01-01,1637-01-01,是,邹县,县丞,,,,,,孔继事，孔子第63代孙。,
孔继二,孔,继,男,63,1557-01-01,1640-01-01,是,滕县,主簿,,,,,,孔继二，孔子第63代孙。,
孔继亍,孔,继,男,63,1560-01-01,1643-01-01,是,峄县,训导,,,,,,孔继亍，孔子第63代孙。,
孔继于,孔,继,男,63,1553-01-01,1631-01-01,是,金乡,教谕,,,,,,孔继于，孔子第63代孙。,
何姑,孔,继,女,63,1559-01-01,1620-01-01,是,鱼台,商人,,,,,,何姑，孔子第63代孙。,
郭氏,孔,继,女,63,1554-01-01,1629-01-01,是,嘉祥,官员,,,,,,郭氏，孔子第63代孙。,
孔继云,孔,继,男,63,1558-01-01,1618-01-01,是,汶上,学者,,,,,,孔继云，孔子第63代孙。,
孔继互,孔,继,男,63,1555-01-01,1619-01-01,是,泗水,大夫,,,,,,孔继互，孔子第63代孙。,
王氏,孔,继,女,63,1560-01-01,1630-01-01,是,宁阳,士,,,,,,王氏，孔子第63代孙。,
孔继五,孔,继,男,63,1553-01-01,1635-01-01,是,兖州,农,,,,,,孔继五，孔子第63代孙。,
孔继井,孔,继,男,63,1559-01-01,1641-01-01,是,东平,商,,,,,,孔继井，孔子第63代孙。,
孔继亖,孔,继,男,63,1559-01-01,1640-01-01,是,寿张,儒,,,,,,孔继亖，孔子第63代孙。,
杨娘,孔,继,女,63,1556-01-01,1633-01-01,是,范县,工部侍郎,,,,,,杨娘，孔子第63代孙。,
孔继亘,孔,继,男,63,1555-01-01,1630-01-01,是,濮州,礼部尚书,,,,,,孔继亘，孔子第63代孙。,
孔继亙,孔,继,男,63,1555-01-01,1618-01-01,是,开州,知州,,,,,,孔继亙，孔子第63代孙。,
孔继亚,孔,继,男,63,1559-01-01,1632-01-01,是,长垣,知县,,,,,,孔继亚，孔子第63代孙。,
吴姑,孔,继,女,63,1556-01-01,1637-01-01,是,东明,举人,,,,,,吴姑，孔子第63代孙。,
孔继亜,孔,继,男,63,1557-01-01,1628-01-01,是,荷泽,进士,,,,,,孔继亜，孔子第63代孙。,
孔继亝,孔,继,男,63,1559-01-01,1632-01-01,是,曹州,太学生,,,,,,孔继亝，孔子第63代孙。,
胡姑,孔,继,女,63,1556-01-01,1627-01-01,是,定陶,县丞,,,,,,胡姑，孔子第63代孙。,
朱氏,孔,继,女,63,1557-01-01,1637-01-01,是,单县,主簿,,,,,,朱氏，孔子第63代孙。,
高娘,孔,继,女,63,1558-01-01,1639-01-01,是,成武,训导,,,,,,高娘，孔子第63代孙。,
孔继亡,孔,继,男,63,1559-01-01,1621-01-01,是,巨野,教谕,,,,,,孔继亡，孔子第63代孙。,
孔继亢,孔,继,男,63,1554-01-01,1626-01-01,是,郓城,商人,,,,,,孔继亢，孔子第63代孙。,
郭娘,孔,继,女,63,1560-01-01,1629-01-01,是,鄄城,官员,,,,,,郭娘，孔子第63代孙。,
孔继交,孔,继,男,63,1553-01-01,1635-01-01,是,曲阜,学者,,,,,,孔继交，孔子第63代孙。,
孔继亥,孔,继,男,63,1559-01-01,1632-01-01,是,滋阳,大夫,,,,,,孔继亥，孔子第63代孙。,
王娘,孔,继,女,63,1555-01-01,1622-01-01,是,济宁,士,,,,,,王娘，孔子第63代孙。,
李姑,孔,继,女,63,1557-01-01,1634-01-01,是,邹县,农,,,,,,李姑，孔子第63代孙。,
刘氏,孔,继,女,63,1559-01-01,1633-01-01,是,滕县,商,,,,,,刘氏，孔子第63代孙。,
陈娘,孔,继,女,63,1553-01-01,1625-01-01,是,峄县,儒,,,,,,陈娘，孔子第63代孙。,
杨姑,孔,继,女,63,1555-01-01,1619-01-01,是,金乡,工部侍郎,,,,,,杨姑，孔子第63代孙。,
孔继享,孔,继,男,63,1559-01-01,1622-01-01,是,鱼台,礼部尚书,,,,,,孔继享，孔子第63代孙。,
孔继京,孔,继,男,63,1556-01-01,1620-01-01,是,嘉祥,知州,,,,,,孔继京，孔子第63代孙。,
孔继亭,孔,继,男,63,1555-01-01,1628-01-01,是,汶上,知县,,,,,,孔继亭，孔子第63代孙。,
孔继亮,孔,继,男,63,1553-01-01,1621-01-01,是,泗水,举人,,,,,,孔继亮，孔子第63代孙。,
孔继亯,孔,继,男,63,1559-01-01,1635-01-01,是,宁阳,进士,,,,,,孔继亯，孔子第63代孙。,
孔继亰,孔,继,男,63,1553-01-01,1622-01-01,是,兖州,太学生,,,,,,孔继亰，孔子第63代孙。,
孔继亱,孔,继,男,63,1554-01-01,1625-01-01,是,东平,县丞,,,,,,孔继亱，孔子第63代孙。,
孔继亲,孔,继,男,63,1553-01-01,1626-01-01,是,寿张,主簿,,,,,,孔继亲，孔子第63代孙。,
孔继亳,孔,继,男,63,1557-01-01,1641-01-01,是,范县,训导,,,,,,孔继亳，孔子第63代孙。,
孔继亴,孔,继,男,63,1560-01-01,1623-01-01,是,濮州,教谕,,,,,,孔继亴，孔子第63代孙。,
孔继亵,孔,继,男,63,1555-01-01,1621-01-01,是,开州,商人,,,,,,孔继亵，孔子第63代孙。,
孔继亶,孔,继,男,63,1560-01-01,1632-01-01,是,长垣,官员,,,,,,孔继亶，孔子第63代孙。,
马氏,孔,继,女,63,1556-01-01,1624-01-01,是,东明,学者,,,,,,马氏，孔子第63代孙。,
孔继亸,孔,继,男,63,1557-01-01,1632-01-01,是,荷泽,大夫,,,,,,孔继亸，孔子第63代孙。,
孔继亹,孔,继,男,63,1554-01-01,1632-01-01,是,曹州,士,,,,,,孔继亹，孔子第63代孙。,
孔继人,孔,继,男,63,1556-01-01,1632-01-01,是,定陶,农,,,,,,孔继人，孔子第63代孙。,
刘娘,孔,继,女,63,1559-01-01,1620-01-01,是,单县,商,,,,,,刘娘，孔子第63代孙。,
孔继亼,孔,继,男,63,1559-01-01,1626-01-01,是,成武,儒,,,,,,孔继亼，孔子第63代孙。,
孔继亽,孔,继,男,63,1556-01-01,1617-01-01,是,巨野,工部侍郎,,,,,,孔继亽，孔子第63代孙。,
赵娘,孔,继,女,63,1555-01-01,1635-01-01,是,郓城,礼部尚书,,,,,,赵娘，孔子第63代孙。,
孔继亿,孔,继,男,63,1559-01-01,1619-01-01,是,鄄城,知州,,,,,,孔继亿，孔子第63代孙。,
孔继什,孔,继,男,63,1555-01-01,1634-01-01,是,曲阜,知县,,,,,,孔继什，孔子第63代孙。,
孔继仁,孔,继,男,63,1560-01-01,1627-01-01,是,滋阳,举人,,,,,,孔继仁，孔子第63代孙。,
徐姑,孔,继,女,63,1555-01-01,1624-01-01,是,济宁,进士,,,,,,徐姑，孔子第63代孙。,
孔继仃,孔,继,男,63,1560-01-01,1620-01-01,是,邹县,太学生,,,,,,孔继仃，孔子第63代孙。,
孔继仄,孔,继,男,63,1556-01-01,1620-01-01,是,滕县,县丞,,,,,,孔继仄，孔子第63代孙。,
孔继仅,孔,继,男,63,1560-01-01,1631-01-01,是,峄县,主簿,,,,,,孔继仅，孔子第63代孙。,
孔继仆,孔,继,男,63,1560-01-01,1633-01-01,是,金乡,训导,,,,,,孔继仆，孔子第63代孙。,
孔继仇,孔,继,男,63,1558-01-01,1626-01-01,是,鱼台,教谕,,,,,,孔继仇，孔子第63代孙。,
孔继仈,孔,继,男,63,1557-01-01,1637-01-01,是,嘉祥,商人,,,,,,孔继仈，孔子第63代孙。,
孔继仉,孔,继,男,63,1559-01-01,1631-01-01,是,汶上,官员,,,,,,孔继仉，孔子第63代孙。,
马娘,孔,继,女,63,1553-01-01,1623-01-01,是,泗水,学者,,,,,,马娘，孔子第63代孙。,
孔继介,孔,继,男,63,1553-01-01,1634-01-01,是,宁阳,大夫,,,,,,孔继介，孔子第63代孙。,
孔继仌,孔,继,男,63,1558-01-01,1633-01-01,是,兖州,士,,,,,,孔继仌，孔子第63代孙。,
孔继仍,孔,继,男,63,1560-01-01,1621-01-01,是,东平,农,,,,,,孔继仍，孔子第63代孙。,
刘姑,孔,继,女,63,1559-01-01,1641-01-01,是,寿张,商,,,,,,刘姑，孔子第63代孙。,
孔继仏,孔,继,男,63,1556-01-01,1631-01-01,是,范县,儒,,,,,,孔继仏，孔子第63代孙。,
杨娘,孔,继,女,63,1559-01-01,1636-01-01,是,濮州,工部侍郎,,,,,,杨娘，孔子第63代孙。,
赵姑,孔,继,女,63,1560-01-01,1632-01-01,是,开州,礼部尚书,,,,,,赵姑，孔子第63代孙。,
孔继仒,孔,继,男,63,1558-01-01,1622-01-01,是,长垣,知州,,,,,,孔继仒，孔子第63代孙。,
孔继仓,孔,继,男,63,1558-01-01,1633-01-01,是,东明,知县,,,,,,孔继仓，孔子第63代孙。,
吴姑,孔,继,女,63,1560-01-01,1639-01-01,是,荷泽,举人,,,,,,吴姑，孔子第63代孙。,
孔继仕,孔,继,男,63,1558-01-01,1640-01-01,是,曹州,进士,,,,,,孔继仕，孔子第63代孙。,
孔继他,孔,继,男,63,1555-01-01,1621-01-01,是,定陶,太学生,,,,,,孔继他，孔子第63代孙。,
孔继仗,孔,继,男,63,1554-01-01,1633-01-01,是,单县,县丞,,,,,,孔继仗，孔子第63代孙。,
朱氏,孔,继,女,63,1554-01-01,1618-01-01,是,成武,主簿,,,,,,朱氏，孔子第63代孙。,
孔继仙,孔,继,男,63,1554-01-01,1622-01-01,是,巨野,训导,,,,,,孔继仙，孔子第63代孙。,
孔继仚,孔,继,男,63,1559-01-01,1640-01-01,是,郓城,教谕,,,,,,孔继仚，孔子第63代孙。,
孔继仛,孔,继,男,63,1557-01-01,1636-01-01,是,鄄城,商人,,,,,,孔继仛，孔子第63代孙。,
孔继仜,孔,继,男,63,1559-01-01,1642-01-01,是,曲阜,官员,,,,,,孔继仜，孔子第63代孙。,
孔继仝,孔,继,男,63,1558-01-01,1630-01-01,是,滋阳,学者,,,,,,孔继仝，孔子第63代孙。,
孔继仞,孔,继,男,63,1559-01-01,1626-01-01,是,济宁,大夫,,,,,,孔继仞，孔子第63代孙。,
孔继仟,孔,继,男,63,1553-01-01,1617-01-01,是,邹县,士,,,,,,孔继仟，孔子第63代孙。,
孔继仠,孔,继,男,63,1555-01-01,1624-01-01,是,滕县,农,,,,,,孔继仠，孔子第63代孙。,
孔继仡,孔,继,男,63,1554-01-01,1627-01-01,是,峄县,商,,,,,,孔继仡，孔子第63代孙。,
孔继仢,孔,继,男,63,1556-01-01,1619-01-01,是,金乡,儒,,,,,,孔继仢，孔子第63代孙。,
杨姑,孔,继,女,63,1553-01-01,1621-01-01,是,鱼台,工部侍郎,,,,,,杨姑，孔子第63代孙。,
孔继令,孔,继,男,63,1553-01-01,1616-01-01,是,嘉祥,礼部尚书,,,,,,孔继令，孔子第63代孙。,
黄娘,孔,继,女,63,1553-01-01,1614-01-01,是,汶上,知州,,,,,,黄娘，孔子第63代孙。,
孔继仦,孔,继,男,63,1553-01-01,1623-01-01,是,泗水,知县,,,,,,孔继仦，孔子第63代孙。,
孔继仧,孔,继,男,63,1554-01-01,1615-01-01,是,宁阳,举人,,,,,,孔继仧，孔子第63代孙。,
徐娘,孔,继,女,63,1555-01-01,1627-01-01,是,兖州,进士,,,,,,徐娘，孔子第63代孙。,
孔继仩,孔,继,男,63,1556-01-01,1635-01-01,是,东平,太学生,,,,,,孔继仩，孔子第63代孙。,
孔继仪,孔,继,男,63,1559-01-01,1629-01-01,是,寿张,县丞,,,,,,孔继仪，孔子第63代孙。,
孔继仫,孔,继,男,63,1555-01-01,1631-01-01,是,范县,主簿,,,,,,孔继仫，孔子第63代孙。,
孔继们,孔,继,男,63,1555-01-01,1632-01-01,是,濮州,训导,,,,,,孔继们，孔子第63代孙。,
孔继仭,孔,继,男,63,1556-01-01,1632-01-01,是,开州,教谕,,,,,,孔继仭，孔子第63代孙。,
孔继仮,孔,继,男,63,1555-01-01,1635-01-01,是,长垣,商人,,,,,,孔继仮，孔子第63代孙。,
孔继仯,孔,继,男,63,1560-01-01,1623-01-01,是,东明,官员,,,,,,孔继仯，孔子第63代孙。,
马氏,孔,继,女,63,1560-01-01,1623-01-01,是,荷泽,学者,,,,,,马氏，孔子第63代孙。,
张娘,孔,继,女,63,1556-01-01,1628-01-01,是,曹州,大夫,,,,,,张娘，孔子第63代孙。,
孔继仲,孔,继,男,63,1559-01-01,1639-01-01,是,定陶,士,,,,,,孔继仲，孔子第63代孙。,
李氏,孔,继,女,63,1553-01-01,1627-01-01,是,单县,农,,,,,,李氏，孔子第63代孙。,
孔继仴,孔,继,男,63,1556-01-01,1626-01-01,是,成武,商,,,,,,孔继仴，孔子第63代孙。,
陈姑,孔,继,女,63,1553-01-01,1617-01-01,是,巨野,儒,,,,,,陈姑，孔子第63代孙。,
孔继件,孔,继,男,63,1559-01-01,1640-01-01,是,郓城,工部侍郎,,,,,,孔继件，孔子第63代孙。,
孔继价,孔,继,男,63,1559-01-01,1620-01-01,是,鄄城,礼部尚书,,,,,,孔继价，孔子第63代孙。,
孔继仸,孔,继,男,63,1559-01-01,1630-01-01,是,曲阜,知州,,,,,,孔继仸，孔子第63代孙。,
孔继仹,孔,继,男,63,1556-01-01,1622-01-01,是,滋阳,知县,,,,,,孔继仹，孔子第63代孙。,
孔继仺,孔,继,男,63,1553-01-01,1631-01-01,是,济宁,举人,,,,,,孔继仺，孔子第63代孙。,
孔继任,孔,继,男,63,1560-01-01,1642-01-01,是,邹县,进士,,,,,,孔继任，孔子第63代孙。,
孔继仼,孔,继,男,63,1560-01-01,1627-01-01,是,滕县,太学生,,,,,,孔继仼，孔子第63代孙。,
胡娘,孔,继,女,63,1556-01-01,1620-01-01,是,峄县,县丞,,,,,,胡娘，孔子第63代孙。,
孔继仾,孔,继,男,63,1555-01-01,1615-01-01,是,金乡,主簿,,,,,,孔继仾，孔子第63代孙。,
孔继仿,孔,继,男,63,1553-01-01,1621-01-01,是,鱼台,训导,,,,,,孔继仿，孔子第63代孙。,
林娘,孔,继,女,63,1559-01-01,1627-01-01,是,嘉祥,教谕,,,,,,林娘，孔子第63代孙。,
何姑,孔,继,女,63,1554-01-01,1621-01-01,是,汶上,商人,,,,,,何姑，孔子第63代孙。,
孔继伂,孔,继,男,63,1560-01-01,1628-01-01,是,泗水,官员,,,,,,孔继伂，孔子第63代孙。,
孔继伃,孔,继,男,63,1558-01-01,1620-01-01,是,宁阳,学者,,,,,,孔继伃，孔子第63代孙。,
孔继伄,孔,继,男,63,1558-01-01,1639-01-01,是,兖州,大夫,,,,,,孔继伄，孔子第63代孙。,
孔继伅,孔,继,男,63,1557-01-01,1636-01-01,是,东平,士,,,,,,孔继伅，孔子第63代孙。,
孔继伆,孔,继,男,63,1560-01-01,1624-01-01,是,寿张,农,,,,,,孔继伆，孔子第63代孙。,
孔继伇,孔,继,男,63,1553-01-01,1633-01-01,是,范县,商,,,,,,孔继伇，孔子第63代孙。,
孔继伈,孔,继,男,63,1554-01-01,1617-01-01,是,濮州,儒,,,,,,孔继伈，孔子第63代孙。,
孔继伉,孔,继,男,63,1560-01-01,1625-01-01,是,开州,工部侍郎,,,,,,孔继伉，孔子第63代孙。,
赵姑,孔,继,女,63,1558-01-01,1634-01-01,是,长垣,礼部尚书,,,,,,赵姑，孔子第63代孙。,
孔继伋,孔,继,男,63,1554-01-01,1628-01-01,是,东明,知州,,,,,,孔继伋，孔子第63代孙。,
周娘,孔,继,女,63,1558-01-01,1640-01-01,是,荷泽,知县,,,,,,周娘，孔子第63代孙。,
吴姑,孔,继,女,63,1558-01-01,1622-01-01,是,曹州,举人,,,,,,吴姑，孔子第63代孙。,
孔继伎,孔,继,男,63,1553-01-01,1634-01-01,是,定陶,进士,,,,,,孔继伎，孔子第63代孙。,
孙娘,孔,继,女,63,1560-01-01,1624-01-01,是,单县,太学生,,,,,,孙娘，孔子第63代孙。,
胡姑,孔,继,女,63,1558-01-01,1634-01-01,是,成武,县丞,,,,,,胡姑，孔子第63代孙。,
朱氏,孔,继,女,63,1558-01-01,1637-01-01,是,巨野,主簿,,,,,,朱氏，孔子第63代孙。,
孔继伒,孔,继,男,63,1560-01-01,1626-01-01,是,郓城,训导,,,,,,孔继伒，孔子第63代孙。,
孔继伓,孔,继,男,63,1557-01-01,1619-01-01,是,鄄城,教谕,,,,,,孔继伓，孔子第63代孙。,
何氏,孔,继,女,63,1554-01-01,1618-01-01,是,曲阜,商人,,,,,,何氏，孔子第63代孙。,
郭娘,孔,继,女,63,1553-01-01,1629-01-01,是,滋阳,官员,,,,,,郭娘，孔子第63代孙。,
马姑,孔,继,女,63,1557-01-01,1636-01-01,是,济宁,学者,,,,,,马姑，孔子第63代孙。,
张氏,孔,继,女,63,1557-01-01,1631-01-01,是,邹县,大夫,,,,,,张氏，孔子第63代孙。,
孔继优,孔,继,男,63,1555-01-01,1618-01-01,是,滕县,士,,,,,,孔继优，孔子第63代孙。,
孔继伙,孔,继,男,63,1553-01-01,1614-01-01,是,峄县,农,,,,,,孔继伙，孔子第63代孙。,
刘氏,孔,继,女,63,1555-01-01,1627-01-01,是,金乡,商,,,,,,刘氏，孔子第63代孙。,
孔继伛,孔,继,男,63,1558-01-01,1631-01-01,是,鱼台,儒,,,,,,孔继伛，孔子第63代孙。,
杨姑,孔,继,女,63,1559-01-01,1626-01-01,是,嘉祥,工部侍郎,,,,,,杨姑，孔子第63代孙。,
赵氏,孔,继,女,63,1558-01-01,1626-01-01,是,汶上,礼部尚书,,,,,,赵氏，孔子第63代孙。,
孔继伞,孔,继,男,63,1560-01-01,1635-01-01,是,泗水,知州,,,,,,孔继伞，孔子第63代孙。,
孔继伟,孔,继,男,63,1555-01-01,1618-01-01,是,宁阳,知县,,,,,,孔继伟，孔子第63代孙。,
孔继传,孔,继,男,63,1560-01-01,1639-01-01,是,兖州,举人,,,,,,孔继传，孔子第63代孙。,
孔继伡,孔,继,男,63,1558-01-01,1633-01-01,是,东平,进士,,,,,,孔继伡，孔子第63代孙。,
孙姑,孔,继,女,63,1556-01-01,1633-01-01,是,寿张,太学生,,,,,,孙姑，孔子第63代孙。,
胡氏,孔,继,女,63,1554-01-01,1614-01-01,是,范县,县丞,,,,,,胡氏，孔子第63代孙。,
孔继伤,孔,继,男,63,1554-01-01,1634-01-01,是,濮州,主簿,,,,,,孔继伤，孔子第63代孙。,
高姑,孔,继,女,63,1559-01-01,1636-01-01,是,开州,训导,,,,,,高姑，孔子第63代孙。,
孔继伦,孔,继,男,63,1554-01-01,1623-01-01,是,长垣,教谕,,,,,,孔继伦，孔子第63代孙。,
孔继伧,孔,继,男,63,1555-01-01,1629-01-01,是,东明,商人,,,,,,孔继伧，孔子第63代孙。,
孔继伨,孔,继,男,63,1553-01-01,1627-01-01,是,荷泽,官员,,,,,,孔继伨，孔子第63代孙。,
马氏,孔,继,女,63,1556-01-01,1634-01-01,是,曹州,学者,,,,,,马氏，孔子第63代孙。,
孔继伪,孔,继,男,63,1556-01-01,1637-01-01,是,定陶,大夫,,,,,,孔继伪，孔子第63代孙。,
孔继伫,孔,继,男,63,1559-01-01,1627-01-01,是,单县,士,,,,,,孔继伫，孔子第63代孙。,
孔继伬,孔,继,男,63,1554-01-01,1635-01-01,是,成武,农,,,,,,孔继伬，孔子第63代孙。,
孔继伭,孔,继,男,63,1556-01-01,1621-01-01,是,巨野,商,,,,,,孔继伭，孔子第63代孙。,
陈姑,孔,继,女,63,1556-01-01,1616-01-01,是,郓城,儒,,,,,,陈姑，孔子第63代孙。,
孔继伯,孔,继,男,63,1556-01-01,1636-01-01,是,鄄城,工部侍郎,,,,,,孔继伯，孔子第63代孙。,
孔继估,孔,继,男,63,1560-01-01,1643-01-01,是,曲阜,礼部尚书,,,,,,孔继估，孔子第63代孙。,
孔继伱,孔,继,男,63,1560-01-01,1633-01-01,是,滋阳,知州,,,,,,孔继伱，孔子第63代孙。,
周氏,孔,继,女,63,1558-01-01,1636-01-01,是,济宁,知县,,,,,,周氏，孔子第63代孙。,
孔继伳,孔,继,男,63,1560-01-01,1635-01-01,是,邹县,举人,,,,,,孔继伳，孔子第63代孙。,
徐姑,孔,继,女,63,1560-01-01,1644-01-01,是,滕县,进士,,,,,,徐姑，孔子第63代孙。,
孙氏,孔,继,女,63,1559-01-01,1627-01-01,是,峄县,太学生,,,,,,孙氏，孔子第63代孙。,
孔继伶,孔,继,男,63,1556-01-01,1638-01-01,是,金乡,县丞,,,,,,孔继伶，孔子第63代孙。,
孔继伷,孔,继,男,63,1555-01-01,1621-01-01,是,鱼台,主簿,,,,,,孔继伷，孔子第63代孙。,
高氏,孔,继,女,63,1556-01-01,1618-01-01,是,嘉祥,训导,,,,,,高氏，孔子第63代孙。,
孔继伹,孔,继,男,63,1554-01-01,1629-01-01,是,汶上,教谕,,,,,,孔继伹，孔子第63代孙。,
孔继伺,孔,继,男,63,1560-01-01,1635-01-01,是,泗水,商人,,,,,,孔继伺，孔子第63代孙。,
郭氏,孔,继,女,63,1558-01-01,1621-01-01,是,宁阳,官员,,,,,,郭氏，孔子第63代孙。,
马娘,孔,继,女,63,1558-01-01,1632-01-01,是,兖州,学者,,,,,,马娘，孔子第63代孙。,
孔继伽,孔,继,男,63,1558-01-01,1642-01-01,是,东平,大夫,,,,,,孔继伽，孔子第63代孙。,
王氏,孔,继,女,63,1554-01-01,1619-01-01,是,寿张,士,,,,,,王氏，孔子第63代孙。,
孔继伿,孔,继,男,63,1556-01-01,1632-01-01,是,范县,农,,,,,,孔继伿，孔子第63代孙。,
孔继佀,孔,继,男,63,1555-01-01,1623-01-01,是,濮州,商,,,,,,孔继佀，孔子第63代孙。,
陈氏,孔,继,女,63,1557-01-01,1627-01-01,是,开州,儒,,,,,,陈氏，孔子第63代孙。,
孔继佂,孔,继,男,63,1554-01-01,1619-01-01,是,长垣,工部侍郎,,,,,,孔继佂，孔子第63代孙。,
孔继佃,孔,继,男,63,1558-01-01,1639-01-01,是,东明,礼部尚书,,,,,,孔继佃，孔子第63代孙。,
孔继佄,孔,继,男,63,1558-01-01,1632-01-01,是,荷泽,知州,,,,,,孔继佄，孔子第63代孙。,
周娘,孔,继,女,63,1560-01-01,1620-01-01,是,曹州,知县,,,,,,周娘，孔子第63代孙。,
孔继但,孔,继,男,63,1556-01-01,1637-01-01,是,定陶,举人,,,,,,孔继但，孔子第63代孙。,
徐氏,孔,继,女,63,1556-01-01,1616-01-01,是,单县,进士,,,,,,徐氏，孔子第63代孙。,
孔继佈,孔,继,男,63,1560-01-01,1624-01-01,是,成武,太学生,,,,,,孔继佈，孔子第63代孙。,
孔继佉,孔,继,男,63,1560-01-01,1641-01-01,是,巨野,县丞,,,,,,孔继佉，孔子第63代孙。,
孔继佊,孔,继,男,63,1554-01-01,1635-01-01,是,郓城,主簿,,,,,,孔继佊，孔子第63代孙。,
高娘,孔,继,女,63,1554-01-01,1617-01-01,是,鄄城,训导,,,,,,高娘，孔子第63代孙。,
孔继佌,孔,继,男,63,1557-01-01,1635-01-01,是,曲阜,教谕,,,,,,孔继佌，孔子第63代孙。,
孔继位,孔,继,男,63,1555-01-01,1624-01-01,是,滋阳,商人,,,,,,孔继位，孔子第63代孙。,
郭娘,孔,继,女,63,1557-01-01,1631-01-01,是,济宁,官员,,,,,,郭娘，孔子第63代孙。,
孔继住,孔,继,男,63,1554-01-01,1637-01-01,是,邹县,学者,,,,,,孔继住，孔子第63代孙。,
孔继佐,孔,继,男,63,1555-01-01,1635-01-01,是,滕县,大夫,,,,,,孔继佐，孔子第63代孙。,
孔继佑,孔,继,男,63,1555-01-01,1635-01-01,是,峄县,士,,,,,,孔继佑，孔子第63代孙。,
李姑,孔,继,女,63,1560-01-01,1640-01-01,是,金乡,农,,,,,,李姑，孔子第63代孙。,
孔继体,孔,继,男,63,1560-01-01,1632-01-01,是,鱼台,商,,,,,,孔继体，孔子第63代孙。,
孔继佔,孔,继,男,63,1557-01-01,1625-01-01,是,嘉祥,儒,,,,,,孔继佔，孔子第63代孙。,
杨姑,孔,继,女,63,1558-01-01,1640-01-01,是,汶上,工部侍郎,,,,,,杨姑，孔子第63代孙。,
孔继佖,孔,继,男,63,1553-01-01,1633-01-01,是,泗水,礼部尚书,,,,,,孔继佖，孔子第63代孙。,
孔继佗,孔,继,男,63,1555-01-01,1636-01-01,是,宁阳,知州,,,,,,孔继佗，孔子第63代孙。,
孔继佘,孔,继,男,63,1558-01-01,1632-01-01,是,兖州,知县,,,,,,孔继佘，孔子第63代孙。,
吴氏,孔,继,女,63,1557-01-01,1624-01-01,是,东平,举人,,,,,,吴氏，孔子第63代孙。,
孔继佚,孔,继,男,63,1558-01-01,1624-01-01,是,寿张,进士,,,,,,孔继佚，孔子第63代孙。,
孙姑,孔,继,女,63,1559-01-01,1632-01-01,是,范县,太学生,,,,,,孙姑，孔子第63代孙。,
孔继作,孔,继,男,63,1554-01-01,1617-01-01,是,濮州,县丞,,,,,,孔继作，孔子第63代孙。,
孔继佝,孔,继,男,63,1558-01-01,1631-01-01,是,开州,主簿,,,,,,孔继佝，孔子第63代孙。,
高姑,孔,继,女,63,1556-01-01,1624-01-01,是,长垣,训导,,,,,,高姑，孔子第63代孙。,
孔继佟,孔,继,男,63,1557-01-01,1626-01-01,是,东明,教谕,,,,,,孔继佟，孔子第63代孙。,
孔继你,孔,继,男,63,1559-01-01,1622-01-01,是,荷泽,商人,,,,,,孔继你，孔子第63代孙。,
孔继佡,孔,继,男,63,1559-01-01,1636-01-01,是,曹州,官员,,,,,,孔继佡，孔子第63代孙。,
孔继佢,孔,继,男,63,1555-01-01,1620-01-01,是,定陶,学者,,,,,,孔继佢，孔子第63代孙。,
孔继佣,孔,继,男,63,1557-01-01,1619-01-01,是,单县,大夫,,,,,,孔继佣，孔子第63代孙。,
王姑,孔,继,女,63,1560-01-01,1632-01-01,是,成武,士,,,,,,王姑，孔子第63代孙。,
李氏,孔,继,女,63,1559-01-01,1625-01-01,是,巨野,农,,,,,,李氏，孔子第63代孙。,
孔继佦,孔,继,男,63,1558-01-01,1633-01-01,是,郓城,商,,,,,,孔继佦，孔子第63代孙。,
孔继佧,孔,继,男,63,1554-01-01,1625-01-01,是,鄄城,儒,,,,,,孔继佧，孔子第63代孙。,
孔继佨,孔,继,男,63,1555-01-01,1618-01-01,是,曲阜,工部侍郎,,,,,,孔继佨，孔子第63代孙。,
孔继佩,孔,继,男,63,1555-01-01,1634-01-01,是,滋阳,礼部尚书,,,,,,孔继佩，孔子第63代孙。,
孔继佪,孔,继,男,63,1553-01-01,1624-01-01,是,济宁,知州,,,,,,孔继佪，孔子第63代孙。,
孔继佫,孔,继,男,63,1559-01-01,1624-01-01,是,邹县,知县,,,,,,孔继佫，孔子第63代孙。,
孔继佬,孔,继,男,63,1553-01-01,1622-01-01,是,滕县,举人,,,,,,孔继佬，孔子第63代孙。,
孔继佭,孔,继,男,63,1555-01-01,1633-01-01,是,峄县,进士,,,,,,孔继佭，孔子第63代孙。,
孔继佮,孔,继,男,63,1558-01-01,1640-01-01,是,金乡,太学生,,,,,,孔继佮，孔子第63代孙。,
孔继佯,孔,继,男,63,1554-01-01,1615-01-01,是,鱼台,县丞,,,,,,孔继佯，孔子第63代孙。,
孔继佰,孔,继,男,63,1553-01-01,1628-01-01,是,嘉祥,主簿,,,,,,孔继佰，孔子第63代孙。,
孔继佱,孔,继,男,63,1557-01-01,1624-01-01,是,汶上,训导,,,,,,孔继佱，孔子第63代孙。,
孔继佲,孔,继,男,63,1559-01-01,1641-01-01,是,泗水,教谕,,,,,,孔继佲，孔子第63代孙。,
孔继佳,孔,继,男,63,1555-01-01,1617-01-01,是,宁阳,商人,,,,,,孔继佳，孔子第63代孙。,
郭氏,孔,继,女,63,1557-01-01,1626-01-01,是,兖州,官员,,,,,,郭氏，孔子第63代孙。,
孔继併,孔,继,男,63,1559-01-01,1632-01-01,是,东平,学者,,,,,,孔继併，孔子第63代孙。,
孔继佶,孔,继,男,63,1559-01-01,1631-01-01,是,寿张,大夫,,,,,,孔继佶，孔子第63代孙。,
孔继佷,孔,继,男,63,1555-01-01,1636-01-01,是,范县,士,,,,,,孔继佷，孔子第63代孙。,
李娘,孔,继,女,63,1558-01-01,1623-01-01,是,濮州,农,,,,,,李娘，孔子第63代孙。,
孔继佹,孔,继,男,63,1559-01-01,1622-01-01,是,开州,商,,,,,,孔继佹，孔子第63代孙。,
孔继佺,孔,继,男,63,1559-01-01,1625-01-01,是,长垣,儒,,,,,,孔继佺，孔子第63代孙。,
孔继佻,孔,继,男,63,1558-01-01,1631-01-01,是,东明,工部侍郎,,,,,,孔继佻，孔子第63代孙。,
孔继佼,孔,继,男,63,1558-01-01,1634-01-01,是,荷泽,礼部尚书,,,,,,孔继佼，孔子第63代孙。,
孔继佽,孔,继,男,63,1559-01-01,1629-01-01,是,曹州,知州,,,,,,孔继佽，孔子第63代孙。,
孔继佾,孔,继,男,63,1553-01-01,1625-01-01,是,定陶,知县,,,,,,孔继佾，孔子第63代孙。,
孔继使,孔,继,男,63,1559-01-01,1619-01-01,是,单县,举人,,,,,,孔继使，孔子第63代孙。,
徐氏,孔,继,女,63,1554-01-01,1617-01-01,是,成武,进士,,,,,,徐氏，孔子第63代孙。,
孔继侁,孔,继,男,63,1556-01-01,1627-01-01,是,巨野,太学生,,,,,,孔继侁，孔子第63代孙。,
胡姑,孔,继,女,63,1558-01-01,1630-01-01,是,郓城,县丞,,,,,,胡姑，孔子第63代孙。,
朱氏,孔,继,女,63,1553-01-01,1616-01-01,是,鄄城,主簿,,,,,,朱氏，孔子第63代孙。,
高娘,孔,继,女,63,1555-01-01,1634-01-01,是,曲阜,训导,,,,,,高娘，孔子第63代孙。,
孔继侅,孔,继,男,63,1556-01-01,1629-01-01,是,滋阳,教谕,,,,,,孔继侅，孔子第63代孙。,
孔继來,孔,继,男,63,1554-01-01,1619-01-01,是,济宁,商人,,,,,,孔继來，孔子第63代孙。,
孔继侇,孔,继,男,63,1558-01-01,1633-01-01,是,邹县,官员,,,,,,孔继侇，孔子第63代孙。,
孔继侈,孔,继,男,63,1553-01-01,1620-01-01,是,滕县,学者,,,,,,孔继侈，孔子第63代孙。,
孔继侉,孔,继,男,63,1555-01-01,1616-01-01,是,峄县,大夫,,,,,,孔继侉，孔子第63代孙。,
孔继侊,孔,继,男,63,1557-01-01,1623-01-01,是,金乡,士,,,,,,孔继侊，孔子第63代孙。,
孔继例,孔,继,男,63,1557-01-01,1617-01-01,是,鱼台,农,,,,,,孔继例，孔子第63代孙。,
孔继侌,孔,继,男,63,1557-01-01,1622-01-01,是,嘉祥,商,,,,,,孔继侌，孔子第63代孙。,
孔继侍,孔,继,男,63,1557-01-01,1640-01-01,是,汶上,儒,,,,,,孔继侍，孔子第63代孙。,
孔继侎,孔,继,男,63,1556-01-01,1637-01-01,是,泗水,工部侍郎,,,,,,孔继侎，孔子第63代孙。,
孔继侏,孔,继,男,63,1557-01-01,1621-01-01,是,宁阳,礼部尚书,,,,,,孔继侏，孔子第63代孙。,
孔继侐,孔,继,男,63,1556-01-01,1624-01-01,是,兖州,知州,,,,,,孔继侐，孔子第63代孙。,
孔继侑,孔,继,男,63,1555-01-01,1624-01-01,是,东平,知县,,,,,,孔继侑，孔子第63代孙。,
吴氏,孔,继,女,63,1553-01-01,1615-01-01,是,寿张,举人,,,,,,吴氏，孔子第63代孙。,
孔继侓,孔,继,男,63,1558-01-01,1628-01-01,是,范县,进士,,,,,,孔继侓，孔子第63代孙。,
孙姑,孔,继,女,63,1553-01-01,1633-01-01,是,濮州,太学生,,,,,,孙姑，孔子第63代孙。,
胡氏,孔,继,女,63,1555-01-01,1620-01-01,是,开州,县丞,,,,,,胡氏，孔子第63代孙。,
朱娘,孔,继,女,63,1557-01-01,1618-01-01,是,长垣,主簿,,,,,,朱娘，孔子第63代孙。,
孔继侗,孔,继,男,63,1553-01-01,1634-01-01,是,东明,训导,,,,,,孔继侗，孔子第63代孙。,
孔继侘,孔,继,男,63,1560-01-01,1643-01-01,是,荷泽,教谕,,,,,,孔继侘，孔子第63代孙。,
孔继侙,孔,继,男,63,1555-01-01,1622-01-01,是,曹州,商人,,,,,,孔继侙，孔子第63代孙。,
郭姑,孔,继,女,63,1556-01-01,1637-01-01,是,定陶,官员,,,,,,郭姑，孔子第63代孙。,
马氏,孔,继,女,63,1553-01-01,1616-01-01,是,单县,学者,,,,,,马氏，孔子第63代孙。,
张娘,孔,继,女,63,1558-01-01,1638-01-01,是,成武,大夫,,,,,,张娘，孔子第63代孙。,
孔继依,孔,继,男,63,1560-01-01,1642-01-01,是,巨野,士,,,,,,孔继依，孔子第63代孙。,
孔继侞,孔,继,男,63,1559-01-01,1626-01-01,是,郓城,农,,,,,,孔继侞，孔子第63代孙。,
刘娘,孔,继,女,63,1554-01-01,1625-01-01,是,鄄城,商,,,,,,刘娘，孔子第63代孙。,
陈姑,孔,继,女,63,1554-01-01,1621-01-01,是,曲阜,儒,,,,,,陈姑，孔子第63代孙。,
孔继価,孔,继,男,63,1556-01-01,1630-01-01,是,滋阳,工部侍郎,,,,,,孔继価，孔子第63代孙。,
赵娘,孔,继,女,63,1554-01-01,1634-01-01,是,济宁,礼部尚书,,,,,,赵娘，孔子第63代孙。,
黄姑,孔,继,女,63,1554-01-01,1635-01-01,是,邹县,知州,,,,,,黄姑，孔子第63代孙。,
孔继侤,孔,继,男,63,1557-01-01,1620-01-01,是,滕县,知县,,,,,,孔继侤，孔子第63代孙。,
吴娘,孔,继,女,63,1558-01-01,1635-01-01,是,峄县,举人,,,,,,吴娘，孔子第63代孙。,
徐姑,孔,继,女,63,1555-01-01,1637-01-01,是,金乡,进士,,,,,,徐姑，孔子第63代孙。,
孙氏,孔,继,女,63,1560-01-01,1629-01-01,是,鱼台,太学生,,,,,,孙氏，孔子第63代孙。,
胡娘,孔,继,女,63,1555-01-01,1633-01-01,是,嘉祥,县丞,,,,,,胡娘，孔子第63代孙。,
孔继侩,孔,继,男,63,1554-01-01,1616-01-01,是,汶上,主簿,,,,,,孔继侩，孔子第63代孙。,
孔继侪,孔,继,男,63,1553-01-01,1627-01-01,是,泗水,训导,,,,,,孔继侪，孔子第63代孙。,
孔继侫,孔,继,男,63,1556-01-01,1618-01-01,是,宁阳,教谕,,,,,,孔继侫，孔子第63代孙。,
孔继侬,孔,继,男,63,1560-01-01,1622-01-01,是,兖州,商人,,,,,,孔继侬，孔子第63代孙。,
郭氏,孔,继,女,63,1555-01-01,1633-01-01,是,东平,官员,,,,,,郭氏，孔子第63代孙。,
孔继侮,孔,继,男,63,1553-01-01,1625-01-01,是,寿张,学者,,,,,,孔继侮，孔子第63代孙。,
张姑,孔,继,女,63,1560-01-01,1637-01-01,是,范县,大夫,,,,,,张姑，孔子第63代孙。,
孔继侰,孔,继,男,63,1554-01-01,1627-01-01,是,濮州,士,,,,,,孔继侰，孔子第63代孙。,
孔继侱,孔,继,男,63,1558-01-01,1622-01-01,是,开州,农,,,,,,孔继侱，孔子第63代孙。,
刘姑,孔,继,女,63,1560-01-01,1632-01-01,是,长垣,商,,,,,,刘姑，孔子第63代孙。,
孔继侳,孔,继,男,63,1556-01-01,1620-01-01,是,东明,儒,,,,,,孔继侳，孔子第63代孙。,
杨娘,孔,继,女,63,1558-01-01,1627-01-01,是,荷泽,工部侍郎,,,,,,杨娘，孔子第63代孙。,
赵姑,孔,继,女,63,1557-01-01,1618-01-01,是,曹州,礼部尚书,,,,,,赵姑，孔子第63代孙。,
黄氏,孔,继,女,63,1555-01-01,1632-01-01,是,定陶,知州,,,,,,黄氏，孔子第63代孙。,
孔继侷,孔,继,男,63,1554-01-01,1629-01-01,是,单县,知县,,,,,,孔继侷，孔子第63代孙。,
孔继侸,孔,继,男,63,1554-01-01,1626-01-01,是,成武,举人,,,,,,孔继侸，孔子第63代孙。,
孔继侹,孔,继,男,63,1559-01-01,1625-01-01,是,巨野,进士,,,,,,孔继侹，孔子第63代孙。,
孔继侺,孔,继,男,63,1559-01-01,1643-01-01,是,郓城,太学生,,,,,,孔继侺，孔子第63代孙。,
孔继侻,孔,继,男,63,1553-01-01,1637-01-01,是,鄄城,县丞,,,,,,孔继侻，孔子第63代孙。,
孔继侼,孔,继,男,63,1554-01-01,1618-01-01,是,曲阜,主簿,,,,,,孔继侼，孔子第63代孙。,
孔继侽,孔,继,男,63,1556-01-01,1628-01-01,是,滋阳,训导,,,,,,孔继侽，孔子第63代孙。,
孔继侾,孔,继,男,63,1558-01-01,1627-01-01,是,济宁,教谕,,,,,,孔继侾，孔子第63代孙。,
孔继便,孔,继,男,63,1558-01-01,1618-01-01,是,邹县,商人,,,,,,孔继便，孔子第63代孙。,
郭娘,孔,继,女,63,1560-01-01,1640-01-01,是,滕县,官员,,,,,,郭娘，孔子第63代孙。,
马姑,孔,继,女,63,1558-01-01,1640-01-01,是,峄县,学者,,,,,,马姑，孔子第63代孙。,
张氏,孔,继,女,63,1554-01-01,1638-01-01,是,金乡,大夫,,,,,,张氏，孔子第63代孙。,
王娘,孔,继,女,63,1553-01-01,1628-01-01,是,鱼台,士,,,,,,王娘，孔子第63代孙。,
李姑,孔,继,女,63,1555-01-01,1616-01-01,是,嘉祥,农,,,,,,李姑，孔子第63代孙。,
孔继俅,孔,继,男,63,1553-01-01,1627-01-01,是,汶上,商,,,,,,孔继俅，孔子第63代孙。,
陈娘,孔,继,女,63,1555-01-01,1619-01-01,是,泗水,儒,,,,,,陈娘，孔子第63代孙。,
杨姑,孔,继,女,63,1558-01-01,1631-01-01,是,宁阳,工部侍郎,,,,,,杨姑，孔子第63代孙。,
孔继俈,孔,继,男,63,1553-01-01,1636-01-01,是,兖州,礼部尚书,,,,,,孔继俈，孔子第63代孙。,
黄娘,孔,继,女,63,1555-01-01,1628-01-01,是,东平,知州,,,,,,黄娘，孔子第63代孙。,
周姑,孔,继,女,63,1555-01-01,1638-01-01,是,寿张,知县,,,,,,周姑，孔子第63代孙。,
吴氏,孔,继,女,63,1556-01-01,1636-01-01,是,范县,举人,,,,,,吴氏，孔子第63代孙。,
孔继俌,孔,继,男,63,1558-01-01,1632-01-01,是,濮州,进士,,,,,,孔继俌，孔子第63代孙。,
孔继俍,孔,继,男,63,1557-01-01,1638-01-01,是,开州,太学生,,,,,,孔继俍，孔子第63代孙。,
孔继俎,孔,继,男,63,1559-01-01,1633-01-01,是,长垣,县丞,,,,,,孔继俎，孔子第63代孙。,
孔继俏,孔,继,男,63,1559-01-01,1637-01-01,是,东明,主簿,,,,,,孔继俏，孔子第63代孙。,
孔继俐,孔,继,男,63,1556-01-01,1621-01-01,是,荷泽,训导,,,,,,孔继俐，孔子第63代孙。,
林氏,孔,继,女,63,1558-01-01,1634-01-01,是,曹州,教谕,,,,,,林氏，孔子第63代孙。,
孔继俒,孔,继,男,63,1560-01-01,1634-01-01,是,定陶,商人,,,,,,孔继俒，孔子第63代孙。,
郭姑,孔,继,女,63,1558-01-01,1641-01-01,是,单县,官员,,,,,,郭姑，孔子第63代孙。,
孔继俔,孔,继,男,63,1554-01-01,1627-01-01,是,成武,学者,,,,,,孔继俔，孔子第63代孙。,
张娘,孔,继,女,63,1557-01-01,1634-01-01,是,巨野,大夫,,,,,,张娘，孔子第63代孙。,
孔继俖,孔,继,男,63,1559-01-01,1624-01-01,是,郓城,士,,,,,,孔继俖，孔子第63代孙。,
孔继俗,孔,继,男,63,1556-01-01,1632-01-01,是,鄄城,农,,,,,,孔继俗，孔子第63代孙。,
孔继俘,孔,继,男,63,1560-01-01,1623-01-01,是,曲阜,商,,,,,,孔继俘，孔子第63代孙。,
陈姑,孔,继,女,63,1553-01-01,1625-01-01,是,滋阳,儒,,,,,,陈姑，孔子第63代孙。,
孔继俚,孔,继,男,63,1559-01-01,1637-01-01,是,济宁,工部侍郎,,,,,,孔继俚，孔子第63代孙。,
孔继俛,孔,继,男,63,1555-01-01,1637-01-01,是,邹县,礼部尚书,,,,,,孔继俛，孔子第63代孙。,
孔继俜,孔,继,男,63,1554-01-01,1627-01-01,是,滕县,知州,,,,,,孔继俜，孔子第63代孙。,
孔继保,孔,继,男,63,1559-01-01,1640-01-01,是,峄县,知县,,,,,,孔继保，孔子第63代孙。,
吴娘,孔,继,女,63,1556-01-01,1627-01-01,是,金乡,举人,,,,,,吴娘，孔子第63代孙。,
孔继俟,孔,继,男,63,1559-01-01,1630-01-01,是,鱼台,进士,,,,,,孔继俟，孔子第63代孙。,
孙氏,孔,继,女,63,1556-01-01,1637-01-01,是,嘉祥,太学生,,,,,,孙氏，孔子第63代孙。,
孔继信,孔,继,男,63,1559-01-01,1642-01-01,是,汶上,县丞,,,,,,孔继信，孔子第63代孙。,
孔继俢,孔,继,男,63,1555-01-01,1635-01-01,是,泗水,主簿,,,,,,孔继俢，孔子第63代孙。,
高氏,孔,继,女,63,1555-01-01,1634-01-01,是,宁阳,训导,,,,,,高氏，孔子第63代孙。,
林娘,孔,继,女,63,1554-01-01,1615-01-01,是,兖州,教谕,,,,,,林娘，孔子第63代孙。,
何姑,孔,继,女,63,1558-01-01,1621-01-01,是,东平,商人,,,,,,何姑，孔子第63代孙。,
孔继俦,孔,继,男,63,1557-01-01,1618-01-01,是,寿张,官员,,,,,,孔继俦，孔子第63代孙。,
孔继俧,孔,继,男,63,1556-01-01,1631-01-01,是,范县,学者,,,,,,孔继俧，孔子第63代孙。,
孔继俨,孔,继,男,63,1556-01-01,1633-01-01,是,濮州,大夫,,,,,,孔继俨，孔子第63代孙。,
孔继俩,孔,继,男,63,1554-01-01,1622-01-01,是,开州,士,,,,,,孔继俩，孔子第63代孙。,
孔继俪,孔,继,男,63,1555-01-01,1618-01-01,是,长垣,农,,,,,,孔继俪，孔子第63代孙。,
刘姑,孔,继,女,63,1558-01-01,1642-01-01,是,东明,商,,,,,,刘姑，孔子第63代孙。,
孔继俬,孔,继,男,63,1553-01-01,1633-01-01,是,荷泽,儒,,,,,,孔继俬，孔子第63代孙。,
孔继俭,孔,继,男,63,1556-01-01,1639-01-01,是,曹州,工部侍郎,,,,,,孔继俭，孔子第63代孙。,
赵姑,孔,继,女,63,1556-01-01,1622-01-01,是,定陶,礼部尚书,,,,,,赵姑，孔子第63代孙。,
黄氏,孔,继,女,63,1560-01-01,1643-01-01,是,单县,知州,,,,,,黄氏，孔子第63代孙。,
周娘,孔,继,女,63,1555-01-01,1635-01-01,是,成武,知县,,,,,,周娘，孔子第63代孙。,
吴姑,孔,继,女,63,1556-01-01,1640-01-01,是,巨野,举人,,,,,,吴姑，孔子第63代孙。,
徐氏,孔,继,女,63,1557-01-01,1631-01-01,是,郓城,进士,,,,,,徐氏，孔子第63代孙。,
孔继俳,孔,继,男,63,1556-01-01,1630-01-01,是,鄄城,太学生,,,,,,孔继俳，孔子第63代孙。,
孔继俴,孔,继,男,63,1554-01-01,1624-01-01,是,曲阜,县丞,,,,,,孔继俴，孔子第63代孙。,
朱氏,孔,继,女,63,1553-01-01,1623-01-01,是,滋阳,主簿,,,,,,朱氏，孔子第63代孙。,
孔继俶,孔,继,男,63,1553-01-01,1637-01-01,是,济宁,训导,,,,,,孔继俶，孔子第63代孙。,
林姑,孔,继,女,63,1553-01-01,1632-01-01,是,邹县,教谕,,,,,,林姑，孔子第63代孙。,
孔继俸,孔,继,男,63,1560-01-01,1628-01-01,是,滕县,商人,,,,,,孔继俸，孔子第63代孙。,
孔继俹,孔,继,男,63,1556-01-01,1634-01-01,是,峄县,官员,,,,,,孔继俹，孔子第63代孙。,
孔继俺,孔,继,男,63,1559-01-01,1633-01-01,是,金乡,学者,,,,,,孔继俺，孔子第63代孙。,
张氏,孔,继,女,63,1559-01-01,1619-01-01,是,鱼台,大夫,,,,,,张氏，孔子第63代孙。,
王娘,孔,继,女,63,1559-01-01,1626-01-01,是,嘉祥,士,,,,,,王娘，孔子第63代孙。,
孔继俽,孔,继,男,63,1553-01-01,1622-01-01,是,汶上,农,,,,,,孔继俽，孔子第63代孙。,
孔继俾,孔,继,男,63,1558-01-01,1625-01-01,是,泗水,商,,,,,,孔继俾，孔子第63代孙。,
陈娘,孔,继,女,63,1554-01-01,1635-01-01,是,宁阳,儒,,,,,,陈娘，孔子第63代孙。,
孔继倀,孔,继,男,63,1557-01-01,1637-01-01,是,兖州,工部侍郎,,,,,,孔继倀，孔子第63代孙。,
孔继倁,孔,继,男,63,1560-01-01,1637-01-01,是,东平,礼部尚书,,,,,,孔继倁，孔子第63代孙。,
孔继倂,孔,继,男,63,1557-01-01,1639-01-01,是,寿张,知州,,,,,,孔继倂，孔子第63代孙。,
周姑,孔,继,女,63,1553-01-01,1622-01-01,是,范县,知县,,,,,,周姑，孔子第63代孙。,
孔继倄,孔,继,男,63,1556-01-01,1624-01-01,是,濮州,举人,,,,,,孔继倄，孔子第63代孙。,
徐娘,孔,继,女,63,1557-01-01,1640-01-01,是,开州,进士,,,,,,徐娘，孔子第63代孙。,
孔继倆,孔,继,男,63,1560-01-01,1622-01-01,是,长垣,太学生,,,,,,孔继倆，孔子第63代孙。,
孔继倇,孔,继,男,63,1557-01-01,1636-01-01,是,东明,县丞,,,,,,孔继倇，孔子第63代孙。,
孔继倈,孔,继,男,63,1555-01-01,1616-01-01,是,荷泽,主簿,,,,,,孔继倈，孔子第63代孙。,
孔继倉,孔,继,男,63,1557-01-01,1621-01-01,是,曹州,训导,,,,,,孔继倉，孔子第63代孙。,
林氏,孔,继,女,63,1554-01-01,1614-01-01,是,定陶,教谕,,,,,,林氏，孔子第63代孙。,
孔继個,孔,继,男,63,1558-01-01,1621-01-01,是,单县,商人,,,,,,孔继個，孔子第63代孙。,
郭姑,孔,继,女,63,1559-01-01,1636-01-01,是,成武,官员,,,,,,郭姑，孔子第63代孙。,
马氏,孔,继,女,63,1559-01-01,1642-01-01,是,巨野,学者,,,,,,马氏，孔子第63代孙。,
张娘,孔,继,女,63,1556-01-01,1622-01-01,是,郓城,大夫,,,,,,张娘，孔子第63代孙。,
王姑,孔,继,女,63,1560-01-01,1627-01-01,是,鄄城,士,,,,,,王姑，孔子第63代孙。,
李氏,孔,继,女,63,1559-01-01,1633-01-01,是,曲阜,农,,,,,,李氏，孔子第63代孙。,
刘娘,孔,继,女,63,1553-01-01,1629-01-01,是,滋阳,商,,,,,,刘娘，孔子第63代孙。,
孔继倒,孔,继,男,63,1556-01-01,1627-01-01,是,济宁,儒,,,,,,孔继倒，孔子第63代孙。,
孔继倓,孔,继,男,63,1556-01-01,1640-01-01,是,邹县,工部侍郎,,,,,,孔继倓，孔子第63代孙。,
孔继倔,孔,继,男,63,1560-01-01,1644-01-01,是,滕县,礼部尚书,,,,,,孔继倔，孔子第63代孙。,
孔继倕,孔,继,男,63,1560-01-01,1621-01-01,是,峄县,知州,,,,,,孔继倕，孔子第63代孙。,
周氏,孔,继,女,63,1559-01-01,1642-01-01,是,金乡,知县,,,,,,周氏，孔子第63代孙。,
孔继倗,孔,继,男,63,1556-01-01,1616-01-01,是,鱼台,举人,,,,,,孔继倗，孔子第63代孙。,
孔继倘,孔,继,男,63,1560-01-01,1629-01-01,是,嘉祥,进士,,,,,,孔继倘，孔子第63代孙。,
孔继候,孔,继,男,63,1554-01-01,1621-01-01,是,汶上,太学生,,,,,,孔继候，孔子第63代孙。,
孔继倚,孔,继,男,63,1555-01-01,1633-01-01,是,泗水,县丞,,,,,,孔继倚，孔子第63代孙。,
朱姑,孔,继,女,63,1556-01-01,1625-01-01,是,宁阳,主簿,,,,,,朱姑，孔子第63代孙。,
高氏,孔,继,女,63,1560-01-01,1638-01-01,是,兖州,训导,,,,,,高氏，孔子第63代孙。,
林娘,孔,继,女,63,1555-01-01,1628-01-01,是,东平,教谕,,,,,,林娘，孔子第63代孙。,
孔继倞,孔,继,男,63,1553-01-01,1626-01-01,是,寿张,商人,,,,,,孔继倞，孔子第63代孙。,
孔继借,孔,继,男,63,1560-01-01,1622-01-01,是,范县,官员,,,,,,孔继借，孔子第63代孙。,
孔继倠,孔,继,男,63,1555-01-01,1618-01-01,是,濮州,学者,,,,,,孔继倠，孔子第63代孙。,
孔继倡,孔,继,男,63,1558-01-01,1621-01-01,是,开州,大夫,,,,,,孔继倡，孔子第63代孙。,
孔继倢,孔,继,男,63,1553-01-01,1622-01-01,是,长垣,士,,,,,,孔继倢，孔子第63代孙。,
李娘,孔,继,女,63,1554-01-01,1633-01-01,是,东明,农,,,,,,李娘，孔子第63代孙。,
孔继値,孔,继,男,63,1554-01-01,1621-01-01,是,荷泽,商,,,,,,孔继値，孔子第63代孙。,
孔继倥,孔,继,男,63,1556-01-01,1639-01-01,是,曹州,儒,,,,,,孔继倥，孔子第63代孙。,
孔继倦,孔,继,男,63,1559-01-01,1623-01-01,是,定陶,工部侍郎,,,,,,孔继倦，孔子第63代孙。,
孔继倧,孔,继,男,63,1559-01-01,1622-01-01,是,单县,礼部尚书,,,,,,孔继倧，孔子第63代孙。,
孔继倨,孔,继,男,63,1560-01-01,1620-01-01,是,成武,知州,,,,,,孔继倨，孔子第63代孙。,
周娘,孔,继,女,63,1559-01-01,1639-01-01,是,巨野,知县,,,,,,周娘，孔子第63代孙。,
孔继倪,孔,继,男,63,1555-01-01,1636-01-01,是,郓城,举人,,,,,,孔继倪，孔子第63代孙。,
孔继倫,孔,继,男,63,1560-01-01,1630-01-01,是,鄄城,进士,,,,,,孔继倫，孔子第63代孙。,
孔继倬,孔,继,男,63,1558-01-01,1629-01-01,是,曲阜,太学生,,,,,,孔继倬，孔子第63代孙。,
胡姑,孔,继,女,63,1560-01-01,1643-01-01,是,滋阳,县丞,,,,,,胡姑，孔子第63代孙。,
朱氏,孔,继,女,63,1558-01-01,1622-01-01,是,济宁,主簿,,,,,,朱氏，孔子第63代孙。,
孔继倯,孔,继,男,63,1554-01-01,1625-01-01,是,邹县,训导,,,,,,孔继倯，孔子第63代孙。,
孔继倰,孔,继,男,63,1555-01-01,1638-01-01,是,滕县,教谕,,,,,,孔继倰，孔子第63代孙。,
孔继倱,孔,继,男,63,1560-01-01,1642-01-01,是,峄县,商人,,,,,,孔继倱，孔子第63代孙。,
孔继倲,孔,继,男,63,1558-01-01,1633-01-01,是,金乡,官员,,,,,,孔继倲，孔子第63代孙。,
孔继倳,孔,继,男,63,1553-01-01,1613-01-01,是,鱼台,学者,,,,,,孔继倳，孔子第63代孙。,
孔继倴,孔,继,男,63,1557-01-01,1633-01-01,是,嘉祥,大夫,,,,,,孔继倴，孔子第63代孙。,
孔继倵,孔,继,男,63,1558-01-01,1633-01-01,是,汶上,士,,,,,,孔继倵，孔子第63代孙。,
李姑,孔,继,女,63,1556-01-01,1639-01-01,是,泗水,农,,,,,,李姑，孔子第63代孙。,
孔继倷,孔,继,男,63,1560-01-01,1625-01-01,是,宁阳,商,,,,,,孔继倷，孔子第63代孙。,
陈娘,孔,继,女,63,1553-01-01,1622-01-01,是,兖州,儒,,,,,,陈娘，孔子第63代孙。,
杨姑,孔,继,女,63,1560-01-01,1637-01-01,是,东平,工部侍郎,,,,,,杨姑，孔子第63代孙。,
赵氏,孔,继,女,63,1559-01-01,1628-01-01,是,寿张,礼部尚书,,,,,,赵氏，孔子第63代孙。,
孔继倻,孔,继,男,63,1554-01-01,1634-01-01,是,范县,知州,,,,,,孔继倻，孔子第63代孙。,
孔继值,孔,继,男,63,1554-01-01,1629-01-01,是,濮州,知县,,,,,,孔继值，孔子第63代孙。,
孔继倽,孔,继,男,63,1558-01-01,1618-01-01,是,开州,举人,,,,,,孔继倽，孔子第63代孙。,
孔继倾,孔,继,男,63,1553-01-01,1635-01-01,是,长垣,进士,,,,,,孔继倾，孔子第63代孙。,
孙姑,孔,继,女,63,1560-01-01,1638-01-01,是,东明,太学生,,,,,,孙姑，孔子第63代孙。,
孔继偀,孔,继,男,63,1558-01-01,1635-01-01,是,荷泽,县丞,,,,,,孔继偀，孔子第63代孙。,
孔继偁,孔,继,男,63,1556-01-01,1625-01-01,是,曹州,主簿,,,,,,孔继偁，孔子第63代孙。,
孔继偂,孔,继,男,63,1556-01-01,1624-01-01,是,定陶,训导,,,,,,孔继偂，孔子第63代孙。,
孔继偃,孔,继,男,63,1553-01-01,1635-01-01,是,单县,教谕,,,,,,孔继偃，孔子第63代孙。,
何娘,孔,继,女,63,1556-01-01,1635-01-01,是,成武,商人,,,,,,何娘，孔子第63代孙。,
孔继偅,孔,继,男,63,1558-01-01,1639-01-01,是,巨野,官员,,,,,,孔继偅，孔子第63代孙。,
孔继偆,孔,继,男,63,1557-01-01,1628-01-01,是,郓城,学者,,,,,,孔继偆，孔子第63代孙。,
孔继假,孔,继,男,63,1557-01-01,1630-01-01,是,鄄城,大夫,,,,,,孔继假，孔子第63代孙。,
王姑,孔,继,女,63,1554-01-01,1620-01-01,是,曲阜,士,,,,,,王姑，孔子第63代孙。,
孔继偉,孔,继,男,63,1556-01-01,1616-01-01,是,滋阳,农,,,,,,孔继偉，孔子第63代孙。,
刘娘,孔,继,女,63,1555-01-01,1625-01-01,是,济宁,商,,,,,,刘娘，孔子第63代孙。,
陈姑,孔,继,女,63,1554-01-01,1630-01-01,是,邹县,儒,,,,,,陈姑，孔子第63代孙。,
杨氏,孔,继,女,63,1557-01-01,1635-01-01,是,滕县,工部侍郎,,,,,,杨氏，孔子第63代孙。,
孔继偍,孔,继,男,63,1560-01-01,1630-01-01,是,峄县,礼部尚书,,,,,,孔继偍，孔子第63代孙。,
孔继偎,孔,继,男,63,1556-01-01,1632-01-01,是,金乡,知州,,,,,,孔继偎，孔子第63代孙。,
孔继偏,孔,继,男,63,1556-01-01,1617-01-01,是,鱼台,知县,,,,,,孔继偏，孔子第63代孙。,
吴娘,孔,继,女,63,1557-01-01,1626-01-01,是,嘉祥,举人,,,,,,吴娘，孔子第63代孙。,
徐姑,孔,继,女,63,1557-01-01,1620-01-01,是,汶上,进士,,,,,,徐姑，孔子第63代孙。,
孔继偒,孔,继,男,63,1559-01-01,1625-01-01,是,泗水,太学生,,,,,,孔继偒，孔子第63代孙。,
胡娘,孔,继,女,63,1554-01-01,1627-01-01,是,宁阳,县丞,,,,,,胡娘，孔子第63代孙。,
孔继偔,孔,继,男,63,1555-01-01,1623-01-01,是,兖州,主簿,,,,,,孔继偔，孔子第63代孙。,
高氏,孔,继,女,63,1558-01-01,1629-01-01,是,东平,训导,,,,,,高氏，孔子第63代孙。,
孔继偖,孔,继,男,63,1555-01-01,1621-01-01,是,寿张,教谕,,,,,,孔继偖，孔子第63代孙。,
何姑,孔,继,女,63,1553-01-01,1635-01-01,是,范县,商人,,,,,,何姑，孔子第63代孙。,
郭氏,孔,继,女,63,1560-01-01,1642-01-01,是,濮州,官员,,,,,,郭氏，孔子第63代孙。,
孔继偙,孔,继,男,63,1555-01-01,1620-01-01,是,开州,学者,,,,,,孔继偙，孔子第63代孙。,
孔继做,孔,继,男,63,1555-01-01,1624-01-01,是,长垣,大夫,,,,,,孔继做，孔子第63代孙。,
孔继偛,孔,继,男,63,1554-01-01,1630-01-01,是,东明,士,,,,,,孔继偛，孔子第63代孙。,
孔继停,孔,继,男,63,1556-01-01,1640-01-01,是,荷泽,农,,,,,,孔继停，孔子第63代孙。,
刘姑,孔,继,女,63,1556-01-01,1626-01-01,是,曹州,商,,,,,,刘姑，孔子第63代孙。,
陈氏,孔,继,女,63,1554-01-01,1622-01-01,是,定陶,儒,,,,,,陈氏，孔子第63代孙。,
孔继偟,孔,继,男,63,1556-01-01,1620-01-01,是,单县,工部侍郎,,,,,,孔继偟，孔子第63代孙。,
赵姑,孔,继,女,63,1556-01-01,1618-01-01,是,成武,礼部尚书,,,,,,赵姑，孔子第63代孙。,
孔继偡,孔,继,男,63,1557-01-01,1629-01-01,是,巨野,知州,,,,,,孔继偡，孔子第63代孙。,
周娘,孔,继,女,63,1554-01-01,1636-01-01,是,郓城,知县,,,,,,周娘，孔子第63代孙。,
孔继偣,孔,继,男,63,1560-01-01,1622-01-01,是,鄄城,举人,,,,,,孔继偣，孔子第63代孙。,
孔继偤,孔,继,男,63,1554-01-01,1615-01-01,是,曲阜,进士,,,,,,孔继偤，孔子第63代孙。,
孙娘,孔,继,女,63,1560-01-01,1639-01-01,是,滋阳,太学生,,,,,,孙娘，孔子第63代孙。,
孔继偦,孔,继,男,63,1555-01-01,1624-01-01,是,济宁,县丞,,,,,,孔继偦，孔子第63代孙。,
孔继偧,孔,继,男,63,1554-01-01,1625-01-01,是,邹县,主簿,,,,,,孔继偧，孔子第63代孙。,
孔继偨,孔,继,男,63,1558-01-01,1620-01-01,是,滕县,训导,,,,,,孔继偨，孔子第63代孙。,
孔继偩,孔,继,男,63,1555-01-01,1635-01-01,是,峄县,教谕,,,,,,孔继偩，孔子第63代孙。,
孔继偪,孔,继,男,63,1558-01-01,1640-01-01,是,金乡,商人,,,,,,孔继偪，孔子第63代孙。,
孔继偫,孔,继,男,63,1560-01-01,1635-01-01,是,鱼台,官员,,,,,,孔继偫，孔子第63代孙。,
孔继偬,孔,继,男,63,1560-01-01,1621-01-01,是,嘉祥,学者,,,,,,孔继偬，孔子第63代孙。,
张氏,孔,继,女,63,1555-01-01,1620-01-01,是,汶上,大夫,,,,,,张氏，孔子第63代孙。,
王娘,孔,继,女,63,1555-01-01,1620-01-01,是,泗水,士,,,,,,王娘，孔子第63代孙。,
孔继偯,孔,继,男,63,1556-01-01,1632-01-01,是,宁阳,农,,,,,,孔继偯，孔子第63代孙。,
刘氏,孔,继,女,63,1559-01-01,1626-01-01,是,兖州,商,,,,,,刘氏，孔子第63代孙。,
陈娘,孔,继,女,63,1554-01-01,1620-01-01,是,东平,儒,,,,,,陈娘，孔子第63代孙。,
孔继偲,孔,继,男,63,1557-01-01,1638-01-01,是,寿张,工部侍郎,,,,,,孔继偲，孔子第63代孙。,
孔继偳,孔,继,男,63,1555-01-01,1616-01-01,是,范县,礼部尚书,,,,,,孔继偳，孔子第63代孙。,
孔继側,孔,继,男,63,1556-01-01,1631-01-01,是,濮州,知州,,,,,,孔继側，孔子第63代孙。,
周姑,孔,继,女,63,1555-01-01,1624-01-01,是,开州,知县,,,,,,周姑，孔子第63代孙。,
孔继偶,孔,继,男,63,1558-01-01,1637-01-01,是,长垣,举人,,,,,,孔继偶，孔子第63代孙。,
徐娘,孔,继,女,63,1557-01-01,1625-01-01,是,东明,进士,,,,,,徐娘，孔子第63代孙。,
孔继偸,孔,继,男,63,1558-01-01,1632-01-01,是,荷泽,太学生,,,,,,孔继偸，孔子第63代孙。,
孔继偹,孔,继,男,63,1557-01-01,1640-01-01,是,曹州,县丞,,,,,,孔继偹，孔子第63代孙。,
孔继偺,孔,继,男,63,1557-01-01,1626-01-01,是,定陶,主簿,,,,,,孔继偺，孔子第63代孙。,
高姑,孔,继,女,63,1555-01-01,1630-01-01,是,单县,训导,,,,,,高姑，孔子第63代孙。,
林氏,孔,继,女,63,1557-01-01,1641-01-01,是,成武,教谕,,,,,,林氏，孔子第63代孙。,
何娘,孔,继,女,63,1553-01-01,1616-01-01,是,巨野,商人,,,,,,何娘，孔子第63代孙。,
孔继偾,孔,继,男,63,1557-01-01,1618-01-01,是,郓城,官员,,,,,,孔继偾，孔子第63代孙。,
孔继偿,孔,继,男,63,1560-01-01,1632-01-01,是,鄄城,学者,,,,,,孔继偿，孔子第63代孙。,
孔继傀,孔,继,男,63,1555-01-01,1639-01-01,是,曲阜,大夫,,,,,,孔继傀，孔子第63代孙。,
王姑,孔,继,女,63,1554-01-01,1621-01-01,是,滋阳,士,,,,,,王姑，孔子第63代孙。,
李氏,孔,继,女,63,1556-01-01,1632-01-01,是,济宁,农,,,,,,李氏，孔子第63代孙。,
刘娘,孔,继,女,63,1560-01-01,1642-01-01,是,邹县,商,,,,,,刘娘，孔子第63代孙。,
陈姑,孔,继,女,63,1555-01-01,1636-01-01,是,滕县,儒,,,,,,陈姑，孔子第63代孙。,
杨氏,孔,继,女,63,1559-01-01,1633-01-01,是,峄县,工部侍郎,,,,,,杨氏，孔子第63代孙。,
孔继傆,孔,继,男,63,1553-01-01,1623-01-01,是,金乡,礼部尚书,,,,,,孔继傆，孔子第63代孙。,
黄姑,孔,继,女,63,1556-01-01,1626-01-01,是,鱼台,知州,,,,,,黄姑，孔子第63代孙。,
周氏,孔,继,女,63,1553-01-01,1637-01-01,是,嘉祥,知县,,,,,,周氏，孔子第63代孙。,
吴娘,孔,继,女,63,1554-01-01,1631-01-01,是,汶上,举人,,,,,,吴娘，孔子第63代孙。,
孔继傊,孔,继,男,63,1560-01-01,1644-01-01,是,泗水,进士,,,,,,孔继傊，孔子第63代孙。,
孔继傋,孔,继,男,63,1553-01-01,1623-01-01,是,宁阳,太学生,,,,,,孔继傋，孔子第63代孙。,
胡娘,孔,继,女,63,1556-01-01,1621-01-01,是,兖州,县丞,,,,,,胡娘，孔子第63代孙。,
朱姑,孔,继,女,63,1556-01-01,1622-01-01,是,东平,主簿,,,,,,朱姑，孔子第63代孙。,
孔继傎,孔,继,男,63,1555-01-01,1615-01-01,是,寿张,训导,,,,,,孔继傎，孔子第63代孙。,
孔继傏,孔,继,男,63,1553-01-01,1632-01-01,是,范县,教谕,,,,,,孔继傏，孔子第63代孙。,
孔继傐,孔,继,男,63,1559-01-01,1641-01-01,是,濮州,商人,,,,,,孔继傐，孔子第63代孙。,
孔继傑,孔,继,男,63,1560-01-01,1634-01-01,是,开州,官员,,,,,,孔继傑，孔子第63代孙。,
孔继傒,孔,继,男,63,1558-01-01,1642-01-01,是,长垣,学者,,,,,,孔继傒，孔子第63代孙。,
孔继傓,孔,继,男,63,1554-01-01,1615-01-01,是,东明,大夫,,,,,,孔继傓，孔子第63代孙。,
孔继傔,孔,继,男,63,1556-01-01,1620-01-01,是,荷泽,士,,,,,,孔继傔，孔子第63代孙。,
李娘,孔,继,女,63,1557-01-01,1634-01-01,是,曹州,农,,,,,,李娘，孔子第63代孙。,
刘姑,孔,继,女,63,1555-01-01,1621-01-01,是,定陶,商,,,,,,刘姑，孔子第63代孙。,
孔继傗,孔,继,男,63,1557-01-01,1630-01-01,是,单县,儒,,,,,,孔继傗，孔子第63代孙。,
杨娘,孔,继,女,63,1557-01-01,1623-01-01,是,成武,工部侍郎,,,,,,杨娘，孔子第63代孙。,
赵姑,孔,继,女,63,1557-01-01,1618-01-01,是,巨野,礼部尚书,,,,,,赵姑，孔子第63代孙。,
孔继傚,孔,继,男,63,1556-01-01,1635-01-01,是,郓城,知州,,,,,,孔继傚，孔子第63代孙。,
孔继傛,孔,继,男,63,1559-01-01,1620-01-01,是,鄄城,知县,,,,,,孔继傛，孔子第63代孙。,
吴姑,孔,继,女,63,1557-01-01,1621-01-01,是,曲阜,举人,,,,,,吴姑，孔子第63代孙。,
孔继傝,孔,继,男,63,1557-01-01,1618-01-01,是,滋阳,进士,,,,,,孔继傝，孔子第63代孙。,
孔继傞,孔,继,男,63,1555-01-01,1634-01-01,是,济宁,太学生,,,,,,孔继傞，孔子第63代孙。,
孔继傟,孔,继,男,63,1557-01-01,1626-01-01,是,邹县,县丞,,,,,,孔继傟，孔子第63代孙。,
朱氏,孔,继,女,63,1560-01-01,1621-01-01,是,滕县,主簿,,,,,,朱氏，孔子第63代孙。,
孔继傡,孔,继,男,63,1554-01-01,1623-01-01,是,峄县,训导,,,,,,孔继傡，孔子第63代孙。,
林姑,孔,继,女,63,1557-01-01,1627-01-01,是,金乡,教谕,,,,,,林姑，孔子第63代孙。,
孔继傣,孔,继,男,63,1556-01-01,1616-01-01,是,鱼台,商人,,,,,,孔继傣，孔子第63代孙。,
孔继傤,孔,继,男,63,1557-01-01,1628-01-01,是,嘉祥,官员,,,,,,孔继傤，孔子第63代孙。,
孔继傥,孔,继,男,63,1554-01-01,1625-01-01,是,汶上,学者,,,,,,孔继傥，孔子第63代孙。,
孔继傦,孔,继,男,63,1560-01-01,1627-01-01,是,泗水,大夫,,,,,,孔继傦，孔子第63代孙。,
孔继傧,孔,继,男,63,1558-01-01,1639-01-01,是,宁阳,士,,,,,,孔继傧，孔子第63代孙。,
李姑,孔,继,女,63,1555-01-01,1622-01-01,是,兖州,农,,,,,,李姑，孔子第63代孙。,
孔继傩,孔,继,男,63,1555-01-01,1630-01-01,是,东平,商,,,,,,孔继傩，孔子第63代孙。,
孔继傪,孔,继,男,63,1554-01-01,1621-01-01,是,寿张,儒,,,,,,孔继傪，孔子第63代孙。,
孔继傫,孔,继,男,63,1557-01-01,1618-01-01,是,范县,工部侍郎,,,,,,孔继傫，孔子第63代孙。,
孔继催,孔,继,男,63,1557-01-01,1637-01-01,是,濮州,礼部尚书,,,,,,孔继催，孔子第63代孙。,
黄娘,孔,继,女,63,1555-01-01,1620-01-01,是,开州,知州,,,,,,黄娘，孔子第63代孙。,
孔继傮,孔,继,男,63,1555-01-01,1636-01-01,是,长垣,知县,,,,,,孔继傮，孔子第63代孙。,
吴氏,孔,继,女,63,1559-01-01,1626-01-01,是,东明,举人,,,,,,吴氏，孔子第63代孙。,
孔继傰,孔,继,男,63,1558-01-01,1636-01-01,是,荷泽,进士,,,,,,孔继傰，孔子第63代孙。,
孙姑,孔,继,女,63,1557-01-01,1636-01-01,是,曹州,太学生,,,,,,孙姑，孔子第63代孙。,
孔继傲,孔,继,男,63,1560-01-01,1620-01-01,是,定陶,县丞,,,,,,孔继傲，孔子第63代孙。,
孔继傳,孔,继,男,63,1558-01-01,1628-01-01,是,单县,主簿,,,,,,孔继傳，孔子第63代孙。,
高姑,孔,继,女,63,1553-01-01,1637-01-01,是,成武,训导,,,,,,高姑，孔子第63代孙。,
孔继債,孔,继,男,63,1557-01-01,1620-01-01,是,巨野,教谕,,,,,,孔继債，孔子第63代孙。,
何娘,孔,继,女,63,1554-01-01,1637-01-01,是,郓城,商人,,,,,,何娘，孔子第63代孙。,
孔继傷,孔,继,男,63,1556-01-01,1627-01-01,是,鄄城,官员,,,,,,孔继傷，孔子第63代孙。,
马氏,孔,继,女,63,1558-01-01,1639-01-01,是,曲阜,学者,,,,,,马氏，孔子第63代孙。,
孔继傹,孔,继,男,63,1554-01-01,1629-01-01,是,滋阳,大夫,,,,,,孔继傹，孔子第63代孙。,
孔继傺,孔,继,男,63,1555-01-01,1617-01-01,是,济宁,士,,,,,,孔继傺，孔子第63代孙。,
李氏,孔,继,女,63,1554-01-01,1634-01-01,是,邹县,农,,,,,,李氏，孔子第63代孙。,
孔继傼,孔,继,男,63,1554-01-01,1628-01-01,是,滕县,商,,,,,,孔继傼，孔子第63代孙。,
陈姑,孔,继,女,63,1556-01-01,1632-01-01,是,峄县,儒,,,,,,陈姑，孔子第63代孙。,
孔继傾,孔,继,男,63,1555-01-01,1617-01-01,是,金乡,工部侍郎,,,,,,孔继傾，孔子第63代孙。,
孔继傿,孔,继,男,63,1560-01-01,1624-01-01,是,鱼台,礼部尚书,,,,,,孔继傿，孔子第63代孙。,
孔继僀,孔,继,男,63,1559-01-01,1642-01-01,是,嘉祥,知州,,,,,,孔继僀，孔子第63代孙。,
周氏,孔,继,女,63,1559-01-01,1619-01-01,是,汶上,知县,,,,,,周氏，孔子第63代孙。,
孔继僂,孔,继,男,63,1559-01-01,1626-01-01,是,泗水,举人,,,,,,孔继僂，孔子第63代孙。,
孔继僃,孔,继,男,63,1555-01-01,1631-01-01,是,宁阳,进士,,,,,,孔继僃，孔子第63代孙。,
孔继僄,孔,继,男,63,1557-01-01,1625-01-01,是,兖州,太学生,,,,,,孔继僄，孔子第63代孙。,
孔继僅,孔,继,男,63,1557-01-01,1624-01-01,是,东平,县丞,,,,,,孔继僅，孔子第63代孙。,
朱姑,孔,继,女,63,1556-01-01,1617-01-01,是,寿张,主簿,,,,,,朱姑，孔子第63代孙。,
高氏,孔,继,女,63,1557-01-01,1622-01-01,是,范县,训导,,,,,,高氏，孔子第63代孙。,
林娘,孔,继,女,63,1553-01-01,1614-01-01,是,濮州,教谕,,,,,,林娘，孔子第63代孙。,
孔继僉,孔,继,男,63,1555-01-01,1636-01-01,是,开州,商人,,,,,,孔继僉，孔子第63代孙。,
郭氏,孔,继,女,63,1553-01-01,1620-01-01,是,长垣,官员,,,,,,郭氏，孔子第63代孙。,
马娘,孔,继,女,63,1557-01-01,1620-01-01,是,东明,学者,,,,,,马娘，孔子第63代孙。,
孔继僌,孔,继,男,63,1556-01-01,1619-01-01,是,荷泽,大夫,,,,,,孔继僌，孔子第63代孙。,
孔继働,孔,继,男,63,1554-01-01,1621-01-01,是,曹州,士,,,,,,孔继働，孔子第63代孙。,
孔继僎,孔,继,男,63,1555-01-01,1622-01-01,是,定陶,农,,,,,,孔继僎，孔子第63代孙。,
刘姑,孔,继,女,63,1558-01-01,1638-01-01,是,单县,商,,,,,,刘姑，孔子第63代孙。,
孔继僐,孔,继,男,63,1560-01-01,1637-01-01,是,成武,儒,,,,,,孔继僐，孔子第63代孙。,
孔继僑,孔,继,男,63,1560-01-01,1641-01-01,是,巨野,工部侍郎,,,,,,孔继僑，孔子第63代孙。,
赵姑,孔,继,女,63,1558-01-01,1626-01-01,是,郓城,礼部尚书,,,,,,赵姑，孔子第63代孙。,
孔继僓,孔,继,男,63,1555-01-01,1635-01-01,是,鄄城,知州,,,,,,孔继僓，孔子第63代孙。,
孔继僔,孔,继,男,63,1559-01-01,1628-01-01,是,曲阜,知县,,,,,,孔继僔，孔子第63代孙。,
吴姑,孔,继,女,63,1560-01-01,1644-01-01,是,滋阳,举人,,,,,,吴姑，孔子第63代孙。,
徐氏,孔,继,女,63,1554-01-01,1630-01-01,是,济宁,进士,,,,,,徐氏，孔子第63代孙。,
孔继僗,孔,继,男,63,1554-01-01,1636-01-01,是,邹县,太学生,,,,,,孔继僗，孔子第63代孙。,
孔继僘,孔,继,男,63,1559-01-01,1621-01-01,是,滕县,县丞,,,,,,孔继僘，孔子第63代孙。,
孔继僙,孔,继,男,63,1560-01-01,1640-01-01,是,峄县,主簿,,,,,,孔继僙，孔子第63代孙。,
高娘,孔,继,女,63,1557-01-01,1628-01-01,是,金乡,训导,,,,,,高娘，孔子第63代孙。,
林姑,孔,继,女,63,1554-01-01,1624-01-01,是,鱼台,教谕,,,,,,林姑，孔子第63代孙。,
孔继僜,孔,继,男,63,1558-01-01,1622-01-01,是,嘉祥,商人,,,,,,孔继僜，孔子第63代孙。,
孔继僝,孔,继,男,63,1559-01-01,1629-01-01,是,汶上,官员,,,,,,孔继僝，孔子第63代孙。,
孔继僞,孔,继,男,63,1557-01-01,1640-01-01,是,泗水,学者,,,,,,孔继僞，孔子第63代孙。,
孔继僟,孔,继,男,63,1559-01-01,1630-01-01,是,宁阳,大夫,,,,,,孔继僟，孔子第63代孙。,
王娘,孔,继,女,63,1558-01-01,1635-01-01,是,兖州,士,,,,,,王娘，孔子第63代孙。,
李姑,孔,继,女,63,1560-01-01,1639-01-01,是,东平,农,,,,,,李姑，孔子第63代孙。,
刘氏,孔,继,女,63,1554-01-01,1619-01-01,是,寿张,商,,,,,,刘氏，孔子第63代孙。,
孔继僣,孔,继,男,63,1555-01-01,1622-01-01,是,范县,儒,,,,,,孔继僣，孔子第63代孙。,
孔继僤,孔,继,男,63,1555-01-01,1633-01-01,是,濮州,工部侍郎,,,,,,孔继僤，孔子第63代孙。,
赵氏,孔,继,女,63,1558-01-01,1619-01-01,是,开州,礼部尚书,,,,,,赵氏，孔子第63代孙。,
黄娘,孔,继,女,63,1554-01-01,1629-01-01,是,长垣,知州,,,,,,黄娘，孔子第63代孙。,
孔继僧,孔,继,男,63,1558-01-01,1629-01-01,是,东明,知县,,,,,,孔继僧，孔子第63代孙。,
吴氏,孔,继,女,63,1559-01-01,1643-01-01,是,荷泽,举人,,,,,,吴氏，孔子第63代孙。,
孔继僩,孔,继,男,63,1558-01-01,1640-01-01,是,曹州,进士,,,,,,孔继僩，孔子第63代孙。,
孙姑,孔,继,女,63,1554-01-01,1637-01-01,是,定陶,太学生,,,,,,孙姑，孔子第63代孙。,
胡氏,孔,继,女,63,1555-01-01,1630-01-01,是,单县,县丞,,,,,,胡氏，孔子第63代孙。,
朱娘,孔,继,女,63,1558-01-01,1638-01-01,是,成武,主簿,,,,,,朱娘，孔子第63代孙。,
孔继僭,孔,继,男,63,1555-01-01,1623-01-01,是,巨野,训导,,,,,,孔继僭，孔子第63代孙。,
孔继僮,孔,继,男,63,1559-01-01,1635-01-01,是,郓城,教谕,,,,,,孔继僮，孔子第63代孙。,
何娘,孔,继,女,63,1553-01-01,1636-01-01,是,鄄城,商人,,,,,,何娘，孔子第63代孙。,
郭姑,孔,继,女,63,1554-01-01,1616-01-01,是,曲阜,官员,,,,,,郭姑，孔子第63代孙。,
孔继僱,孔,继,男,63,1560-01-01,1643-01-01,是,滋阳,学者,,,,,,孔继僱，孔子第63代孙。,
孔继僲,孔,继,男,63,1555-01-01,1615-01-01,是,济宁,大夫,,,,,,孔继僲，孔子第63代孙。,
孔继僳,孔,继,男,63,1555-01-01,1638-01-01,是,邹县,士,,,,,,孔继僳，孔子第63代孙。,
李氏,孔,继,女,63,1557-01-01,1641-01-01,是,滕县,农,,,,,,李氏，孔子第63代孙。,
孔继僵,孔,继,男,63,1559-01-01,1643-01-01,是,峄县,商,,,,,,孔继僵，孔子第63代孙。,
孔继僶,孔,继,男,63,1560-01-01,1624-01-01,是,金乡,儒,,,,,,孔继僶，孔子第63代孙。,
孔继僷,孔,继,男,63,1554-01-01,1616-01-01,是,鱼台,工部侍郎,,,,,,孔继僷，孔子第63代孙。,
赵娘,孔,继,女,63,1554-01-01,1624-01-01,是,嘉祥,礼部尚书,,,,,,赵娘，孔子第63代孙。,
孔继價,孔,继,男,63,1555-01-01,1620-01-01,是,汶上,知州,,,,,,孔继價，孔子第63代孙。,
孔继僺,孔,继,男,63,1555-01-01,1633-01-01,是,泗水,知县,,,,,,孔继僺，孔子第63代孙。,
吴娘,孔,继,女,63,1560-01-01,1634-01-01,是,宁阳,举人,,,,,,吴娘，孔子第63代孙。,
孔继僼,孔,继,男,63,1559-01-01,1628-01-01,是,兖州,进士,,,,,,孔继僼，孔子第63代孙。,
孙氏,孔,继,女,63,1557-01-01,1628-01-01,是,东平,太学生,,,,,,孙氏，孔子第63代孙。,
孔继僾,孔,继,男,63,1554-01-01,1633-01-01,是,寿张,县丞,,,,,,孔继僾，孔子第63代孙。,
朱姑,孔,继,女,63,1560-01-01,1624-01-01,是,范县,主簿,,,,,,朱姑，孔子第63代孙。,
孔继儀,孔,继,男,63,1560-01-01,1631-01-01,是,濮州,训导,,,,,,孔继儀，孔子第63代孙。,
孔继儁,孔,继,男,63,1559-01-01,1620-01-01,是,开州,教谕,,,,,,孔继儁，孔子第63代孙。,
何姑,孔,继,女,63,1555-01-01,1622-01-01,是,长垣,商人,,,,,,何姑，孔子第63代孙。,
孔继儃,孔,继,男,63,1557-01-01,1641-01-01,是,东明,官员,,,,,,孔继儃，孔子第63代孙。,
马娘,孔,继,女,63,1559-01-01,1636-01-01,是,荷泽,学者,,,,,,马娘，孔子第63代孙。,
孔继儅,孔,继,男,63,1557-01-01,1641-01-01,是,曹州,大夫,,,,,,孔继儅，孔子第63代孙。,
孔继儆,孔,继,男,63,1560-01-01,1635-01-01,是,定陶,士,,,,,,孔继儆，孔子第63代孙。,
孔继儇,孔,继,男,63,1560-01-01,1643-01-01,是,单县,农,,,,,,孔继儇，孔子第63代孙。,
孔继儈,孔,继,男,63,1558-01-01,1625-01-01,是,成武,商,,,,,,孔继儈，孔子第63代孙。,
陈氏,孔,继,女,63,1556-01-01,1617-01-01,是,巨野,儒,,,,,,陈氏，孔子第63代孙。,
杨娘,孔,继,女,63,1557-01-01,1635-01-01,是,郓城,工部侍郎,,,,,,杨娘，孔子第63代孙。,
孔继儋,孔,继,男,63,1559-01-01,1622-01-01,是,鄄城,礼部尚书,,,,,,孔继儋，孔子第63代孙。,
黄氏,孔,继,女,63,1559-01-01,1624-01-01,是,曲阜,知州,,,,,,黄氏，孔子第63代孙。,
孔继儍,孔,继,男,63,1559-01-01,1632-01-01,是,滋阳,知县,,,,,,孔继儍，孔子第63代孙。,
吴姑,孔,继,女,63,1556-01-01,1637-01-01,是,济宁,举人,,,,,,吴姑，孔子第63代孙。,
孔继儏,孔,继,男,63,1555-01-01,1634-01-01,是,邹县,进士,,,,,,孔继儏，孔子第63代孙。,
孔继儐,孔,继,男,63,1559-01-01,1622-01-01,是,滕县,太学生,,,,,,孔继儐，孔子第63代孙。,
胡姑,孔,继,女,63,1555-01-01,1636-01-01,是,峄县,县丞,,,,,,胡姑，孔子第63代孙。,
孔继儒,孔,继,男,63,1559-01-01,1633-01-01,是,金乡,主簿,,,,,,孔继儒，孔子第63代孙。,
高娘,孔,继,女,63,1558-01-01,1638-01-01,是,鱼台,训导,,,,,,高娘，孔子第63代孙。,
林姑,孔,继,女,63,1556-01-01,1623-01-01,是,嘉祥,教谕,,,,,,林姑，孔子第63代孙。,
孔继儕,孔,继,男,63,1560-01-01,1620-01-01,是,汶上,商人,,,,,,孔继儕，孔子第63代孙。,
孔继儖,孔,继,男,63,1554-01-01,1620-01-01,是,泗水,官员,,,,,,孔继儖，孔子第63代孙。,
孔继儗,孔,继,男,63,1559-01-01,1643-01-01,是,宁阳,学者,,,,,,孔继儗，孔子第63代孙。,
孔继儘,孔,继,男,63,1553-01-01,1627-01-01,是,兖州,大夫,,,,,,孔继儘，孔子第63代孙。,
王娘,孔,继,女,63,1557-01-01,1639-01-01,是,东平,士,,,,,,王娘，孔子第63代孙。,
孔继儚,孔,继,男,63,1559-01-01,1632-01-01,是,寿张,农,,,,,,孔继儚，孔子第63代孙。,
孔继儛,孔,继,男,63,1555-01-01,1626-01-01,是,范县,商,,,,,,孔继儛，孔子第63代孙。,
孔继儜,孔,继,男,63,1554-01-01,1627-01-01,是,濮州,儒,,,,,,孔继儜，孔子第63代孙。,
杨姑,孔,继,女,63,1559-01-01,1641-01-01,是,开州,工部侍郎,,,,,,杨姑，孔子第63代孙。,
孔继儞,孔,继,男,63,1555-01-01,1630-01-01,是,长垣,礼部尚书,,,,,,孔继儞，孔子第63代孙。,
黄娘,孔,继,女,63,1555-01-01,1616-01-01,是,东明,知州,,,,,,黄娘，孔子第63代孙。,
孔继儠,孔,继,男,63,1557-01-01,1617-01-01,是,荷泽,知县,,,,,,孔继儠，孔子第63代孙。,
吴氏,孔,继,女,63,1553-01-01,1637-01-01,是,曹州,举人,,,,,,吴氏，孔子第63代孙。,
孔继儢,孔,继,男,63,1555-01-01,1617-01-01,是,定陶,进士,,,,,,孔继儢，孔子第63代孙。,
孙姑,孔,继,女,63,1556-01-01,1636-01-01,是,单县,太学生,,,,,,孙姑，孔子第63代孙。,
胡氏,孔,继,女,63,1560-01-01,1621-01-01,是,成武,县丞,,,,,,胡氏，孔子第63代孙。,
朱娘,孔,继,女,63,1553-01-01,1633-01-01,是,巨野,主簿,,,,,,朱娘，孔子第63代孙。,
孔继儦,孔,继,男,63,1554-01-01,1631-01-01,是,郓城,训导,,,,,,孔继儦，孔子第63代孙。,
孔继儧,孔,继,男,63,1556-01-01,1617-01-01,是,鄄城,教谕,,,,,,孔继儧，孔子第63代孙。,
何娘,孔,继,女,63,1558-01-01,1620-01-01,是,曲阜,商人,,,,,,何娘，孔子第63代孙。,
孔继儩,孔,继,男,63,1559-01-01,1626-01-01,是,滋阳,官员,,,,,,孔继儩，孔子第63代孙。,
孔继優,孔,继,男,63,1553-01-01,1622-01-01,是,济宁,学者,,,,,,孔继優，孔子第63代孙。,
孔继儫,孔,继,男,63,1558-01-01,1621-01-01,是,邹县,大夫,,,,,,孔继儫，孔子第63代孙。,
孔继儬,孔,继,男,63,1560-01-01,1638-01-01,是,滕县,士,,,,,,孔继儬，孔子第63代孙。,
孔继儭,孔,继,男,63,1557-01-01,1638-01-01,是,峄县,农,,,,,,孔继儭，孔子第63代孙。,
孔继儮,孔,继,男,63,1558-01-01,1637-01-01,是,金乡,商,,,,,,孔继儮，孔子第63代孙。,
孔继儯,孔,继,男,63,1556-01-01,1622-01-01,是,鱼台,儒,,,,,,孔继儯，孔子第63代孙。,
杨氏,孔,继,女,63,1558-01-01,1640-01-01,是,嘉祥,工部侍郎,,,,,,杨氏，孔子第63代孙。,
孔继儱,孔,继,男,63,1559-01-01,1637-01-01,是,汶上,礼部尚书,,,,,,孔继儱，孔子第63代孙。,
孔继儲,孔,继,男,63,1554-01-01,1633-01-01,是,泗水,知州,,,,,,孔继儲，孔子第63代孙。,
孔继儳,孔,继,男,63,1558-01-01,1642-01-01,是,宁阳,知县,,,,,,孔继儳，孔子第63代孙。,
孔继儴,孔,继,男,63,1554-01-01,1630-01-01,是,兖州,举人,,,,,,孔继儴，孔子第63代孙。,
徐姑,孔,继,女,63,1559-01-01,1629-01-01,是,东平,进士,,,,,,徐姑，孔子第63代孙。,
孙氏,孔,继,女,63,1560-01-01,1624-01-01,是,寿张,太学生,,,,,,孙氏，孔子第63代孙。,
孔继儷,孔,继,男,63,1559-01-01,1619-01-01,是,范县,县丞,,,,,,孔继儷，孔子第63代孙。,
朱姑,孔,继,女,63,1557-01-01,1634-01-01,是,濮州,主簿,,,,,,朱姑，孔子第63代孙。,
高氏,孔,继,女,63,1554-01-01,1627-01-01,是,开州,训导,,,,,,高氏，孔子第63代孙。,
林娘,孔,继,女,63,1558-01-01,1632-01-01,是,长垣,教谕,,,,,,林娘，孔子第63代孙。,
孔继儻,孔,继,男,63,1556-01-01,1621-01-01,是,东明,商人,,,,,,孔继儻，孔子第63代孙。,
孔继儼,孔,继,男,63,1555-01-01,1624-01-01,是,荷泽,官员,,,,,,孔继儼，孔子第63代孙。,
孔继儽,孔,继,男,63,1557-01-01,1619-01-01,是,曹州,学者,,,,,,孔继儽，孔子第63代孙。,
孔继儾,孔,继,男,63,1554-01-01,1638-01-01,是,定陶,大夫,,,,,,孔继儾，孔子第63代孙。,
王氏,孔,继,女,63,1554-01-01,1638-01-01,是,单县,士,,,,,,王氏，孔子第63代孙。,
李娘,孔,继,女,63,1556-01-01,1634-01-01,是,成武,农,,,,,,李娘，孔子第63代孙。,
孔继允,孔,继,男,63,1553-01-01,1620-01-01,是,巨野,商,,,,,,孔继允，孔子第63代孙。,
孔继兂,孔,继,男,63,1558-01-01,1625-01-01,是,郓城,儒,,,,,,孔继兂，孔子第63代孙。,
孔继元,孔,继,男,63,1556-01-01,1627-01-01,是,鄄城,工部侍郎,,,,,,孔继元，孔子第63代孙。,
孔继兄,孔,继,男,63,1556-01-01,1639-01-01,是,曲阜,礼部尚书,,,,,,孔继兄，孔子第63代孙。,
黄氏,孔,继,女,63,1556-01-01,1634-01-01,是,滋阳,知州,,,,,,黄氏，孔子第63代孙。,
周娘,孔,继,女,63,1557-01-01,1625-01-01,是,济宁,知县,,,,,,周娘，孔子第63代孙。,
孔继兇,孔,继,男,63,1554-01-01,1617-01-01,是,邹县,举人,,,,,,孔继兇，孔子第63代孙。,
徐氏,孔,继,女,63,1559-01-01,1631-01-01,是,滕县,进士,,,,,,徐氏，孔子第63代孙。,
孙娘,孔,继,女,63,1554-01-01,1623-01-01,是,峄县,太学生,,,,,,孙娘，孔子第63代孙。,
胡姑,孔,继,女,63,1558-01-01,1629-01-01,是,金乡,县丞,,,,,,胡姑，孔子第63代孙。,
孔继克,孔,继,男,63,1558-01-01,1622-01-01,是,鱼台,主簿,,,,,,孔继克，孔子第63代孙。,
孔继兌,孔,继,男,63,1553-01-01,1635-01-01,是,嘉祥,训导,,,,,,孔继兌，孔子第63代孙。,
林姑,孔,继,女,63,1554-01-01,1625-01-01,是,汶上,教谕,,,,,,林姑，孔子第63代孙。,
何氏,孔,继,女,63,1555-01-01,1629-01-01,是,泗水,商人,,,,,,何氏，孔子第63代孙。,
郭娘,孔,继,女,63,1555-01-01,1626-01-01,是,宁阳,官员,,,,,,郭娘，孔子第63代孙。,
孔继児,孔,继,男,63,1553-01-01,1625-01-01,是,兖州,学者,,,,,,孔继児，孔子第63代孙。,
张氏,孔,继,女,63,1555-01-01,1623-01-01,是,东平,大夫,,,,,,张氏，孔子第63代孙。,
孔继兒,孔,继,男,63,1560-01-01,1636-01-01,是,寿张,士,,,,,,孔继兒，孔子第63代孙。,
李姑,孔,继,女,63,1559-01-01,1625-01-01,是,范县,农,,,,,,李姑，孔子第63代孙。,
孔继兔,孔,继,男,63,1556-01-01,1631-01-01,是,濮州,商,,,,,,孔继兔，孔子第63代孙。,
陈娘,孔,继,女,63,1553-01-01,1625-01-01,是,开州,儒,,,,,,陈娘，孔子第63代孙。,
孔继兖,孔,继,男,63,1554-01-01,1638-01-01,是,长垣,工部侍郎,,,,,,孔继兖，孔子第63代孙。,
孔继兗,孔,继,男,63,1559-01-01,1633-01-01,是,东明,礼部尚书,,,,,,孔继兗，孔子第63代孙。,
孔继兘,孔,继,男,63,1558-01-01,1629-01-01,是,荷泽,知州,,,,,,孔继兘，孔子第63代孙。,
孔继兙,孔,继,男,63,1553-01-01,1634-01-01,是,曹州,知县,,,,,,孔继兙，孔子第63代孙。,
孔继党,孔,继,男,63,1558-01-01,1638-01-01,是,定陶,举人,,,,,,孔继党，孔子第63代孙。,
孔继兛,孔,继,男,63,1559-01-01,1622-01-01,是,单县,进士,,,,,,孔继兛，孔子第63代孙。,
孔广兜,孔,广,男,64,1581-01-01,1645-01-01,是,成武,太学生,,,,,,孔广兜，孔子第64代孙。,
孔广兝,孔,广,男,64,1585-01-01,1663-01-01,是,巨野,县丞,,,,,,孔广兝，孔子第64代孙。,
孔广兞,孔,广,男,64,1584-01-01,1666-01-01,是,郓城,主簿,,,,,,孔广兞，孔子第64代孙。,
高氏,孔,广,女,64,1582-01-01,1649-01-01,是,鄄城,训导,,,,,,高氏，孔子第64代孙。,
孔广兠,孔,广,男,64,1584-01-01,1652-01-01,是,曲阜,教谕,,,,,,孔广兠，孔子第64代孙。,
孔广兡,孔,广,男,64,1581-01-01,1649-01-01,是,滋阳,商人,,,,,,孔广兡，孔子第64代孙。,
孔广兢,孔,广,男,64,1584-01-01,1644-01-01,是,济宁,官员,,,,,,孔广兢，孔子第64代孙。,
马娘,孔,广,女,64,1587-01-01,1648-01-01,是,邹县,学者,,,,,,马娘，孔子第64代孙。,
孔广兤,孔,广,男,64,1581-01-01,1663-01-01,是,滕县,大夫,,,,,,孔广兤，孔子第64代孙。,
王氏,孔,广,女,64,1583-01-01,1667-01-01,是,峄县,士,,,,,,王氏，孔子第64代孙。,
李娘,孔,广,女,64,1588-01-01,1663-01-01,是,金乡,农,,,,,,李娘，孔子第64代孙。,
孔广內,孔,广,男,64,1588-01-01,1668-01-01,是,鱼台,商,,,,,,孔广內，孔子第64代孙。,
孔广全,孔,广,男,64,1583-01-01,1658-01-01,是,嘉祥,儒,,,,,,孔广全，孔子第64代孙。,
孔广兩,孔,广,男,64,1588-01-01,1649-01-01,是,汶上,工部侍郎,,,,,,孔广兩，孔子第64代孙。,
孔广兪,孔,广,男,64,1584-01-01,1647-01-01,是,泗水,礼部尚书,,,,,,孔广兪，孔子第64代孙。,
孔广八,孔,广,男,64,1586-01-01,1666-01-01,是,宁阳,知州,,,,,,孔广八，孔子第64代孙。,
周娘,孔,广,女,64,1585-01-01,1650-01-01,是,兖州,知县,,,,,,周娘，孔子第64代孙。,
孔广六,孔,广,男,64,1583-01-01,1661-01-01,是,东平,举人,,,,,,孔广六，孔子第64代孙。,
孔广兮,孔,广,男,64,1586-01-01,1646-01-01,是,寿张,进士,,,,,,孔广兮，孔子第64代孙。,
孔广兯,孔,广,男,64,1583-01-01,1648-01-01,是,范县,太学生,,,,,,孔广兯，孔子第64代孙。,
孔广兰,孔,广,男,64,1588-01-01,1664-01-01,是,濮州,县丞,,,,,,孔广兰，孔子第64代孙。,
朱氏,孔,广,女,64,1581-01-01,1656-01-01,是,开州,主簿,,,,,,朱氏，孔子第64代孙。,
高娘,孔,广,女,64,1583-01-01,1648-01-01,是,长垣,训导,,,,,,高娘，孔子第64代孙。,
孔广关,孔,广,男,64,1581-01-01,1644-01-01,是,东明,教谕,,,,,,孔广关，孔子第64代孙。,
何氏,孔,广,女,64,1582-01-01,1654-01-01,是,荷泽,商人,,,,,,何氏，孔子第64代孙。,
孔广兵,孔,广,男,64,1585-01-01,1656-01-01,是,曹州,官员,,,,,,孔广兵，孔子第64代孙。,
马姑,孔,广,女,64,1587-01-01,1671-01-01,是,定陶,学者,,,,,,马姑，孔子第64代孙。,
孔广具,孔,广,男,64,1586-01-01,1657-01-01,是,单县,大夫,,,,,,孔广具，孔子第64代孙。,
孔广典,孔,广,男,64,1582-01-01,1658-01-01,是,成武,士,,,,,,孔广典，孔子第64代孙。,
孔广兹,孔,广,男,64,1585-01-01,1653-01-01,是,巨野,农,,,,,,孔广兹，孔子第64代孙。,
孔广兺,孔,广,男,64,1585-01-01,1648-01-01,是,郓城,商,,,,,,孔广兺，孔子第64代孙。,
陈娘,孔,广,女,64,1585-01-01,1654-01-01,是,鄄城,儒,,,,,,陈娘，孔子第64代孙。,
孔广兼,孔,广,男,64,1587-01-01,1648-01-01,是,曲阜,工部侍郎,,,,,,孔广兼，孔子第64代孙。,
孔广兽,孔,广,男,64,1587-01-01,1664-01-01,是,滋阳,礼部尚书,,,,,,孔广兽，孔子第64代孙。,
黄娘,孔,广,女,64,1583-01-01,1643-01-01,是,济宁,知州,,,,,,黄娘，孔子第64代孙。,
孔广兿,孔,广,男,64,1586-01-01,1670-01-01,是,邹县,知县,,,,,,孔广兿，孔子第64代孙。,
孔广冀,孔,广,男,64,1587-01-01,1671-01-01,是,滕县,举人,,,,,,孔广冀，孔子第64代孙。,
孔广冁,孔,广,男,64,1585-01-01,1651-01-01,是,峄县,进士,,,,,,孔广冁，孔子第64代孙。,
孔广冂,孔,广,男,64,1581-01-01,1654-01-01,是,金乡,太学生,,,,,,孔广冂，孔子第64代孙。,
胡氏,孔,广,女,64,1582-01-01,1657-01-01,是,鱼台,县丞,,,,,,胡氏，孔子第64代孙。,
孔广冄,孔,广,男,64,1587-01-01,1652-01-01,是,嘉祥,主簿,,,,,,孔广冄，孔子第64代孙。,
高姑,孔,广,女,64,1583-01-01,1649-01-01,是,汶上,训导,,,,,,高姑，孔子第64代孙。,
孔广円,孔,广,男,64,1587-01-01,1657-01-01,是,泗水,教谕,,,,,,孔广円，孔子第64代孙。,
何娘,孔,广,女,64,1588-01-01,1656-01-01,是,宁阳,商人,,,,,,何娘，孔子第64代孙。,
孔广冈,孔,广,男,64,1588-01-01,1656-01-01,是,兖州,官员,,,,,,孔广冈，孔子第64代孙。,
马氏,孔,广,女,64,1583-01-01,1656-01-01,是,东平,学者,,,,,,马氏，孔子第64代孙。,
张娘,孔,广,女,64,1586-01-01,1666-01-01,是,寿张,大夫,,,,,,张娘，孔子第64代孙。,
孔广冋,孔,广,男,64,1584-01-01,1655-01-01,是,范县,士,,,,,,孔广冋，孔子第64代孙。,
孔广册,孔,广,男,64,1587-01-01,1661-01-01,是,濮州,农,,,,,,孔广册，孔子第64代孙。,
刘娘,孔,广,女,64,1583-01-01,1662-01-01,是,开州,商,,,,,,刘娘，孔子第64代孙。,
孔广冎,孔,广,男,64,1582-01-01,1643-01-01,是,长垣,儒,,,,,,孔广冎，孔子第64代孙。,
孔广冏,孔,广,男,64,1583-01-01,1644-01-01,是,东明,工部侍郎,,,,,,孔广冏，孔子第64代孙。,
孔广冐,孔,广,男,64,1585-01-01,1664-01-01,是,荷泽,礼部尚书,,,,,,孔广冐，孔子第64代孙。,
孔广冑,孔,广,男,64,1588-01-01,1660-01-01,是,曹州,知州,,,,,,孔广冑，孔子第64代孙。,
孔广冒,孔,广,男,64,1588-01-01,1662-01-01,是,定陶,知县,,,,,,孔广冒，孔子第64代孙。,
孔广冓,孔,广,男,64,1584-01-01,1668-01-01,是,单县,举人,,,,,,孔广冓，孔子第64代孙。,
徐姑,孔,广,女,64,1585-01-01,1649-01-01,是,成武,进士,,,,,,徐姑，孔子第64代孙。,
孔广冕,孔,广,男,64,1582-01-01,1665-01-01,是,巨野,太学生,,,,,,孔广冕，孔子第64代孙。,
孔广冖,孔,广,男,64,1581-01-01,1644-01-01,是,郓城,县丞,,,,,,孔广冖，孔子第64代孙。,
孔广冗,孔,广,男,64,1585-01-01,1656-01-01,是,鄄城,主簿,,,,,,孔广冗，孔子第64代孙。,
孔广冘,孔,广,男,64,1582-01-01,1643-01-01,是,曲阜,训导,,,,,,孔广冘，孔子第64代孙。,
孔广写,孔,广,男,64,1581-01-01,1665-01-01,是,滋阳,教谕,,,,,,孔广写，孔子第64代孙。,
孔广冚,孔,广,男,64,1584-01-01,1649-01-01,是,济宁,商人,,,,,,孔广冚，孔子第64代孙。,
郭氏,孔,广,女,64,1588-01-01,1654-01-01,是,邹县,官员,,,,,,郭氏，孔子第64代孙。,
孔广农,孔,广,男,64,1582-01-01,1659-01-01,是,滕县,学者,,,,,,孔广农，孔子第64代孙。,
张姑,孔,广,女,64,1584-01-01,1660-01-01,是,峄县,大夫,,,,,,张姑，孔子第64代孙。,
孔广冞,孔,广,男,64,1588-01-01,1649-01-01,是,金乡,士,,,,,,孔广冞，孔子第64代孙。,
孔广冟,孔,广,男,64,1584-01-01,1650-01-01,是,鱼台,农,,,,,,孔广冟，孔子第64代孙。,
孔广冠,孔,广,男,64,1587-01-01,1656-01-01,是,嘉祥,商,,,,,,孔广冠，孔子第64代孙。,
孔广冡,孔,广,男,64,1587-01-01,1665-01-01,是,汶上,儒,,,,,,孔广冡，孔子第64代孙。,
杨娘,孔,广,女,64,1584-01-01,1650-01-01,是,泗水,工部侍郎,,,,,,杨娘，孔子第64代孙。,
孔广冣,孔,广,男,64,1587-01-01,1658-01-01,是,宁阳,礼部尚书,,,,,,孔广冣，孔子第64代孙。,
孔广冤,孔,广,男,64,1584-01-01,1645-01-01,是,兖州,知州,,,,,,孔广冤，孔子第64代孙。,
周娘,孔,广,女,64,1582-01-01,1663-01-01,是,东平,知县,,,,,,周娘，孔子第64代孙。,
孔广冦,孔,广,男,64,1584-01-01,1661-01-01,是,寿张,举人,,,,,,孔广冦，孔子第64代孙。,
孔广冧,孔,广,男,64,1587-01-01,1658-01-01,是,范县,进士,,,,,,孔广冧，孔子第64代孙。,
孔广冨,孔,广,男,64,1581-01-01,1662-01-01,是,濮州,太学生,,,,,,孔广冨，孔子第64代孙。,
孔广冩,孔,广,男,64,1587-01-01,1661-01-01,是,开州,县丞,,,,,,孔广冩，孔子第64代孙。,
朱氏,孔,广,女,64,1587-01-01,1647-01-01,是,长垣,主簿,,,,,,朱氏，孔子第64代孙。,
孔广冫,孔,广,男,64,1584-01-01,1655-01-01,是,东明,训导,,,,,,孔广冫，孔子第64代孙。,
林姑,孔,广,女,64,1587-01-01,1665-01-01,是,荷泽,教谕,,,,,,林姑，孔子第64代孙。,
孔广冭,孔,广,男,64,1583-01-01,1656-01-01,是,曹州,商人,,,,,,孔广冭，孔子第64代孙。,
郭娘,孔,广,女,64,1587-01-01,1667-01-01,是,定陶,官员,,,,,,郭娘，孔子第64代孙。,
孔广冯,孔,广,男,64,1581-01-01,1659-01-01,是,单县,学者,,,,,,孔广冯，孔子第64代孙。,
孔广冰,孔,广,男,64,1581-01-01,1654-01-01,是,成武,大夫,,,,,,孔广冰，孔子第64代孙。,
孔广冱,孔,广,男,64,1582-01-01,1648-01-01,是,巨野,士,,,,,,孔广冱，孔子第64代孙。,
孔广冲,孔,广,男,64,1586-01-01,1670-01-01,是,郓城,农,,,,,,孔广冲，孔子第64代孙。,
刘氏,孔,广,女,64,1584-01-01,1661-01-01,是,鄄城,商,,,,,,刘氏，孔子第64代孙。,
孔广冴,孔,广,男,64,1587-01-01,1649-01-01,是,曲阜,儒,,,,,,孔广冴，孔子第64代孙。,
孔广况,孔,广,男,64,1584-01-01,1652-01-01,是,滋阳,工部侍郎,,,,,,孔广况，孔子第64代孙。,
赵氏,孔,广,女,64,1588-01-01,1667-01-01,是,济宁,礼部尚书,,,,,,赵氏，孔子第64代孙。,
黄娘,孔,广,女,64,1583-01-01,1666-01-01,是,邹县,知州,,,,,,黄娘，孔子第64代孙。,
周姑,孔,广,女,64,1587-01-01,1647-01-01,是,滕县,知县,,,,,,周姑，孔子第64代孙。,
吴氏,孔,广,女,64,1586-01-01,1664-01-01,是,峄县,举人,,,,,,吴氏，孔子第64代孙。,
徐娘,孔,广,女,64,1587-01-01,1662-01-01,是,金乡,进士,,,,,,徐娘，孔子第64代孙。,
孔广冻,孔,广,男,64,1586-01-01,1660-01-01,是,鱼台,太学生,,,,,,孔广冻，孔子第64代孙。,
孔广冼,孔,广,男,64,1585-01-01,1663-01-01,是,嘉祥,县丞,,,,,,孔广冼，孔子第64代孙。,
孔广冽,孔,广,男,64,1586-01-01,1663-01-01,是,汶上,主簿,,,,,,孔广冽，孔子第64代孙。,
孔广冾,孔,广,男,64,1581-01-01,1641-01-01,是,泗水,训导,,,,,,孔广冾，孔子第64代孙。,
孔广冿,孔,广,男,64,1582-01-01,1642-01-01,是,宁阳,教谕,,,,,,孔广冿，孔子第64代孙。,
孔广净,孔,广,男,64,1585-01-01,1647-01-01,是,兖州,商人,,,,,,孔广净，孔子第64代孙。,
孔广凁,孔,广,男,64,1587-01-01,1669-01-01,是,东平,官员,,,,,,孔广凁，孔子第64代孙。,
马氏,孔,广,女,64,1587-01-01,1653-01-01,是,寿张,学者,,,,,,马氏，孔子第64代孙。,
孔广凃,孔,广,男,64,1581-01-01,1660-01-01,是,范县,大夫,,,,,,孔广凃，孔子第64代孙。,
王姑,孔,广,女,64,1581-01-01,1651-01-01,是,濮州,士,,,,,,王姑，孔子第64代孙。,
孔广凅,孔,广,男,64,1584-01-01,1660-01-01,是,开州,农,,,,,,孔广凅，孔子第64代孙。,
刘娘,孔,广,女,64,1582-01-01,1663-01-01,是,长垣,商,,,,,,刘娘，孔子第64代孙。,
陈姑,孔,广,女,64,1582-01-01,1642-01-01,是,东明,儒,,,,,,陈姑，孔子第64代孙。,
杨氏,孔,广,女,64,1586-01-01,1650-01-01,是,荷泽,工部侍郎,,,,,,杨氏，孔子第64代孙。,
赵娘,孔,广,女,64,1584-01-01,1647-01-01,是,曹州,礼部尚书,,,,,,赵娘，孔子第64代孙。,
黄姑,孔,广,女,64,1588-01-01,1653-01-01,是,定陶,知州,,,,,,黄姑，孔子第64代孙。,
孔广凋,孔,广,男,64,1587-01-01,1660-01-01,是,单县,知县,,,,,,孔广凋，孔子第64代孙。,
孔广凌,孔,广,男,64,1584-01-01,1664-01-01,是,成武,举人,,,,,,孔广凌，孔子第64代孙。,
孔广凍,孔,广,男,64,1581-01-01,1655-01-01,是,巨野,进士,,,,,,孔广凍，孔子第64代孙。,
孔广凎,孔,广,男,64,1588-01-01,1654-01-01,是,郓城,太学生,,,,,,孔广凎，孔子第64代孙。,
孔广减,孔,广,男,64,1586-01-01,1665-01-01,是,鄄城,县丞,,,,,,孔广减，孔子第64代孙。,
孔广凐,孔,广,男,64,1582-01-01,1664-01-01,是,曲阜,主簿,,,,,,孔广凐，孔子第64代孙。,
高氏,孔,广,女,64,1588-01-01,1666-01-01,是,滋阳,训导,,,,,,高氏，孔子第64代孙。,
孔广凒,孔,广,男,64,1582-01-01,1665-01-01,是,济宁,教谕,,,,,,孔广凒，孔子第64代孙。,
何姑,孔,广,女,64,1586-01-01,1656-01-01,是,邹县,商人,,,,,,何姑，孔子第64代孙。,
孔广凔,孔,广,男,64,1583-01-01,1645-01-01,是,滕县,官员,,,,,,孔广凔，孔子第64代孙。,
孔广凕,孔,广,男,64,1582-01-01,1645-01-01,是,峄县,学者,,,,,,孔广凕，孔子第64代孙。,
孔广凖,孔,广,男,64,1583-01-01,1645-01-01,是,金乡,大夫,,,,,,孔广凖，孔子第64代孙。,
孔广凗,孔,广,男,64,1586-01-01,1666-01-01,是,鱼台,士,,,,,,孔广凗，孔子第64代孙。,
孔广凘,孔,广,男,64,1581-01-01,1646-01-01,是,嘉祥,农,,,,,,孔广凘，孔子第64代孙。,
刘姑,孔,广,女,64,1582-01-01,1654-01-01,是,汶上,商,,,,,,刘姑，孔子第64代孙。,
孔广凚,孔,广,男,64,1586-01-01,1667-01-01,是,泗水,儒,,,,,,孔广凚，孔子第64代孙。,
孔广凛,孔,广,男,64,1584-01-01,1645-01-01,是,宁阳,工部侍郎,,,,,,孔广凛，孔子第64代孙。,
赵姑,孔,广,女,64,1587-01-01,1657-01-01,是,兖州,礼部尚书,,,,,,赵姑，孔子第64代孙。,
孔广凝,孔,广,男,64,1586-01-01,1658-01-01,是,东平,知州,,,,,,孔广凝，孔子第64代孙。,
周娘,孔,广,女,64,1587-01-01,1669-01-01,是,寿张,知县,,,,,,周娘，孔子第64代孙。,
孔广凟,孔,广,男,64,1586-01-01,1662-01-01,是,范县,举人,,,,,,孔广凟，孔子第64代孙。,
孔广几,孔,广,男,64,1587-01-01,1662-01-01,是,濮州,进士,,,,,,孔广几，孔子第64代孙。,
孔广凡,孔,广,男,64,1587-01-01,1649-01-01,是,开州,太学生,,,,,,孔广凡，孔子第64代孙。,
胡姑,孔,广,女,64,1583-01-01,1667-01-01,是,长垣,县丞,,,,,,胡姑，孔子第64代孙。,
孔广凣,孔,广,男,64,1582-01-01,1651-01-01,是,东明,主簿,,,,,,孔广凣，孔子第64代孙。,
孔广凤,孔,广,男,64,1584-01-01,1663-01-01,是,荷泽,训导,,,,,,孔广凤，孔子第64代孙。,
孔广凥,孔,广,男,64,1584-01-01,1654-01-01,是,曹州,教谕,,,,,,孔广凥，孔子第64代孙。,
孔广処,孔,广,男,64,1588-01-01,1651-01-01,是,定陶,商人,,,,,,孔广処，孔子第64代孙。,
孔广凧,孔,广,男,64,1586-01-01,1663-01-01,是,单县,官员,,,,,,孔广凧，孔子第64代孙。,
孔广一,孔,广,男,64,1585-01-01,1657-01-01,是,成武,学者,,,,,,孔广一，孔子第64代孙。,
张氏,孔,广,女,64,1586-01-01,1670-01-01,是,巨野,大夫,,,,,,张氏，孔子第64代孙。,
孔广丂,孔,广,男,64,1587-01-01,1649-01-01,是,郓城,士,,,,,,孔广丂，孔子第64代孙。,
孔广七,孔,广,男,64,1588-01-01,1672-01-01,是,鄄城,农,,,,,,孔广七，孔子第64代孙。,
孔广丄,孔,广,男,64,1585-01-01,1653-01-01,是,曲阜,商,,,,,,孔广丄，孔子第64代孙。,
孔广丅,孔,广,男,64,1588-01-01,1655-01-01,是,滋阳,儒,,,,,,孔广丅，孔子第64代孙。,
杨姑,孔,广,女,64,1581-01-01,1663-01-01,是,济宁,工部侍郎,,,,,,杨姑，孔子第64代孙。,
孔广万,孔,广,男,64,1586-01-01,1663-01-01,是,邹县,礼部尚书,,,,,,孔广万，孔子第64代孙。,
孔广丈,孔,广,男,64,1582-01-01,1644-01-01,是,滕县,知州,,,,,,孔广丈，孔子第64代孙。,
孔广三,孔,广,男,64,1583-01-01,1653-01-01,是,峄县,知县,,,,,,孔广三，孔子第64代孙。,
孔广上,孔,广,男,64,1588-01-01,1661-01-01,是,金乡,举人,,,,,,孔广上，孔子第64代孙。,
徐娘,孔,广,女,64,1582-01-01,1656-01-01,是,鱼台,进士,,,,,,徐娘，孔子第64代孙。,
孔广丌,孔,广,男,64,1581-01-01,1648-01-01,是,嘉祥,太学生,,,,,,孔广丌，孔子第64代孙。,
孔广不,孔,广,男,64,1582-01-01,1664-01-01,是,汶上,县丞,,,,,,孔广不，孔子第64代孙。,
孔广与,孔,广,男,64,1585-01-01,1663-01-01,是,泗水,主簿,,,,,,孔广与，孔子第64代孙。,
孔广丏,孔,广,男,64,1586-01-01,1653-01-01,是,宁阳,训导,,,,,,孔广丏，孔子第64代孙。,
林氏,孔,广,女,64,1586-01-01,1664-01-01,是,兖州,教谕,,,,,,林氏，孔子第64代孙。,
孔广丑,孔,广,男,64,1587-01-01,1657-01-01,是,东平,商人,,,,,,孔广丑，孔子第64代孙。,
孔广丒,孔,广,男,64,1581-01-01,1648-01-01,是,寿张,官员,,,,,,孔广丒，孔子第64代孙。,
孔广专,孔,广,男,64,1586-01-01,1662-01-01,是,范县,学者,,,,,,孔广专，孔子第64代孙。,
孔广且,孔,广,男,64,1587-01-01,1668-01-01,是,濮州,大夫,,,,,,孔广且，孔子第64代孙。,
孔广丕,孔,广,男,64,1582-01-01,1665-01-01,是,开州,士,,,,,,孔广丕，孔子第64代孙。,
李氏,孔,广,女,64,1585-01-01,1652-01-01,是,长垣,农,,,,,,李氏，孔子第64代孙。,
孔广丗,孔,广,男,64,1585-01-01,1665-01-01,是,东明,商,,,,,,孔广丗，孔子第64代孙。,
孔广丘,孔,广,男,64,1583-01-01,1654-01-01,是,荷泽,儒,,,,,,孔广丘，孔子第64代孙。,
杨氏,孔,广,女,64,1588-01-01,1654-01-01,是,曹州,工部侍郎,,,,,,杨氏，孔子第64代孙。,
赵娘,孔,广,女,64,1583-01-01,1661-01-01,是,定陶,礼部尚书,,,,,,赵娘，孔子第64代孙。,
孔广丛,孔,广,男,64,1588-01-01,1655-01-01,是,单县,知州,,,,,,孔广丛，孔子第64代孙。,
周氏,孔,广,女,64,1588-01-01,1649-01-01,是,成武,知县,,,,,,周氏，孔子第64代孙。,
吴娘,孔,广,女,64,1585-01-01,1665-01-01,是,巨野,举人,,,,,,吴娘，孔子第64代孙。,
徐姑,孔,广,女,64,1585-01-01,1667-01-01,是,郓城,进士,,,,,,徐姑，孔子第64代孙。,
孙氏,孔,广,女,64,1586-01-01,1658-01-01,是,鄄城,太学生,,,,,,孙氏，孔子第64代孙。,
孔广丠,孔,广,男,64,1581-01-01,1641-01-01,是,曲阜,县丞,,,,,,孔广丠，孔子第64代孙。,
朱姑,孔,广,女,64,1582-01-01,1661-01-01,是,滋阳,主簿,,,,,,朱姑，孔子第64代孙。,
孔广丢,孔,广,男,64,1585-01-01,1667-01-01,是,济宁,训导,,,,,,孔广丢，孔子第64代孙。,
孔广丣,孔,广,男,64,1584-01-01,1659-01-01,是,邹县,教谕,,,,,,孔广丣，孔子第64代孙。,
孔广两,孔,广,男,64,1585-01-01,1668-01-01,是,滕县,商人,,,,,,孔广两，孔子第64代孙。,
孔广严,孔,广,男,64,1584-01-01,1649-01-01,是,峄县,官员,,,,,,孔广严，孔子第64代孙。,
孔广並,孔,广,男,64,1581-01-01,1661-01-01,是,金乡,学者,,,,,,孔广並，孔子第64代孙。,
孔广丧,孔,广,男,64,1585-01-01,1645-01-01,是,鱼台,大夫,,,,,,孔广丧，孔子第64代孙。,
孔广丨,孔,广,男,64,1584-01-01,1653-01-01,是,嘉祥,士,,,,,,孔广丨，孔子第64代孙。,
孔广丩,孔,广,男,64,1587-01-01,1662-01-01,是,汶上,农,,,,,,孔广丩，孔子第64代孙。,
刘姑,孔,广,女,64,1582-01-01,1654-01-01,是,泗水,商,,,,,,刘姑，孔子第64代孙。,
孔广丫,孔,广,男,64,1584-01-01,1650-01-01,是,宁阳,儒,,,,,,孔广丫，孔子第64代孙。,
孔广丬,孔,广,男,64,1585-01-01,1669-01-01,是,兖州,工部侍郎,,,,,,孔广丬，孔子第64代孙。,
孔广中,孔,广,男,64,1583-01-01,1647-01-01,是,东平,礼部尚书,,,,,,孔广中，孔子第64代孙。,
黄氏,孔,广,女,64,1585-01-01,1652-01-01,是,寿张,知州,,,,,,黄氏，孔子第64代孙。,
孔广丯,孔,广,男,64,1583-01-01,1655-01-01,是,范县,知县,,,,,,孔广丯，孔子第64代孙。,
孔广丰,孔,广,男,64,1587-01-01,1670-01-01,是,濮州,举人,,,,,,孔广丰，孔子第64代孙。,
孔广丱,孔,广,男,64,1587-01-01,1668-01-01,是,开州,进士,,,,,,孔广丱，孔子第64代孙。,
孔广串,孔,广,男,64,1584-01-01,1666-01-01,是,长垣,太学生,,,,,,孔广串，孔子第64代孙。,
孔广丳,孔,广,男,64,1587-01-01,1661-01-01,是,东明,县丞,,,,,,孔广丳，孔子第64代孙。,
孔广临,孔,广,男,64,1586-01-01,1667-01-01,是,荷泽,主簿,,,,,,孔广临，孔子第64代孙。,
孔广丵,孔,广,男,64,1588-01-01,1654-01-01,是,曹州,训导,,,,,,孔广丵，孔子第64代孙。,
孔广丶,孔,广,男,64,1587-01-01,1662-01-01,是,定陶,教谕,,,,,,孔广丶，孔子第64代孙。,
孔广丷,孔,广,男,64,1581-01-01,1658-01-01,是,单县,商人,,,,,,孔广丷，孔子第64代孙。,
孔广丸,孔,广,男,64,1585-01-01,1663-01-01,是,成武,官员,,,,,,孔广丸，孔子第64代孙。,
孔广丹,孔,广,男,64,1581-01-01,1661-01-01,是,巨野,学者,,,,,,孔广丹，孔子第64代孙。,
张氏,孔,广,女,64,1585-01-01,1657-01-01,是,郓城,大夫,,,,,,张氏，孔子第64代孙。,
王娘,孔,广,女,64,1581-01-01,1644-01-01,是,鄄城,士,,,,,,王娘，孔子第64代孙。,
孔广丼,孔,广,男,64,1583-01-01,1657-01-01,是,曲阜,农,,,,,,孔广丼，孔子第64代孙。,
刘氏,孔,广,女,64,1584-01-01,1664-01-01,是,滋阳,商,,,,,,刘氏，孔子第64代孙。,
孔广举,孔,广,男,64,1587-01-01,1651-01-01,是,济宁,儒,,,,,,孔广举，孔子第64代孙。,
孔广丿,孔,广,男,64,1588-01-01,1659-01-01,是,邹县,工部侍郎,,,,,,孔广丿，孔子第64代孙。,
孔广乀,孔,广,男,64,1588-01-01,1657-01-01,是,滕县,礼部尚书,,,,,,孔广乀，孔子第64代孙。,
孔广乁,孔,广,男,64,1588-01-01,1660-01-01,是,峄县,知州,,,,,,孔广乁，孔子第64代孙。,
孔广乂,孔,广,男,64,1585-01-01,1650-01-01,是,金乡,知县,,,,,,孔广乂，孔子第64代孙。,
吴氏,孔,广,女,64,1581-01-01,1648-01-01,是,鱼台,举人,,,,,,吴氏，孔子第64代孙。,
徐娘,孔,广,女,64,1586-01-01,1652-01-01,是,嘉祥,进士,,,,,,徐娘，孔子第64代孙。,
孔广久,孔,广,男,64,1583-01-01,1646-01-01,是,汶上,太学生,,,,,,孔广久，孔子第64代孙。,
孔广乆,孔,广,男,64,1582-01-01,1643-01-01,是,泗水,县丞,,,,,,孔广乆，孔子第64代孙。,
孔广乇,孔,广,男,64,1582-01-01,1644-01-01,是,宁阳,主簿,,,,,,孔广乇，孔子第64代孙。,
孔广么,孔,广,男,64,1582-01-01,1659-01-01,是,兖州,训导,,,,,,孔广么，孔子第64代孙。,
孔广义,孔,广,男,64,1585-01-01,1651-01-01,是,东平,教谕,,,,,,孔广义，孔子第64代孙。,
孔广乊,孔,广,男,64,1581-01-01,1654-01-01,是,寿张,商人,,,,,,孔广乊，孔子第64代孙。,
孔广之,孔,广,男,64,1588-01-01,1672-01-01,是,范县,官员,,,,,,孔广之，孔子第64代孙。,
孔广乌,孔,广,男,64,1586-01-01,1656-01-01,是,濮州,学者,,,,,,孔广乌，孔子第64代孙。,
张娘,孔,广,女,64,1581-01-01,1659-01-01,是,开州,大夫,,,,,,张娘，孔子第64代孙。,
王姑,孔,广,女,64,1582-01-01,1651-01-01,是,长垣,士,,,,,,王姑，孔子第64代孙。,
孔广乏,孔,广,男,64,1588-01-01,1668-01-01,是,东明,农,,,,,,孔广乏，孔子第64代孙。,
孔广乐,孔,广,男,64,1582-01-01,1666-01-01,是,荷泽,商,,,,,,孔广乐，孔子第64代孙。,
陈姑,孔,广,女,64,1583-01-01,1652-01-01,是,曹州,儒,,,,,,陈姑，孔子第64代孙。,
孔广乒,孔,广,男,64,1588-01-01,1648-01-01,是,定陶,工部侍郎,,,,,,孔广乒，孔子第64代孙。,
赵娘,孔,广,女,64,1585-01-01,1662-01-01,是,单县,礼部尚书,,,,,,赵娘，孔子第64代孙。,
孔广乔,孔,广,男,64,1588-01-01,1662-01-01,是,成武,知州,,,,,,孔广乔，孔子第64代孙。,
孔广乕,孔,广,男,64,1583-01-01,1653-01-01,是,巨野,知县,,,,,,孔广乕，孔子第64代孙。,
孔广乖,孔,广,男,64,1583-01-01,1645-01-01,是,郓城,举人,,,,,,孔广乖，孔子第64代孙。,
孔广乗,孔,广,男,64,1584-01-01,1655-01-01,是,鄄城,进士,,,,,,孔广乗，孔子第64代孙。,
孔广乘,孔,广,男,64,1582-01-01,1643-01-01,是,曲阜,太学生,,,,,,孔广乘，孔子第64代孙。,
胡娘,孔,广,女,64,1583-01-01,1646-01-01,是,滋阳,县丞,,,,,,胡娘，孔子第64代孙。,
孔广乚,孔,广,男,64,1582-01-01,1644-01-01,是,济宁,主簿,,,,,,孔广乚，孔子第64代孙。,
孔广乛,孔,广,男,64,1588-01-01,1671-01-01,是,邹县,训导,,,,,,孔广乛，孔子第64代孙。,
孔广乜,孔,广,男,64,1581-01-01,1643-01-01,是,滕县,教谕,,,,,,孔广乜，孔子第64代孙。,
孔广九,孔,广,男,64,1581-01-01,1662-01-01,是,峄县,商人,,,,,,孔广九，孔子第64代孙。,
孔广乞,孔,广,男,64,1585-01-01,1664-01-01,是,金乡,官员,,,,,,孔广乞，孔子第64代孙。,
孔广也,孔,广,男,64,1587-01-01,1661-01-01,是,鱼台,学者,,,,,,孔广也，孔子第64代孙。,
孔广习,孔,广,男,64,1588-01-01,1671-01-01,是,嘉祥,大夫,,,,,,孔广习，孔子第64代孙。,
孔广乡,孔,广,男,64,1586-01-01,1659-01-01,是,汶上,士,,,,,,孔广乡，孔子第64代孙。,
李娘,孔,广,女,64,1585-01-01,1664-01-01,是,泗水,农,,,,,,李娘，孔子第64代孙。,
刘姑,孔,广,女,64,1583-01-01,1659-01-01,是,宁阳,商,,,,,,刘姑，孔子第64代孙。,
孔广乤,孔,广,男,64,1588-01-01,1660-01-01,是,兖州,儒,,,,,,孔广乤，孔子第64代孙。,
孔广乥,孔,广,男,64,1583-01-01,1664-01-01,是,东平,工部侍郎,,,,,,孔广乥，孔子第64代孙。,
赵姑,孔,广,女,64,1582-01-01,1646-01-01,是,寿张,礼部尚书,,,,,,赵姑，孔子第64代孙。,
孔广乧,孔,广,男,64,1586-01-01,1654-01-01,是,范县,知州,,,,,,孔广乧，孔子第64代孙。,
周娘,孔,广,女,64,1587-01-01,1659-01-01,是,濮州,知县,,,,,,周娘，孔子第64代孙。,
孔广乩,孔,广,男,64,1584-01-01,1662-01-01,是,开州,举人,,,,,,孔广乩，孔子第64代孙。,
徐氏,孔,广,女,64,1584-01-01,1665-01-01,是,长垣,进士,,,,,,徐氏，孔子第64代孙。,
孔广乫,孔,广,男,64,1583-01-01,1657-01-01,是,东明,太学生,,,,,,孔广乫，孔子第64代孙。,
孔广乬,孔,广,男,64,1583-01-01,1664-01-01,是,荷泽,县丞,,,,,,孔广乬，孔子第64代孙。,
朱氏,孔,广,女,64,1581-01-01,1641-01-01,是,曹州,主簿,,,,,,朱氏，孔子第64代孙。,
高娘,孔,广,女,64,1584-01-01,1658-01-01,是,定陶,训导,,,,,,高娘，孔子第64代孙。,
孔广乯,孔,广,男,64,1584-01-01,1659-01-01,是,单县,教谕,,,,,,孔广乯，孔子第64代孙。,
何氏,孔,广,女,64,1581-01-01,1661-01-01,是,成武,商人,,,,,,何氏，孔子第64代孙。,
孔广乱,孔,广,男,64,1583-01-01,1656-01-01,是,巨野,官员,,,,,,孔广乱，孔子第64代孙。,
孔广乲,孔,广,男,64,1581-01-01,1652-01-01,是,郓城,学者,,,,,,孔广乲，孔子第64代孙。,
张氏,孔,广,女,64,1581-01-01,1654-01-01,是,鄄城,大夫,,,,,,张氏，孔子第64代孙。,
孔广乴,孔,广,男,64,1588-01-01,1671-01-01,是,曲阜,士,,,,,,孔广乴，孔子第64代孙。,
李姑,孔,广,女,64,1588-01-01,1665-01-01,是,滋阳,农,,,,,,李姑，孔子第64代孙。,
孔广乶,孔,广,男,64,1584-01-01,1650-01-01,是,济宁,商,,,,,,孔广乶，孔子第64代孙。,
孔广乷,孔,广,男,64,1588-01-01,1661-01-01,是,邹县,儒,,,,,,孔广乷，孔子第64代孙。,
孔广乸,孔,广,男,64,1587-01-01,1651-01-01,是,滕县,工部侍郎,,,,,,孔广乸，孔子第64代孙。,
赵氏,孔,广,女,64,1585-01-01,1663-01-01,是,峄县,礼部尚书,,,,,,赵氏，孔子第64代孙。,
黄娘,孔,广,女,64,1585-01-01,1649-01-01,是,金乡,知州,,,,,,黄娘，孔子第64代孙。,
孔广乻,孔,广,男,64,1588-01-01,1669-01-01,是,鱼台,知县,,,,,,孔广乻，孔子第64代孙。,
吴氏,孔,广,女,64,1584-01-01,1648-01-01,是,嘉祥,举人,,,,,,吴氏，孔子第64代孙。,
徐娘,孔,广,女,64,1583-01-01,1656-01-01,是,汶上,进士,,,,,,徐娘，孔子第64代孙。,
孔广乾,孔,广,男,64,1587-01-01,1668-01-01,是,泗水,太学生,,,,,,孔广乾，孔子第64代孙。,
孔广乿,孔,广,男,64,1582-01-01,1666-01-01,是,宁阳,县丞,,,,,,孔广乿，孔子第64代孙。,
孔广亀,孔,广,男,64,1581-01-01,1648-01-01,是,兖州,主簿,,,,,,孔广亀，孔子第64代孙。,
高姑,孔,广,女,64,1584-01-01,1651-01-01,是,东平,训导,,,,,,高姑，孔子第64代孙。,
孔广亂,孔,广,男,64,1588-01-01,1659-01-01,是,寿张,教谕,,,,,,孔广亂，孔子第64代孙。,
孔广亃,孔,广,男,64,1582-01-01,1655-01-01,是,范县,商人,,,,,,孔广亃，孔子第64代孙。,
孔广亄,孔,广,男,64,1585-01-01,1659-01-01,是,濮州,官员,,,,,,孔广亄，孔子第64代孙。,
马氏,孔,广,女,64,1584-01-01,1664-01-01,是,开州,学者,,,,,,马氏，孔子第64代孙。,
张娘,孔,广,女,64,1584-01-01,1649-01-01,是,长垣,大夫,,,,,,张娘，孔子第64代孙。,
王姑,孔,广,女,64,1582-01-01,1643-01-01,是,东明,士,,,,,,王姑，孔子第64代孙。,
孔广予,孔,广,男,64,1588-01-01,1657-01-01,是,荷泽,农,,,,,,孔广予，孔子第64代孙。,
孔广争,孔,广,男,64,1586-01-01,1647-01-01,是,曹州,商,,,,,,孔广争，孔子第64代孙。,
孔广亊,孔,广,男,64,1581-01-01,1650-01-01,是,定陶,儒,,,,,,孔广亊，孔子第64代孙。,
孔广事,孔,广,男,64,1585-01-01,1651-01-01,是,单县,工部侍郎,,,,,,孔广事，孔子第64代孙。,
孔广二,孔,广,男,64,1584-01-01,1661-01-01,是,成武,礼部尚书,,,,,,孔广二，孔子第64代孙。,
孔广亍,孔,广,男,64,1581-01-01,1664-01-01,是,巨野,知州,,,,,,孔广亍，孔子第64代孙。,
周氏,孔,广,女,64,1588-01-01,1668-01-01,是,郓城,知县,,,,,,周氏，孔子第64代孙。,
孔广亏,孔,广,男,64,1583-01-01,1657-01-01,是,鄄城,举人,,,,,,孔广亏，孔子第64代孙。,
孔广亐,孔,广,男,64,1588-01-01,1662-01-01,是,曲阜,进士,,,,,,孔广亐，孔子第64代孙。,
孙氏,孔,广,女,64,1582-01-01,1665-01-01,是,滋阳,太学生,,,,,,孙氏，孔子第64代孙。,
孔广互,孔,广,男,64,1582-01-01,1659-01-01,是,济宁,县丞,,,,,,孔广互，孔子第64代孙。,
孔广亓,孔,广,男,64,1586-01-01,1663-01-01,是,邹县,主簿,,,,,,孔广亓，孔子第64代孙。,
孔广五,孔,广,男,64,1581-01-01,1650-01-01,是,滕县,训导,,,,,,孔广五，孔子第64代孙。,
孔广井,孔,广,男,64,1581-01-01,1648-01-01,是,峄县,教谕,,,,,,孔广井，孔子第64代孙。,
孔广亖,孔,广,男,64,1581-01-01,1645-01-01,是,金乡,商人,,,,,,孔广亖，孔子第64代孙。,
孔广亗,孔,广,男,64,1582-01-01,1655-01-01,是,鱼台,官员,,,,,,孔广亗，孔子第64代孙。,
孔广亘,孔,广,男,64,1585-01-01,1658-01-01,是,嘉祥,学者,,,,,,孔广亘，孔子第64代孙。,
张姑,孔,广,女,64,1584-01-01,1660-01-01,是,汶上,大夫,,,,,,张姑，孔子第64代孙。,
孔广亚,孔,广,男,64,1583-01-01,1664-01-01,是,泗水,士,,,,,,孔广亚，孔子第64代孙。,
李娘,孔,广,女,64,1581-01-01,1663-01-01,是,宁阳,农,,,,,,李娘，孔子第64代孙。,
孔广亜,孔,广,男,64,1588-01-01,1667-01-01,是,兖州,商,,,,,,孔广亜，孔子第64代孙。,
孔广亝,孔,广,男,64,1588-01-01,1670-01-01,是,东平,儒,,,,,,孔广亝，孔子第64代孙。,
孔广亞,孔,广,男,64,1582-01-01,1657-01-01,是,寿张,工部侍郎,,,,,,孔广亞，孔子第64代孙。,
孔广亟,孔,广,男,64,1583-01-01,1648-01-01,是,范县,礼部尚书,,,,,,孔广亟，孔子第64代孙。,
孔广亠,孔,广,男,64,1586-01-01,1659-01-01,是,濮州,知州,,,,,,孔广亠，孔子第64代孙。,
孔广亡,孔,广,男,64,1583-01-01,1645-01-01,是,开州,知县,,,,,,孔广亡，孔子第64代孙。,
吴姑,孔,广,女,64,1584-01-01,1662-01-01,是,长垣,举人,,,,,,吴姑，孔子第64代孙。,
孔广亣,孔,广,男,64,1585-01-01,1661-01-01,是,东明,进士,,,,,,孔广亣，孔子第64代孙。,
孙娘,孔,广,女,64,1583-01-01,1666-01-01,是,荷泽,太学生,,,,,,孙娘，孔子第64代孙。,
胡姑,孔,广,女,64,1584-01-01,1660-01-01,是,曹州,县丞,,,,,,胡姑，孔子第64代孙。,
朱氏,孔,广,女,64,1585-01-01,1646-01-01,是,定陶,主簿,,,,,,朱氏，孔子第64代孙。,
孔广产,孔,广,男,64,1582-01-01,1649-01-01,是,单县,训导,,,,,,孔广产，孔子第64代孙。,
林姑,孔,广,女,64,1581-01-01,1646-01-01,是,成武,教谕,,,,,,林姑，孔子第64代孙。,
孔广亩,孔,广,男,64,1588-01-01,1664-01-01,是,巨野,商人,,,,,,孔广亩，孔子第64代孙。,
郭娘,孔,广,女,64,1583-01-01,1651-01-01,是,郓城,官员,,,,,,郭娘，孔子第64代孙。,
马姑,孔,广,女,64,1588-01-01,1659-01-01,是,鄄城,学者,,,,,,马姑，孔子第64代孙。,
张氏,孔,广,女,64,1587-01-01,1666-01-01,是,曲阜,大夫,,,,,,张氏，孔子第64代孙。,
王娘,孔,广,女,64,1584-01-01,1664-01-01,是,滋阳,士,,,,,,王娘，孔子第64代孙。,
孔广亮,孔,广,男,64,1581-01-01,1663-01-01,是,济宁,农,,,,,,孔广亮，孔子第64代孙。,
刘氏,孔,广,女,64,1585-01-01,1652-01-01,是,邹县,商,,,,,,刘氏，孔子第64代孙。,
孔广亰,孔,广,男,64,1586-01-01,1660-01-01,是,滕县,儒,,,,,,孔广亰，孔子第64代孙。,
杨姑,孔,广,女,64,1586-01-01,1651-01-01,是,峄县,工部侍郎,,,,,,杨姑，孔子第64代孙。,
赵氏,孔,广,女,64,1585-01-01,1669-01-01,是,金乡,礼部尚书,,,,,,赵氏，孔子第64代孙。,
孔广亳,孔,广,男,64,1584-01-01,1660-01-01,是,鱼台,知州,,,,,,孔广亳，孔子第64代孙。,
孔广亴,孔,广,男,64,1583-01-01,1652-01-01,是,嘉祥,知县,,,,,,孔广亴，孔子第64代孙。,
孔广亵,孔,广,男,64,1581-01-01,1657-01-01,是,汶上,举人,,,,,,孔广亵，孔子第64代孙。,
孔广亶,孔,广,男,64,1587-01-01,1650-01-01,是,泗水,进士,,,,,,孔广亶，孔子第64代孙。,
孙姑,孔,广,女,64,1584-01-01,1653-01-01,是,宁阳,太学生,,,,,,孙姑，孔子第64代孙。,
孔广亸,孔,广,男,64,1585-01-01,1656-01-01,是,兖州,县丞,,,,,,孔广亸，孔子第64代孙。,
朱娘,孔,广,女,64,1581-01-01,1663-01-01,是,东平,主簿,,,,,,朱娘，孔子第64代孙。,
孔广人,孔,广,男,64,1581-01-01,1653-01-01,是,寿张,训导,,,,,,孔广人，孔子第64代孙。,
林氏,孔,广,女,64,1587-01-01,1653-01-01,是,范县,教谕,,,,,,林氏，孔子第64代孙。,
孔广亼,孔,广,男,64,1587-01-01,1652-01-01,是,濮州,商人,,,,,,孔广亼，孔子第64代孙。,
孔广亽,孔,广,男,64,1583-01-01,1659-01-01,是,开州,官员,,,,,,孔广亽，孔子第64代孙。,
孔广亾,孔,广,男,64,1587-01-01,1650-01-01,是,长垣,学者,,,,,,孔广亾，孔子第64代孙。,
孔广亿,孔,广,男,64,1585-01-01,1652-01-01,是,东明,大夫,,,,,,孔广亿，孔子第64代孙。,
王姑,孔,广,女,64,1583-01-01,1651-01-01,是,荷泽,士,,,,,,王姑，孔子第64代孙。,
李氏,孔,广,女,64,1588-01-01,1660-01-01,是,曹州,农,,,,,,李氏，孔子第64代孙。,
孔广仂,孔,广,男,64,1582-01-01,1648-01-01,是,定陶,商,,,,,,孔广仂，孔子第64代孙。,
孔广仃,孔,广,男,64,1588-01-01,1657-01-01,是,单县,儒,,,,,,孔广仃，孔子第64代孙。,
孔广仄,孔,广,男,64,1582-01-01,1659-01-01,是,成武,工部侍郎,,,,,,孔广仄，孔子第64代孙。,
孔广仅,孔,广,男,64,1587-01-01,1665-01-01,是,巨野,礼部尚书,,,,,,孔广仅，孔子第64代孙。,
黄姑,孔,广,女,64,1588-01-01,1659-01-01,是,郓城,知州,,,,,,黄姑，孔子第64代孙。,
孔广仇,孔,广,男,64,1587-01-01,1671-01-01,是,鄄城,知县,,,,,,孔广仇，孔子第64代孙。,
孔广仈,孔,广,男,64,1585-01-01,1662-01-01,是,曲阜,举人,,,,,,孔广仈，孔子第64代孙。,
徐姑,孔,广,女,64,1585-01-01,1659-01-01,是,滋阳,进士,,,,,,徐姑，孔子第64代孙。,
孔广今,孔,广,男,64,1584-01-01,1664-01-01,是,济宁,太学生,,,,,,孔广今，孔子第64代孙。,
孔广介,孔,广,男,64,1588-01-01,1660-01-01,是,邹县,县丞,,,,,,孔广介，孔子第64代孙。,
孔广仌,孔,广,男,64,1588-01-01,1666-01-01,是,滕县,主簿,,,,,,孔广仌，孔子第64代孙。,
孔广仍,孔,广,男,64,1583-01-01,1665-01-01,是,峄县,训导,,,,,,孔广仍，孔子第64代孙。,
林娘,孔,广,女,64,1585-01-01,1659-01-01,是,金乡,教谕,,,,,,林娘，孔子第64代孙。,
孔广仏,孔,广,男,64,1588-01-01,1657-01-01,是,鱼台,商人,,,,,,孔广仏，孔子第64代孙。,
郭氏,孔,广,女,64,1583-01-01,1657-01-01,是,嘉祥,官员,,,,,,郭氏，孔子第64代孙。,
马娘,孔,广,女,64,1586-01-01,1647-01-01,是,汶上,学者,,,,,,马娘，孔子第64代孙。,
孔广仒,孔,广,男,64,1581-01-01,1660-01-01,是,泗水,大夫,,,,,,孔广仒，孔子第64代孙。,
孔广仓,孔,广,男,64,1582-01-01,1660-01-01,是,宁阳,士,,,,,,孔广仓，孔子第64代孙。,
孔广仔,孔,广,男,64,1584-01-01,1650-01-01,是,兖州,农,,,,,,孔广仔，孔子第64代孙。,
刘姑,孔,广,女,64,1581-01-01,1650-01-01,是,东平,商,,,,,,刘姑，孔子第64代孙。,
孔广他,孔,广,男,64,1583-01-01,1662-01-01,是,寿张,儒,,,,,,孔广他，孔子第64代孙。,
杨娘,孔,广,女,64,1581-01-01,1665-01-01,是,范县,工部侍郎,,,,,,杨娘，孔子第64代孙。,
孔广付,孔,广,男,64,1586-01-01,1662-01-01,是,濮州,礼部尚书,,,,,,孔广付，孔子第64代孙。,
孔广仙,孔,广,男,64,1582-01-01,1644-01-01,是,开州,知州,,,,,,孔广仙，孔子第64代孙。,
孔广仚,孔,广,男,64,1587-01-01,1661-01-01,是,长垣,知县,,,,,,孔广仚，孔子第64代孙。,
吴姑,孔,广,女,64,1583-01-01,1646-01-01,是,东明,举人,,,,,,吴姑，孔子第64代孙。,
孔广仜,孔,广,男,64,1581-01-01,1645-01-01,是,荷泽,进士,,,,,,孔广仜，孔子第64代孙。,
孔广仝,孔,广,男,64,1587-01-01,1658-01-01,是,曹州,太学生,,,,,,孔广仝，孔子第64代孙。,
胡姑,孔,广,女,64,1585-01-01,1653-01-01,是,定陶,县丞,,,,,,胡姑，孔子第64代孙。,
朱氏,孔,广,女,64,1584-01-01,1651-01-01,是,单县,主簿,,,,,,朱氏，孔子第64代孙。,
高娘,孔,广,女,64,1582-01-01,1645-01-01,是,成武,训导,,,,,,高娘，孔子第64代孙。,
孔广仡,孔,广,男,64,1587-01-01,1648-01-01,是,巨野,教谕,,,,,,孔广仡，孔子第64代孙。,
何氏,孔,广,女,64,1588-01-01,1669-01-01,是,郓城,商人,,,,,,何氏，孔子第64代孙。,
孔广代,孔,广,男,64,1586-01-01,1658-01-01,是,鄄城,官员,,,,,,孔广代，孔子第64代孙。,
孔广令,孔,广,男,64,1581-01-01,1660-01-01,是,曲阜,学者,,,,,,孔广令，孔子第64代孙。,
张氏,孔,广,女,64,1585-01-01,1652-01-01,是,滋阳,大夫,,,,,,张氏，孔子第64代孙。,
孔广仦,孔,广,男,64,1586-01-01,1649-01-01,是,济宁,士,,,,,,孔广仦，孔子第64代孙。,
孔广仧,孔,广,男,64,1585-01-01,1660-01-01,是,邹县,农,,,,,,孔广仧，孔子第64代孙。,
孔广仨,孔,广,男,64,1586-01-01,1651-01-01,是,滕县,商,,,,,,孔广仨，孔子第64代孙。,
陈娘,孔,广,女,64,1588-01-01,1665-01-01,是,峄县,儒,,,,,,陈娘，孔子第64代孙。,
孔广仪,孔,广,男,64,1586-01-01,1662-01-01,是,金乡,工部侍郎,,,,,,孔广仪，孔子第64代孙。,
孔广仫,孔,广,男,64,1581-01-01,1646-01-01,是,鱼台,礼部尚书,,,,,,孔广仫，孔子第64代孙。,
黄娘,孔,广,女,64,1583-01-01,1659-01-01,是,嘉祥,知州,,,,,,黄娘，孔子第64代孙。,
孔广仭,孔,广,男,64,1581-01-01,1664-01-01,是,汶上,知县,,,,,,孔广仭，孔子第64代孙。,
吴氏,孔,广,女,64,1583-01-01,1644-01-01,是,泗水,举人,,,,,,吴氏，孔子第64代孙。,
徐娘,孔,广,女,64,1587-01-01,1669-01-01,是,宁阳,进士,,,,,,徐娘，孔子第64代孙。,
孔广仰,孔,广,男,64,1587-01-01,1651-01-01,是,兖州,太学生,,,,,,孔广仰，孔子第64代孙。,
孔广仱,孔,广,男,64,1588-01-01,1653-01-01,是,东平,县丞,,,,,,孔广仱，孔子第64代孙。,
朱娘,孔,广,女,64,1587-01-01,1657-01-01,是,寿张,主簿,,,,,,朱娘，孔子第64代孙。,
高姑,孔,广,女,64,1585-01-01,1664-01-01,是,范县,训导,,,,,,高姑，孔子第64代孙。,
孔广仴,孔,广,男,64,1581-01-01,1641-01-01,是,濮州,教谕,,,,,,孔广仴，孔子第64代孙。,
何娘,孔,广,女,64,1587-01-01,1652-01-01,是,开州,商人,,,,,,何娘，孔子第64代孙。,
孔广件,孔,广,男,64,1587-01-01,1649-01-01,是,长垣,官员,,,,,,孔广件，孔子第64代孙。,
马氏,孔,广,女,64,1586-01-01,1662-01-01,是,东明,学者,,,,,,马氏，孔子第64代孙。,
孔广仸,孔,广,男,64,1586-01-01,1653-01-01,是,荷泽,大夫,,,,,,孔广仸，孔子第64代孙。,
孔广仹,孔,广,男,64,1583-01-01,1658-01-01,是,曹州,士,,,,,,孔广仹，孔子第64代孙。,
李氏,孔,广,女,64,1587-01-01,1668-01-01,是,定陶,农,,,,,,李氏，孔子第64代孙。,
刘娘,孔,广,女,64,1581-01-01,1653-01-01,是,单县,商,,,,,,刘娘，孔子第64代孙。,
孔广仼,孔,广,男,64,1585-01-01,1655-01-01,是,成武,儒,,,,,,孔广仼，孔子第64代孙。,
杨氏,孔,广,女,64,1581-01-01,1654-01-01,是,巨野,工部侍郎,,,,,,杨氏，孔子第64代孙。,
孔广仾,孔,广,男,64,1582-01-01,1645-01-01,是,郓城,礼部尚书,,,,,,孔广仾，孔子第64代孙。,
黄姑,孔,广,女,64,1586-01-01,1658-01-01,是,鄄城,知州,,,,,,黄姑，孔子第64代孙。,
周氏,孔,广,女,64,1583-01-01,1647-01-01,是,曲阜,知县,,,,,,周氏，孔子第64代孙。,
孔广企,孔,广,男,64,1586-01-01,1650-01-01,是,滋阳,举人,,,,,,孔广企，孔子第64代孙。,
孔广伂,孔,广,男,64,1582-01-01,1647-01-01,是,济宁,进士,,,,,,孔广伂，孔子第64代孙。,
孙氏,孔,广,女,64,1584-01-01,1667-01-01,是,邹县,太学生,,,,,,孙氏，孔子第64代孙。,
孔广伄,孔,广,男,64,1582-01-01,1651-01-01,是,滕县,县丞,,,,,,孔广伄，孔子第64代孙。,
孔广伅,孔,广,男,64,1583-01-01,1656-01-01,是,峄县,主簿,,,,,,孔广伅，孔子第64代孙。,
高氏,孔,广,女,64,1584-01-01,1668-01-01,是,金乡,训导,,,,,,高氏，孔子第64代孙。,
林娘,孔,广,女,64,1583-01-01,1657-01-01,是,鱼台,教谕,,,,,,林娘，孔子第64代孙。,
何姑,孔,广,女,64,1585-01-01,1645-01-01,是,嘉祥,商人,,,,,,何姑，孔子第64代孙。,
孔广伉,孔,广,男,64,1588-01-01,1653-01-01,是,汶上,官员,,,,,,孔广伉，孔子第64代孙。,
孔广伊,孔,广,男,64,1584-01-01,1656-01-01,是,泗水,学者,,,,,,孔广伊，孔子第64代孙。,
孔广伋,孔,广,男,64,1582-01-01,1651-01-01,是,宁阳,大夫,,,,,,孔广伋，孔子第64代孙。,
王氏,孔,广,女,64,1586-01-01,1662-01-01,是,兖州,士,,,,,,王氏，孔子第64代孙。,
孔广伍,孔,广,男,64,1585-01-01,1662-01-01,是,东平,农,,,,,,孔广伍，孔子第64代孙。,
孔广伎,孔,广,男,64,1584-01-01,1658-01-01,是,寿张,商,,,,,,孔广伎，孔子第64代孙。,
孔广伏,孔,广,男,64,1586-01-01,1653-01-01,是,范县,儒,,,,,,孔广伏，孔子第64代孙。,
杨娘,孔,广,女,64,1582-01-01,1653-01-01,是,濮州,工部侍郎,,,,,,杨娘，孔子第64代孙。,
赵姑,孔,广,女,64,1583-01-01,1655-01-01,是,开州,礼部尚书,,,,,,赵姑，孔子第64代孙。,
孔广伒,孔,广,男,64,1583-01-01,1645-01-01,是,长垣,知州,,,,,,孔广伒，孔子第64代孙。,
孔广伓,孔,广,男,64,1587-01-01,1664-01-01,是,东明,知县,,,,,,孔广伓，孔子第64代孙。,
吴姑,孔,广,女,64,1584-01-01,1662-01-01,是,荷泽,举人,,,,,,吴姑，孔子第64代孙。,
孔广伕,孔,广,男,64,1583-01-01,1657-01-01,是,曹州,进士,,,,,,孔广伕，孔子第64代孙。,
孔广伖,孔,广,男,64,1587-01-01,1655-01-01,是,定陶,太学生,,,,,,孔广伖，孔子第64代孙。,
胡姑,孔,广,女,64,1582-01-01,1654-01-01,是,单县,县丞,,,,,,胡姑，孔子第64代孙。,
朱氏,孔,广,女,64,1582-01-01,1651-01-01,是,成武,主簿,,,,,,朱氏，孔子第64代孙。,
高娘,孔,广,女,64,1588-01-01,1658-01-01,是,巨野,训导,,,,,,高娘，孔子第64代孙。,
孔广会,孔,广,男,64,1586-01-01,1662-01-01,是,郓城,教谕,,,,,,孔广会，孔子第64代孙。,
孔广伛,孔,广,男,64,1582-01-01,1643-01-01,是,鄄城,商人,,,,,,孔广伛，孔子第64代孙。,
孔广伜,孔,广,男,64,1586-01-01,1657-01-01,是,曲阜,官员,,,,,,孔广伜，孔子第64代孙。,
马姑,孔,广,女,64,1587-01-01,1666-01-01,是,滋阳,学者,,,,,,马姑，孔子第64代孙。,
张氏,孔,广,女,64,1583-01-01,1650-01-01,是,济宁,大夫,,,,,,张氏，孔子第64代孙。,
王娘,孔,广,女,64,1583-01-01,1644-01-01,是,邹县,士,,,,,,王娘，孔子第64代孙。,
孔广传,孔,广,男,64,1583-01-01,1660-01-01,是,滕县,农,,,,,,孔广传，孔子第64代孙。,
孔广伡,孔,广,男,64,1586-01-01,1658-01-01,是,峄县,商,,,,,,孔广伡，孔子第64代孙。,
孔广伢,孔,广,男,64,1584-01-01,1662-01-01,是,金乡,儒,,,,,,孔广伢，孔子第64代孙。,
孔广伣,孔,广,男,64,1587-01-01,1666-01-01,是,鱼台,工部侍郎,,,,,,孔广伣，孔子第64代孙。,
孔广伤,孔,广,男,64,1586-01-01,1661-01-01,是,嘉祥,礼部尚书,,,,,,孔广伤，孔子第64代孙。,
黄娘,孔,广,女,64,1585-01-01,1664-01-01,是,汶上,知州,,,,,,黄娘，孔子第64代孙。,
孔广伦,孔,广,男,64,1583-01-01,1643-01-01,是,泗水,知县,,,,,,孔广伦，孔子第64代孙。,
孔广伧,孔,广,男,64,1587-01-01,1653-01-01,是,宁阳,举人,,,,,,孔广伧，孔子第64代孙。,
徐娘,孔,广,女,64,1584-01-01,1656-01-01,是,兖州,进士,,,,,,徐娘，孔子第64代孙。,
孙姑,孔,广,女,64,1584-01-01,1653-01-01,是,东平,太学生,,,,,,孙姑，孔子第64代孙。,
胡氏,孔,广,女,64,1588-01-01,1664-01-01,是,寿张,县丞,,,,,,胡氏，孔子第64代孙。,
孔广伫,孔,广,男,64,1581-01-01,1643-01-01,是,范县,主簿,,,,,,孔广伫，孔子第64代孙。,
孔广伬,孔,广,男,64,1588-01-01,1649-01-01,是,濮州,训导,,,,,,孔广伬，孔子第64代孙。,
孔广伭,孔,广,男,64,1583-01-01,1643-01-01,是,开州,教谕,,,,,,孔广伭，孔子第64代孙。,
孔广伮,孔,广,男,64,1581-01-01,1656-01-01,是,长垣,商人,,,,,,孔广伮，孔子第64代孙。,
孔广伯,孔,广,男,64,1581-01-01,1655-01-01,是,东明,官员,,,,,,孔广伯，孔子第64代孙。,
马氏,孔,广,女,64,1586-01-01,1653-01-01,是,荷泽,学者,,,,,,马氏，孔子第64代孙。,
孔广伱,孔,广,男,64,1587-01-01,1662-01-01,是,曹州,大夫,,,,,,孔广伱，孔子第64代孙。,
孔广伲,孔,广,男,64,1583-01-01,1667-01-01,是,定陶,士,,,,,,孔广伲，孔子第64代孙。,
孔广伳,孔,广,男,64,1585-01-01,1669-01-01,是,单县,农,,,,,,孔广伳，孔子第64代孙。,
孔广伴,孔,广,男,64,1581-01-01,1650-01-01,是,成武,商,,,,,,孔广伴，孔子第64代孙。,
孔广伵,孔,广,男,64,1583-01-01,1654-01-01,是,巨野,儒,,,,,,孔广伵，孔子第64代孙。,
杨氏,孔,广,女,64,1581-01-01,1654-01-01,是,郓城,工部侍郎,,,,,,杨氏，孔子第64代孙。,
孔广伷,孔,广,男,64,1587-01-01,1670-01-01,是,鄄城,礼部尚书,,,,,,孔广伷，孔子第64代孙。,
孔广伸,孔,广,男,64,1584-01-01,1659-01-01,是,曲阜,知州,,,,,,孔广伸，孔子第64代孙。,
孔广伹,孔,广,男,64,1584-01-01,1645-01-01,是,滋阳,知县,,,,,,孔广伹，孔子第64代孙。,
孔广伺,孔,广,男,64,1582-01-01,1649-01-01,是,济宁,举人,,,,,,孔广伺，孔子第64代孙。,
徐姑,孔,广,女,64,1586-01-01,1663-01-01,是,邹县,进士,,,,,,徐姑，孔子第64代孙。,
孔广似,孔,广,男,64,1583-01-01,1654-01-01,是,滕县,太学生,,,,,,孔广似，孔子第64代孙。,
孔广伽,孔,广,男,64,1585-01-01,1654-01-01,是,峄县,县丞,,,,,,孔广伽，孔子第64代孙。,
朱姑,孔,广,女,64,1586-01-01,1654-01-01,是,金乡,主簿,,,,,,朱姑，孔子第64代孙。,
孔广伿,孔,广,男,64,1588-01-01,1663-01-01,是,鱼台,训导,,,,,,孔广伿，孔子第64代孙。,
孔广佀,孔,广,男,64,1584-01-01,1647-01-01,是,嘉祥,教谕,,,,,,孔广佀，孔子第64代孙。,
孔广佁,孔,广,男,64,1588-01-01,1658-01-01,是,汶上,商人,,,,,,孔广佁，孔子第64代孙。,
孔广佂,孔,广,男,64,1586-01-01,1668-01-01,是,泗水,官员,,,,,,孔广佂，孔子第64代孙。,
孔广佃,孔,广,男,64,1583-01-01,1653-01-01,是,宁阳,学者,,,,,,孔广佃，孔子第64代孙。,
孔广佄,孔,广,男,64,1586-01-01,1669-01-01,是,兖州,大夫,,,,,,孔广佄，孔子第64代孙。,
王氏,孔,广,女,64,1588-01-01,1672-01-01,是,东平,士,,,,,,王氏，孔子第64代孙。,
李娘,孔,广,女,64,1581-01-01,1643-01-01,是,寿张,农,,,,,,李娘，孔子第64代孙。,
刘姑,孔,广,女,64,1582-01-01,1666-01-01,是,范县,商,,,,,,刘姑，孔子第64代孙。,
陈氏,孔,广,女,64,1583-01-01,1662-01-01,是,濮州,儒,,,,,,陈氏，孔子第64代孙。,
孔广佉,孔,广,男,64,1581-01-01,1657-01-01,是,开州,工部侍郎,,,,,,孔广佉，孔子第64代孙。,
孔广佊,孔,广,男,64,1585-01-01,1665-01-01,是,长垣,礼部尚书,,,,,,孔广佊，孔子第64代孙。,
孔广佋,孔,广,男,64,1585-01-01,1654-01-01,是,东明,知州,,,,,,孔广佋，孔子第64代孙。,
周娘,孔,广,女,64,1583-01-01,1649-01-01,是,荷泽,知县,,,,,,周娘，孔子第64代孙。,
孔广位,孔,广,男,64,1581-01-01,1658-01-01,是,曹州,举人,,,,,,孔广位，孔子第64代孙。,
徐氏,孔,广,女,64,1582-01-01,1664-01-01,是,定陶,进士,,,,,,徐氏，孔子第64代孙。,
孔广住,孔,广,男,64,1583-01-01,1660-01-01,是,单县,太学生,,,,,,孔广住，孔子第64代孙。,
胡姑,孔,广,女,64,1584-01-01,1645-01-01,是,成武,县丞,,,,,,胡姑，孔子第64代孙。,
孔广佑,孔,广,男,64,1581-01-01,1641-01-01,是,巨野,主簿,,,,,,孔广佑，孔子第64代孙。,
孔广佒,孔,广,男,64,1587-01-01,1661-01-01,是,郓城,训导,,,,,,孔广佒，孔子第64代孙。,
孔广体,孔,广,男,64,1581-01-01,1644-01-01,是,鄄城,教谕,,,,,,孔广体，孔子第64代孙。,
孔广佔,孔,广,男,64,1587-01-01,1662-01-01,是,曲阜,商人,,,,,,孔广佔，孔子第64代孙。,
郭娘,孔,广,女,64,1588-01-01,1668-01-01,是,滋阳,官员,,,,,,郭娘，孔子第64代孙。,
孔广佖,孔,广,男,64,1582-01-01,1642-01-01,是,济宁,学者,,,,,,孔广佖，孔子第64代孙。,
孔广佗,孔,广,男,64,1585-01-01,1662-01-01,是,邹县,大夫,,,,,,孔广佗，孔子第64代孙。,
王娘,孔,广,女,64,1588-01-01,1666-01-01,是,滕县,士,,,,,,王娘，孔子第64代孙。,
孔广余,孔,广,男,64,1583-01-01,1652-01-01,是,峄县,农,,,,,,孔广余，孔子第64代孙。,
孔广佚,孔,广,男,64,1586-01-01,1667-01-01,是,金乡,商,,,,,,孔广佚，孔子第64代孙。,
孔广佛,孔,广,男,64,1585-01-01,1662-01-01,是,鱼台,儒,,,,,,孔广佛，孔子第64代孙。,
杨姑,孔,广,女,64,1585-01-01,1653-01-01,是,嘉祥,工部侍郎,,,,,,杨姑，孔子第64代孙。,
孔广佝,孔,广,男,64,1587-01-01,1670-01-01,是,汶上,礼部尚书,,,,,,孔广佝，孔子第64代孙。,
孔广佞,孔,广,男,64,1587-01-01,1669-01-01,是,泗水,知州,,,,,,孔广佞，孔子第64代孙。,
周姑,孔,广,女,64,1582-01-01,1650-01-01,是,宁阳,知县,,,,,,周姑，孔子第64代孙。,
孔广你,孔,广,男,64,1582-01-01,1652-01-01,是,兖州,举人,,,,,,孔广你，孔子第64代孙。,
徐娘,孔,广,女,64,1585-01-01,1665-01-01,是,东平,进士,,,,,,徐娘，孔子第64代孙。,
孙姑,孔,广,女,64,1581-01-01,1645-01-01,是,寿张,太学生,,,,,,孙姑，孔子第64代孙。,
胡氏,孔,广,女,64,1586-01-01,1652-01-01,是,范县,县丞,,,,,,胡氏，孔子第64代孙。,
孔广佤,孔,广,男,64,1588-01-01,1654-01-01,是,濮州,主簿,,,,,,孔广佤，孔子第64代孙。,
孔广佥,孔,广,男,64,1581-01-01,1661-01-01,是,开州,训导,,,,,,孔广佥，孔子第64代孙。,
孔广佦,孔,广,男,64,1582-01-01,1649-01-01,是,长垣,教谕,,,,,,孔广佦，孔子第64代孙。,
孔广佧,孔,广,男,64,1583-01-01,1656-01-01,是,东明,商人,,,,,,孔广佧，孔子第64代孙。,
郭姑,孔,广,女,64,1584-01-01,1650-01-01,是,荷泽,官员,,,,,,郭姑，孔子第64代孙。,
马氏,孔,广,女,64,1583-01-01,1653-01-01,是,曹州,学者,,,,,,马氏，孔子第64代孙。,
孔广佪,孔,广,男,64,1582-01-01,1666-01-01,是,定陶,大夫,,,,,,孔广佪，孔子第64代孙。,
孔广佫,孔,广,男,64,1584-01-01,1657-01-01,是,单县,士,,,,,,孔广佫，孔子第64代孙。,
李氏,孔,广,女,64,1585-01-01,1650-01-01,是,成武,农,,,,,,李氏，孔子第64代孙。,
孔广佭,孔,广,男,64,1583-01-01,1661-01-01,是,巨野,商,,,,,,孔广佭，孔子第64代孙。,
孔广佮,孔,广,男,64,1588-01-01,1668-01-01,是,郓城,儒,,,,,,孔广佮，孔子第64代孙。,
孔广佯,孔,广,男,64,1586-01-01,1664-01-01,是,鄄城,工部侍郎,,,,,,孔广佯，孔子第64代孙。,
孔广佰,孔,广,男,64,1588-01-01,1672-01-01,是,曲阜,礼部尚书,,,,,,孔广佰，孔子第64代孙。,
黄姑,孔,广,女,64,1583-01-01,1665-01-01,是,滋阳,知州,,,,,,黄姑，孔子第64代孙。,
孔广佲,孔,广,男,64,1584-01-01,1655-01-01,是,济宁,知县,,,,,,孔广佲，孔子第64代孙。,
吴娘,孔,广,女,64,1587-01-01,1671-01-01,是,邹县,举人,,,,,,吴娘，孔子第64代孙。,
孔广佴,孔,广,男,64,1587-01-01,1659-01-01,是,滕县,进士,,,,,,孔广佴，孔子第64代孙。,
孙氏,孔,广,女,64,1586-01-01,1668-01-01,是,峄县,太学生,,,,,,孙氏，孔子第64代孙。,
孔广佶,孔,广,男,64,1582-01-01,1652-01-01,是,金乡,县丞,,,,,,孔广佶，孔子第64代孙。,
孔广佷,孔,广,男,64,1582-01-01,1658-01-01,是,鱼台,主簿,,,,,,孔广佷，孔子第64代孙。,
高氏,孔,广,女,64,1582-01-01,1660-01-01,是,嘉祥,训导,,,,,,高氏，孔子第64代孙。,
孔广佹,孔,广,男,64,1583-01-01,1663-01-01,是,汶上,教谕,,,,,,孔广佹，孔子第64代孙。,
孔广佺,孔,广,男,64,1587-01-01,1671-01-01,是,泗水,商人,,,,,,孔广佺，孔子第64代孙。,
郭氏,孔,广,女,64,1587-01-01,1665-01-01,是,宁阳,官员,,,,,,郭氏，孔子第64代孙。,
马娘,孔,广,女,64,1587-01-01,1651-01-01,是,兖州,学者,,,,,,马娘，孔子第64代孙。,
孔广佽,孔,广,男,64,1581-01-01,1657-01-01,是,东平,大夫,,,,,,孔广佽，孔子第64代孙。,
孔广佾,孔,广,男,64,1584-01-01,1661-01-01,是,寿张,士,,,,,,孔广佾，孔子第64代孙。,
孔广使,孔,广,男,64,1588-01-01,1665-01-01,是,范县,农,,,,,,孔广使，孔子第64代孙。,
孔广侀,孔,广,男,64,1583-01-01,1646-01-01,是,濮州,商,,,,,,孔广侀，孔子第64代孙。,
陈氏,孔,广,女,64,1587-01-01,1658-01-01,是,开州,儒,,,,,,陈氏，孔子第64代孙。,
杨娘,孔,广,女,64,1587-01-01,1658-01-01,是,长垣,工部侍郎,,,,,,杨娘，孔子第64代孙。,
孔广侃,孔,广,男,64,1588-01-01,1664-01-01,是,东明,礼部尚书,,,,,,孔广侃，孔子第64代孙。,
孔广侄,孔,广,男,64,1588-01-01,1655-01-01,是,荷泽,知州,,,,,,孔广侄，孔子第64代孙。,
孔广侅,孔,广,男,64,1582-01-01,1645-01-01,是,曹州,知县,,,,,,孔广侅，孔子第64代孙。,
吴姑,孔,广,女,64,1581-01-01,1647-01-01,是,定陶,举人,,,,,,吴姑，孔子第64代孙。,
徐氏,孔,广,女,64,1584-01-01,1658-01-01,是,单县,进士,,,,,,徐氏，孔子第64代孙。,
孙娘,孔,广,女,64,1587-01-01,1661-01-01,是,成武,太学生,,,,,,孙娘，孔子第64代孙。,
孔广侉,孔,广,男,64,1588-01-01,1650-01-01,是,巨野,县丞,,,,,,孔广侉，孔子第64代孙。,
孔广侊,孔,广,男,64,1584-01-01,1651-01-01,是,郓城,主簿,,,,,,孔广侊，孔子第64代孙。,
孔广例,孔,广,男,64,1588-01-01,1667-01-01,是,鄄城,训导,,,,,,孔广例，孔子第64代孙。,
孔广侌,孔,广,男,64,1588-01-01,1660-01-01,是,曲阜,教谕,,,,,,孔广侌，孔子第64代孙。,
何氏,孔,广,女,64,1587-01-01,1651-01-01,是,滋阳,商人,,,,,,何氏，孔子第64代孙。,
郭娘,孔,广,女,64,1585-01-01,1649-01-01,是,济宁,官员,,,,,,郭娘，孔子第64代孙。,
马姑,孔,广,女,64,1583-01-01,1664-01-01,是,邹县,学者,,,,,,马姑，孔子第64代孙。,
张氏,孔,广,女,64,1588-01-01,1670-01-01,是,滕县,大夫,,,,,,张氏，孔子第64代孙。,
王娘,孔,广,女,64,1588-01-01,1668-01-01,是,峄县,士,,,,,,王娘，孔子第64代孙。,
李姑,孔,广,女,64,1586-01-01,1663-01-01,是,金乡,农,,,,,,李姑，孔子第64代孙。,
刘氏,孔,广,女,64,1587-01-01,1665-01-01,是,鱼台,商,,,,,,刘氏，孔子第64代孙。,
孔广侔,孔,广,男,64,1581-01-01,1643-01-01,是,嘉祥,儒,,,,,,孔广侔，孔子第64代孙。,
孔广侕,孔,广,男,64,1585-01-01,1667-01-01,是,汶上,工部侍郎,,,,,,孔广侕，孔子第64代孙。,
孔广侖,孔,广,男,64,1585-01-01,1658-01-01,是,泗水,礼部尚书,,,,,,孔广侖，孔子第64代孙。,
黄娘,孔,广,女,64,1581-01-01,1645-01-01,是,宁阳,知州,,,,,,黄娘，孔子第64代孙。,
孔广侘,孔,广,男,64,1586-01-01,1649-01-01,是,兖州,知县,,,,,,孔广侘，孔子第64代孙。,
孔广侙,孔,广,男,64,1586-01-01,1667-01-01,是,东平,举人,,,,,,孔广侙，孔子第64代孙。,
孔广侚,孔,广,男,64,1585-01-01,1668-01-01,是,寿张,进士,,,,,,孔广侚，孔子第64代孙。,
孔广供,孔,广,男,64,1582-01-01,1663-01-01,是,范县,太学生,,,,,,孔广供，孔子第64代孙。,
孔广侜,孔,广,男,64,1583-01-01,1666-01-01,是,濮州,县丞,,,,,,孔广侜，孔子第64代孙。,
朱娘,孔,广,女,64,1582-01-01,1646-01-01,是,开州,主簿,,,,,,朱娘，孔子第64代孙。,
孔广侞,孔,广,男,64,1583-01-01,1659-01-01,是,长垣,训导,,,,,,孔广侞，孔子第64代孙。,
孔广侟,孔,广,男,64,1585-01-01,1655-01-01,是,东明,教谕,,,,,,孔广侟，孔子第64代孙。,
何娘,孔,广,女,64,1585-01-01,1657-01-01,是,荷泽,商人,,,,,,何娘，孔子第64代孙。,
郭姑,孔,广,女,64,1586-01-01,1648-01-01,是,曹州,官员,,,,,,郭姑，孔子第64代孙。,
孔广侢,孔,广,男,64,1582-01-01,1650-01-01,是,定陶,学者,,,,,,孔广侢，孔子第64代孙。,
孔广侣,孔,广,男,64,1581-01-01,1645-01-01,是,单县,大夫,,,,,,孔广侣，孔子第64代孙。,
孔广侤,孔,广,男,64,1585-01-01,1645-01-01,是,成武,士,,,,,,孔广侤，孔子第64代孙。,
李氏,孔,广,女,64,1583-01-01,1662-01-01,是,巨野,农,,,,,,李氏，孔子第64代孙。,
孔广侦,孔,广,男,64,1584-01-01,1665-01-01,是,郓城,商,,,,,,孔广侦，孔子第64代孙。,
孔广侧,孔,广,男,64,1582-01-01,1658-01-01,是,鄄城,儒,,,,,,孔广侧，孔子第64代孙。,
杨氏,孔,广,女,64,1583-01-01,1656-01-01,是,曲阜,工部侍郎,,,,,,杨氏，孔子第64代孙。,
赵娘,孔,广,女,64,1582-01-01,1646-01-01,是,滋阳,礼部尚书,,,,,,赵娘，孔子第64代孙。,
孔广侪,孔,广,男,64,1581-01-01,1662-01-01,是,济宁,知州,,,,,,孔广侪，孔子第64代孙。,
孔广侫,孔,广,男,64,1588-01-01,1656-01-01,是,邹县,知县,,,,,,孔广侫，孔子第64代孙。,
吴娘,孔,广,女,64,1584-01-01,1668-01-01,是,滕县,举人,,,,,,吴娘，孔子第64代孙。,
孔广侭,孔,广,男,64,1583-01-01,1655-01-01,是,峄县,进士,,,,,,孔广侭，孔子第64代孙。,
孙氏,孔,广,女,64,1583-01-01,1666-01-01,是,金乡,太学生,,,,,,孙氏，孔子第64代孙。,
胡娘,孔,广,女,64,1581-01-01,1658-01-01,是,鱼台,县丞,,,,,,胡娘，孔子第64代孙。,
孔广侰,孔,广,男,64,1583-01-01,1652-01-01,是,嘉祥,主簿,,,,,,孔广侰，孔子第64代孙。,
孔广侱,孔,广,男,64,1587-01-01,1663-01-01,是,汶上,训导,,,,,,孔广侱，孔子第64代孙。,
林娘,孔,广,女,64,1587-01-01,1656-01-01,是,泗水,教谕,,,,,,林娘，孔子第64代孙。,
孔广侳,孔,广,男,64,1585-01-01,1647-01-01,是,宁阳,商人,,,,,,孔广侳，孔子第64代孙。,
郭氏,孔,广,女,64,1581-01-01,1655-01-01,是,兖州,官员,,,,,,郭氏，孔子第64代孙。,
马娘,孔,广,女,64,1586-01-01,1657-01-01,是,东平,学者,,,,,,马娘，孔子第64代孙。,
孔广侶,孔,广,男,64,1582-01-01,1647-01-01,是,寿张,大夫,,,,,,孔广侶，孔子第64代孙。,
孔广侷,孔,广,男,64,1587-01-01,1657-01-01,是,范县,士,,,,,,孔广侷，孔子第64代孙。,
孔广侸,孔,广,男,64,1583-01-01,1657-01-01,是,濮州,农,,,,,,孔广侸，孔子第64代孙。,
孔广侹,孔,广,男,64,1587-01-01,1669-01-01,是,开州,商,,,,,,孔广侹，孔子第64代孙。,
孔广侺,孔,广,男,64,1584-01-01,1663-01-01,是,长垣,儒,,,,,,孔广侺，孔子第64代孙。,
孔广侻,孔,广,男,64,1587-01-01,1670-01-01,是,东明,工部侍郎,,,,,,孔广侻，孔子第64代孙。,
孔广侼,孔,广,男,64,1581-01-01,1650-01-01,是,荷泽,礼部尚书,,,,,,孔广侼，孔子第64代孙。,
黄氏,孔,广,女,64,1581-01-01,1665-01-01,是,曹州,知州,,,,,,黄氏，孔子第64代孙。,
孔广侾,孔,广,男,64,1581-01-01,1656-01-01,是,定陶,知县,,,,,,孔广侾，孔子第64代孙。,
孔广便,孔,广,男,64,1587-01-01,1670-01-01,是,单县,举人,,,,,,孔广便，孔子第64代孙。,
孔广俀,孔,广,男,64,1581-01-01,1660-01-01,是,成武,进士,,,,,,孔广俀，孔子第64代孙。,
孔广俁,孔,广,男,64,1587-01-01,1666-01-01,是,巨野,太学生,,,,,,孔广俁，孔子第64代孙。,
孔广係,孔,广,男,64,1588-01-01,1664-01-01,是,郓城,县丞,,,,,,孔广係，孔子第64代孙。,
朱氏,孔,广,女,64,1587-01-01,1651-01-01,是,鄄城,主簿,,,,,,朱氏，孔子第64代孙。,
孔广俄,孔,广,男,64,1587-01-01,1648-01-01,是,曲阜,训导,,,,,,孔广俄，孔子第64代孙。,
林姑,孔,广,女,64,1584-01-01,1647-01-01,是,滋阳,教谕,,,,,,林姑，孔子第64代孙。,
孔广俆,孔,广,男,64,1587-01-01,1650-01-01,是,济宁,商人,,,,,,孔广俆，孔子第64代孙。,
孔广俇,孔,广,男,64,1586-01-01,1658-01-01,是,邹县,官员,,,,,,孔广俇，孔子第64代孙。,
马姑,孔,广,女,64,1586-01-01,1646-01-01,是,滕县,学者,,,,,,马姑，孔子第64代孙。,
孔广俉,孔,广,男,64,1587-01-01,1647-01-01,是,峄县,大夫,,,,,,孔广俉，孔子第64代孙。,
孔广俊,孔,广,男,64,1587-01-01,1666-01-01,是,金乡,士,,,,,,孔广俊，孔子第64代孙。,
李姑,孔,广,女,64,1582-01-01,1648-01-01,是,鱼台,农,,,,,,李姑，孔子第64代孙。,
孔广俌,孔,广,男,64,1581-01-01,1648-01-01,是,嘉祥,商,,,,,,孔广俌，孔子第64代孙。,
孔广俍,孔,广,男,64,1583-01-01,1649-01-01,是,汶上,儒,,,,,,孔广俍，孔子第64代孙。,
杨姑,孔,广,女,64,1588-01-01,1670-01-01,是,泗水,工部侍郎,,,,,,杨姑，孔子第64代孙。,
孔广俏,孔,广,男,64,1586-01-01,1660-01-01,是,宁阳,礼部尚书,,,,,,孔广俏，孔子第64代孙。,
孔广俐,孔,广,男,64,1583-01-01,1653-01-01,是,兖州,知州,,,,,,孔广俐，孔子第64代孙。,
孔广俑,孔,广,男,64,1588-01-01,1668-01-01,是,东平,知县,,,,,,孔广俑，孔子第64代孙。,
吴氏,孔,广,女,64,1582-01-01,1654-01-01,是,寿张,举人,,,,,,吴氏，孔子第64代孙。,
孔广俓,孔,广,男,64,1585-01-01,1650-01-01,是,范县,进士,,,,,,孔广俓，孔子第64代孙。,
孔广俔,孔,广,男,64,1582-01-01,1659-01-01,是,濮州,太学生,,,,,,孔广俔，孔子第64代孙。,
孔广俕,孔,广,男,64,1583-01-01,1650-01-01,是,开州,县丞,,,,,,孔广俕，孔子第64代孙。,
朱娘,孔,广,女,64,1587-01-01,1665-01-01,是,长垣,主簿,,,,,,朱娘，孔子第64代孙。,
孔广俗,孔,广,男,64,1587-01-01,1662-01-01,是,东明,训导,,,,,,孔广俗，孔子第64代孙。,
林氏,孔,广,女,64,1583-01-01,1648-01-01,是,荷泽,教谕,,,,,,林氏，孔子第64代孙。,
孔广俙,孔,广,男,64,1584-01-01,1666-01-01,是,曹州,商人,,,,,,孔广俙，孔子第64代孙。,
孔广俚,孔,广,男,64,1586-01-01,1657-01-01,是,定陶,官员,,,,,,孔广俚，孔子第64代孙。,
孔广俛,孔,广,男,64,1581-01-01,1641-01-01,是,单县,学者,,,,,,孔广俛，孔子第64代孙。,
孔广俜,孔,广,男,64,1584-01-01,1667-01-01,是,成武,大夫,,,,,,孔广俜，孔子第64代孙。,
孔广保,孔,广,男,64,1584-01-01,1666-01-01,是,巨野,士,,,,,,孔广保，孔子第64代孙。,
孔广俞,孔,广,男,64,1586-01-01,1647-01-01,是,郓城,农,,,,,,孔广俞，孔子第64代孙。,
孔广俟,孔,广,男,64,1588-01-01,1650-01-01,是,鄄城,商,,,,,,孔广俟，孔子第64代孙。,
孔广俠,孔,广,男,64,1587-01-01,1653-01-01,是,曲阜,儒,,,,,,孔广俠，孔子第64代孙。,
杨氏,孔,广,女,64,1581-01-01,1648-01-01,是,滋阳,工部侍郎,,,,,,杨氏，孔子第64代孙。,
赵娘,孔,广,女,64,1588-01-01,1652-01-01,是,济宁,礼部尚书,,,,,,赵娘，孔子第64代孙。,
孔广俣,孔,广,男,64,1588-01-01,1659-01-01,是,邹县,知州,,,,,,孔广俣，孔子第64代孙。,
孔广俤,孔,广,男,64,1585-01-01,1655-01-01,是,滕县,知县,,,,,,孔广俤，孔子第64代孙。,
吴娘,孔,广,女,64,1588-01-01,1651-01-01,是,峄县,举人,,,,,,吴娘，孔子第64代孙。,
孔广俦,孔,广,男,64,1581-01-01,1659-01-01,是,金乡,进士,,,,,,孔广俦，孔子第64代孙。,
孙氏,孔,广,女,64,1587-01-01,1651-01-01,是,鱼台,太学生,,,,,,孙氏，孔子第64代孙。,
孔广俨,孔,广,男,64,1584-01-01,1649-01-01,是,嘉祥,县丞,,,,,,孔广俨，孔子第64代孙。,
孔广俩,孔,广,男,64,1581-01-01,1648-01-01,是,汶上,主簿,,,,,,孔广俩，孔子第64代孙。,
孔广俪,孔,广,男,64,1584-01-01,1647-01-01,是,泗水,训导,,,,,,孔广俪，孔子第64代孙。,
孔广俫,孔,广,男,64,1581-01-01,1644-01-01,是,宁阳,教谕,,,,,,孔广俫，孔子第64代孙。,
何姑,孔,广,女,64,1584-01-01,1655-01-01,是,兖州,商人,,,,,,何姑，孔子第64代孙。,
孔广俭,孔,广,男,64,1585-01-01,1661-01-01,是,东平,官员,,,,,,孔广俭，孔子第64代孙。,
孔广修,孔,广,男,64,1586-01-01,1667-01-01,是,寿张,学者,,,,,,孔广修，孔子第64代孙。,
张姑,孔,广,女,64,1582-01-01,1653-01-01,是,范县,大夫,,,,,,张姑，孔子第64代孙。,
孔广俰,孔,广,男,64,1583-01-01,1665-01-01,是,濮州,士,,,,,,孔广俰，孔子第64代孙。,
李娘,孔,广,女,64,1585-01-01,1650-01-01,是,开州,农,,,,,,李娘，孔子第64代孙。,
孔广俲,孔,广,男,64,1581-01-01,1664-01-01,是,长垣,商,,,,,,孔广俲，孔子第64代孙。,
孔广俳,孔,广,男,64,1587-01-01,1667-01-01,是,东明,儒,,,,,,孔广俳，孔子第64代孙。,
杨娘,孔,广,女,64,1585-01-01,1660-01-01,是,荷泽,工部侍郎,,,,,,杨娘，孔子第64代孙。,
孔广俵,孔,广,男,64,1584-01-01,1658-01-01,是,曹州,礼部尚书,,,,,,孔广俵，孔子第64代孙。,
孔广俶,孔,广,男,64,1583-01-01,1667-01-01,是,定陶,知州,,,,,,孔广俶，孔子第64代孙。,
孔广俷,孔,广,男,64,1584-01-01,1665-01-01,是,单县,知县,,,,,,孔广俷，孔子第64代孙。,
吴姑,孔,广,女,64,1584-01-01,1666-01-01,是,成武,举人,,,,,,吴姑，孔子第64代孙。,
孔广俹,孔,广,男,64,1587-01-01,1663-01-01,是,巨野,进士,,,,,,孔广俹，孔子第64代孙。,
孔广俺,孔,广,男,64,1584-01-01,1646-01-01,是,郓城,太学生,,,,,,孔广俺，孔子第64代孙。,
孔广俻,孔,广,男,64,1585-01-01,1660-01-01,是,鄄城,县丞,,,,,,孔广俻，孔子第64代孙。,
朱氏,孔,广,女,64,1586-01-01,1646-01-01,是,曲阜,主簿,,,,,,朱氏，孔子第64代孙。,
孔广俽,孔,广,男,64,1585-01-01,1649-01-01,是,滋阳,训导,,,,,,孔广俽，孔子第64代孙。,
孔广俾,孔,广,男,64,1587-01-01,1655-01-01,是,济宁,教谕,,,,,,孔广俾，孔子第64代孙。,
何氏,孔,广,女,64,1588-01-01,1657-01-01,是,邹县,商人,,,,,,何氏，孔子第64代孙。,
孔广倀,孔,广,男,64,1582-01-01,1648-01-01,是,滕县,官员,,,,,,孔广倀，孔子第64代孙。,
孔广倁,孔,广,男,64,1584-01-01,1667-01-01,是,峄县,学者,,,,,,孔广倁，孔子第64代孙。,
孔广倂,孔,广,男,64,1588-01-01,1649-01-01,是,金乡,大夫,,,,,,孔广倂，孔子第64代孙。,
孔广倃,孔,广,男,64,1587-01-01,1667-01-01,是,鱼台,士,,,,,,孔广倃，孔子第64代孙。,
孔广倄,孔,广,男,64,1588-01-01,1654-01-01,是,嘉祥,农,,,,,,孔广倄，孔子第64代孙。,
刘氏,孔,广,女,64,1585-01-01,1662-01-01,是,汶上,商,,,,,,刘氏，孔子第64代孙。,
孔广倆,孔,广,男,64,1587-01-01,1670-01-01,是,泗水,儒,,,,,,孔广倆，孔子第64代孙。,
杨姑,孔,广,女,64,1586-01-01,1653-01-01,是,宁阳,工部侍郎,,,,,,杨姑，孔子第64代孙。,
孔广倈,孔,广,男,64,1587-01-01,1665-01-01,是,兖州,礼部尚书,,,,,,孔广倈，孔子第64代孙。,
孔广倉,孔,广,男,64,1588-01-01,1648-01-01,是,东平,知州,,,,,,孔广倉，孔子第64代孙。,
孔广倊,孔,广,男,64,1583-01-01,1652-01-01,是,寿张,知县,,,,,,孔广倊，孔子第64代孙。,
孔广個,孔,广,男,64,1587-01-01,1656-01-01,是,范县,举人,,,,,,孔广個，孔子第64代孙。,
徐娘,孔,广,女,64,1587-01-01,1660-01-01,是,濮州,进士,,,,,,徐娘，孔子第64代孙。,
孔广倍,孔,广,男,64,1582-01-01,1657-01-01,是,开州,太学生,,,,,,孔广倍，孔子第64代孙。,
孔广倎,孔,广,男,64,1588-01-01,1670-01-01,是,长垣,县丞,,,,,,孔广倎，孔子第64代孙。,
朱娘,孔,广,女,64,1583-01-01,1653-01-01,是,东明,主簿,,,,,,朱娘，孔子第64代孙。,
孔广倐,孔,广,男,64,1583-01-01,1661-01-01,是,荷泽,训导,,,,,,孔广倐，孔子第64代孙。,
林氏,孔,广,女,64,1582-01-01,1644-01-01,是,曹州,教谕,,,,,,林氏，孔子第64代孙。,
孔广倒,孔,广,男,64,1585-01-01,1667-01-01,是,定陶,商人,,,,,,孔广倒，孔子第64代孙。,
孔广倓,孔,广,男,64,1581-01-01,1648-01-01,是,单县,官员,,,,,,孔广倓，孔子第64代孙。,
马氏,孔,广,女,64,1586-01-01,1663-01-01,是,成武,学者,,,,,,马氏，孔子第64代孙。,
张娘,孔,广,女,64,1582-01-01,1653-01-01,是,巨野,大夫,,,,,,张娘，孔子第64代孙。,
孔广倖,孔,广,男,64,1588-01-01,1672-01-01,是,郓城,士,,,,,,孔广倖，孔子第64代孙。,
孔广倗,孔,广,男,64,1583-01-01,1659-01-01,是,鄄城,农,,,,,,孔广倗，孔子第64代孙。,
孔广倘,孔,广,男,64,1587-01-01,1648-01-01,是,曲阜,商,,,,,,孔广倘，孔子第64代孙。,
孔广候,孔,广,男,64,1583-01-01,1651-01-01,是,滋阳,儒,,,,,,孔广候，孔子第64代孙。,
杨氏,孔,广,女,64,1586-01-01,1651-01-01,是,济宁,工部侍郎,,,,,,杨氏，孔子第64代孙。,
孔广倛,孔,广,男,64,1586-01-01,1650-01-01,是,邹县,礼部尚书,,,,,,孔广倛，孔子第64代孙。,
孔广倜,孔,广,男,64,1583-01-01,1644-01-01,是,滕县,知州,,,,,,孔广倜，孔子第64代孙。,
孔广倝,孔,广,男,64,1582-01-01,1642-01-01,是,峄县,知县,,,,,,孔广倝，孔子第64代孙。,
孔广倞,孔,广,男,64,1586-01-01,1669-01-01,是,金乡,举人,,,,,,孔广倞，孔子第64代孙。,
孔广借,孔,广,男,64,1581-01-01,1658-01-01,是,鱼台,进士,,,,,,孔广借，孔子第64代孙。,
孙氏,孔,广,女,64,1584-01-01,1651-01-01,是,嘉祥,太学生,,,,,,孙氏，孔子第64代孙。,
孔广倡,孔,广,男,64,1584-01-01,1648-01-01,是,汶上,县丞,,,,,,孔广倡，孔子第64代孙。,
孔广倢,孔,广,男,64,1586-01-01,1653-01-01,是,泗水,主簿,,,,,,孔广倢，孔子第64代孙。,
孔广倣,孔,广,男,64,1582-01-01,1648-01-01,是,宁阳,训导,,,,,,孔广倣，孔子第64代孙。,
孔广値,孔,广,男,64,1582-01-01,1647-01-01,是,兖州,教谕,,,,,,孔广値，孔子第64代孙。,
何姑,孔,广,女,64,1584-01-01,1644-01-01,是,东平,商人,,,,,,何姑，孔子第64代孙。,
孔广倦,孔,广,男,64,1584-01-01,1658-01-01,是,寿张,官员,,,,,,孔广倦，孔子第64代孙。,
孔广倧,孔,广,男,64,1586-01-01,1664-01-01,是,范县,学者,,,,,,孔广倧，孔子第64代孙。,
张姑,孔,广,女,64,1584-01-01,1655-01-01,是,濮州,大夫,,,,,,张姑，孔子第64代孙。,
孔广倩,孔,广,男,64,1582-01-01,1661-01-01,是,开州,士,,,,,,孔广倩，孔子第64代孙。,
李娘,孔,广,女,64,1581-01-01,1658-01-01,是,长垣,农,,,,,,李娘，孔子第64代孙。,
孔广倫,孔,广,男,64,1584-01-01,1648-01-01,是,东明,商,,,,,,孔广倫，孔子第64代孙。,
孔广倬,孔,广,男,64,1581-01-01,1664-01-01,是,荷泽,儒,,,,,,孔广倬，孔子第64代孙。,
孔广倭,孔,广,男,64,1581-01-01,1660-01-01,是,曹州,工部侍郎,,,,,,孔广倭，孔子第64代孙。,
孔广倮,孔,广,男,64,1585-01-01,1652-01-01,是,定陶,礼部尚书,,,,,,孔广倮，孔子第64代孙。,
孔广倯,孔,广,男,64,1585-01-01,1663-01-01,是,单县,知州,,,,,,孔广倯，孔子第64代孙。,
孔广倰,孔,广,男,64,1581-01-01,1653-01-01,是,成武,知县,,,,,,孔广倰，孔子第64代孙。,
孔广倱,孔,广,男,64,1586-01-01,1649-01-01,是,巨野,举人,,,,,,孔广倱，孔子第64代孙。,
孔广倲,孔,广,男,64,1588-01-01,1662-01-01,是,郓城,进士,,,,,,孔广倲，孔子第64代孙。,
孔广倳,孔,广,男,64,1586-01-01,1656-01-01,是,鄄城,太学生,,,,,,孔广倳，孔子第64代孙。,
孔广倴,孔,广,男,64,1585-01-01,1665-01-01,是,曲阜,县丞,,,,,,孔广倴，孔子第64代孙。,
孔广倵,孔,广,男,64,1588-01-01,1650-01-01,是,滋阳,主簿,,,,,,孔广倵，孔子第64代孙。,
孔广倶,孔,广,男,64,1585-01-01,1647-01-01,是,济宁,训导,,,,,,孔广倶，孔子第64代孙。,
林姑,孔,广,女,64,1588-01-01,1654-01-01,是,邹县,教谕,,,,,,林姑，孔子第64代孙。,
孔广倸,孔,广,男,64,1586-01-01,1660-01-01,是,滕县,商人,,,,,,孔广倸，孔子第64代孙。,
郭娘,孔,广,女,64,1588-01-01,1669-01-01,是,峄县,官员,,,,,,郭娘，孔子第64代孙。,
孔广债,孔,广,男,64,1586-01-01,1661-01-01,是,金乡,学者,,,,,,孔广债，孔子第64代孙。,
孔广倻,孔,广,男,64,1587-01-01,1649-01-01,是,鱼台,大夫,,,,,,孔广倻，孔子第64代孙。,
王娘,孔,广,女,64,1584-01-01,1656-01-01,是,嘉祥,士,,,,,,王娘，孔子第64代孙。,
孔广倽,孔,广,男,64,1587-01-01,1667-01-01,是,汶上,农,,,,,,孔广倽，孔子第64代孙。,
孔广倾,孔,广,男,64,1585-01-01,1655-01-01,是,泗水,商,,,,,,孔广倾，孔子第64代孙。,
孔广倿,孔,广,男,64,1587-01-01,1660-01-01,是,宁阳,儒,,,,,,孔广倿，孔子第64代孙。,
杨姑,孔,广,女,64,1586-01-01,1662-01-01,是,兖州,工部侍郎,,,,,,杨姑，孔子第64代孙。,
孔广偁,孔,广,男,64,1582-01-01,1663-01-01,是,东平,礼部尚书,,,,,,孔广偁，孔子第64代孙。,
黄娘,孔,广,女,64,1585-01-01,1669-01-01,是,寿张,知州,,,,,,黄娘，孔子第64代孙。,
周姑,孔,广,女,64,1588-01-01,1668-01-01,是,范县,知县,,,,,,周姑，孔子第64代孙。,
吴氏,孔,广,女,64,1588-01-01,1655-01-01,是,濮州,举人,,,,,,吴氏，孔子第64代孙。,
孔广偅,孔,广,男,64,1583-01-01,1654-01-01,是,开州,进士,,,,,,孔广偅，孔子第64代孙。,
孙姑,孔,广,女,64,1585-01-01,1666-01-01,是,长垣,太学生,,,,,,孙姑，孔子第64代孙。,
孔广假,孔,广,男,64,1586-01-01,1670-01-01,是,东明,县丞,,,,,,孔广假，孔子第64代孙。,
朱娘,孔,广,女,64,1587-01-01,1654-01-01,是,荷泽,主簿,,,,,,朱娘，孔子第64代孙。,
孔广偉,孔,广,男,64,1588-01-01,1658-01-01,是,曹州,训导,,,,,,孔广偉，孔子第64代孙。,
孔广偊,孔,广,男,64,1587-01-01,1651-01-01,是,定陶,教谕,,,,,,孔广偊，孔子第64代孙。,
何娘,孔,广,女,64,1582-01-01,1658-01-01,是,单县,商人,,,,,,何娘，孔子第64代孙。,
郭姑,孔,广,女,64,1581-01-01,1642-01-01,是,成武,官员,,,,,,郭姑，孔子第64代孙。,
孔广偍,孔,广,男,64,1587-01-01,1669-01-01,是,巨野,学者,,,,,,孔广偍，孔子第64代孙。,
孔广偎,孔,广,男,64,1585-01-01,1663-01-01,是,郓城,大夫,,,,,,孔广偎，孔子第64代孙。,
王姑,孔,广,女,64,1586-01-01,1654-01-01,是,鄄城,士,,,,,,王姑，孔子第64代孙。,
孔广偐,孔,广,男,64,1585-01-01,1658-01-01,是,曲阜,农,,,,,,孔广偐，孔子第64代孙。,
孔广偑,孔,广,男,64,1583-01-01,1644-01-01,是,滋阳,商,,,,,,孔广偑，孔子第64代孙。,
陈姑,孔,广,女,64,1583-01-01,1651-01-01,是,济宁,儒,,,,,,陈姑，孔子第64代孙。,
孔广偓,孔,广,男,64,1586-01-01,1669-01-01,是,邹县,工部侍郎,,,,,,孔广偓，孔子第64代孙。,
孔广偔,孔,广,男,64,1584-01-01,1660-01-01,是,滕县,礼部尚书,,,,,,孔广偔，孔子第64代孙。,
孔广偕,孔,广,男,64,1588-01-01,1657-01-01,是,峄县,知州,,,,,,孔广偕，孔子第64代孙。,
周氏,孔,广,女,64,1583-01-01,1653-01-01,是,金乡,知县,,,,,,周氏，孔子第64代孙。,
孔广偗,孔,广,男,64,1586-01-01,1661-01-01,是,鱼台,举人,,,,,,孔广偗，孔子第64代孙。,
徐姑,孔,广,女,64,1583-01-01,1656-01-01,是,嘉祥,进士,,,,,,徐姑，孔子第64代孙。,
孙氏,孔,广,女,64,1585-01-01,1654-01-01,是,汶上,太学生,,,,,,孙氏，孔子第64代孙。,
孔广做,孔,广,男,64,1587-01-01,1664-01-01,是,泗水,县丞,,,,,,孔广做，孔子第64代孙。,
孔广偛,孔,广,男,64,1584-01-01,1668-01-01,是,宁阳,主簿,,,,,,孔广偛，孔子第64代孙。,
孔广停,孔,广,男,64,1581-01-01,1656-01-01,是,兖州,训导,,,,,,孔广停，孔子第64代孙。,
孔广偝,孔,广,男,64,1587-01-01,1660-01-01,是,东平,教谕,,,,,,孔广偝，孔子第64代孙。,
孔广偞,孔,广,男,64,1585-01-01,1660-01-01,是,寿张,商人,,,,,,孔广偞，孔子第64代孙。,
郭氏,孔,广,女,64,1586-01-01,1647-01-01,是,范县,官员,,,,,,郭氏，孔子第64代孙。,
马娘,孔,广,女,64,1586-01-01,1665-01-01,是,濮州,学者,,,,,,马娘，孔子第64代孙。,
孔广偡,孔,广,男,64,1588-01-01,1665-01-01,是,开州,大夫,,,,,,孔广偡，孔子第64代孙。,
孔广偢,孔,广,男,64,1586-01-01,1663-01-01,是,长垣,士,,,,,,孔广偢，孔子第64代孙。,
孔广偣,孔,广,男,64,1586-01-01,1665-01-01,是,东明,农,,,,,,孔广偣，孔子第64代孙。,
刘姑,孔,广,女,64,1582-01-01,1650-01-01,是,荷泽,商,,,,,,刘姑，孔子第64代孙。,
孔广健,孔,广,男,64,1581-01-01,1646-01-01,是,曹州,儒,,,,,,孔广健，孔子第64代孙。,
孔广偦,孔,广,男,64,1587-01-01,1669-01-01,是,定陶,工部侍郎,,,,,,孔广偦，孔子第64代孙。,
孔广偧,孔,广,男,64,1585-01-01,1658-01-01,是,单县,礼部尚书,,,,,,孔广偧，孔子第64代孙。,
黄氏,孔,广,女,64,1584-01-01,1644-01-01,是,成武,知州,,,,,,黄氏，孔子第64代孙。,
孔广偩,孔,广,男,64,1582-01-01,1642-01-01,是,巨野,知县,,,,,,孔广偩，孔子第64代孙。,
吴姑,孔,广,女,64,1581-01-01,1662-01-01,是,郓城,举人,,,,,,吴姑，孔子第64代孙。,
孔广偫,孔,广,男,64,1582-01-01,1643-01-01,是,鄄城,进士,,,,,,孔广偫，孔子第64代孙。,
孙娘,孔,广,女,64,1582-01-01,1665-01-01,是,曲阜,太学生,,,,,,孙娘，孔子第64代孙。,
孔广偭,孔,广,男,64,1586-01-01,1648-01-01,是,滋阳,县丞,,,,,,孔广偭，孔子第64代孙。,
朱氏,孔,广,女,64,1586-01-01,1662-01-01,是,济宁,主簿,,,,,,朱氏，孔子第64代孙。,
孔广偯,孔,广,男,64,1587-01-01,1666-01-01,是,邹县,训导,,,,,,孔广偯，孔子第64代孙。,
孔广偰,孔,广,男,64,1585-01-01,1666-01-01,是,滕县,教谕,,,,,,孔广偰，孔子第64代孙。,
孔广偱,孔,广,男,64,1581-01-01,1651-01-01,是,峄县,商人,,,,,,孔广偱，孔子第64代孙。,
郭娘,孔,广,女,64,1588-01-01,1659-01-01,是,金乡,官员,,,,,,郭娘，孔子第64代孙。,
孔广偳,孔,广,男,64,1581-01-01,1646-01-01,是,鱼台,学者,,,,,,孔广偳，孔子第64代孙。,
孔广側,孔,广,男,64,1581-01-01,1664-01-01,是,嘉祥,大夫,,,,,,孔广側，孔子第64代孙。,
孔广偵,孔,广,男,64,1588-01-01,1665-01-01,是,汶上,士,,,,,,孔广偵，孔子第64代孙。,
李姑,孔,广,女,64,1588-01-01,1672-01-01,是,泗水,农,,,,,,李姑，孔子第64代孙。,
刘氏,孔,广,女,64,1582-01-01,1648-01-01,是,宁阳,商,,,,,,刘氏，孔子第64代孙。,
孔广偸,孔,广,男,64,1585-01-01,1657-01-01,是,兖州,儒,,,,,,孔广偸，孔子第64代孙。,
孔广偹,孔,广,男,64,1588-01-01,1668-01-01,是,东平,工部侍郎,,,,,,孔广偹，孔子第64代孙。,
赵氏,孔,广,女,64,1581-01-01,1652-01-01,是,寿张,礼部尚书,,,,,,赵氏，孔子第64代孙。,
黄娘,孔,广,女,64,1587-01-01,1658-01-01,是,范县,知州,,,,,,黄娘，孔子第64代孙。,
孔广偼,孔,广,男,64,1583-01-01,1653-01-01,是,濮州,知县,,,,,,孔广偼，孔子第64代孙。,
孔广偽,孔,广,男,64,1587-01-01,1654-01-01,是,开州,举人,,,,,,孔广偽，孔子第64代孙。,
徐娘,孔,广,女,64,1587-01-01,1658-01-01,是,长垣,进士,,,,,,徐娘，孔子第64代孙。,
孔广偿,孔,广,男,64,1587-01-01,1668-01-01,是,东明,太学生,,,,,,孔广偿，孔子第64代孙。,
孔广傀,孔,广,男,64,1582-01-01,1648-01-01,是,荷泽,县丞,,,,,,孔广傀，孔子第64代孙。,
朱娘,孔,广,女,64,1587-01-01,1668-01-01,是,曹州,主簿,,,,,,朱娘，孔子第64代孙。,
高姑,孔,广,女,64,1587-01-01,1664-01-01,是,定陶,训导,,,,,,高姑，孔子第64代孙。,
孔广傃,孔,广,男,64,1584-01-01,1652-01-01,是,单县,教谕,,,,,,孔广傃，孔子第64代孙。,
孔广傄,孔,广,男,64,1582-01-01,1658-01-01,是,成武,商人,,,,,,孔广傄，孔子第64代孙。,
孔广傅,孔,广,男,64,1582-01-01,1659-01-01,是,巨野,官员,,,,,,孔广傅，孔子第64代孙。,
孔广傆,孔,广,男,64,1582-01-01,1648-01-01,是,郓城,学者,,,,,,孔广傆，孔子第64代孙。,
孔广傇,孔,广,男,64,1587-01-01,1651-01-01,是,鄄城,大夫,,,,,,孔广傇，孔子第64代孙。,
孔广傈,孔,广,男,64,1586-01-01,1670-01-01,是,曲阜,士,,,,,,孔广傈，孔子第64代孙。,
孔广傉,孔,广,男,64,1581-01-01,1648-01-01,是,滋阳,农,,,,,,孔广傉，孔子第64代孙。,
刘娘,孔,广,女,64,1581-01-01,1662-01-01,是,济宁,商,,,,,,刘娘，孔子第64代孙。,
陈姑,孔,广,女,64,1586-01-01,1655-01-01,是,邹县,儒,,,,,,陈姑，孔子第64代孙。,
杨氏,孔,广,女,64,1583-01-01,1657-01-01,是,滕县,工部侍郎,,,,,,杨氏，孔子第64代孙。,
孔广傍,孔,广,男,64,1583-01-01,1650-01-01,是,峄县,礼部尚书,,,,,,孔广傍，孔子第64代孙。,
黄姑,孔,广,女,64,1581-01-01,1661-01-01,是,金乡,知州,,,,,,黄姑，孔子第64代孙。,
周氏,孔,广,女,64,1581-01-01,1644-01-01,是,鱼台,知县,,,,,,周氏，孔子第64代孙。,
孔广傐,孔,广,男,64,1581-01-01,1660-01-01,是,嘉祥,举人,,,,,,孔广傐，孔子第64代孙。,
孔广傑,孔,广,男,64,1587-01-01,1650-01-01,是,汶上,进士,,,,,,孔广傑，孔子第64代孙。,
孔广傒,孔,广,男,64,1582-01-01,1664-01-01,是,泗水,太学生,,,,,,孔广傒，孔子第64代孙。,
胡娘,孔,广,女,64,1581-01-01,1643-01-01,是,宁阳,县丞,,,,,,胡娘，孔子第64代孙。,
孔昭傔,孔,昭,男,65,1615-01-01,1682-01-01,是,兖州,主簿,,,,,,孔昭傔，孔子第65代孙。,
孔昭傕,孔,昭,男,65,1611-01-01,1686-01-01,是,东平,训导,,,,,,孔昭傕，孔子第65代孙。,
林姑,孔,昭,女,65,1612-01-01,1684-01-01,是,寿张,教谕,,,,,,林姑，孔子第65代孙。,
孔昭傗,孔,昭,男,65,1613-01-01,1680-01-01,是,范县,商人,,,,,,孔昭傗，孔子第65代孙。,
孔昭傘,孔,昭,男,65,1615-01-01,1699-01-01,是,濮州,官员,,,,,,孔昭傘，孔子第65代孙。,
马姑,孔,昭,女,65,1613-01-01,1675-01-01,是,开州,学者,,,,,,马姑，孔子第65代孙。,
孔昭傚,孔,昭,男,65,1613-01-01,1693-01-01,是,长垣,大夫,,,,,,孔昭傚，孔子第65代孙。,
王娘,孔,昭,女,65,1616-01-01,1686-01-01,是,东明,士,,,,,,王娘，孔子第65代孙。,
孔昭傜,孔,昭,男,65,1615-01-01,1675-01-01,是,荷泽,农,,,,,,孔昭傜，孔子第65代孙。,
孔昭傝,孔,昭,男,65,1610-01-01,1686-01-01,是,曹州,商,,,,,,孔昭傝，孔子第65代孙。,
陈娘,孔,昭,女,65,1612-01-01,1694-01-01,是,定陶,儒,,,,,,陈娘，孔子第65代孙。,
孔昭傟,孔,昭,男,65,1614-01-01,1676-01-01,是,单县,工部侍郎,,,,,,孔昭傟，孔子第65代孙。,
赵氏,孔,昭,女,65,1612-01-01,1683-01-01,是,成武,礼部尚书,,,,,,赵氏，孔子第65代孙。,
黄娘,孔,昭,女,65,1611-01-01,1674-01-01,是,巨野,知州,,,,,,黄娘，孔子第65代孙。,
周姑,孔,昭,女,65,1616-01-01,1694-01-01,是,郓城,知县,,,,,,周姑，孔子第65代孙。,
孔昭傣,孔,昭,男,65,1610-01-01,1686-01-01,是,鄄城,举人,,,,,,孔昭傣，孔子第65代孙。,
徐娘,孔,昭,女,65,1616-01-01,1695-01-01,是,曲阜,进士,,,,,,徐娘，孔子第65代孙。,
孔昭傥,孔,昭,男,65,1612-01-01,1689-01-01,是,滋阳,太学生,,,,,,孔昭傥，孔子第65代孙。,
胡氏,孔,昭,女,65,1610-01-01,1677-01-01,是,济宁,县丞,,,,,,胡氏，孔子第65代孙。,
朱娘,孔,昭,女,65,1615-01-01,1678-01-01,是,邹县,主簿,,,,,,朱娘，孔子第65代孙。,
孔昭储,孔,昭,男,65,1614-01-01,1690-01-01,是,滕县,训导,,,,,,孔昭储，孔子第65代孙。,
孔昭傩,孔,昭,男,65,1613-01-01,1681-01-01,是,峄县,教谕,,,,,,孔昭傩，孔子第65代孙。,
孔昭傪,孔,昭,男,65,1612-01-01,1687-01-01,是,金乡,商人,,,,,,孔昭傪，孔子第65代孙。,
孔昭傫,孔,昭,男,65,1610-01-01,1674-01-01,是,鱼台,官员,,,,,,孔昭傫，孔子第65代孙。,
马氏,孔,昭,女,65,1614-01-01,1682-01-01,是,嘉祥,学者,,,,,,马氏，孔子第65代孙。,
孔昭傭,孔,昭,男,65,1613-01-01,1694-01-01,是,汶上,大夫,,,,,,孔昭傭，孔子第65代孙。,
王姑,孔,昭,女,65,1609-01-01,1679-01-01,是,泗水,士,,,,,,王姑，孔子第65代孙。,
孔昭傯,孔,昭,男,65,1610-01-01,1690-01-01,是,宁阳,农,,,,,,孔昭傯，孔子第65代孙。,
孔昭傰,孔,昭,男,65,1610-01-01,1690-01-01,是,兖州,商,,,,,,孔昭傰，孔子第65代孙。,
孔昭傱,孔,昭,男,65,1615-01-01,1685-01-01,是,东平,儒,,,,,,孔昭傱，孔子第65代孙。,
孔昭傲,孔,昭,男,65,1613-01-01,1689-01-01,是,寿张,工部侍郎,,,,,,孔昭傲，孔子第65代孙。,
孔昭傳,孔,昭,男,65,1610-01-01,1673-01-01,是,范县,礼部尚书,,,,,,孔昭傳，孔子第65代孙。,
孔昭傴,孔,昭,男,65,1612-01-01,1682-01-01,是,濮州,知州,,,,,,孔昭傴，孔子第65代孙。,
周氏,孔,昭,女,65,1611-01-01,1682-01-01,是,开州,知县,,,,,,周氏，孔子第65代孙。,
吴娘,孔,昭,女,65,1616-01-01,1695-01-01,是,长垣,举人,,,,,,吴娘，孔子第65代孙。,
孔昭傷,孔,昭,男,65,1610-01-01,1686-01-01,是,东明,进士,,,,,,孔昭傷，孔子第65代孙。,
孙氏,孔,昭,女,65,1609-01-01,1679-01-01,是,荷泽,太学生,,,,,,孙氏，孔子第65代孙。,
胡娘,孔,昭,女,65,1611-01-01,1678-01-01,是,曹州,县丞,,,,,,胡娘，孔子第65代孙。,
朱姑,孔,昭,女,65,1611-01-01,1673-01-01,是,定陶,主簿,,,,,,朱姑，孔子第65代孙。,
孔昭傻,孔,昭,男,65,1616-01-01,1685-01-01,是,单县,训导,,,,,,孔昭傻，孔子第65代孙。,
林娘,孔,昭,女,65,1610-01-01,1673-01-01,是,成武,教谕,,,,,,林娘，孔子第65代孙。,
孔昭傽,孔,昭,男,65,1616-01-01,1678-01-01,是,巨野,商人,,,,,,孔昭傽，孔子第65代孙。,
郭氏,孔,昭,女,65,1611-01-01,1686-01-01,是,郓城,官员,,,,,,郭氏，孔子第65代孙。,
孔昭傿,孔,昭,男,65,1612-01-01,1682-01-01,是,鄄城,学者,,,,,,孔昭傿，孔子第65代孙。,
张姑,孔,昭,女,65,1609-01-01,1679-01-01,是,曲阜,大夫,,,,,,张姑，孔子第65代孙。,
王氏,孔,昭,女,65,1611-01-01,1674-01-01,是,滋阳,士,,,,,,王氏，孔子第65代孙。,
孔昭僂,孔,昭,男,65,1613-01-01,1679-01-01,是,济宁,农,,,,,,孔昭僂，孔子第65代孙。,
刘姑,孔,昭,女,65,1616-01-01,1678-01-01,是,邹县,商,,,,,,刘姑，孔子第65代孙。,
孔昭僄,孔,昭,男,65,1610-01-01,1686-01-01,是,滕县,儒,,,,,,孔昭僄，孔子第65代孙。,
孔昭僅,孔,昭,男,65,1611-01-01,1681-01-01,是,峄县,工部侍郎,,,,,,孔昭僅，孔子第65代孙。,
孔昭僆,孔,昭,男,65,1614-01-01,1684-01-01,是,金乡,礼部尚书,,,,,,孔昭僆，孔子第65代孙。,
黄氏,孔,昭,女,65,1615-01-01,1694-01-01,是,鱼台,知州,,,,,,黄氏，孔子第65代孙。,
孔昭僈,孔,昭,男,65,1609-01-01,1681-01-01,是,嘉祥,知县,,,,,,孔昭僈，孔子第65代孙。,
孔昭僉,孔,昭,男,65,1612-01-01,1679-01-01,是,汶上,举人,,,,,,孔昭僉，孔子第65代孙。,
孔昭僊,孔,昭,男,65,1612-01-01,1675-01-01,是,泗水,进士,,,,,,孔昭僊，孔子第65代孙。,
孔昭僋,孔,昭,男,65,1614-01-01,1678-01-01,是,宁阳,太学生,,,,,,孔昭僋，孔子第65代孙。,
胡姑,孔,昭,女,65,1615-01-01,1692-01-01,是,兖州,县丞,,,,,,胡姑，孔子第65代孙。,
孔昭働,孔,昭,男,65,1613-01-01,1673-01-01,是,东平,主簿,,,,,,孔昭働，孔子第65代孙。,
高娘,孔,昭,女,65,1616-01-01,1677-01-01,是,寿张,训导,,,,,,高娘，孔子第65代孙。,
孔昭像,孔,昭,男,65,1612-01-01,1685-01-01,是,范县,教谕,,,,,,孔昭像，孔子第65代孙。,
孔昭僐,孔,昭,男,65,1614-01-01,1694-01-01,是,濮州,商人,,,,,,孔昭僐，孔子第65代孙。,
孔昭僑,孔,昭,男,65,1616-01-01,1689-01-01,是,开州,官员,,,,,,孔昭僑，孔子第65代孙。,
孔昭僒,孔,昭,男,65,1610-01-01,1676-01-01,是,长垣,学者,,,,,,孔昭僒，孔子第65代孙。,
张氏,孔,昭,女,65,1610-01-01,1672-01-01,是,东明,大夫,,,,,,张氏，孔子第65代孙。,
孔昭僔,孔,昭,男,65,1613-01-01,1682-01-01,是,荷泽,士,,,,,,孔昭僔，孔子第65代孙。,
李姑,孔,昭,女,65,1611-01-01,1683-01-01,是,曹州,农,,,,,,李姑，孔子第65代孙。,
孔昭僖,孔,昭,男,65,1614-01-01,1674-01-01,是,定陶,商,,,,,,孔昭僖，孔子第65代孙。,
孔昭僗,孔,昭,男,65,1612-01-01,1690-01-01,是,单县,儒,,,,,,孔昭僗，孔子第65代孙。,
孔昭僘,孔,昭,男,65,1612-01-01,1682-01-01,是,成武,工部侍郎,,,,,,孔昭僘，孔子第65代孙。,
孔昭僙,孔,昭,男,65,1614-01-01,1694-01-01,是,巨野,礼部尚书,,,,,,孔昭僙，孔子第65代孙。,
孔昭僚,孔,昭,男,65,1616-01-01,1687-01-01,是,郓城,知州,,,,,,孔昭僚，孔子第65代孙。,
周姑,孔,昭,女,65,1615-01-01,1680-01-01,是,鄄城,知县,,,,,,周姑，孔子第65代孙。,
孔昭僜,孔,昭,男,65,1616-01-01,1689-01-01,是,曲阜,举人,,,,,,孔昭僜，孔子第65代孙。,
徐娘,孔,昭,女,65,1610-01-01,1691-01-01,是,滋阳,进士,,,,,,徐娘，孔子第65代孙。,
孔昭僞,孔,昭,男,65,1609-01-01,1671-01-01,是,济宁,太学生,,,,,,孔昭僞，孔子第65代孙。,
胡氏,孔,昭,女,65,1609-01-01,1689-01-01,是,邹县,县丞,,,,,,胡氏，孔子第65代孙。,
朱娘,孔,昭,女,65,1612-01-01,1682-01-01,是,滕县,主簿,,,,,,朱娘，孔子第65代孙。,
孔昭僡,孔,昭,男,65,1614-01-01,1690-01-01,是,峄县,训导,,,,,,孔昭僡，孔子第65代孙。,
孔昭僢,孔,昭,男,65,1615-01-01,1695-01-01,是,金乡,教谕,,,,,,孔昭僢，孔子第65代孙。,
何娘,孔,昭,女,65,1613-01-01,1685-01-01,是,鱼台,商人,,,,,,何娘，孔子第65代孙。,
孔昭僤,孔,昭,男,65,1613-01-01,1674-01-01,是,嘉祥,官员,,,,,,孔昭僤，孔子第65代孙。,
马氏,孔,昭,女,65,1613-01-01,1683-01-01,是,汶上,学者,,,,,,马氏，孔子第65代孙。,
张娘,孔,昭,女,65,1612-01-01,1694-01-01,是,泗水,大夫,,,,,,张娘，孔子第65代孙。,
孔昭僧,孔,昭,男,65,1612-01-01,1678-01-01,是,宁阳,士,,,,,,孔昭僧，孔子第65代孙。,
孔昭僨,孔,昭,男,65,1613-01-01,1681-01-01,是,兖州,农,,,,,,孔昭僨，孔子第65代孙。,
孔昭僩,孔,昭,男,65,1613-01-01,1675-01-01,是,东平,商,,,,,,孔昭僩，孔子第65代孙。,
陈姑,孔,昭,女,65,1609-01-01,1692-01-01,是,寿张,儒,,,,,,陈姑，孔子第65代孙。,
孔昭僫,孔,昭,男,65,1612-01-01,1676-01-01,是,范县,工部侍郎,,,,,,孔昭僫，孔子第65代孙。,
赵娘,孔,昭,女,65,1612-01-01,1678-01-01,是,濮州,礼部尚书,,,,,,赵娘，孔子第65代孙。,
黄姑,孔,昭,女,65,1611-01-01,1692-01-01,是,开州,知州,,,,,,黄姑，孔子第65代孙。,
周氏,孔,昭,女,65,1616-01-01,1689-01-01,是,长垣,知县,,,,,,周氏，孔子第65代孙。,
孔昭僯,孔,昭,男,65,1612-01-01,1689-01-01,是,东明,举人,,,,,,孔昭僯，孔子第65代孙。,
徐姑,孔,昭,女,65,1611-01-01,1680-01-01,是,荷泽,进士,,,,,,徐姑，孔子第65代孙。,
孙氏,孔,昭,女,65,1616-01-01,1696-01-01,是,曹州,太学生,,,,,,孙氏，孔子第65代孙。,
孔昭僲,孔,昭,男,65,1612-01-01,1690-01-01,是,定陶,县丞,,,,,,孔昭僲，孔子第65代孙。,
孔昭僳,孔,昭,男,65,1614-01-01,1689-01-01,是,单县,主簿,,,,,,孔昭僳，孔子第65代孙。,
孔昭僴,孔,昭,男,65,1612-01-01,1675-01-01,是,成武,训导,,,,,,孔昭僴，孔子第65代孙。,
林娘,孔,昭,女,65,1612-01-01,1684-01-01,是,巨野,教谕,,,,,,林娘，孔子第65代孙。,
何姑,孔,昭,女,65,1609-01-01,1693-01-01,是,郓城,商人,,,,,,何姑，孔子第65代孙。,
孔昭僷,孔,昭,男,65,1609-01-01,1688-01-01,是,鄄城,官员,,,,,,孔昭僷，孔子第65代孙。,
孔昭僸,孔,昭,男,65,1616-01-01,1682-01-01,是,曲阜,学者,,,,,,孔昭僸，孔子第65代孙。,
张姑,孔,昭,女,65,1610-01-01,1685-01-01,是,滋阳,大夫,,,,,,张姑，孔子第65代孙。,
孔昭僺,孔,昭,男,65,1610-01-01,1671-01-01,是,济宁,士,,,,,,孔昭僺，孔子第65代孙。,
李娘,孔,昭,女,65,1616-01-01,1677-01-01,是,邹县,农,,,,,,李娘，孔子第65代孙。,
刘姑,孔,昭,女,65,1612-01-01,1696-01-01,是,滕县,商,,,,,,刘姑，孔子第65代孙。,
孔昭僽,孔,昭,男,65,1611-01-01,1682-01-01,是,峄县,儒,,,,,,孔昭僽，孔子第65代孙。,
杨娘,孔,昭,女,65,1609-01-01,1673-01-01,是,金乡,工部侍郎,,,,,,杨娘，孔子第65代孙。,
孔昭僿,孔,昭,男,65,1614-01-01,1691-01-01,是,鱼台,礼部尚书,,,,,,孔昭僿，孔子第65代孙。,
黄氏,孔,昭,女,65,1614-01-01,1698-01-01,是,嘉祥,知州,,,,,,黄氏，孔子第65代孙。,
周娘,孔,昭,女,65,1616-01-01,1691-01-01,是,汶上,知县,,,,,,周娘，孔子第65代孙。,
吴姑,孔,昭,女,65,1612-01-01,1678-01-01,是,泗水,举人,,,,,,吴姑，孔子第65代孙。,
孔昭儃,孔,昭,男,65,1614-01-01,1683-01-01,是,宁阳,进士,,,,,,孔昭儃，孔子第65代孙。,
孔昭億,孔,昭,男,65,1609-01-01,1688-01-01,是,兖州,太学生,,,,,,孔昭億，孔子第65代孙。,
孔昭儅,孔,昭,男,65,1609-01-01,1679-01-01,是,东平,县丞,,,,,,孔昭儅，孔子第65代孙。,
孔昭儆,孔,昭,男,65,1609-01-01,1690-01-01,是,寿张,主簿,,,,,,孔昭儆，孔子第65代孙。,
孔昭儇,孔,昭,男,65,1611-01-01,1691-01-01,是,范县,训导,,,,,,孔昭儇，孔子第65代孙。,
孔昭儈,孔,昭,男,65,1612-01-01,1686-01-01,是,濮州,教谕,,,,,,孔昭儈，孔子第65代孙。,
孔昭儉,孔,昭,男,65,1613-01-01,1678-01-01,是,开州,商人,,,,,,孔昭儉，孔子第65代孙。,
郭娘,孔,昭,女,65,1616-01-01,1699-01-01,是,长垣,官员,,,,,,郭娘，孔子第65代孙。,
孔昭儋,孔,昭,男,65,1612-01-01,1676-01-01,是,东明,学者,,,,,,孔昭儋，孔子第65代孙。,
张氏,孔,昭,女,65,1611-01-01,1694-01-01,是,荷泽,大夫,,,,,,张氏，孔子第65代孙。,
孔昭儍,孔,昭,男,65,1616-01-01,1687-01-01,是,曹州,士,,,,,,孔昭儍，孔子第65代孙。,
孔昭儎,孔,昭,男,65,1614-01-01,1697-01-01,是,定陶,农,,,,,,孔昭儎，孔子第65代孙。,
孔昭儏,孔,昭,男,65,1613-01-01,1691-01-01,是,单县,商,,,,,,孔昭儏，孔子第65代孙。,
孔昭儐,孔,昭,男,65,1611-01-01,1691-01-01,是,成武,儒,,,,,,孔昭儐，孔子第65代孙。,
杨姑,孔,昭,女,65,1612-01-01,1696-01-01,是,巨野,工部侍郎,,,,,,杨姑，孔子第65代孙。,
孔昭儒,孔,昭,男,65,1609-01-01,1687-01-01,是,郓城,礼部尚书,,,,,,孔昭儒，孔子第65代孙。,
孔昭儓,孔,昭,男,65,1616-01-01,1678-01-01,是,鄄城,知州,,,,,,孔昭儓，孔子第65代孙。,
周姑,孔,昭,女,65,1609-01-01,1685-01-01,是,曲阜,知县,,,,,,周姑，孔子第65代孙。,
孔昭儕,孔,昭,男,65,1610-01-01,1691-01-01,是,滋阳,举人,,,,,,孔昭儕，孔子第65代孙。,
徐娘,孔,昭,女,65,1611-01-01,1694-01-01,是,济宁,进士,,,,,,徐娘，孔子第65代孙。,
孙姑,孔,昭,女,65,1614-01-01,1691-01-01,是,邹县,太学生,,,,,,孙姑，孔子第65代孙。,
孔昭儘,孔,昭,男,65,1611-01-01,1684-01-01,是,滕县,县丞,,,,,,孔昭儘，孔子第65代孙。,
孔昭儙,孔,昭,男,65,1612-01-01,1692-01-01,是,峄县,主簿,,,,,,孔昭儙，孔子第65代孙。,
孔昭儚,孔,昭,男,65,1616-01-01,1679-01-01,是,金乡,训导,,,,,,孔昭儚，孔子第65代孙。,
孔昭儛,孔,昭,男,65,1610-01-01,1679-01-01,是,鱼台,教谕,,,,,,孔昭儛，孔子第65代孙。,
孔昭儜,孔,昭,男,65,1613-01-01,1673-01-01,是,嘉祥,商人,,,,,,孔昭儜，孔子第65代孙。,
孔昭儝,孔,昭,男,65,1613-01-01,1691-01-01,是,汶上,官员,,,,,,孔昭儝，孔子第65代孙。,
孔昭儞,孔,昭,男,65,1616-01-01,1685-01-01,是,泗水,学者,,,,,,孔昭儞，孔子第65代孙。,
孔昭償,孔,昭,男,65,1611-01-01,1690-01-01,是,宁阳,大夫,,,,,,孔昭償，孔子第65代孙。,
孔昭儠,孔,昭,男,65,1616-01-01,1695-01-01,是,兖州,士,,,,,,孔昭儠，孔子第65代孙。,
孔昭儡,孔,昭,男,65,1614-01-01,1696-01-01,是,东平,农,,,,,,孔昭儡，孔子第65代孙。,
孔昭儢,孔,昭,男,65,1610-01-01,1671-01-01,是,寿张,商,,,,,,孔昭儢，孔子第65代孙。,
孔昭儣,孔,昭,男,65,1616-01-01,1695-01-01,是,范县,儒,,,,,,孔昭儣，孔子第65代孙。,
孔昭儤,孔,昭,男,65,1616-01-01,1681-01-01,是,濮州,工部侍郎,,,,,,孔昭儤，孔子第65代孙。,
孔昭儥,孔,昭,男,65,1616-01-01,1690-01-01,是,开州,礼部尚书,,,,,,孔昭儥，孔子第65代孙。,
孔昭儦,孔,昭,男,65,1611-01-01,1678-01-01,是,长垣,知州,,,,,,孔昭儦，孔子第65代孙。,
孔昭儧,孔,昭,男,65,1616-01-01,1679-01-01,是,东明,知县,,,,,,孔昭儧，孔子第65代孙。,
孔昭儨,孔,昭,男,65,1614-01-01,1681-01-01,是,荷泽,举人,,,,,,孔昭儨，孔子第65代孙。,
徐姑,孔,昭,女,65,1609-01-01,1679-01-01,是,曹州,进士,,,,,,徐姑，孔子第65代孙。,
孔昭優,孔,昭,男,65,1611-01-01,1675-01-01,是,定陶,太学生,,,,,,孔昭優，孔子第65代孙。,
胡娘,孔,昭,女,65,1612-01-01,1696-01-01,是,单县,县丞,,,,,,胡娘，孔子第65代孙。,
孔昭儬,孔,昭,男,65,1609-01-01,1673-01-01,是,成武,主簿,,,,,,孔昭儬，孔子第65代孙。,
孔昭儭,孔,昭,男,65,1611-01-01,1683-01-01,是,巨野,训导,,,,,,孔昭儭，孔子第65代孙。,
林娘,孔,昭,女,65,1616-01-01,1694-01-01,是,郓城,教谕,,,,,,林娘，孔子第65代孙。,
孔昭儯,孔,昭,男,65,1613-01-01,1674-01-01,是,鄄城,商人,,,,,,孔昭儯，孔子第65代孙。,
孔昭儰,孔,昭,男,65,1610-01-01,1679-01-01,是,曲阜,官员,,,,,,孔昭儰，孔子第65代孙。,
马娘,孔,昭,女,65,1609-01-01,1685-01-01,是,滋阳,学者,,,,,,马娘，孔子第65代孙。,
张姑,孔,昭,女,65,1615-01-01,1679-01-01,是,济宁,大夫,,,,,,张姑，孔子第65代孙。,
王氏,孔,昭,女,65,1613-01-01,1691-01-01,是,邹县,士,,,,,,王氏，孔子第65代孙。,
李娘,孔,昭,女,65,1610-01-01,1690-01-01,是,滕县,农,,,,,,李娘，孔子第65代孙。,
刘姑,孔,昭,女,65,1613-01-01,1676-01-01,是,峄县,商,,,,,,刘姑，孔子第65代孙。,
孔昭儶,孔,昭,男,65,1614-01-01,1686-01-01,是,金乡,儒,,,,,,孔昭儶，孔子第65代孙。,
杨娘,孔,昭,女,65,1610-01-01,1687-01-01,是,鱼台,工部侍郎,,,,,,杨娘，孔子第65代孙。,
孔昭儸,孔,昭,男,65,1613-01-01,1686-01-01,是,嘉祥,礼部尚书,,,,,,孔昭儸，孔子第65代孙。,
孔昭儹,孔,昭,男,65,1613-01-01,1696-01-01,是,汶上,知州,,,,,,孔昭儹，孔子第65代孙。,
孔昭儺,孔,昭,男,65,1612-01-01,1682-01-01,是,泗水,知县,,,,,,孔昭儺，孔子第65代孙。,
孔昭儻,孔,昭,男,65,1616-01-01,1690-01-01,是,宁阳,举人,,,,,,孔昭儻，孔子第65代孙。,
孔昭儼,孔,昭,男,65,1610-01-01,1683-01-01,是,兖州,进士,,,,,,孔昭儼，孔子第65代孙。,
孔昭儽,孔,昭,男,65,1613-01-01,1678-01-01,是,东平,太学生,,,,,,孔昭儽，孔子第65代孙。,
胡姑,孔,昭,女,65,1611-01-01,1694-01-01,是,寿张,县丞,,,,,,胡姑，孔子第65代孙。,
朱氏,孔,昭,女,65,1615-01-01,1680-01-01,是,范县,主簿,,,,,,朱氏，孔子第65代孙。,
孔昭兀,孔,昭,男,65,1610-01-01,1690-01-01,是,濮州,训导,,,,,,孔昭兀，孔子第65代孙。,
孔昭允,孔,昭,男,65,1614-01-01,1683-01-01,是,开州,教谕,,,,,,孔昭允，孔子第65代孙。,
孔昭兂,孔,昭,男,65,1610-01-01,1689-01-01,是,长垣,商人,,,,,,孔昭兂，孔子第65代孙。,
孔昭元,孔,昭,男,65,1612-01-01,1685-01-01,是,东明,官员,,,,,,孔昭元，孔子第65代孙。,
马姑,孔,昭,女,65,1612-01-01,1695-01-01,是,荷泽,学者,,,,,,马姑，孔子第65代孙。,
张氏,孔,昭,女,65,1610-01-01,1689-01-01,是,曹州,大夫,,,,,,张氏，孔子第65代孙。,
孔昭兆,孔,昭,男,65,1615-01-01,1684-01-01,是,定陶,士,,,,,,孔昭兆，孔子第65代孙。,
李姑,孔,昭,女,65,1612-01-01,1682-01-01,是,单县,农,,,,,,李姑，孔子第65代孙。,
刘氏,孔,昭,女,65,1610-01-01,1690-01-01,是,成武,商,,,,,,刘氏，孔子第65代孙。,
孔昭光,孔,昭,男,65,1609-01-01,1688-01-01,是,巨野,儒,,,,,,孔昭光，孔子第65代孙。,
杨姑,孔,昭,女,65,1616-01-01,1677-01-01,是,郓城,工部侍郎,,,,,,杨姑，孔子第65代孙。,
孔昭克,孔,昭,男,65,1610-01-01,1679-01-01,是,鄄城,礼部尚书,,,,,,孔昭克，孔子第65代孙。,
孔昭兌,孔,昭,男,65,1611-01-01,1686-01-01,是,曲阜,知州,,,,,,孔昭兌，孔子第65代孙。,
孔昭免,孔,昭,男,65,1614-01-01,1694-01-01,是,滋阳,知县,,,,,,孔昭免，孔子第65代孙。,
孔昭兎,孔,昭,男,65,1615-01-01,1694-01-01,是,济宁,举人,,,,,,孔昭兎，孔子第65代孙。,
孔昭兏,孔,昭,男,65,1612-01-01,1687-01-01,是,邹县,进士,,,,,,孔昭兏，孔子第65代孙。,
孔昭児,孔,昭,男,65,1609-01-01,1673-01-01,是,滕县,太学生,,,,,,孔昭児，孔子第65代孙。,
孔昭兑,孔,昭,男,65,1610-01-01,1692-01-01,是,峄县,县丞,,,,,,孔昭兑，孔子第65代孙。,
朱娘,孔,昭,女,65,1615-01-01,1681-01-01,是,金乡,主簿,,,,,,朱娘，孔子第65代孙。,
高姑,孔,昭,女,65,1609-01-01,1675-01-01,是,鱼台,训导,,,,,,高姑，孔子第65代孙。,
孔昭兔,孔,昭,男,65,1610-01-01,1683-01-01,是,嘉祥,教谕,,,,,,孔昭兔，孔子第65代孙。,
孔昭兕,孔,昭,男,65,1614-01-01,1693-01-01,是,汶上,商人,,,,,,孔昭兕，孔子第65代孙。,
孔昭兖,孔,昭,男,65,1612-01-01,1681-01-01,是,泗水,官员,,,,,,孔昭兖，孔子第65代孙。,
孔昭兗,孔,昭,男,65,1615-01-01,1677-01-01,是,宁阳,学者,,,,,,孔昭兗，孔子第65代孙。,
张娘,孔,昭,女,65,1609-01-01,1686-01-01,是,兖州,大夫,,,,,,张娘，孔子第65代孙。,
孔昭兙,孔,昭,男,65,1611-01-01,1688-01-01,是,东平,士,,,,,,孔昭兙，孔子第65代孙。,
孔昭党,孔,昭,男,65,1612-01-01,1695-01-01,是,寿张,农,,,,,,孔昭党，孔子第65代孙。,
孔昭兛,孔,昭,男,65,1614-01-01,1689-01-01,是,范县,商,,,,,,孔昭兛，孔子第65代孙。,
孔昭兜,孔,昭,男,65,1614-01-01,1681-01-01,是,濮州,儒,,,,,,孔昭兜，孔子第65代孙。,
杨氏,孔,昭,女,65,1615-01-01,1679-01-01,是,开州,工部侍郎,,,,,,杨氏，孔子第65代孙。,
孔昭兞,孔,昭,男,65,1615-01-01,1692-01-01,是,长垣,礼部尚书,,,,,,孔昭兞，孔子第65代孙。,
黄姑,孔,昭,女,65,1610-01-01,1674-01-01,是,东明,知州,,,,,,黄姑，孔子第65代孙。,
孔昭兠,孔,昭,男,65,1615-01-01,1691-01-01,是,荷泽,知县,,,,,,孔昭兠，孔子第65代孙。,
孔昭兡,孔,昭,男,65,1616-01-01,1684-01-01,是,曹州,举人,,,,,,孔昭兡，孔子第65代孙。,
孔昭兢,孔,昭,男,65,1613-01-01,1692-01-01,是,定陶,进士,,,,,,孔昭兢，孔子第65代孙。,
孔昭兣,孔,昭,男,65,1615-01-01,1682-01-01,是,单县,太学生,,,,,,孔昭兣，孔子第65代孙。,
孔昭兤,孔,昭,男,65,1616-01-01,1695-01-01,是,成武,县丞,,,,,,孔昭兤，孔子第65代孙。,
朱姑,孔,昭,女,65,1609-01-01,1671-01-01,是,巨野,主簿,,,,,,朱姑，孔子第65代孙。,
孔昭兦,孔,昭,男,65,1613-01-01,1683-01-01,是,郓城,训导,,,,,,孔昭兦，孔子第65代孙。,
林娘,孔,昭,女,65,1610-01-01,1682-01-01,是,鄄城,教谕,,,,,,林娘，孔子第65代孙。,
何姑,孔,昭,女,65,1612-01-01,1696-01-01,是,曲阜,商人,,,,,,何姑，孔子第65代孙。,
孔昭兩,孔,昭,男,65,1616-01-01,1699-01-01,是,滋阳,官员,,,,,,孔昭兩，孔子第65代孙。,
孔昭兪,孔,昭,男,65,1610-01-01,1691-01-01,是,济宁,学者,,,,,,孔昭兪，孔子第65代孙。,
孔昭八,孔,昭,男,65,1616-01-01,1685-01-01,是,邹县,大夫,,,,,,孔昭八，孔子第65代孙。,
孔昭公,孔,昭,男,65,1609-01-01,1681-01-01,是,滕县,士,,,,,,孔昭公，孔子第65代孙。,
孔昭六,孔,昭,男,65,1614-01-01,1689-01-01,是,峄县,农,,,,,,孔昭六，孔子第65代孙。,
刘姑,孔,昭,女,65,1610-01-01,1692-01-01,是,金乡,商,,,,,,刘姑，孔子第65代孙。,
孔昭兯,孔,昭,男,65,1614-01-01,1686-01-01,是,鱼台,儒,,,,,,孔昭兯，孔子第65代孙。,
杨娘,孔,昭,女,65,1614-01-01,1675-01-01,是,嘉祥,工部侍郎,,,,,,杨娘，孔子第65代孙。,
孔昭共,孔,昭,男,65,1611-01-01,1680-01-01,是,汶上,礼部尚书,,,,,,孔昭共，孔子第65代孙。,
黄氏,孔,昭,女,65,1610-01-01,1673-01-01,是,泗水,知州,,,,,,黄氏，孔子第65代孙。,
孔昭关,孔,昭,男,65,1614-01-01,1687-01-01,是,宁阳,知县,,,,,,孔昭关，孔子第65代孙。,
孔昭兴,孔,昭,男,65,1613-01-01,1677-01-01,是,兖州,举人,,,,,,孔昭兴，孔子第65代孙。,
徐氏,孔,昭,女,65,1609-01-01,1685-01-01,是,东平,进士,,,,,,徐氏，孔子第65代孙。,
孔昭其,孔,昭,男,65,1610-01-01,1683-01-01,是,寿张,太学生,,,,,,孔昭其，孔子第65代孙。,
孔昭具,孔,昭,男,65,1616-01-01,1690-01-01,是,范县,县丞,,,,,,孔昭具，孔子第65代孙。,
朱氏,孔,昭,女,65,1612-01-01,1695-01-01,是,濮州,主簿,,,,,,朱氏，孔子第65代孙。,
高娘,孔,昭,女,65,1616-01-01,1684-01-01,是,开州,训导,,,,,,高娘，孔子第65代孙。,
孔昭兺,孔,昭,男,65,1611-01-01,1671-01-01,是,长垣,教谕,,,,,,孔昭兺，孔子第65代孙。,
孔昭养,孔,昭,男,65,1615-01-01,1688-01-01,是,东明,商人,,,,,,孔昭养，孔子第65代孙。,
郭娘,孔,昭,女,65,1615-01-01,1676-01-01,是,荷泽,官员,,,,,,郭娘，孔子第65代孙。,
孔昭兽,孔,昭,男,65,1611-01-01,1689-01-01,是,曹州,学者,,,,,,孔昭兽，孔子第65代孙。,
孔昭兾,孔,昭,男,65,1616-01-01,1686-01-01,是,定陶,大夫,,,,,,孔昭兾，孔子第65代孙。,
王娘,孔,昭,女,65,1609-01-01,1676-01-01,是,单县,士,,,,,,王娘，孔子第65代孙。,
孔昭冀,孔,昭,男,65,1609-01-01,1671-01-01,是,成武,农,,,,,,孔昭冀，孔子第65代孙。,
孔昭冁,孔,昭,男,65,1609-01-01,1677-01-01,是,巨野,商,,,,,,孔昭冁，孔子第65代孙。,
孔昭冂,孔,昭,男,65,1611-01-01,1685-01-01,是,郓城,儒,,,,,,孔昭冂，孔子第65代孙。,
孔昭冃,孔,昭,男,65,1609-01-01,1671-01-01,是,鄄城,工部侍郎,,,,,,孔昭冃，孔子第65代孙。,
孔昭冄,孔,昭,男,65,1611-01-01,1693-01-01,是,曲阜,礼部尚书,,,,,,孔昭冄，孔子第65代孙。,
黄娘,孔,昭,女,65,1611-01-01,1679-01-01,是,滋阳,知州,,,,,,黄娘，孔子第65代孙。,
周姑,孔,昭,女,65,1613-01-01,1687-01-01,是,济宁,知县,,,,,,周姑，孔子第65代孙。,
孔昭冇,孔,昭,男,65,1612-01-01,1679-01-01,是,邹县,举人,,,,,,孔昭冇，孔子第65代孙。,
孔昭冈,孔,昭,男,65,1610-01-01,1680-01-01,是,滕县,进士,,,,,,孔昭冈，孔子第65代孙。,
孔昭冉,孔,昭,男,65,1615-01-01,1688-01-01,是,峄县,太学生,,,,,,孔昭冉，孔子第65代孙。,
孔昭冊,孔,昭,男,65,1614-01-01,1677-01-01,是,金乡,县丞,,,,,,孔昭冊，孔子第65代孙。,
朱娘,孔,昭,女,65,1615-01-01,1678-01-01,是,鱼台,主簿,,,,,,朱娘，孔子第65代孙。,
高姑,孔,昭,女,65,1611-01-01,1688-01-01,是,嘉祥,训导,,,,,,高姑，孔子第65代孙。,
孔昭再,孔,昭,男,65,1614-01-01,1695-01-01,是,汶上,教谕,,,,,,孔昭再，孔子第65代孙。,
何娘,孔,昭,女,65,1611-01-01,1675-01-01,是,泗水,商人,,,,,,何娘，孔子第65代孙。,
孔昭冏,孔,昭,男,65,1614-01-01,1677-01-01,是,宁阳,官员,,,,,,孔昭冏，孔子第65代孙。,
孔昭冐,孔,昭,男,65,1612-01-01,1677-01-01,是,兖州,学者,,,,,,孔昭冐，孔子第65代孙。,
孔昭冑,孔,昭,男,65,1611-01-01,1688-01-01,是,东平,大夫,,,,,,孔昭冑，孔子第65代孙。,
孔昭冒,孔,昭,男,65,1610-01-01,1680-01-01,是,寿张,士,,,,,,孔昭冒，孔子第65代孙。,
孔昭冓,孔,昭,男,65,1611-01-01,1671-01-01,是,范县,农,,,,,,孔昭冓，孔子第65代孙。,
孔昭冔,孔,昭,男,65,1609-01-01,1689-01-01,是,濮州,商,,,,,,孔昭冔，孔子第65代孙。,
陈姑,孔,昭,女,65,1612-01-01,1674-01-01,是,开州,儒,,,,,,陈姑，孔子第65代孙。,
杨氏,孔,昭,女,65,1614-01-01,1681-01-01,是,长垣,工部侍郎,,,,,,杨氏，孔子第65代孙。,
孔昭冗,孔,昭,男,65,1614-01-01,1674-01-01,是,东明,礼部尚书,,,,,,孔昭冗，孔子第65代孙。,
孔昭冘,孔,昭,男,65,1614-01-01,1678-01-01,是,荷泽,知州,,,,,,孔昭冘，孔子第65代孙。,
孔昭写,孔,昭,男,65,1610-01-01,1688-01-01,是,曹州,知县,,,,,,孔昭写，孔子第65代孙。,
吴娘,孔,昭,女,65,1613-01-01,1696-01-01,是,定陶,举人,,,,,,吴娘，孔子第65代孙。,
徐姑,孔,昭,女,65,1612-01-01,1691-01-01,是,单县,进士,,,,,,徐姑，孔子第65代孙。,
孔昭农,孔,昭,男,65,1614-01-01,1674-01-01,是,成武,太学生,,,,,,孔昭农，孔子第65代孙。,
孔昭冝,孔,昭,男,65,1612-01-01,1688-01-01,是,巨野,县丞,,,,,,孔昭冝，孔子第65代孙。,
朱姑,孔,昭,女,65,1616-01-01,1692-01-01,是,郓城,主簿,,,,,,朱姑，孔子第65代孙。,
孔昭冟,孔,昭,男,65,1611-01-01,1689-01-01,是,鄄城,训导,,,,,,孔昭冟，孔子第65代孙。,
孔昭冠,孔,昭,男,65,1609-01-01,1691-01-01,是,曲阜,教谕,,,,,,孔昭冠，孔子第65代孙。,
何姑,孔,昭,女,65,1614-01-01,1692-01-01,是,滋阳,商人,,,,,,何姑，孔子第65代孙。,
孔昭冢,孔,昭,男,65,1610-01-01,1684-01-01,是,济宁,官员,,,,,,孔昭冢，孔子第65代孙。,
孔昭冣,孔,昭,男,65,1614-01-01,1685-01-01,是,邹县,学者,,,,,,孔昭冣，孔子第65代孙。,
孔昭冤,孔,昭,男,65,1614-01-01,1692-01-01,是,滕县,大夫,,,,,,孔昭冤，孔子第65代孙。,
孔昭冥,孔,昭,男,65,1614-01-01,1678-01-01,是,峄县,士,,,,,,孔昭冥，孔子第65代孙。,
孔昭冦,孔,昭,男,65,1616-01-01,1697-01-01,是,金乡,农,,,,,,孔昭冦，孔子第65代孙。,
孔昭冧,孔,昭,男,65,1615-01-01,1689-01-01,是,鱼台,商,,,,,,孔昭冧，孔子第65代孙。,
陈氏,孔,昭,女,65,1614-01-01,1690-01-01,是,嘉祥,儒,,,,,,陈氏，孔子第65代孙。,
孔昭冩,孔,昭,男,65,1611-01-01,1695-01-01,是,汶上,工部侍郎,,,,,,孔昭冩，孔子第65代孙。,
赵姑,孔,昭,女,65,1612-01-01,1692-01-01,是,泗水,礼部尚书,,,,,,赵姑，孔子第65代孙。,
黄氏,孔,昭,女,65,1614-01-01,1680-01-01,是,宁阳,知州,,,,,,黄氏，孔子第65代孙。,
孔昭冬,孔,昭,男,65,1612-01-01,1672-01-01,是,兖州,知县,,,,,,孔昭冬，孔子第65代孙。,
孔昭冭,孔,昭,男,65,1611-01-01,1686-01-01,是,东平,举人,,,,,,孔昭冭，孔子第65代孙。,
徐氏,孔,昭,女,65,1610-01-01,1683-01-01,是,寿张,进士,,,,,,徐氏，孔子第65代孙。,
孔昭冯,孔,昭,男,65,1611-01-01,1671-01-01,是,范县,太学生,,,,,,孔昭冯，孔子第65代孙。,
孔昭冰,孔,昭,男,65,1612-01-01,1682-01-01,是,濮州,县丞,,,,,,孔昭冰，孔子第65代孙。,
孔昭冱,孔,昭,男,65,1609-01-01,1679-01-01,是,开州,主簿,,,,,,孔昭冱，孔子第65代孙。,
孔昭冲,孔,昭,男,65,1611-01-01,1683-01-01,是,长垣,训导,,,,,,孔昭冲，孔子第65代孙。,
孔昭决,孔,昭,男,65,1612-01-01,1674-01-01,是,东明,教谕,,,,,,孔昭决，孔子第65代孙。,
何氏,孔,昭,女,65,1611-01-01,1693-01-01,是,荷泽,商人,,,,,,何氏，孔子第65代孙。,
孔昭况,孔,昭,男,65,1615-01-01,1682-01-01,是,曹州,官员,,,,,,孔昭况，孔子第65代孙。,
孔昭冶,孔,昭,男,65,1616-01-01,1697-01-01,是,定陶,学者,,,,,,孔昭冶，孔子第65代孙。,
孔昭冷,孔,昭,男,65,1614-01-01,1697-01-01,是,单县,大夫,,,,,,孔昭冷，孔子第65代孙。,
王娘,孔,昭,女,65,1610-01-01,1677-01-01,是,成武,士,,,,,,王娘，孔子第65代孙。,
孔昭冹,孔,昭,男,65,1612-01-01,1681-01-01,是,巨野,农,,,,,,孔昭冹，孔子第65代孙。,
孔昭冺,孔,昭,男,65,1611-01-01,1681-01-01,是,郓城,商,,,,,,孔昭冺，孔子第65代孙。,
孔昭冻,孔,昭,男,65,1613-01-01,1682-01-01,是,鄄城,儒,,,,,,孔昭冻，孔子第65代孙。,
孔昭冼,孔,昭,男,65,1614-01-01,1696-01-01,是,曲阜,工部侍郎,,,,,,孔昭冼，孔子第65代孙。,
赵氏,孔,昭,女,65,1609-01-01,1681-01-01,是,滋阳,礼部尚书,,,,,,赵氏，孔子第65代孙。,
孔昭冾,孔,昭,男,65,1610-01-01,1682-01-01,是,济宁,知州,,,,,,孔昭冾，孔子第65代孙。,
孔昭冿,孔,昭,男,65,1613-01-01,1677-01-01,是,邹县,知县,,,,,,孔昭冿，孔子第65代孙。,
孔昭净,孔,昭,男,65,1610-01-01,1680-01-01,是,滕县,举人,,,,,,孔昭净，孔子第65代孙。,
孔昭凁,孔,昭,男,65,1615-01-01,1677-01-01,是,峄县,进士,,,,,,孔昭凁，孔子第65代孙。,
孔昭凂,孔,昭,男,65,1609-01-01,1676-01-01,是,金乡,太学生,,,,,,孔昭凂，孔子第65代孙。,
孔昭凃,孔,昭,男,65,1609-01-01,1670-01-01,是,鱼台,县丞,,,,,,孔昭凃，孔子第65代孙。,
孔昭凄,孔,昭,男,65,1610-01-01,1692-01-01,是,嘉祥,主簿,,,,,,孔昭凄，孔子第65代孙。,
孔昭凅,孔,昭,男,65,1613-01-01,1673-01-01,是,汶上,训导,,,,,,孔昭凅，孔子第65代孙。,
林氏,孔,昭,女,65,1614-01-01,1677-01-01,是,泗水,教谕,,,,,,林氏，孔子第65代孙。,
孔昭凇,孔,昭,男,65,1610-01-01,1681-01-01,是,宁阳,商人,,,,,,孔昭凇，孔子第65代孙。,
孔昭凈,孔,昭,男,65,1616-01-01,1698-01-01,是,兖州,官员,,,,,,孔昭凈，孔子第65代孙。,
孔昭凉,孔,昭,男,65,1612-01-01,1675-01-01,是,东平,学者,,,,,,孔昭凉，孔子第65代孙。,
孔昭凊,孔,昭,男,65,1610-01-01,1671-01-01,是,寿张,大夫,,,,,,孔昭凊，孔子第65代孙。,
孔昭凋,孔,昭,男,65,1609-01-01,1687-01-01,是,范县,士,,,,,,孔昭凋，孔子第65代孙。,
孔昭凌,孔,昭,男,65,1609-01-01,1670-01-01,是,濮州,农,,,,,,孔昭凌，孔子第65代孙。,
刘娘,孔,昭,女,65,1611-01-01,1684-01-01,是,开州,商,,,,,,刘娘，孔子第65代孙。,
陈姑,孔,昭,女,65,1612-01-01,1684-01-01,是,长垣,儒,,,,,,陈姑，孔子第65代孙。,
杨氏,孔,昭,女,65,1610-01-01,1684-01-01,是,东明,工部侍郎,,,,,,杨氏，孔子第65代孙。,
孔昭凐,孔,昭,男,65,1610-01-01,1672-01-01,是,荷泽,礼部尚书,,,,,,孔昭凐，孔子第65代孙。,
黄姑,孔,昭,女,65,1614-01-01,1677-01-01,是,曹州,知州,,,,,,黄姑，孔子第65代孙。,
孔昭凒,孔,昭,男,65,1614-01-01,1690-01-01,是,定陶,知县,,,,,,孔昭凒，孔子第65代孙。,
吴娘,孔,昭,女,65,1609-01-01,1671-01-01,是,单县,举人,,,,,,吴娘，孔子第65代孙。,
孔昭凔,孔,昭,男,65,1615-01-01,1692-01-01,是,成武,进士,,,,,,孔昭凔，孔子第65代孙。,
孙氏,孔,昭,女,65,1616-01-01,1686-01-01,是,巨野,太学生,,,,,,孙氏，孔子第65代孙。,
孔昭凖,孔,昭,男,65,1610-01-01,1691-01-01,是,郓城,县丞,,,,,,孔昭凖，孔子第65代孙。,
朱姑,孔,昭,女,65,1612-01-01,1675-01-01,是,鄄城,主簿,,,,,,朱姑，孔子第65代孙。,
孔昭凘,孔,昭,男,65,1614-01-01,1689-01-01,是,曲阜,训导,,,,,,孔昭凘，孔子第65代孙。,
孔昭凙,孔,昭,男,65,1609-01-01,1686-01-01,是,滋阳,教谕,,,,,,孔昭凙，孔子第65代孙。,
何姑,孔,昭,女,65,1614-01-01,1684-01-01,是,济宁,商人,,,,,,何姑，孔子第65代孙。,
孔昭凛,孔,昭,男,65,1609-01-01,1681-01-01,是,邹县,官员,,,,,,孔昭凛，孔子第65代孙。,
孔昭凜,孔,昭,男,65,1611-01-01,1673-01-01,是,滕县,学者,,,,,,孔昭凜，孔子第65代孙。,
张姑,孔,昭,女,65,1609-01-01,1686-01-01,是,峄县,大夫,,,,,,张姑，孔子第65代孙。,
王氏,孔,昭,女,65,1616-01-01,1695-01-01,是,金乡,士,,,,,,王氏，孔子第65代孙。,
李娘,孔,昭,女,65,1616-01-01,1696-01-01,是,鱼台,农,,,,,,李娘，孔子第65代孙。,
孔昭几,孔,昭,男,65,1610-01-01,1680-01-01,是,嘉祥,商,,,,,,孔昭几，孔子第65代孙。,
陈氏,孔,昭,女,65,1610-01-01,1689-01-01,是,汶上,儒,,,,,,陈氏，孔子第65代孙。,
杨娘,孔,昭,女,65,1613-01-01,1679-01-01,是,泗水,工部侍郎,,,,,,杨娘，孔子第65代孙。,
孔昭凣,孔,昭,男,65,1610-01-01,1678-01-01,是,宁阳,礼部尚书,,,,,,孔昭凣，孔子第65代孙。,
黄氏,孔,昭,女,65,1613-01-01,1689-01-01,是,兖州,知州,,,,,,黄氏，孔子第65代孙。,
周娘,孔,昭,女,65,1612-01-01,1688-01-01,是,东平,知县,,,,,,周娘，孔子第65代孙。,
吴姑,孔,昭,女,65,1610-01-01,1683-01-01,是,寿张,举人,,,,,,吴姑，孔子第65代孙。,
孔昭凧,孔,昭,男,65,1612-01-01,1682-01-01,是,范县,进士,,,,,,孔昭凧，孔子第65代孙。,
孔祥熙,孔,钦,男,75,1880-01-01,1946-01-01,是,山西太谷,政治家,,,,,,孔子第75代孙，近代政治家，曾任中华民国财政部长。,民国财政部长
孔德成,孔,念,男,77,1920-01-01,2008-01-01,是,山东曲阜,学者,,,,,,孔子第77代嫡孙，最后一代衍圣公。,最后一代衍圣公